"","FID","OBJECTID","AmbulanceR","BikeAge_Gr","Bike_Age","Bike_Alc_D","Bike_Dir","Bike_Injur","Bike_Pos","Bike_Race","Bike_Sex","City","County","CrashAlcoh","CrashDay","Crash_Date","Crash_Grp","Crash_Hour","Crash_Loc","Crash_Mont","Crash_Time","Crash_Type","Crash_Ty_1","Crash_Year","Crsh_Sevri","Developmen","DrvrAge_Gr","Drvr_Age","Drvr_Alc_D","Drvr_EstSp","Drvr_Injur","Drvr_Race","Drvr_Sex","Drvr_VehTy","ExcsSpdInd","Hit_Run","Light_Cond","Locality","Num_Lanes","Num_Units","Rd_Charact","Rd_Class","Rd_Conditi","Rd_Config","Rd_Defects","Rd_Feature","Rd_Surface","Region","Rural_Urba","Speed_Limi","Traff_Cntr","Weather","Workzone_I","Location","locx","locy"
"82",625,626,"Yes","16-19",19,"No","Facing Traffic","B: Evident Injury","Travel Lane","White","Male","Gibsonville","Guilford","No","01-01-07","2007-08-05","Head-On",21,"Intersection-Related","01-08-01","0001-01-01T16:34:58-04:56","Head-On - Bicyclist",212250,2007,"B: Evident Injury","Residential","",NA,"Missing","","Injury","/Missing","","Truck/Trailer","No","Yes","Dark - Lighted Roadway","Urban (>70% Developed)","3 lanes",2,"Straight - Level","Local Street","Dry","Two-Way, Divided, Positive Median Barrier","None","No Special Feature","Smooth Asphalt","Piedmont","Rural","","No Control Present","Clear","No","36.08767, -79.73312",-79.73312,36.08767
"83",626,627,"No","25-29",27,"No","With Traffic","C: Possible Injury","Travel Lane","White","Male","None - Rural Crash","Chatham","No","","2007-08-06","Motorist Overtaking Bicyclist",13,"Non-Intersection","01-08-01","0001-01-01T08:54:58-04:56","Motorist Overtaking - Misjudged Space",311232,2007,"C: Possible Injury","Farms, Woods, Pastures","",NA,"Missing","","Injury","/Missing","","","No","Yes","Daylight","Rural (<30% Developed)","2 lanes",2,"Straight - Level","State Secondary Route","Dry","Two-Way, Not Divided","None","No Special Feature","Smooth Asphalt","Piedmont","Rural","50 - 55  MPH","Double Yellow Line, No Passing Zone","Clear","No","35.74225, -79.00249",-79.00249,35.74225
"84",630,631,"Yes","15-Nov",12,"No","With Traffic","A: Disabling Injury","Travel Lane","White","Male","None - Rural Crash","Gaston","No","01-01-02","2007-08-07","Bicyclist Failed to Yield - Sign-Controlled Intersection",16,"Intersection","01-08-01","0001-01-01T11:08:58-04:56","Bicyclist Ride Through - Sign-Controlled Intersection",111144,2007,"A: Disabling Injury","Residential","40-49",40,"No","41-45 mph","O: No Injury","White","Male","Pickup","No","No","Daylight","Mixed (30% To 70% Developed)","2 lanes",2,"Straight - Hillcrest","NC Route","Dry","Two-Way, Not Divided","None","Four-Way Intersection","Smooth Asphalt","Piedmont","Rural","40 - 45  MPH","Stop Sign","Clear","No","35.29139, -81.23851",-81.23851,35.29139
"85",636,637,"No","20-24",22,"Yes","With Traffic","B: Evident Injury","Travel Lane","White","Male","None - Rural Crash","Onslow","Yes","01-01-04","2007-08-09","Motorist Overtaking Bicyclist",1,"Non-Intersection","01-08-01","0000-12-31T20:23:58-04:56","Motorist Overtaking - Other /",311239,2007,"B: Evident Injury","Farms, Woods, Pastures","",NA,"Missing","51-55 mph","Injury","/Missing","","","No","Yes","Dark - Roadway Not Lighted","Rural (<30% Developed)","2 lanes",2,"Straight - Level","NC Route","Dry","Two-Way, Not Divided","None","No Special Feature","Smooth Asphalt","Coastal","Rural","50 - 55  MPH","No Control Present","Clear","No","34.542675, -77.432724",-77.432724,34.542675
"86",641,642,"Yes","10-Jun",10,"No","","Injury","Sidewalk / Crosswalk / Driveway Crossing","White","Female","Elizabeth City","Pasquotank","No","01-01-04","2007-08-09","Parallel Paths - Other Circumstances",18,"Non-Intersection","01-08-01","0001-01-01T13:20:58-04:56","Bicyclist Ride Out - Parallel Path",339225,2007,"Injury","Residential","40-49",47,"No","6-10 mph","Injury","White","Female","Passenger Car","No","No","Daylight","Urban (>70% Developed)","2 lanes",2,"Straight - Level","Local Street","Wet","Two-Way, Not Divided","None","No Special Feature","Smooth Asphalt","Coastal","Urban","20 - 25  MPH","Stop Sign","Cloudy","No","36.30163, -76.226425",-76.226425,36.30163
"87",643,644,"Yes","40-49",47,"Yes","Facing Traffic","C: Possible Injury","Travel Lane","Black","Male","None - Rural Crash","Moore","Yes","01-01-05","2007-08-10","Loss of Control / Turning Error",17,"Intersection","01-08-01","0001-01-01T12:21:58-04:56","Bicyclist Turning Error - Left Turn",112114,2007,"C: Possible Injury","Commercial","50-59",53,"No","0-5 mph","O: No Injury","White","Female","Passenger Car","No","No","Daylight","Mixed (30% To 70% Developed)","2 lanes",2,"Straight - Level","State Secondary Route","Dry","Two-Way, Not Divided","None","T-Intersection","Coarse Asphalt","Piedmont","Rural","30 - 35  MPH","Stop Sign","Cloudy","No","35.244522, -79.56921",-79.56921,35.244522
"88",650,651,"Yes","40-49",44,"No","With Traffic","C: Possible Injury","Travel Lane","Black","Male","Benson","Johnston","No","01-01-04","2007-10-25","Motorist Overtaking Bicyclist",6,"Intersection","01-10-01","0001-01-01T01:39:58-04:56","Motorist Overtaking - Undetected Bicyclist",111231,2007,"C: Possible Injury","Commercial","50-59",55,"No","31-35 mph","O: No Injury","White","Female","Pickup","No","No","Dark - Roadway Not Lighted","Urban (>70% Developed)","2 lanes",2,"Straight - Level","Local Street","Wet","Two-Way, Not Divided","None","No Special Feature","Smooth Asphalt","Coastal","Rural","30 - 35  MPH","No Control Present","Rain","No","35.377014, -78.553185",-78.553185,35.377014
"89",655,656,"Yes","20-24",24,"No","With Traffic","B: Evident Injury","Travel Lane","Black","Male","Greensboro","Guilford","No","","2007-08-13","Backing Vehicle",18,"Non-Intersection","01-08-01","0001-01-01T14:00:58-04:56","Backing Vehicle",311600,2007,"B: Evident Injury","Residential","30-39",37,"No","11-15 mph","O: No Injury","Black","Female","Passenger Car","No","No","Daylight","Urban (>70% Developed)","3 lanes",2,"Straight - Level","Local Street","Dry","Two-Way, Not Divided","None","No Special Feature","Smooth Asphalt","Piedmont","Urban","20 - 25  MPH","No Control Present","Clear","No","36.05686, -79.78484",-79.78484,36.05686
"90",656,657,"Yes","16-19",17,"No","Facing Traffic","B: Evident Injury","Travel Lane","Black","Female","Columbia","Tyrrell","No","","2007-08-13","Bicyclist Failed to Yield - Signalized Intersection",20,"Intersection","01-08-01","0001-01-01T15:53:58-04:56","Bicyclist Failed to Clear - Trapped",112156,2007,"B: Evident Injury","Residential","50-59",56,"No","0-5 mph","O: No Injury","White","Male","Pickup","No","No","Dark - Lighted Roadway","Urban (>70% Developed)","2 lanes",2,"Straight - Level","Local Street","Dry","Two-Way, Not Divided","None","No Special Feature","Coarse Asphalt","Coastal","Rural","30 - 35  MPH","Stop And Go Signal","Clear","No","35.91809, -76.249214",-76.249214,35.91809
"91",659,660,"Yes","10-Jun",9,"No","With Traffic","A: Disabling Injury","Travel Lane","White","Male","None - Rural Crash","Henderson","No","01-01-02","2007-08-14","Head-On",17,"Non-Intersection","01-08-01","0001-01-01T12:19:58-04:56","Head-On - Bicyclist",311250,2007,"A: Disabling Injury","Residential","40-49",46,"No","0-5 mph","O: No Injury","White","Male","Sport Utility","No","No","Daylight","Mixed (30% To 70% Developed)","2 lanes",2,"Curve - Grade","Public Vehicular Area","Dry","Two-Way, Not Divided","None","Driveway, Public","Smooth Asphalt","Mountains","Rural","5 - 15 MPH","No Control Present","Clear","No","35.41767, -82.490845",-82.490845,35.41767
"92",661,662,"Yes","25-29",26,"No","Facing Traffic","B: Evident Injury","","Black","Male","Wilson","Wilson","No","01-01-02","2007-08-14","Crossing Paths - Other Circumstances",16,"Intersection","01-08-01","0001-01-01T11:21:58-04:56","Signalized Intersection - Other /",192158,2007,"B: Evident Injury","Residential","",NA,"Missing","31-35 mph","Injury","/Missing","","","No","Yes","Daylight","Urban (>70% Developed)","3 lanes",2,"Straight - Level","Local Street","Dry","Two-Way, Not Divided","None","Four-Way Intersection","Coarse Asphalt","Coastal","Urban","30 - 35  MPH","Stop And Go Signal","Clear","No","35.723057, -77.90439",-77.90439,35.723057
"93",662,663,"Yes","15-Nov",13,"No","Facing Traffic","B: Evident Injury","Travel Lane","Black","Male","East Spencer","Rowan","No","01-01-02","2007-08-14","Bicyclist Failed to Yield - Sign-Controlled Intersection",13,"Intersection","01-08-01","0001-01-01T08:39:58-04:56","Bicyclist Ride Through - Sign-Controlled Intersection",112144,2007,"B: Evident Injury","Residential","30-39",35,"No","31-35 mph","O: No Injury","Black","Female","Sport Utility","No","No","Daylight","Urban (>70% Developed)","2 lanes",2,"Straight - Grade","Local Street","Dry","Two-Way, Not Divided","None","No Special Feature","Coarse Asphalt","Piedmont","Rural","30 - 35  MPH","Stop Sign","Clear","No","35.68603, -80.428986",-80.428986,35.68603
"94",664,665,"Yes","40-49",47,"No","","C: Possible Injury","Travel Lane","Black","Male","None - Rural Crash","Johnston","No","01-01-03","2007-08-15","Parallel Paths - Other Circumstances",23,"Non-Intersection","01-08-01","0001-01-01T18:10:58-04:56","Parallel Paths - Other /",319280,2007,"C: Possible Injury","Farms, Woods, Pastures","0-19",17,"No","51-55 mph","O: No Injury","White","Male","Pickup","No","No","Dark - Roadway Not Lighted","Rural (<30% Developed)","2 lanes",2,"Straight - Grade","State Secondary Route","Dry","Two-Way, Not Divided","None","No Special Feature","Smooth Asphalt","Coastal","Rural","50 - 55  MPH","Double Yellow Line, No Passing Zone","Clear","No","35.32743, -78.48861",-78.48861,35.32743
"95",667,668,"Yes","60-69",61,"No","Not Applicable","B: Evident Injury","Sidewalk / Crosswalk / Driveway Crossing","Black","Male","Durham","Durham","No","01-01-04","2007-08-16","Bicyclist Failed to Yield - Midblock",11,"Non-Intersection","01-08-01","0001-01-01T06:23:58-04:56","Bicyclist Ride Out - Other Midblock",333318,2007,"B: Evident Injury","Commercial","40-49",44,"No","6-10 mph","O: No Injury","Black","Female","Passenger Car","No","No","Daylight","Urban (>70% Developed)","4 lanes",2,"Straight - Level","Local Street","Dry","Two-Way, Not Divided","None","No Special Feature","Coarse Asphalt","Piedmont","Urban","30 - 35  MPH","No Control Present","Clear","No","35.992626, -78.89526",-78.89526,35.992626
"96",668,669,"Yes","15-Nov",15,"No","With Traffic","A: Disabling Injury","Travel Lane","White","Male","Gastonia","Gaston","No","01-01-04","2007-08-16","Bicyclist Failed to Yield - Sign-Controlled Intersection",11,"Intersection","01-08-01","0001-01-01T06:47:58-04:56","Bicyclist Ride Out - Sign-Controlled Intersection",111142,2007,"A: Disabling Injury","Residential","25-29",26,"No","36-40 mph","O: No Injury","White","Male","Light Truck (Mini-Van, Panel)","No","No","Daylight","Urban (>70% Developed)","5 lanes",2,"Straight - Grade","Local Street","Dry","Two-Way, Not Divided","None","T-Intersection","Smooth Asphalt","Piedmont","Urban","40 - 45  MPH","Stop Sign","Clear","No","35.28463, -81.14933",-81.14933,35.28463
"97",671,672,"No","15-Nov",15,"No","With Traffic","C: Possible Injury","Sidewalk / Crosswalk / Driveway Crossing","White","Male","Matthews","Mecklenburg","No","01-01-04","2007-08-16","Crossing Paths - Other Circumstances",16,"Intersection","01-08-01","0001-01-01T11:24:58-04:56","Crossing Paths - Intersection - Other /",131180,2007,"C: Possible Injury","Commercial","40-49",43,"No","16-20 mph","O: No Injury","White","Male","Sport Utility","No","No","Daylight","Urban (>70% Developed)","2 lanes",2,"Straight - Level","Local Street","Dry","Two-Way, Divided, Unprotected Median","None","Other","Smooth Asphalt","Piedmont","Urban","20 - 25  MPH","Other","Clear","No","35.116894, -80.72149",-80.72149,35.116894
"98",672,673,"Yes","16-19",16,"No","With Traffic","B: Evident Injury","Travel Lane","Black","Male","Rocky Mount","Nash","No","01-01-05","2007-08-17","Motorist Overtaking Bicyclist",18,"Non-Intersection","01-08-01","0001-01-01T13:40:58-04:56","Motorist Overtaking - Bicyclist Swerved",311235,2007,"B: Evident Injury","Residential","25-29",28,"No","31-35 mph","O: No Injury","Black","Male","Sport Utility","No","No","Daylight","Urban (>70% Developed)","2 lanes",2,"Straight - Level","Local Street","Dry","Two-Way, Not Divided","None","No Special Feature","Coarse Asphalt","Coastal","Urban","30 - 35  MPH","No Control Present","Clear","No","35.92731, -77.814865",-77.814865,35.92731
"99",675,676,"No","40-49",42,"No","Facing Traffic","C: Possible Injury","Sidewalk / Crosswalk / Driveway Crossing","White","Male","Asheville","Buncombe","No","01-01-06","2007-08-18","Motorist Failed to Yield - Midblock",13,"Non-Intersection","01-08-01","0001-01-01T08:42:58-04:56","Motorist Drive Out - Commercial Driveway / Alley",332322,2007,"C: Possible Injury","Commercial","30-39",39,"No","0-5 mph","O: No Injury","White","Male","Passenger Car","No","No","Daylight","Urban (>70% Developed)","4 lanes",2,"Straight - Grade","Public Vehicular Area","Dry","Two-Way, Not Divided","None","No Special Feature","Smooth Asphalt","Mountains","Urban","30 - 35  MPH","No Control Present","Clear","No","35.622143, -82.554474",-82.554474,35.622143
"100",677,678,"Yes","15-Nov",14,"No","Not Applicable","B: Evident Injury","Driveway / Alley","Black","Female","Asheboro","Randolph","No","01-01-07","2007-08-19","Bicyclist Failed to Yield - Midblock",17,"Non-Intersection","01-08-01","0001-01-01T12:04:58-04:56","Bicyclist Ride Out - Commercial Driveway / Alley",353312,2007,"B: Evident Injury","Residential","60-69",68,"No","41-45 mph","O: No Injury","White","Male","Passenger Car","No","No","Daylight","Urban (>70% Developed)","2 lanes",2,"Straight - Level","US Route","Dry","Two-Way, Not Divided","None","Driveway, Private","Smooth Asphalt","Piedmont","Urban","40 - 45  MPH","Double Yellow Line, No Passing Zone","Clear","No","35.65803, -79.82143",-79.82143,35.65803
"101",309,310,"No","15-Nov",13,"No","","B: Evident Injury","","Hispanic","Male","Monroe","Union","No","01-01-07","2012-05-20","Crossing Paths - Other Circumstances",15,"Intersection-Related","01-05-01","0001-01-01T10:48:58-04:56","Crossing Paths - Intersection - Other /",NA,2012,"B: Evident Injury","Commercial","40-49",40,"No","31-35 mph","O: No Injury","Black","Female","Passenger Car","No","No","Daylight","Urban (>70% Developed)","6 lanes",2,"Straight - Level","US Route","Dry","Two-Way, Divided, Unprotected Median","None","No Special Feature","Smooth Asphalt","Piedmont","Urban","40 - 45  MPH","No Control Present","Clear","No","34.98785, -80.5309",-80.5309,34.98785
"102",319,320,"Yes","15-Nov",15,"No","With Traffic","A: Disabling Injury","Travel Lane","White","Male","None - Rural Crash","Davie","No","","2012-05-28","Motorist Overtaking Bicyclist",21,"Non-Intersection","01-05-01","0001-01-01T16:33:58-04:56","Motorist Overtaking - Bicyclist Swerved",NA,2012,"A: Disabling Injury","Farms, Woods, Pastures","30-39",32,"No","36-40 mph","O: No Injury","White","Male","Pickup","No","No","Dark - Roadway Not Lighted","Rural (<30% Developed)","2 lanes",2,"Straight - Grade","State Secondary Route","Dry","Two-Way, Not Divided","None","No Special Feature","Smooth Asphalt","Piedmont","Rural","50 - 55  MPH","Double Yellow Line, No Passing Zone","Clear","No","35.84478, -80.4373",-80.4373,35.84478
"103",325,326,"Yes","40-49",48,"No","With Traffic","B: Evident Injury","Travel Lane","White","Male","None - Rural Crash","Davidson","No","01-01-02","2012-05-29","Parallel Paths - Other Circumstances",17,"Non-Intersection","01-05-01","0001-01-01T12:05:58-04:56","Parallel Paths - Other /",NA,2012,"B: Evident Injury","Commercial","40-49",41,"No","16-20 mph","O: No Injury","White","Male","Passenger Car","No","No","","Rural (<30% Developed)","2 lanes",2,"Straight - Level","State Secondary Route","","Two-Way, Not Divided","None","No Special Feature","Smooth Asphalt","Piedmont","Rural","50 - 55  MPH","Double Yellow Line, No Passing Zone","Other","No","35.98315, -80.1617",-80.1617,35.98315
"104",327,328,"Yes","15-Nov",13,"No","Facing Traffic","B: Evident Injury","Sidewalk / Crosswalk / Driveway Crossing","White","Male","None - Rural Crash","Iredell","No","01-01-03","2012-05-16","Bicyclist Failed to Yield - Signalized Intersection",20,"Intersection","01-05-01","0001-01-01T15:35:58-04:56","Bicyclist Ride Through - Signalized Intersection",NA,2012,"B: Evident Injury","Commercial","40-49",44,"No","26-30 mph","O: No Injury","White","Female","Van","No","No","Dark - Roadway Not Lighted","Urban (>70% Developed)","9 or more lanes",2,"Straight - Level","Local Street","Dry","Two-Way, Divided, Positive Median Barrier","None","Four-Way Intersection","Smooth Asphalt","Piedmont","Rural","40 - 45  MPH","Stop And Go Signal","Cloudy","No","35.56894, -80.9025",-80.9025,35.56894
"105",330,331,"No","20-24",20,"No","With Traffic","C: Possible Injury","Sidewalk / Crosswalk / Driveway Crossing","Asian","Male","Raleigh","Wake","No","01-01-02","2012-04-17","Motorist Left Turn / Merge",11,"Intersection","01-04-01","0001-01-01T06:34:58-04:56","Motorist Left Turn - Opposite Direction",NA,2012,"C: Possible Injury","Institutional","20-24",20,"No","16-20 mph","O: No Injury","White","Female","Passenger Car","No","No","Daylight","Urban (>70% Developed)","2 lanes",2,"Straight - Level","Local Street","Dry","Two-Way, Divided, Positive Median Barrier","None","Four-Way Intersection","Coarse Asphalt","Piedmont","Urban","40 - 45  MPH","Stop And Go Signal","Clear","No","35.7838, -78.6822",-78.6822,35.7838
"106",331,332,"Yes","50-59",50,"No","With Traffic","C: Possible Injury","Travel Lane","White","Male","None - Rural Crash","Greene","No","01-01-06","2012-06-02","Motorist Overtaking Bicyclist",13,"Non-Intersection","01-06-01","0001-01-01T08:49:58-04:56","Motorist Overtaking - Misjudged Space",NA,2012,"C: Possible Injury","Farms, Woods, Pastures","",NA,"Missing","","Injury","/Missing","","Van","No","Yes","Daylight","Rural (<30% Developed)","2 lanes",2,"Straight - Level","US Route","Dry","Two-Way, Not Divided","None","No Special Feature","Coarse Asphalt","Coastal","Rural","50 - 55  MPH","Double Yellow Line, No Passing Zone","Clear","No","35.3758, -77.667",-77.667,35.3758
"107",337,338,"Yes","10-Jun",7,"No","Facing Traffic","K: Killed","Travel Lane","Hispanic","Male","None - Rural Crash","Johnston","No","01-01-03","2012-05-30","Bicyclist Right Turn / Merge",16,"Non-Intersection","01-05-01","0001-01-01T11:52:58-04:56","Bicyclist Right Turn - Opposite Direction",NA,2012,"K: Killed","Residential","30-39",38,"No","51-55 mph","O: No Injury","White","Male","Pickup","No","No","Dark - Roadway Not Lighted","Rural (<30% Developed)","2 lanes",2,"Curve - Level","State Secondary Route","Dry","Two-Way, Not Divided","None","No Special Feature","Coarse Asphalt","Coastal","Rural","50 - 55  MPH","Double Yellow Line, No Passing Zone","Clear","No","35.62076, -78.4015",-78.4015,35.62076
"108",342,343,"Yes","15-Nov",14,"No","Not Applicable","B: Evident Injury","Driveway / Alley","Hispanic","Male","Siler City","Chatham","No","01-01-05","2012-05-25","Bicyclist Failed to Yield - Midblock",18,"Non-Intersection","01-05-01","0001-01-01T13:42:58-04:56","Bicyclist Ride Out - Residential Driveway",NA,2012,"B: Evident Injury","Residential","70",70,"No","16-20 mph","O: No Injury","Black","Female","Passenger Car","No","No","Daylight","Urban (>70% Developed)","2 lanes",2,"Straight - Level","Local Street","Dry","Two-Way, Not Divided","None","No Special Feature","Coarse Asphalt","Piedmont","Urban","5 - 15 MPH","No Control Present","Clear","No","35.73078, -79.4416",-79.4416,35.73078
"109",348,349,"Yes","50-59",51,"Yes","With Traffic","K: Killed","Travel Lane","Black","Male","None - Rural Crash","Orange","Yes","01-01-07","2012-06-03","Motorist Overtaking Bicyclist",0,"Non-Intersection","01-06-01","0000-12-31T19:45:58-04:56","Motorist Overtaking - Other /",NA,2012,"K: Killed","Farms, Woods, Pastures","25-29",27,"No","51-55 mph","O: No Injury","Black","Female","Passenger Car","No","No","Dark - Roadway Not Lighted","Rural (<30% Developed)","2 lanes",2,"Curve - Level","NC Route","Dry","Two-Way, Not Divided","None","No Special Feature","Coarse Asphalt","Piedmont","Rural","50 - 55  MPH","Double Yellow Line, No Passing Zone","Clear","No","35.92478, -79.1196",-79.1196,35.92478
"110",349,350,"No","40-49",47,"No","With Traffic","O: No Injury","","Black","Male","Rocky Mount","Nash","No","01-01-03","2012-05-02","Crossing Paths - Other Circumstances",15,"Intersection","01-05-01","0001-01-01T10:10:58-04:56","Signalized Intersection - Other /",NA,2012,"O: No Injury","Residential","20-24",22,"No","0-5 mph","O: No Injury","Black","Male","Passenger Car","No","No","Daylight","Urban (>70% Developed)","2 lanes",2,"Straight - Level","Local Street","Dry","One-Way, Not Divided","None","No Special Feature","Smooth Asphalt","Coastal","Urban","30 - 35  MPH","Stop And Go Signal","Clear","No","35.9552, -77.7999",-77.7999,35.9552
"111",351,352,"Yes","20-24",20,"No","With Traffic","B: Evident Injury","Bike Lane / Paved Shoulder","White","Male","None - Rural Crash","Buncombe","No","01-01-04","2012-06-07","Motorist Left Turn / Merge",17,"Non-Intersection","01-06-01","0001-01-01T12:45:58-04:56","Motorist Left Turn - Opposite Direction",NA,2012,"B: Evident Injury","Commercial","",NA,"No","6-10 mph","Injury","/Missing","","Van","No","Yes","Daylight","Urban (>70% Developed)","2 lanes",2,"Straight - Grade","NC Route","Dry","Two-Way, Not Divided","None","Driveway, Public","Smooth Asphalt","Mountains","Rural","40 - 45  MPH","Double Yellow Line, No Passing Zone","Clear","No","35.46925, -82.5781",-82.5781,35.46925
"112",353,354,"No","15-Nov",14,"No","With Traffic","C: Possible Injury","Travel Lane","White","Female","Wilmington","New Hanover","No","","2012-06-04","Motorist Overtaking Bicyclist",16,"Intersection-Related","01-06-01","0001-01-01T11:48:58-04:56","Motorist Overtaking - Other /",NA,2012,"C: Possible Injury","Residential","",NA,"Missing","6-10 mph","Injury","/Missing","","","No","Yes","Daylight","Urban (>70% Developed)","2 lanes",2,"Straight - Level","Local Street","Dry","Two-Way, Divided, Unprotected Median","None","No Special Feature","Coarse Asphalt","Coastal","Urban","20 - 25  MPH","No Control Present","Clear","No","34.22312, -77.9092",-77.9092,34.22312
"113",354,355,"Yes","15-Nov",15,"No","With Traffic","B: Evident Injury","Travel Lane","Black","Male","Lenoir","Caldwell","No","01-01-05","2012-06-08","Bicyclist Failed to Yield - Sign-Controlled Intersection",13,"Intersection","01-06-01","0001-01-01T08:33:58-04:56","Bicyclist Ride Through - Sign-Controlled Intersection",NA,2012,"B: Evident Injury","Residential","50-59",57,"No","11-15 mph","O: No Injury","White","Female","Passenger Car","No","No","Daylight","Urban (>70% Developed)","2 lanes",2,"Straight - Grade","Local Street","Dry","Two-Way, Not Divided","None","No Special Feature","Coarse Asphalt","Mountains","Urban","20 - 25  MPH","Stop Sign","Clear","No","35.91885, -81.5305",-81.5305,35.91885
"114",360,361,"Yes","10-Jun",9,"No","Facing Traffic","B: Evident Injury","Travel Lane","White","Male","Fayetteville","Cumberland","No","01-01-04","2012-05-24","Bicyclist Failed to Yield - Sign-Controlled Intersection",16,"Intersection","01-05-01","0001-01-01T11:26:58-04:56","Bicyclist Ride Through - Sign-Controlled Intersection",NA,2012,"B: Evident Injury","Residential","40-49",45,"No","0-5 mph","O: No Injury","Black","Female","Sport Utility","No","No","Daylight","Urban (>70% Developed)","2 lanes",2,"Straight - Level","Local Street","Dry","Two-Way, Not Divided","None","T-Intersection","Coarse Asphalt","Coastal","Urban","20 - 25  MPH","Stop Sign","Clear","No","35.02468, -78.9878",-78.9878,35.02468
"115",377,378,"Yes","60-69",67,"No","With Traffic","B: Evident Injury","Travel Lane","White","Male","None - Rural Crash","Randolph","No","01-01-06","2012-06-16","Motorist Failed to Yield - Sign-Controlled Intersection",10,"Intersection","01-06-01","0001-01-01T05:37:58-04:56","Motorist Drive Out - Sign-Controlled Intersection",NA,2012,"B: Evident Injury","Farms, Woods, Pastures","50-59",54,"No","0-5 mph","O: No Injury","White","Male","Passenger Car","No","No","Daylight","Rural (<30% Developed)","2 lanes",2,"Straight - Grade","State Secondary Route","Dry","Two-Way, Not Divided","None","T-Intersection","Smooth Asphalt","Piedmont","Rural","50 - 55  MPH","Stop Sign","Clear","No","35.67323, -79.9274",-79.9274,35.67323
"116",380,381,"No","15-Nov",11,"No","Facing Traffic","B: Evident Injury","Travel Lane","Black","Male","New Bern","Craven","No","01-01-02","2012-04-10","Motorist Failed to Yield - Sign-Controlled Intersection",21,"Intersection","01-04-01","0001-01-01T16:21:58-04:56","Motorist Drive Out - Sign-Controlled Intersection",NA,2012,"B: Evident Injury","Residential","20-24",22,"No","0-5 mph","O: No Injury","White","Male","Passenger Car","No","No","Daylight","Urban (>70% Developed)","2 lanes",2,"Straight - Level","Local Street","Dry","Two-Way, Divided, Positive Median Barrier","None","T-Intersection","Smooth Asphalt","Coastal","Urban","20 - 25  MPH","Stop Sign","Clear","No","35.11842, -77.0918",-77.0918,35.11842
"117",393,394,"No","20-24",21,"No","With Traffic","B: Evident Injury","Sidewalk / Crosswalk / Driveway Crossing","White","Female","Raleigh","Wake","No","","2012-06-11","Motorist Right Turn / Merge",17,"Intersection","01-06-01","0001-01-01T12:58:58-04:56","Motorist Right Turn - Same Direction",NA,2012,"B: Evident Injury","Residential","60-69",63,"No","6-10 mph","O: No Injury","White","Male","Pickup","No","No","Daylight","Urban (>70% Developed)","9 or more lanes",2,"Straight - Level","Local Street","Wet","Two-Way, Divided, Unprotected Median","None","Four-Way Intersection","Smooth Asphalt","Piedmont","Urban","40 - 45  MPH","Stop And Go Signal","Cloudy","No","35.77721, -78.6786",-78.6786,35.77721
"118",398,399,"No","50-59",50,"No","With Traffic","C: Possible Injury","Travel Lane","White","Female","None - Rural Crash","Ashe","No","01-01-03","2012-06-20","Motorist Overtaking Bicyclist",16,"Non-Intersection","01-06-01","0001-01-01T11:33:58-04:56","Motorist Overtaking - Misjudged Space",NA,2012,"C: Possible Injury","Farms, Woods, Pastures","40-49",40,"No","11-15 mph","O: No Injury","White","Male","Pickup","No","No","Daylight","Rural (<30% Developed)","2 lanes",2,"Curve - Level","State Secondary Route","Dry","Two-Way, Not Divided","None","No Special Feature","Smooth Asphalt","Mountains","Rural","50 - 55  MPH","Double Yellow Line, No Passing Zone","Clear","No","36.30572, -81.5097",-81.5097,36.30572
"119",399,400,"Yes","50-59",51,"No","Facing Traffic","C: Possible Injury","Sidewalk / Crosswalk / Driveway Crossing","Black","Male","Raleigh","Wake","No","01-01-04","2012-06-21","Motorist Failed to Yield - Midblock",17,"Non-Intersection","01-06-01","0001-01-01T12:31:58-04:56","Motorist Drive Out - Commercial Driveway / Alley",NA,2012,"C: Possible Injury","Commercial","30-39",38,"No","0-5 mph","O: No Injury","Black","Male","Passenger Car","No","No","Daylight","Urban (>70% Developed)","3 lanes",2,"Straight - Level","Local Street","Wet","Two-Way, Divided, Unprotected Median","Other","Driveway, Public","Coarse Asphalt","Piedmont","Urban","40 - 45  MPH","Stop Sign","Rain","No","35.77006, -78.6134",-78.6134,35.77006
"120",401,402,"No","60-69",66,"No","Facing Traffic","O: No Injury","Travel Lane","Black","Male","Fayetteville","Cumberland","No","","2012-06-25","Motorist Failed to Yield - Sign-Controlled Intersection",7,"Intersection","01-06-01","0001-01-01T02:31:58-04:56","Motorist Drive Out - Sign-Controlled Intersection",NA,2012,"O: No Injury","Commercial","25-29",29,"No","0-5 mph","O: No Injury","White","Male","Passenger Car","No","No","Daylight","Urban (>70% Developed)","5 lanes",2,"Curve - Hillcrest","Local Street","Wet","Two-Way, Divided, Positive Median Barrier","None","T-Intersection","Coarse Asphalt","Coastal","Urban","40 - 45  MPH","Stop Sign","Cloudy","Yes","35.08742, -78.9517",-78.9517,35.08742