"","FID","OBJECTID","AmbulanceR","BikeAge_Gr","Bike_Age","Bike_Alc_D","Bike_Dir","Bike_Injur","Bike_Pos","Bike_Race","Bike_Sex","City","County","CrashAlcoh","CrashDay","Crash_Date","Crash_Grp","Crash_Hour","Crash_Loc","Crash_Mont","Crash_Time","Crash_Type","Crash_Ty_1","Crash_Year","Crsh_Sevri","Developmen","DrvrAge_Gr","Drvr_Age","Drvr_Alc_D","Drvr_EstSp","Drvr_Injur","Drvr_Race","Drvr_Sex","Drvr_VehTy","ExcsSpdInd","Hit_Run","Light_Cond","Locality","Num_Lanes","Num_Units","Rd_Charact","Rd_Class","Rd_Conditi","Rd_Config","Rd_Defects","Rd_Feature","Rd_Surface","Region","Rural_Urba","Speed_Limi","Traff_Cntr","Weather","Workzone_I","Location","locx","locy"
"121",407,408,"No","60-69",66,"No","With Traffic","C: Possible Injury","Sidewalk / Crosswalk / Driveway Crossing","Black","Male","Charlotte","Mecklenburg","No","01-01-06","2012-06-23","Parallel Paths - Other Circumstances",0,"Intersection-Related","01-06-01","0000-12-31T19:28:58-04:56","Bicyclist Ride Out - Parallel Path",NA,2012,"C: Possible Injury","Commercial","60-69",64,"No","16-20 mph","O: No Injury","Black","Female","Other Bus","No","No","Dark - Lighted Roadway","Urban (>70% Developed)","4 lanes",2,"Straight - Level","Local Street","Dry","Two-Way, Not Divided","None","No Special Feature","Smooth Asphalt","Piedmont","Urban","20 - 25  MPH","Stop And Go Signal","Clear","No","35.22698, -80.843",-80.843,35.22698
"122",408,409,"Yes","40-49",43,"No","With Traffic","B: Evident Injury","Travel Lane","White","Male","None - Rural Crash","Wake","No","01-01-03","2012-06-27","Motorist Failed to Yield - Sign-Controlled Intersection",7,"Intersection","01-06-01","0001-01-01T02:13:58-04:56","Motorist Drive Out - Sign-Controlled Intersection",NA,2012,"B: Evident Injury","Farms, Woods, Pastures","30-39",35,"No","0-5 mph","O: No Injury","Hispanic","Male","Pickup","No","No","Daylight","Rural (<30% Developed)","4 lanes",2,"Straight - Level","State Secondary Route","Dry","Two-Way, Not Divided","None","T-Intersection","Coarse Asphalt","Piedmont","Rural","50 - 55  MPH","Stop Sign","Clear","No","35.59024, -78.8384",-78.8384,35.59024
"123",416,417,"Yes","16-19",16,"No","Not Applicable","C: Possible Injury","Non-Roadway","Black","Male","Greensboro","Guilford","No","01-01-05","2012-06-29","Bicyclist Failed to Yield - Midblock",11,"Non-Intersection","01-06-01","0001-01-01T06:05:58-04:56","Bicyclist Ride Out - Commercial Driveway / Alley",NA,2012,"C: Possible Injury","Residential","20-24",23,"No","6-10 mph","O: No Injury","Black","Female","Passenger Car","Yes","No","Daylight","Urban (>70% Developed)","2 lanes",2,"Straight - Level","Local Street","Dry","Two-Way, Not Divided","None","Driveway, Private","Smooth Asphalt","Piedmont","Urban","30 - 35  MPH","No Control Present","Clear","No","36.09509, -79.7619",-79.7619,36.09509
"124",425,426,"Yes","10-Jun",9,"No","Not Applicable","B: Evident Injury","Driveway / Alley","White","Male","Asheboro","Randolph","No","01-01-03","2012-06-20","Bicyclist Failed to Yield - Midblock",21,"Non-Intersection","01-06-01","0001-01-01T16:24:58-04:56","Bicyclist Ride Out - Residential Driveway",NA,2012,"B: Evident Injury","Residential","0-19",19,"No","16-20 mph","O: No Injury","White","Male","Passenger Car","No","No","Dusk","Urban (>70% Developed)","2 lanes",2,"Straight - Grade","Local Street","Dry","Two-Way, Not Divided","None","No Special Feature","Smooth Asphalt","Piedmont","Urban","30 - 35  MPH","No Control Present","Clear","No","35.70165, -79.7956",-79.7956,35.70165
"125",435,436,"Yes","16-19",19,"No","With Traffic","B: Evident Injury","Travel Lane","Hispanic","Male","Raleigh","Wake","No","01-01-05","2012-06-22","Bicyclist Failed to Yield - Signalized Intersection",21,"Intersection","01-06-01","0001-01-01T16:39:58-04:56","Bicyclist Ride Through - Signalized Intersection",NA,2012,"B: Evident Injury","Commercial","50-59",54,"No","26-30 mph","C: Possible Injury","White","Male","Pickup","No","No","Dark - Roadway Not Lighted","Urban (>70% Developed)","8 lanes",2,"Straight - Level","Local Street","Water (Standing, Moving)","Two-Way, Not Divided","None","No Special Feature","Coarse Asphalt","Piedmont","Urban","40 - 45  MPH","Stop And Go Signal","Rain","No","35.7312, -78.6274",-78.6274,35.7312
"126",437,438,"Yes","30-39",30,"No","With Traffic","B: Evident Injury","Travel Lane","White","Male","Raleigh","Wake","No","01-01-02","2012-06-19","Motorist Overtaking Bicyclist",9,"Non-Intersection","01-06-01","0001-01-01T04:39:58-04:56","Motorist Overtaking - Other /",NA,2012,"B: Evident Injury","Commercial","",NA,"Missing","31-35 mph","Injury","/Missing","","","No","Yes","Daylight","Urban (>70% Developed)","5 lanes",2,"Straight - Level","Local Street","Dry","Two-Way, Not Divided","None","No Special Feature","Coarse Asphalt","Piedmont","Urban","40 - 45  MPH","No Control Present","Clear","No","35.81612, -78.6571",-78.6571,35.81612
"127",440,441,"Yes","25-29",27,"No","Facing Traffic","C: Possible Injury","Bike Lane / Paved Shoulder","Black","Male","None - Rural Crash","Harnett","No","","2012-07-02","Loss of Control / Turning Error",12,"Non-Intersection","01-07-01","0001-01-01T07:05:58-04:56","Motorist Lost Control - Other /",NA,2012,"C: Possible Injury","Farms, Woods, Pastures","20-24",24,"No","41-45 mph","O: No Injury","White","Female","Van","No","No","Daylight","Rural (<30% Developed)","2 lanes",2,"Straight - Level","State Secondary Route","Dry","Two-Way, Not Divided","None","No Special Feature","Coarse Asphalt","Coastal","Rural","50 - 55  MPH","No Control Present","Clear","No","35.37403, -78.6989",-78.6989,35.37403
"128",448,449,"Yes","60-69",66,"Missing","With Traffic","B: Evident Injury","Travel Lane","White","Male","Charlotte","Mecklenburg","No","01-01-07","2012-07-08","Bicyclist Failed to Yield - Signalized Intersection",8,"Intersection","01-07-01","0001-01-01T03:54:58-04:56","Bicyclist Ride Through - Signalized Intersection",NA,2012,"B: Evident Injury","Commercial","50-59",52,"No","","O: No Injury","Other","Male","Passenger Car","No","No","Daylight","Urban (>70% Developed)","6 lanes",2,"Straight - Level","Local Street","Dry","Two-Way, Not Divided","None","Four-Way Intersection","Smooth Asphalt","Piedmont","Urban","30 - 35  MPH","Stop And Go Signal","Clear","No","35.19575, -80.8272",-80.8272,35.19575
"129",454,455,"Yes","50-59",51,"No","Facing Traffic","C: Possible Injury","Travel Lane","Black","Male","High Point","Guilford","No","01-01-04","2012-06-28","Motorist Failed to Yield - Sign-Controlled Intersection",20,"Intersection","01-06-01","0001-01-01T15:29:58-04:56","Motorist Drive Out - Sign-Controlled Intersection",NA,2012,"C: Possible Injury","Commercial","0-19",19,"No","0-5 mph","O: No Injury","White","Male","Sport Utility","No","No","Daylight","Urban (>70% Developed)","5 lanes",2,"Straight - Level","NC Route","Dry","Two-Way, Not Divided","None","No Special Feature","Smooth Asphalt","Piedmont","Urban","40 - 45  MPH","Stop Sign","Clear","No","35.98403, -80.0135",-80.0135,35.98403
"130",455,456,"Yes","60-69",64,"No","Facing Traffic","C: Possible Injury","Travel Lane","White","Male","Garner","Wake","No","01-01-05","2012-06-29","Motorist Failed to Yield - Sign-Controlled Intersection",10,"Intersection","01-06-01","0001-01-01T05:09:58-04:56","Motorist Drive Out - Sign-Controlled Intersection",NA,2012,"C: Possible Injury","Residential","20-24",21,"No","6-10 mph","O: No Injury","White","Female","Passenger Car","No","No","Daylight","Urban (>70% Developed)","5 lanes",2,"Straight - Grade","Local Street","Dry","Two-Way, Not Divided","None","No Special Feature","Smooth Asphalt","Piedmont","Urban","30 - 35  MPH","Stop Sign","Clear","No","35.67701, -78.6249",-78.6249,35.67701
"131",458,459,"Yes","60-69",62,"No","With Traffic","B: Evident Injury","Travel Lane","White","Male","Durham","Durham","No","01-01-07","2012-07-15","Motorist Left Turn / Merge",17,"Intersection","01-07-01","0001-01-01T12:50:58-04:56","Motorist Left Turn - Opposite Direction",NA,2012,"B: Evident Injury","Residential","70",70,"No","16-20 mph","O: No Injury","White","Female","Passenger Car","No","No","Daylight","Urban (>70% Developed)","3 lanes",2,"Straight - Level","Local Street","Dry","Two-Way, Not Divided","None","No Special Feature","Smooth Asphalt","Piedmont","Urban","30 - 35  MPH","Stop And Go Signal","Clear","No","36.01723, -78.9216",-78.9216,36.01723
"132",460,461,"Yes","10-Jun",6,"No","Not Applicable","C: Possible Injury","Non-Roadway","Black","Male","Charlotte","Mecklenburg","No","01-01-07","2012-07-15","Bicyclist Failed to Yield - Midblock",20,"Non-Intersection","01-07-01","0001-01-01T15:03:58-04:56","Bicyclist Ride Out - Commercial Driveway / Alley",NA,2012,"C: Possible Injury","Residential","0-19",18,"No","21-25 mph","O: No Injury","White","Female","Passenger Car","No","No","Daylight","Urban (>70% Developed)","2 lanes",2,"Straight - Level","Local Street","Dry","Two-Way, Not Divided","None","No Special Feature","Smooth Asphalt","Piedmont","Urban","20 - 25  MPH","No Control Present","Clear","No","35.25861, -80.8045",-80.8045,35.25861
"133",467,468,"Yes","15-Nov",14,"No","Facing Traffic","B: Evident Injury","Travel Lane","White","Male","Spindale","Rutherford","No","01-01-06","2012-06-16","Parallel Paths - Other Circumstances",17,"Intersection","01-06-01","0001-01-01T12:31:58-04:56","Bicyclist Ride Out - Parallel Path",NA,2012,"B: Evident Injury","Commercial","50-59",52,"No","16-20 mph","O: No Injury","White","Female","Passenger Car","No","No","Daylight","Mixed (30% To 70% Developed)","2 lanes",2,"Straight - Hillcrest","Local Street","Dry","Two-Way, Not Divided","None","No Special Feature","Smooth Asphalt","Mountains","Rural","30 - 35  MPH","Stop And Go Signal","Clear","No","35.34915, -81.9178",-81.9178,35.34915
"134",469,470,"Yes","10-Jun",6,"No","Facing Traffic","C: Possible Injury","Travel Lane","Black","Male","None - Rural Crash","Vance","No","01-01-07","2012-07-15","Bicyclist Failed to Yield - Sign-Controlled Intersection",20,"Intersection","01-07-01","0001-01-01T16:00:58-04:56","Bicyclist Ride Through - Sign-Controlled Intersection",NA,2012,"C: Possible Injury","Residential","20-24",21,"No","31-35 mph","O: No Injury","White","Male","Pickup","No","No","Dark - Roadway Not Lighted","Mixed (30% To 70% Developed)","2 lanes",2,"Straight - Level","State Secondary Route","Dry","Two-Way, Not Divided","None","T-Intersection","Smooth Asphalt","Piedmont","Rural","50 - 55  MPH","Stop Sign","Clear","No","36.33938, -78.3893",-78.3893,36.33938
"135",474,475,"No","16-19",18,"No","Facing Traffic","C: Possible Injury","Sidewalk / Crosswalk / Driveway Crossing","Other","Male","Asheville","Buncombe","No","01-01-04","2012-06-21","Loss of Control / Turning Error",13,"Intersection-Related","01-06-01","0001-01-01T08:18:58-04:56","Motorist Lost Control - Other /",NA,2012,"C: Possible Injury","Commercial","",NA,"No","31-35 mph","Injury","/Missing","","Passenger Car","No","Yes","Daylight","Urban (>70% Developed)","3 lanes",2,"Straight - Level","US Route","Dry","Two-Way, Divided, Positive Median Barrier","None","No Special Feature","Smooth Asphalt","Mountains","Urban","30 - 35  MPH","No Control Present","Clear","No","35.58739, -82.5868",-82.5868,35.58739
"136",482,483,"Yes","60-69",61,"Yes","With Traffic","B: Evident Injury","Sidewalk / Crosswalk / Driveway Crossing","White","Male","Apex","Wake","Yes","01-01-05","2012-07-20","Motorist Failed to Yield - Midblock",20,"Non-Intersection","01-07-01","0001-01-01T15:46:58-04:56","Motorist Drive Out - Commercial Driveway / Alley",NA,2012,"B: Evident Injury","Commercial","30-39",39,"No","0-5 mph","O: No Injury","White","Male","Pickup","No","No","Dark - Lighted Roadway","Urban (>70% Developed)","3 lanes",2,"Straight - Grade","Local Street","Wet","Two-Way, Divided, Unprotected Median","None","No Special Feature","Smooth Asphalt","Piedmont","Urban","40 - 45  MPH","Stop Sign","Cloudy","No","35.73621, -78.8665",-78.8665,35.73621
"137",492,493,"Yes","15-Nov",15,"No","With Traffic","B: Evident Injury","Travel Lane","Black","Male","Goldsboro","Wayne","No","01-01-04","2012-07-12","Bicyclist Failed to Yield - Sign-Controlled Intersection",20,"Intersection","01-07-01","0001-01-01T15:49:58-04:56","Bicyclist Ride Out - Sign-Controlled Intersection",NA,2012,"B: Evident Injury","Residential","70",70,"No","16-20 mph","O: No Injury","Black","Female","Passenger Car","No","No","Dark - Lighted Roadway","Rural (<30% Developed)","2 lanes",2,"Straight - Level","Local Street","Wet","Two-Way, Not Divided","None","Four-Way Intersection","Coarse Asphalt","Coastal","Urban","20 - 25  MPH","Stop Sign","Cloudy","No","35.3803, -77.9722",-77.9722,35.3803
"138",497,498,"Yes","25-29",26,"No","","B: Evident Injury","Travel Lane","White","Female","None - Rural Crash","Cumberland","No","01-01-05","2012-07-13","Parallel Paths - Other Circumstances",2,"Non-Intersection","01-07-01","0000-12-31T21:33:58-04:56","Parallel Paths - Other /",NA,2012,"B: Evident Injury","Residential","",NA,"Missing","","Injury","/Missing","","","No","Yes","Dark - Roadway Not Lighted","Rural (<30% Developed)","2 lanes",2,"Curve - Level","Public Vehicular Area","Dry","Two-Way, Not Divided","None","No Special Feature","Smooth Asphalt","Coastal","Rural","","No Control Present","Cloudy","No","35.03585, -78.8351",-78.8351,35.03585
"139",500,501,"Yes","25-29",27,"No","","Injury","","Hispanic","Male","Charlotte","Mecklenburg","No","01-01-03","2012-03-21","Crossing Paths - Other Circumstances",13,"Intersection","01-03-01","0001-01-01T08:20:58-04:56","Crossing Paths - Uncontrolled Intersection",NA,2012,"O: No Injury","Commercial","",NA,"Missing","16-20 mph","O: No Injury","Black","Male","","No","Yes","Daylight","Urban (>70% Developed)","5 lanes",2,"Straight - Level","Local Street","Dry","Two-Way, Divided, Unprotected Median","None","No Special Feature","Smooth Asphalt","Piedmont","Urban","30 - 35  MPH","Stop And Go Signal","Clear","No","35.19302, -80.7952",-80.7952,35.19302
"140",504,505,"Yes","40-49",40,"No","Facing Traffic","C: Possible Injury","Travel Lane","White","Male","Charlotte","Mecklenburg","No","01-01-03","2012-05-23","Motorist Failed to Yield - Signalized Intersection",17,"Intersection","01-05-01","0001-01-01T12:25:58-04:56","Motorist Drive Out - Signalized Intersection",NA,2012,"C: Possible Injury","Commercial","30-39",39,"No","0-5 mph","O: No Injury","White","Female","Sport Utility","No","No","Daylight","Urban (>70% Developed)","2 lanes",2,"Straight - Grade","Local Street","Dry","Two-Way, Not Divided","None","Four-Way Intersection","Smooth Asphalt","Piedmont","Urban","30 - 35  MPH","Stop And Go Signal","Clear","No","35.22118, -80.8184",-80.8184,35.22118
"141",510,511,"Yes","50-59",55,"No","With Traffic","B: Evident Injury","Travel Lane","White","Male","Surf City","Pender","No","01-01-07","2012-07-29","Motorist Left Turn / Merge",8,"Intersection","01-07-01","0001-01-01T03:03:58-04:56","Motorist Left Turn - Opposite Direction",NA,2012,"B: Evident Injury","Residential","0-19",16,"No","26-30 mph","O: No Injury","White","Female","Passenger Car","No","No","Daylight","Mixed (30% To 70% Developed)","2 lanes",2,"Straight - Level","Local Street","Dry","Two-Way, Not Divided","None","T-Intersection","Coarse Asphalt","Coastal","Rural","30 - 35  MPH","No Control Present","Clear","No","34.41971, -77.5571",-77.5571,34.41971
"142",517,518,"No","40-49",49,"No","Facing Traffic","C: Possible Injury","Sidewalk / Crosswalk / Driveway Crossing","Black","Male","High Point","Guilford","No","01-01-04","2012-07-12","Motorist Failed to Yield - Midblock",9,"Non-Intersection","01-07-01","0001-01-01T04:53:58-04:56","Motorist Drive Out - Commercial Driveway / Alley",NA,2012,"C: Possible Injury","Commercial","40-49",47,"No","6-10 mph","O: No Injury","White","Male","Sport Utility","No","No","Daylight","Urban (>70% Developed)","3 lanes",2,"Straight - Level","Public Vehicular Area","Dry","One-Way, Not Divided","None","Driveway, Public","Smooth Asphalt","Piedmont","Urban","","Stop Sign","Cloudy","No","35.95431, -80.0008",-80.0008,35.95431
"143",521,522,"Yes","50-59",50,"No","With Traffic","B: Evident Injury","Multi-use Path","White","Male","Raleigh","Wake","No","01-01-02","2012-07-31","Bicyclist Failed to Yield - Signalized Intersection",15,"Intersection","01-07-01","0001-01-01T10:55:58-04:56","Bicyclist Ride Through - Signalized Intersection",NA,2012,"B: Evident Injury","Institutional","60-69",63,"No","0-5 mph","B: Evident Injury","White","Female","Taxicab","No","No","Daylight","Urban (>70% Developed)","2 lanes",2,"Straight - Grade","Local Street","Dry","Two-Way, Not Divided","None","Related To Intersection","Smooth Asphalt","Piedmont","Urban","30 - 35  MPH","Stop And Go Signal","Clear","No","35.77471, -78.6567",-78.6567,35.77471
"144",526,527,"Yes","20-24",21,"No","With Traffic","B: Evident Injury","Travel Lane","Black","Male","Wilmington","New Hanover","No","01-01-04","2012-07-26","Motorist Failed to Yield - Signalized Intersection",1,"Intersection","01-07-01","0000-12-31T20:16:58-04:56","Motorist Drive Through - Signalized Intersection",NA,2012,"B: Evident Injury","Commercial","",NA,"Missing","","Injury","/Missing","","","No","Yes","Dark - Lighted Roadway","Urban (>70% Developed)","3 lanes",2,"Straight - Level","NC Route","Dry","Two-Way, Not Divided","None","No Special Feature","Coarse Asphalt","Coastal","Urban","","Flashing Stop And Go Signal","Clear","No","34.22593, -77.9241",-77.9241,34.22593
"145",528,529,"Yes","40-49",48,"No","With Traffic","C: Possible Injury","Travel Lane","Black","Male","Greenville","Pitt","No","01-01-04","2012-07-26","Motorist Overtaking Bicyclist",18,"Non-Intersection","01-07-01","0001-01-01T13:34:58-04:56","Motorist Overtaking - Misjudged Space",NA,2012,"C: Possible Injury","Commercial","40-49",46,"No","6-10 mph","O: No Injury","Black","Male","Pickup","No","No","Daylight","Urban (>70% Developed)","5 lanes",2,"Straight - Level","State Secondary Route","Dry","Two-Way, Not Divided","None","No Special Feature","Coarse Asphalt","Coastal","Urban","40 - 45  MPH","No Control Present","Clear","No","35.60148, -77.3755",-77.3755,35.60148
"146",535,536,"Yes","40-49",48,"No","With Traffic","C: Possible Injury","Travel Lane","Black","Female","Rocky Mount","Nash","No","01-01-02","2012-07-24","Crossing Paths - Other Circumstances",10,"Intersection","01-07-01","0001-01-01T05:12:58-04:56","Signalized Intersection - Other /",NA,2012,"C: Possible Injury","Commercial","60-69",61,"No","6-10 mph","O: No Injury","White","Female","Passenger Car","No","No","Daylight","Urban (>70% Developed)","9 or more lanes",2,"Straight - Level","Local Street","Dry","Two-Way, Divided, Unprotected Median","None","No Special Feature","Coarse Asphalt","Coastal","Urban","30 - 35  MPH","Stop And Go Signal","Clear","No","35.94595, -77.8007",-77.8007,35.94595
"147",543,544,"Yes","30-39",31,"No","With Traffic","C: Possible Injury","Travel Lane","Black","Male","Enfield","Halifax","No","01-01-05","2012-07-27","Motorist Overtaking Bicyclist",15,"Intersection","01-07-01","0001-01-01T10:23:58-04:56","Motorist Overtaking - Misjudged Space",NA,2012,"C: Possible Injury","Commercial","40-49",46,"No","16-20 mph","O: No Injury","Black","Female","Passenger Car","No","No","Daylight","Urban (>70% Developed)","2 lanes",2,"Straight - Level","Local Street","Dry","Two-Way, Not Divided","None","T-Intersection","Smooth Asphalt","Coastal","Rural","20 - 25  MPH","No Control Present","Clear","No","36.18073, -77.6661",-77.6661,36.18073
"148",546,547,"Yes","40-49",44,"No","With Traffic","C: Possible Injury","Travel Lane","White","Female","None - Rural Crash","New Hanover","No","01-01-07","2012-08-12","Motorist Overtaking Bicyclist",17,"Non-Intersection","01-08-01","0001-01-01T13:00:58-04:56","Motorist Overtaking - Misjudged Space",NA,2012,"C: Possible Injury","Commercial","",NA,"Missing","36-40 mph","Injury","/Missing","","","No","Yes","Daylight","Urban (>70% Developed)","4 lanes",2,"Straight - Level","US Route","Dry","Two-Way, Not Divided","None","No Special Feature","Smooth Asphalt","Coastal","Rural","50 - 55  MPH","No Control Present","Clear","No","34.12457, -77.9",-77.9,34.12457
"149",547,548,"No","16-19",17,"No","With Traffic","C: Possible Injury","Travel Lane","White","Male","None - Rural Crash","Rockingham","No","01-01-03","2012-08-08","Bicyclist Left Turn / Merge",6,"Non-Intersection","01-08-01","0001-01-01T01:41:58-04:56","Bicyclist Left Turn - Same Direction",NA,2012,"C: Possible Injury","Residential","",NA,"No","41-45 mph","Injury","/Missing","","Passenger Car","No","Yes","Daylight","Rural (<30% Developed)","2 lanes",2,"Straight - Level","State Secondary Route","Dry","Two-Way, Not Divided","None","No Special Feature","Smooth Asphalt","Piedmont","Rural","40 - 45  MPH","Double Yellow Line, No Passing Zone","Clear","No","36.49643, -79.7929",-79.7929,36.49643
"150",553,554,"Yes","",0,"Missing","With Traffic","Injury","Travel Lane","/Missing","","Fayetteville","Cumberland","No","","2012-07-30","Bicyclist Failed to Yield - Sign-Controlled Intersection",15,"Intersection","01-07-01","0001-01-01T10:09:58-04:56","Bicyclist Ride Out - Sign-Controlled Intersection",NA,2012,"O: No Injury","Commercial","60-69",60,"No","21-25 mph","O: No Injury","Native American","Female","Passenger Car","No","No","Daylight","Urban (>70% Developed)","4 lanes",2,"Straight - Level","Local Street","Dry","Two-Way, Divided, Unprotected Median","None","No Special Feature","Smooth Asphalt","Coastal","Urban","30 - 35  MPH","Stop Sign","Clear","No","35.0416, -78.8491",-78.8491,35.0416
"151",554,555,"Yes","40-49",46,"Yes","With Traffic","B: Evident Injury","Travel Lane","White","Male","Laurinburg","Scotland","Yes","","2012-08-06","Bicyclist Overtaking Motorist",15,"Intersection-Related","01-08-01","0001-01-01T10:23:58-04:56","Bicyclist Overtaking - Parked Vehicle",NA,2012,"B: Evident Injury","Residential","",NA,"Missing","","Injury","/Missing","","Passenger Car","No","No","Daylight","Urban (>70% Developed)","2 lanes",2,"Straight - Grade","Local Street","Dry","Two-Way, Not Divided","None","No Special Feature","Coarse Asphalt","Coastal","Urban","","No Control Present","Clear","No","34.77184, -79.4514",-79.4514,34.77184
"152",555,556,"No","16-19",19,"No","With Traffic","C: Possible Injury","Travel Lane","White","Male","Charlotte","Mecklenburg","No","","2012-08-13","Parallel Paths - Other Circumstances",20,"Non-Intersection","01-08-01","0001-01-01T15:09:58-04:56","Parallel Paths - Other /",NA,2012,"C: Possible Injury","Commercial","50-59",51,"No","11-15 mph","O: No Injury","White","Male","Sport Utility","No","No","Dusk","Urban (>70% Developed)","2 lanes",2,"Straight - Level","Local Street","Dry","Two-Way, Not Divided","None","No Special Feature","Smooth Asphalt","Piedmont","Urban","30 - 35  MPH","No Control Present","Clear","No","35.2181, -80.8144",-80.8144,35.2181
"153",556,557,"Yes","10-Jun",9,"No","With Traffic","B: Evident Injury","Travel Lane","Black","Female","None - Rural Crash","Iredell","No","","2012-08-13","Head-On",18,"Non-Intersection","01-08-01","0001-01-01T13:33:58-04:56","Head-On - Motorist",NA,2012,"B: Evident Injury","Residential","",NA,"No","16-20 mph","Injury","/Missing","","Motorcycle","No","Yes","Daylight","Rural (<30% Developed)","2 lanes",2,"Straight - Grade","State Secondary Route","Dry","Two-Way, Not Divided","None","No Special Feature","Smooth Asphalt","Piedmont","Rural","30 - 35  MPH","No Control Present","Clear","No","35.781, -80.8403",-80.8403,35.781
"154",563,564,"Yes","10-Jun",9,"No","Not Applicable","C: Possible Injury","Non-Roadway","Black","Male","None - Rural Crash","Mecklenburg","No","01-01-03","2012-08-15","Bicyclist Failed to Yield - Midblock",17,"Non-Intersection","01-08-01","0001-01-01T12:33:58-04:56","Bicyclist Ride Out - Other Midblock",NA,2012,"C: Possible Injury","Residential","20-24",22,"No","16-20 mph","O: No Injury","Black","Female","Passenger Car","No","No","Daylight","Mixed (30% To 70% Developed)","2 lanes",2,"Straight - Level","Local Street","Dry","Two-Way, Not Divided","None","No Special Feature","Smooth Asphalt","Piedmont","Rural","20 - 25  MPH","No Control Present","Clear","No","35.29313, -80.8033",-80.8033,35.29313
"155",564,565,"Yes","50-59",52,"No","With Traffic","C: Possible Injury","Travel Lane","White","Male","None - Rural Crash","Henderson","No","01-01-04","2012-08-16","Motorist Overtaking Bicyclist",9,"Non-Intersection","01-08-01","0001-01-01T04:32:58-04:56","Motorist Overtaking - Other /",NA,2012,"C: Possible Injury","Farms, Woods, Pastures","50-59",55,"No","26-30 mph","O: No Injury","White","Male","Pickup","No","No","Daylight","Rural (<30% Developed)","2 lanes",2,"Curve - Level","State Secondary Route","Dry","Two-Way, Not Divided","None","No Special Feature","Smooth Asphalt","Mountains","Rural","40 - 45  MPH","Double Yellow Line, No Passing Zone","Clear","No","35.42164, -82.4993",-82.4993,35.42164
"156",569,570,"No","40-49",49,"No","Not Applicable","C: Possible Injury","Travel Lane","White","Female","Morrisville","Wake","No","01-01-06","2012-08-18","Non-Roadway",16,"Non-Roadway","01-08-01","0001-01-01T11:03:58-04:56","Non-Roadway",NA,2012,"C: Possible Injury","Commercial","30-39",38,"No","0-5 mph","O: No Injury","White","Male","Sport Utility","No","No","Daylight","Urban (>70% Developed)","",2,"Straight - Level","Public Vehicular Area","Dry","Two-Way, Not Divided","None","Driveway, Public","Smooth Asphalt","Piedmont","Urban","5 - 15 MPH","Stop Sign","Clear","No","35.81889, -78.8464",-78.8464,35.81889
"157",575,576,"No","20-24",20,"No","With Traffic","O: No Injury","Bike Lane / Paved Shoulder","White","Male","Boone","Watauga","No","","2012-08-20","Motorist Right Turn / Merge",13,"Non-Intersection","01-08-01","0001-01-01T08:33:58-04:56","Motorist Right Turn - Same Direction",NA,2012,"O: No Injury","Institutional","30-39",30,"No","0-5 mph","O: No Injury","White","Male","Passenger Car","No","No","Daylight","Urban (>70% Developed)","6 lanes",2,"Straight - Level","Local Street","Dry","Two-Way, Not Divided","None","No Special Feature","Smooth Asphalt","Mountains","Urban","20 - 25  MPH","No Control Present","Clear","No","36.21241, -81.6808",-81.6808,36.21241
"158",576,577,"No","40-49",49,"No","With Traffic","C: Possible Injury","Travel Lane","Black","Male","Durham","Durham","No","01-01-07","2012-08-19","Loss of Control / Turning Error",22,"Intersection","01-08-01","0001-01-01T17:03:58-04:56","Motorist Turning Error - Left Turn",NA,2012,"C: Possible Injury","Residential","",NA,"Missing","","Injury","/Missing","","Passenger Car","No","Yes","Dark - Lighted Roadway","Urban (>70% Developed)","4 lanes",2,"Straight - Level","Local Street","Dry","Two-Way, Not Divided","None","No Special Feature","Smooth Asphalt","Piedmont","Urban","","Stop Sign","Clear","No","35.99433, -78.8758",-78.8758,35.99433
"159",579,580,"Yes","16-19",16,"No","Not Applicable","B: Evident Injury","Non-Roadway","White","Male","Kernersville","Forsyth","No","","2012-08-13","Bicyclist Failed to Yield - Midblock",7,"Non-Intersection","01-08-01","0001-01-01T02:19:58-04:56","Bicyclist Ride Out - Commercial Driveway / Alley",NA,2012,"B: Evident Injury","Commercial","0-19",18,"No","26-30 mph","O: No Injury","White","Female","Passenger Car","No","No","Dark - Lighted Roadway","Urban (>70% Developed)","2 lanes",2,"Straight - Level","Local Street","Dry","Two-Way, Not Divided","None","No Special Feature","Smooth Asphalt","Piedmont","Urban","20 - 25  MPH","No Control Present","Clear","No","36.1271, -80.0691",-80.0691,36.1271
"160",584,585,"Yes","40-49",45,"No","With Traffic","B: Evident Injury","Travel Lane","Black","Male","Hickory","Catawba","No","01-01-06","2012-08-11","Motorist Right Turn / Merge",17,"Intersection","01-08-01","0001-01-01T12:33:58-04:56","Motorist Right Turn - Same Direction",NA,2012,"B: Evident Injury","Residential","50-59",53,"No","16-20 mph","O: No Injury","Black","Male","Pickup","No","No","Daylight","Urban (>70% Developed)","2 lanes",2,"Straight - Level","Local Street","Dry","Two-Way, Not Divided","None","Four-Way Intersection","Smooth Asphalt","Piedmont","Urban","20 - 25  MPH","Stop And Go Signal","Clear","No","35.72361, -81.3386",-81.3386,35.72361
"161",591,592,"Yes","15-Nov",15,"No","With Traffic","B: Evident Injury","Sidewalk / Crosswalk / Driveway Crossing","White","Male","Roanoke Rapids","Halifax","No","01-01-04","2012-08-16","Motorist Left Turn / Merge",20,"Intersection","01-08-01","0001-01-01T15:44:58-04:56","Motorist Left Turn - Opposite Direction",NA,2012,"B: Evident Injury","Residential","0-19",17,"No","21-25 mph","O: No Injury","White","Male","Passenger Car","No","No","Dark - Lighted Roadway","Urban (>70% Developed)","5 lanes",2,"Straight - Level","NC Route","Dry","Two-Way, Not Divided","None","Related To Intersection","Concrete","Coastal","Urban","20 - 25  MPH","Stop Sign","Clear","No","36.46612, -77.652",-77.652,36.46612