"","FID","OBJECTID","AmbulanceR","BikeAge_Gr","Bike_Age","Bike_Alc_D","Bike_Dir","Bike_Injur","Bike_Pos","Bike_Race","Bike_Sex","City","County","CrashAlcoh","CrashDay","Crash_Date","Crash_Grp","Crash_Hour","Crash_Loc","Crash_Mont","Crash_Time","Crash_Type","Crash_Ty_1","Crash_Year","Crsh_Sevri","Developmen","DrvrAge_Gr","Drvr_Age","Drvr_Alc_D","Drvr_EstSp","Drvr_Injur","Drvr_Race","Drvr_Sex","Drvr_VehTy","ExcsSpdInd","Hit_Run","Light_Cond","Locality","Num_Lanes","Num_Units","Rd_Charact","Rd_Class","Rd_Conditi","Rd_Config","Rd_Defects","Rd_Feature","Rd_Surface","Region","Rural_Urba","Speed_Limi","Traff_Cntr","Weather","Workzone_I","Location","locx","locy"
"202",516,517,"No","40-49",49,"No","With Traffic","O: No Injury","Travel Lane","White","Male","None - Rural Crash","Brunswick","No","","2007-07-09","Motorist Right Turn / Merge",12,"Intersection","01-07-01","0001-01-01T07:03:58-04:56","Motorist Right Turn - Same Direction",111213,2007,"O: No Injury","Commercial","60-69",69,"No","11-15 mph","O: No Injury","White","Female","Passenger Car","No","No","Daylight","Mixed (30% To 70% Developed)","2 lanes",2,"Straight - Level","NC Route","Dry","Two-Way, Not Divided","None","Four-Way Intersection","Smooth Asphalt","Coastal","Rural","50 - 55  MPH","Stop And Go Signal","Cloudy","No","33.91651, -78.49203",-78.49203,33.91651
"203",518,519,"Yes","30-39",34,"No","Facing Traffic","C: Possible Injury","Travel Lane","Asian","Male","Chapel Hill","Orange","No","01-01-02","2007-07-10","Loss of Control / Turning Error",17,"Intersection","01-07-01","0001-01-01T12:27:58-04:56","Bicyclist Turning Error - Left Turn",112114,2007,"C: Possible Injury","Residential","30-39",39,"No","0-5 mph","O: No Injury","White","Male","Passenger Car","No","No","Daylight","Urban (>70% Developed)","2 lanes",2,"Straight - Level","Local Street","Wet","Two-Way, Not Divided","None","T-Intersection","Smooth Asphalt","Piedmont","Urban","20 - 25  MPH","Stop Sign","Rain","No","35.905197, -79.05511",-79.05511,35.905197
"204",522,523,"No","10-Jun",10,"No","With Traffic","B: Evident Injury","Travel Lane","Black","Male","High Point","Guilford","No","01-01-03","2007-07-11","Loss of Control / Turning Error",17,"Intersection","01-07-01","0001-01-01T12:27:58-04:56","Bicyclist Lost Control - Mechanical Problems",111121,2007,"B: Evident Injury","Residential","40-49",44,"No","21-25 mph","O: No Injury","Black","Male","Passenger Car","No","No","Daylight","Urban (>70% Developed)","2 lanes",2,"Straight - Grade","Local Street","Dry","Two-Way, Not Divided","None","Four-Way Intersection","Smooth Asphalt","Piedmont","Urban","30 - 35  MPH","Stop Sign","Clear","No","35.96425, -79.99407",-79.99407,35.96425
"205",525,526,"Yes","10-Jun",7,"No","With Traffic","B: Evident Injury","Travel Lane","White","Male","Holly Springs","Wake","No","01-01-04","2007-07-12","Bicyclist Failed to Yield - Sign-Controlled Intersection",13,"Intersection","01-07-01","0001-01-01T08:03:58-04:56","Bicyclist Ride Through - Sign-Controlled Intersection",111144,2007,"B: Evident Injury","Residential","0-19",18,"No","11-15 mph","O: No Injury","Black","Male","Passenger Car","No","No","Daylight","Urban (>70% Developed)","2 lanes",2,"Straight - Level","Local Street","Dry","Two-Way, Not Divided","None","Four-Way Intersection","Coarse Asphalt","Piedmont","Urban","20 - 25  MPH","Stop Sign","Clear","No","35.66205, -78.84054",-78.84054,35.66205
"206",533,534,"Yes","15-Nov",15,"No","Facing Traffic","B: Evident Injury","Travel Lane","White","Male","None - Rural Crash","Onslow","No","01-01-04","2007-09-27","Motorist Overtaking Bicyclist",6,"Non-Intersection","01-09-01","0001-01-01T01:33:58-04:56","Motorist Overtaking - Other /",312239,2007,"B: Evident Injury","Farms, Woods, Pastures","50-59",57,"No","51-55 mph","O: No Injury","White","Male","Pickup","No","No","Dark - Roadway Not Lighted","Rural (<30% Developed)","2 lanes",3,"Straight - Level","State Secondary Route","Dry","Two-Way, Not Divided","None","No Special Feature","Smooth Asphalt","Coastal","Rural","50 - 55  MPH","No Control Present","Clear","No","34.784546, -77.63761",-77.63761,34.784546
"207",535,536,"Yes","20-24",24,"No","Not Applicable","C: Possible Injury","Driveway / Alley","White","Male","None - Rural Crash","Dare","Yes","01-01-07","2007-07-01","Bicyclist Failed to Yield - Midblock",20,"Non-Intersection","01-07-01","0001-01-01T15:43:58-04:56","Bicyclist Ride Out - Commercial Driveway / Alley",353312,2007,"C: Possible Injury","Residential","20-24",24,"Yes","0-5 mph","O: No Injury","Black","Male","Passenger Car","No","No","Dusk","Urban (>70% Developed)","2 lanes",2,"Straight - Level","Public Vehicular Area","Dry","Two-Way, Not Divided","None","T-Intersection","Coarse Asphalt","Coastal","Rural","5 - 15 MPH","No Control Present","Clear","No","35.574, -75.463524",-75.463524,35.574
"208",536,537,"Yes","10-Jun",10,"No","Not Applicable","B: Evident Injury","Non-Roadway","Black","Male","Ahoskie","Hertford","No","","2007-07-02","Bicyclist Failed to Yield - Midblock",17,"Non-Intersection","01-07-01","0001-01-01T12:51:58-04:56","Bicyclist Ride Out - Other Midblock",363318,2007,"B: Evident Injury","Residential","40-49",46,"No","16-20 mph","O: No Injury","Black","Female","Passenger Car","No","No","Daylight","Urban (>70% Developed)","2 lanes",2,"Straight - Level","Local Street","Dry","Two-Way, Not Divided","None","No Special Feature","Smooth Asphalt","Coastal","Rural","20 - 25  MPH","No Control Present","Clear","No","36.287983, -76.986786",-76.986786,36.287983
"209",545,546,"Yes","20-24",20,"No","With Traffic","B: Evident Injury","Travel Lane","White","Female","None - Rural Crash","Mcdowell","No","01-01-07","2007-07-15","Head-On",9,"Non-Intersection","01-07-01","0001-01-01T04:33:58-04:56","Head-On - Bicyclist",311250,2007,"B: Evident Injury","Farms, Woods, Pastures","50-59",52,"No","51-55 mph","O: No Injury","White","Male","Motorcycle","No","No","Daylight","Rural (<30% Developed)","2 lanes",2,"Curve - Grade","NC Route","Dry","Two-Way, Not Divided","None","No Special Feature","Smooth Asphalt","Mountains","Rural","50 - 55  MPH","Double Yellow Line, No Passing Zone","Clear","No","35.763233, -82.15805",-82.15805,35.763233
"210",557,558,"No","20-24",20,"No","","C: Possible Injury","Travel Lane","White","Female","None - Rural Crash","Guilford","No","01-01-05","2007-07-20","Bicyclist Right Turn / Merge",12,"Non-Intersection","01-07-01","0001-01-01T07:50:58-04:56","Bicyclist Right Turn - Same Direction",319223,2007,"C: Possible Injury","Residential","30-39",36,"No","41-45 mph","O: No Injury","White","Male","Passenger Car","No","No","Daylight","Urban (>70% Developed)","3 lanes",2,"Straight - Level","State Secondary Route","Dry","Two-Way, Not Divided","None","No Special Feature","Smooth Asphalt","Piedmont","Rural","40 - 45  MPH","No Control Present","Clear","No","36.017494, -79.89318",-79.89318,36.017494
"211",558,559,"No","40-49",41,"No","Facing Traffic","O: No Injury","Sidewalk / Crosswalk / Driveway Crossing","White","Male","Charlotte","Mecklenburg","No","01-01-04","2007-10-25","Motorist Failed to Yield - Sign-Controlled Intersection",19,"Intersection","01-10-01","0001-01-01T14:33:58-04:56","Motorist Drive Out - Sign-Controlled Intersection",132141,2007,"O: No Injury","Residential","30-39",37,"No","0-5 mph","O: No Injury","Black","Female","Passenger Car","No","No","Dark - Lighted Roadway","Urban (>70% Developed)","2 lanes",2,"Straight - Level","Local Street","Wet","Two-Way, Divided, Unprotected Median","None","T-Intersection","Smooth Asphalt","Piedmont","Urban","30 - 35  MPH","Stop Sign","Rain","No","35.1305, -80.83773",-80.83773,35.1305
"212",559,560,"No","15-Nov",12,"No","With Traffic","C: Possible Injury","Travel Lane","Black","Male","Asheville","Buncombe","No","01-01-05","2007-07-20","Parallel Paths - Other Circumstances",16,"Non-Intersection","01-07-01","0001-01-01T11:43:58-04:56","Parallel Paths - Other /",311280,2007,"C: Possible Injury","Residential","50-59",53,"No","","O: No Injury","Black","Male","Passenger Car","No","Yes","Daylight","Urban (>70% Developed)","2 lanes",2,"Straight - Level","Local Street","Dry","Two-Way, Not Divided","None","No Special Feature","Coarse Asphalt","Mountains","Urban","20 - 25  MPH","No Control Present","Clear","No","35.55034, -82.52444",-82.52444,35.55034
"213",562,563,"Yes","15-Nov",11,"No","Facing Traffic","O: No Injury","Sidewalk / Crosswalk / Driveway Crossing","Black","Male","Cary","Wake","No","01-01-05","2007-10-26","Motorist Failed to Yield - Sign-Controlled Intersection",17,"Intersection","01-10-01","0001-01-01T12:12:58-04:56","Motorist Drive Out - Sign-Controlled Intersection",132141,2007,"O: No Injury","Commercial","30-39",37,"No","0-5 mph","O: No Injury","White","Male","Sport Utility","No","No","Daylight","Urban (>70% Developed)","2 lanes",2,"Straight - Level","Local Street","Wet","Two-Way, Divided, Unprotected Median","None","Four-Way Intersection","Smooth Asphalt","Piedmont","Urban","30 - 35  MPH","Stop Sign","Rain","No","35.734734, -78.778725",-78.778725,35.734734
"214",580,581,"Yes","10-Jun",7,"No","","B: Evident Injury","Travel Lane","Black","Female","Mount Holly","Gaston","No","01-01-05","2007-07-20","Motorist Overtaking Bicyclist",17,"Non-Intersection","01-07-01","0001-01-01T12:55:58-04:56","Motorist Overtaking - Bicyclist Swerved",319235,2007,"B: Evident Injury","Residential","0-19",18,"No","11-15 mph","O: No Injury","White","Female","Sport Utility","No","No","Daylight","Urban (>70% Developed)","2 lanes",2,"Straight - Level","Local Street","Dry","","None","No Special Feature","Smooth Asphalt","Piedmont","Urban","5 - 15 MPH","No Control Present","Clear","No","35.268303, -81.0173",-81.0173,35.268303
"215",588,589,"No","60-69",65,"Yes","Facing Traffic","C: Possible Injury","Travel Lane","Black","Male","Sims","Wilson","Yes","01-01-05","2007-07-27","Bicyclist Failed to Yield - Sign-Controlled Intersection",18,"Intersection","01-07-01","0001-01-01T13:51:58-04:56","Bicyclist Ride Through - Sign-Controlled Intersection",112144,2007,"C: Possible Injury","Residential","50-59",58,"No","0-5 mph","O: No Injury","White","Male","Pickup","No","No","Daylight","Urban (>70% Developed)","2 lanes",2,"Straight - Level","Local Street","Dry","Two-Way, Not Divided","None","Four-Way Intersection","Smooth Asphalt","Coastal","Rural","30 - 35  MPH","Stop Sign","Clear","No","35.75878, -78.06007",-78.06007,35.75878
"216",593,594,"Yes","50-59",57,"No","With Traffic","B: Evident Injury","Travel Lane","Native American","Male","Kannapolis","Cabarrus","No","01-01-06","2007-07-28","Other / Unusual Circumstances",19,"Non-Intersection","01-07-01","0001-01-01T15:00:58-04:56","Motorist Intentionally Caused",311510,2007,"B: Evident Injury","Commercial","",NA,"Missing","6-10 mph","Injury","/Missing","","","No","Yes","Daylight","Urban (>70% Developed)","4 lanes",2,"Straight - Level","Local Street","Dry","Two-Way, Not Divided","None","No Special Feature","Smooth Asphalt","Piedmont","Urban","40 - 45  MPH","No Control Present","Clear","No","35.50333, -80.61188",-80.61188,35.50333
"217",600,601,"Yes","40-49",42,"No","Facing Traffic","B: Evident Injury","Sidewalk / Crosswalk / Driveway Crossing","White","Male","Belmont","Gaston","No","01-01-07","2007-07-29","Motorist Failed to Yield - Sign-Controlled Intersection",9,"Intersection","01-07-01","0001-01-01T04:54:58-04:56","Motorist Drive Out - Sign-Controlled Intersection",132141,2007,"B: Evident Injury","Commercial","40-49",40,"No","0-5 mph","O: No Injury","White","Female","Passenger Car","No","No","Daylight","Urban (>70% Developed)","",2,"Straight - Grade","Local Street","Dry","Two-Way, Not Divided","None","Driveway, Public","Smooth Asphalt","Piedmont","Urban","5 - 15 MPH","Stop Sign","Clear","No","35.251408, -81.042725",-81.042725,35.251408
"218",607,608,"No","40-49",44,"Yes","With Traffic","C: Possible Injury","Travel Lane","Black","Male","None - Rural Crash","Jones","Yes","01-01-02","2007-07-31","Motorist Failed to Yield - Sign-Controlled Intersection",21,"Intersection","01-07-01","0001-01-01T16:33:58-04:56","Motorist Drive Out - Sign-Controlled Intersection",111141,2007,"C: Possible Injury","Farms, Woods, Pastures","60-69",65,"No","0-5 mph","O: No Injury","White","Male","Passenger Car","No","No","Dark - Roadway Not Lighted","Rural (<30% Developed)","2 lanes",2,"Straight - Level","NC Route","Dry","Two-Way, Not Divided","None","Y-Intersection","Smooth Asphalt","Coastal","Rural","50 - 55  MPH","Stop Sign","Clear","No","35.0665, -77.35055",-77.35055,35.0665
"219",619,620,"Yes","40-49",41,"No","With Traffic","A: Disabling Injury","Travel Lane","White","Male","Morrisville","Wake","No","01-01-05","2007-08-03","Bicyclist Failed to Yield - Signalized Intersection",6,"Intersection","01-08-01","0001-01-01T01:23:58-04:56","Bicyclist Ride Through - Signalized Intersection",111155,2007,"A: Disabling Injury","Commercial","40-49",48,"No","31-35 mph","A: Disabling Injury","White","Male","Passenger Car","No","No","Daylight","Mixed (30% To 70% Developed)","4 lanes",2,"Straight - Grade","Local Street","Dry","Two-Way, Divided, Unprotected Median","None","Four-Way Intersection","Smooth Asphalt","Piedmont","Urban","30 - 35  MPH","Stop And Go Signal","Clear","No","35.800976, -78.817696",-78.817696,35.800976
"220",632,633,"No","15-Nov",14,"No","With Traffic","Injury","Sidewalk / Crosswalk / Driveway Crossing","White","Male","Belmont","Gaston","No","01-01-02","2007-08-07","Motorist Failed to Yield - Sign-Controlled Intersection",18,"Intersection","01-08-01","0001-01-01T13:38:58-04:56","Motorist Drive Out - Sign-Controlled Intersection",131141,2007,"O: No Injury","Residential","40-49",42,"No","0-5 mph","O: No Injury","White","Male","Sport Utility","No","No","Daylight","Urban (>70% Developed)","2 lanes",2,"Straight - Level","Local Street","Dry","Two-Way, Divided, Unprotected Median","None","T-Intersection","Coarse Asphalt","Piedmont","Urban","30 - 35  MPH","Stop Sign","Clear","No","35.238476, -81.043724",-81.043724,35.238476
"221",633,634,"No","",NA,"No","","Injury","","/Missing","","Fayetteville","Cumberland","No","01-01-07","2007-07-08","Other /  - Insufficient Details",17,"Intersection","01-07-01","0001-01-01T12:17:58-04:56","Approach Paths",199970,2007,"O: No Injury","Commercial","60-69",64,"No","","O: No Injury","White","Female","Sport Utility","No","No","Daylight","Urban (>70% Developed)","2 lanes",2,"Straight - Grade","Local Street","Dry","One-Way, Not Divided","None","On or Off Ramp","Coarse Asphalt","Coastal","Urban","40 - 45  MPH","Stop And Go Signal","Clear","No","35.062016, -78.890205",-78.890205,35.062016
"222",634,635,"Yes","15-Nov",14,"No","With Traffic","A: Disabling Injury","Travel Lane","White","Male","Asheville","Buncombe","No","01-01-03","2007-08-08","Head-On",15,"Non-Intersection","01-08-01","0001-01-01T10:10:58-04:56","Head-On - Bicyclist",311250,2007,"A: Disabling Injury","Residential","25-29",26,"No","26-30 mph","O: No Injury","White","Male","Passenger Car","No","No","Daylight","Urban (>70% Developed)","2 lanes",2,"Curve - Level","Local Street","Dry","Two-Way, Not Divided","None","No Special Feature","Coarse Asphalt","Mountains","Urban","30 - 35  MPH","No Control Present","Clear","No","35.632977, -82.56248",-82.56248,35.632977
"223",635,636,"No","16-19",16,"No","With Traffic","C: Possible Injury","Travel Lane","Black","Male","Greensboro","Guilford","No","01-01-03","2007-08-08","Crossing Paths - Other Circumstances",22,"Intersection","01-08-01","0001-01-01T17:34:58-04:56","Crossing Paths - Intersection - Other /",111180,2007,"C: Possible Injury","Residential","",NA,"Missing","0-5 mph","Injury","/Missing","","","No","Yes","Dark - Lighted Roadway","Urban (>70% Developed)","2 lanes",2,"Straight - Level","Local Street","Dry","Two-Way, Not Divided","None","No Special Feature","Smooth Asphalt","Piedmont","Urban","30 - 35  MPH","No Control Present","Clear","No","36.055035, -79.796104",-79.796104,36.055035
"224",640,641,"Yes","40-49",41,"No","Facing Traffic","C: Possible Injury","Travel Lane","Black","Male","None - Rural Crash","Duplin","No","01-01-04","2007-08-09","Bicyclist Right Turn / Merge",8,"Non-Intersection","01-08-01","0001-01-01T03:19:58-04:56","Bicyclist Right Turn - Same Direction",312223,2007,"C: Possible Injury","Farms, Woods, Pastures","20-24",24,"No","51-55 mph","O: No Injury","Black","Male","Passenger Car","No","No","Daylight","Rural (<30% Developed)","2 lanes",2,"Straight - Level","State Secondary Route","Dry","Two-Way, Not Divided","None","No Special Feature","Coarse Asphalt","Coastal","Rural","50 - 55  MPH","No Control Present","Clear","No","34.964424, -78.05053",-78.05053,34.964424
"225",645,646,"No","30-39",38,"No","With Traffic","B: Evident Injury","Travel Lane","White","Male","Asheville","Buncombe","No","01-01-06","2007-08-11","Motorist Overtaking Bicyclist",4,"Non-Intersection","01-08-01","0000-12-31T23:09:58-04:56","Motorist Overtaking - Undetected Bicyclist",311231,2007,"B: Evident Injury","Commercial","50-59",56,"No","46-50 mph","O: No Injury","White","Male","Van","No","No","Dark - Lighted Roadway","Urban (>70% Developed)","5 lanes",2,"Straight - Hillcrest","US Route","Dry","Two-Way, Divided, Unprotected Median","None","No Special Feature","Smooth Asphalt","Mountains","Urban","50 - 55  MPH","No Control Present","Clear","No","35.549644, -82.64862",-82.64862,35.549644
"226",647,648,"No","40-49",47,"No","Not Applicable","O: No Injury","Driveway / Alley","/Missing","Male","Kannapolis","Cabarrus","No","","2007-08-13","Bicyclist Failed to Yield - Midblock",12,"Non-Intersection","01-08-01","0001-01-01T07:11:58-04:56","Bicyclist Ride Out - Commercial Driveway / Alley",353312,2007,"O: No Injury","Commercial","30-39",32,"No","26-30 mph","O: No Injury","White","Male","Van","No","No","Daylight","Urban (>70% Developed)","2 lanes",2,"Straight - Level","Local Street","Dry","Two-Way, Not Divided","None","No Special Feature","Smooth Asphalt","Piedmont","Urban","30 - 35  MPH","No Control Present","Clear","No","35.481136, -80.613174",-80.613174,35.481136
"227",648,649,"No","30-39",33,"No","With Traffic","C: Possible Injury","Travel Lane","White","Female","None - Rural Crash","Cleveland","No","","2007-08-13","Motorist Overtaking Bicyclist",7,"Non-Intersection","01-08-01","0001-01-01T02:23:58-04:56","Motorist Overtaking - Misjudged Space",311232,2007,"C: Possible Injury","Farms, Woods, Pastures","20-24",22,"No","36-40 mph","O: No Injury","White","Male","Pickup","No","No","Daylight","Rural (<30% Developed)","2 lanes",2,"Straight - Level","State Secondary Route","Dry","Two-Way, Not Divided","None","No Special Feature","Smooth Asphalt","Mountains","Rural","40 - 45  MPH","Double Yellow Line, No Passing Zone","Clear","No","35.296677, -81.43833",-81.43833,35.296677
"228",651,652,"No","",NA,"Missing","","Injury","Non-Roadway","/Missing","","Asheville","Buncombe","No","","2007-11-05","Non-Roadway",13,"Non-Roadway","01-11-01","0001-01-01T08:48:58-04:56","Non-Roadway",460910,2007,"O: No Injury","Commercial","50-59",55,"No","6-10 mph","O: No Injury","Black","Female","Other Bus","No","No","Daylight","Urban (>70% Developed)","3 lanes",2,"Straight - Level","Local Street","Dry","Two-Way, Not Divided","None","Four-Way Intersection","Smooth Asphalt","Mountains","Urban","20 - 25  MPH","Stop And Go Signal","Clear","No","35.59511, -82.55426",-82.55426,35.59511
"229",653,654,"Yes","15-Nov",12,"No","Not Applicable","O: No Injury","Multi-use Path","Black","Male","None - Rural Crash","Rockingham","No","","2007-08-13","Bicyclist Failed to Yield - Midblock",9,"Non-Intersection","01-08-01","0001-01-01T04:12:58-04:56","Bicyclist Ride Out - Other Midblock",343318,2007,"O: No Injury","Farms, Woods, Pastures","40-49",42,"No","41-45 mph","O: No Injury","White","Male","Pickup","No","No","Daylight","Rural (<30% Developed)","2 lanes",2,"Straight - Level","US Route","Dry","Two-Way, Not Divided","None","No Special Feature","Smooth Asphalt","Piedmont","Rural","50 - 55  MPH","Double Yellow Line, No Passing Zone","Clear","No","36.38196, -79.577095",-79.577095,36.38196
"230",660,661,"Yes","30-39",39,"No","Facing Traffic","B: Evident Injury","Travel Lane","Black","Male","Charlotte","Mecklenburg","No","01-01-02","2007-11-20","Head-On",10,"Non-Intersection","01-11-01","0001-01-01T05:29:58-04:56","Head-On - Bicyclist",312250,2007,"B: Evident Injury","Residential","25-29",25,"No","31-35 mph","O: No Injury","Black","Male","Passenger Car","No","No","Daylight","Urban (>70% Developed)","2 lanes",2,"Straight - Level","Local Street","Dry","Two-Way, Not Divided","None","No Special Feature","Smooth Asphalt","Piedmont","Urban","20 - 25  MPH","No Control Present","Clear","No","35.26333, -80.86328",-80.86328,35.26333
"231",666,667,"Yes","30-39",32,"No","Facing Traffic","C: Possible Injury","Travel Lane","Black","Male","High Point","Guilford","No","01-01-03","2007-08-15","Crossing Paths - Other Circumstances",12,"Intersection-Related","01-08-01","0001-01-01T07:53:58-04:56","Crossing Paths - Intersection - Other /",212180,2007,"C: Possible Injury","Commercial","40-49",48,"No","11-15 mph","O: No Injury","Black","Female","Passenger Car","No","No","Daylight","Urban (>70% Developed)","4 lanes",2,"Straight - Grade","Local Street","Dry","Two-Way, Not Divided","None","Four-Way Intersection","Smooth Asphalt","Piedmont","Urban","30 - 35  MPH","Stop And Go Signal","Clear","No","35.956223, -79.9999",-79.9999,35.956223
"232",670,671,"Yes","16-19",17,"No","Facing Traffic","C: Possible Injury","Sidewalk / Crosswalk / Driveway Crossing","Black","Male","Goldsboro","Wayne","No","01-01-04","2007-08-16","Bicyclist Failed to Yield - Signalized Intersection",9,"Intersection","01-08-01","0001-01-01T04:33:58-04:56","Bicyclist Ride Through - Signalized Intersection",132155,2007,"C: Possible Injury","Residential","60-69",66,"No","26-30 mph","O: No Injury","White","Male","Pickup","No","No","Daylight","Urban (>70% Developed)","2 lanes",2,"Straight - Level","Local Street","Dry","Two-Way, Not Divided","None","Four-Way Intersection","Coarse Asphalt","Coastal","Urban","30 - 35  MPH","Stop And Go Signal","Clear","No","35.38988, -77.99034",-77.99034,35.38988
"233",674,675,"Yes","50-59",56,"No","With Traffic","C: Possible Injury","Travel Lane","White","Male","None - Rural Crash","Transylvania","No","01-01-06","2007-08-18","Motorist Overtaking Bicyclist",16,"Non-Intersection","01-08-01","0001-01-01T11:13:58-04:56","Motorist Overtaking - Bicyclist Swerved",311235,2007,"C: Possible Injury","Residential","25-29",25,"No","36-40 mph","O: No Injury","White","Male","Passenger Car","No","No","Daylight","Mixed (30% To 70% Developed)","2 lanes",2,"Straight - Grade","State Secondary Route","Dry","Two-Way, Not Divided","None","No Special Feature","Smooth Asphalt","Mountains","Rural","40 - 45  MPH","Double Yellow Line, No Passing Zone","Clear","No","35.1841, -82.79507",-82.79507,35.1841
"234",683,684,"No","25-29",25,"No","Facing Traffic","C: Possible Injury","Sidewalk / Crosswalk / Driveway Crossing","Other","Male","Kitty Hawk","Dare","No","01-01-02","2007-08-21","Bicyclist Failed to Yield - Signalized Intersection",11,"Intersection","01-08-01","0001-01-01T06:21:58-04:56","Bicyclist Ride Through - Signalized Intersection",132155,2007,"C: Possible Injury","Commercial","30-39",37,"No","31-35 mph","O: No Injury","Black","Female","Sport Utility","No","No","Daylight","Urban (>70% Developed)","4 lanes",2,"Curve - Hillcrest","Local Street","Dry","Two-Way, Not Divided","None","Four-Way Intersection","Coarse Asphalt","Coastal","Rural","30 - 35  MPH","Stop And Go Signal","Clear","No","36.100487, -75.71423",-75.71423,36.100487
"235",689,690,"Yes","15-Nov",12,"No","With Traffic","C: Possible Injury","Travel Lane","Black","Male","None - Rural Crash","Cumberland","No","01-01-04","2007-08-23","Bicyclist Left Turn / Merge",15,"Non-Intersection","01-08-01","0001-01-01T10:20:58-04:56","Bicyclist Left Turn - Same Direction",311221,2007,"C: Possible Injury","Commercial","60-69",68,"No","41-45 mph","O: No Injury","White","Male","Passenger Car","No","No","Daylight","Mixed (30% To 70% Developed)","5 lanes",2,"Straight - Hillcrest","State Secondary Route","Dry","Two-Way, Not Divided","None","No Special Feature","Smooth Asphalt","Coastal","Rural","40 - 45  MPH","No Control Present","Clear","No","35.010292, -78.95238",-78.95238,35.010292
"236",696,697,"No","16-19",16,"No","With Traffic","O: No Injury","Travel Lane","White","Female","Sharpsburg","Wilson","No","01-01-06","2007-08-18","Bicyclist Failed to Yield - Sign-Controlled Intersection",15,"Intersection","01-08-01","0001-01-01T10:03:58-04:56","Bicyclist Ride Through - Sign-Controlled Intersection",111144,2007,"O: No Injury","Residential","50-59",55,"No","0-5 mph","O: No Injury","Black","Female","Passenger Car","No","No","Daylight","Urban (>70% Developed)","2 lanes",2,"Straight - Level","Local Street","Dry","Two-Way, Not Divided","None","No Special Feature","Smooth Asphalt","Coastal","Rural","40 - 45  MPH","Stop Sign","Clear","No","35.865047, -77.82563",-77.82563,35.865047
"237",700,701,"Yes","30-39",30,"No","With Traffic","B: Evident Injury","Travel Lane","White","Female","None - Rural Crash","Orange","No","01-01-06","2007-08-25","Motorist Overtaking Bicyclist",9,"Non-Intersection","01-08-01","0001-01-01T04:25:58-04:56","Motorist Overtaking - Other /",311239,2007,"B: Evident Injury","Farms, Woods, Pastures","25-29",25,"No","46-50 mph","O: No Injury","White","Female","Passenger Car","No","No","Daylight","Rural (<30% Developed)","2 lanes",2,"Curve - Hillcrest","State Secondary Route","Dry","Two-Way, Not Divided","None","No Special Feature","Smooth Asphalt","Piedmont","Rural","50 - 55  MPH","Double Yellow Line, No Passing Zone","Clear","No","36.08032, -79.05877",-79.05877,36.08032
"238",702,703,"No","25-29",26,"No","","C: Possible Injury","","White","Male","Gastonia","Gaston","No","01-01-07","2007-08-26","Crossing Paths - Other Circumstances",10,"Intersection","01-08-01","0001-01-01T05:42:58-04:56","Crossing Paths - Intersection - Other /",199180,2007,"C: Possible Injury","Residential","60-69",61,"No","","O: No Injury","White","Male","Pickup","No","No","Daylight","Urban (>70% Developed)","2 lanes",2,"Straight - Level","Local Street","Dry","Two-Way, Not Divided","None","T-Intersection","Smooth Asphalt","Piedmont","Urban","30 - 35  MPH","Stop Sign","Clear","No","35.240578, -81.150444",-81.150444,35.240578
"239",710,711,"No","60-69",61,"No","Facing Traffic","C: Possible Injury","Sidewalk / Crosswalk / Driveway Crossing","Black","Male","Apex","Wake","No","01-01-04","2007-08-30","Motorist Failed to Yield - Midblock",16,"Non-Intersection","01-08-01","0001-01-01T11:54:58-04:56","Motorist Drive Out - Commercial Driveway / Alley",332322,2007,"C: Possible Injury","Commercial","30-39",31,"No","","O: No Injury","White","Male","Pickup","No","No","Daylight","Urban (>70% Developed)","2 lanes",2,"Straight - Level","Local Street","Dry","Two-Way, Not Divided","None","No Special Feature","Gravel","Piedmont","Urban","","No Control Present","Clear","No","35.71128, -78.83875",-78.83875,35.71128
"240",716,717,"Yes","20-24",21,"No","With Traffic","K: Killed","Travel Lane","Black","Male","None - Rural Crash","Hertford","No","01-01-06","2007-09-01","Head-On",22,"Non-Intersection","01-09-01","0001-01-01T17:53:58-04:56","Head-On - Motorist",311255,2007,"K: Killed","Residential","0-19",19,"No","56-60 mph","B: Evident Injury","Black","Male","Passenger Car","Yes","No","Daylight","Mixed (30% To 70% Developed)","2 lanes",2,"Straight - Level","State Secondary Route","Dry","Two-Way, Not Divided","None","Driveway, Public","Coarse Asphalt","Coastal","Rural","40 - 45  MPH","Double Yellow Line, No Passing Zone","Clear","No","36.43726, -77.1185",-77.1185,36.43726
"241",720,721,"No","20-24",20,"No","With Traffic","O: No Injury","","White","Male","Fayetteville","Cumberland","No","01-01-02","2007-08-21","Motorist Failed to Yield - Sign-Controlled Intersection",8,"Intersection","01-08-01","0001-01-01T03:48:58-04:56","Motorist Drive Out - Sign-Controlled Intersection",191141,2007,"O: No Injury","Residential","",NA,"Missing","","Injury","/Missing","","","No","Yes","Daylight","Urban (>70% Developed)","4 lanes",2,"Curve - Hillcrest","Local Street","Dry","Two-Way, Not Divided","None","T-Intersection","Coarse Asphalt","Coastal","Urban","","Stop Sign","Clear","No","35.062088, -78.918625",-78.918625,35.062088