"","FID","OBJECTID","AmbulanceR","BikeAge_Gr","Bike_Age","Bike_Alc_D","Bike_Dir","Bike_Injur","Bike_Pos","Bike_Race","Bike_Sex","City","County","CrashAlcoh","CrashDay","Crash_Date","Crash_Grp","Crash_Hour","Crash_Loc","Crash_Mont","Crash_Time","Crash_Type","Crash_Ty_1","Crash_Year","Crsh_Sevri","Developmen","DrvrAge_Gr","Drvr_Age","Drvr_Alc_D","Drvr_EstSp","Drvr_Injur","Drvr_Race","Drvr_Sex","Drvr_VehTy","ExcsSpdInd","Hit_Run","Light_Cond","Locality","Num_Lanes","Num_Units","Rd_Charact","Rd_Class","Rd_Conditi","Rd_Config","Rd_Defects","Rd_Feature","Rd_Surface","Region","Rural_Urba","Speed_Limi","Traff_Cntr","Weather","Workzone_I","Location","locx","locy"
"242",721,722,"Yes","15-Nov",14,"No","","B: Evident Injury","","Black","Male","Charlotte","Mecklenburg","No","01-01-05","2007-12-07","Other /  - Insufficient Details",21,"Intersection-Related","01-12-01","0001-01-01T16:16:58-04:56","Approach Paths",299970,2007,"B: Evident Injury","Commercial","20-24",23,"No","0-5 mph","O: No Injury","Black","Female","Passenger Car","No","No","Dark - Lighted Roadway","Urban (>70% Developed)","2 lanes",2,"Straight - Level","Local Street","Dry","Two-Way, Divided, Unprotected Median","None","Four-Way Intersection","Smooth Asphalt","Piedmont","Urban","30 - 35  MPH","Stop And Go Signal","Clear","No","35.268238, -80.85388",-80.85388,35.268238
"243",722,723,"Yes","15-Nov",14,"No","Facing Traffic","B: Evident Injury","Travel Lane","White","Male","None - Rural Crash","Hertford","No","","2007-09-03","Bicyclist Right Turn / Merge",12,"Non-Intersection","01-09-01","0001-01-01T08:00:58-04:56","Bicyclist Right Turn - Same Direction",312223,2007,"B: Evident Injury","Residential","40-49",49,"No","31-35 mph","C: Possible Injury","Black","Female","Passenger Car","No","No","Daylight","Mixed (30% To 70% Developed)","2 lanes",2,"Straight - Level","NC Route","Dry","Two-Way, Not Divided","None","No Special Feature","Coarse Asphalt","Coastal","Rural","30 - 35  MPH","Double Yellow Line, No Passing Zone","Clear","No","36.28813, -76.986404",-76.986404,36.28813
"244",734,735,"No","50-59",52,"No","With Traffic","B: Evident Injury","Travel Lane","White","Male","None - Rural Crash","Gaston","No","01-01-04","2007-09-06","Bicyclist Overtaking Motorist",12,"Intersection-Related","01-09-01","0001-01-01T07:23:58-04:56","Bicyclist Overtaking - Other /",211249,2007,"B: Evident Injury","Commercial","40-49",40,"No","","O: No Injury","White","Female","Passenger Car","No","No","Daylight","Rural (<30% Developed)","2 lanes",2,"Straight - Level","State Secondary Route","Dry","Two-Way, Not Divided","None","Y-Intersection","Smooth Asphalt","Piedmont","Rural","30 - 35  MPH","Stop And Go Signal","Clear","No","35.291916, -81.036674",-81.036674,35.291916
"245",746,747,"Yes","20-24",20,"No","","C: Possible Injury","Travel Lane","White","Male","Conover","Catawba","No","01-01-03","2007-12-12","Bicyclist Failed to Yield - Signalized Intersection",19,"Intersection","01-12-01","0001-01-01T15:01:58-04:56","Bicyclist Ride Through - Signalized Intersection",119155,2007,"C: Possible Injury","Commercial","30-39",32,"No","16-20 mph","O: No Injury","White","Female","Passenger Car","No","No","Dark - Lighted Roadway","Urban (>70% Developed)","2 lanes",2,"Straight - Level","Local Street","Dry","Two-Way, Not Divided","None","Four-Way Intersection","Smooth Asphalt","Piedmont","Urban","40 - 45  MPH","Stop And Go Signal","Clear","No","35.703068, -81.21111",-81.21111,35.703068
"246",748,749,"Yes","40-49",42,"No","Facing Traffic","C: Possible Injury","Travel Lane","Hispanic","Male","New Bern","Craven","No","01-01-05","2007-09-07","Motorist Failed to Yield - Signalized Intersection",15,"Intersection","01-09-01","0001-01-01T10:29:58-04:56","Motorist Drive Out - Right Turn on Red",112151,2007,"C: Possible Injury","Commercial","30-39",31,"No","","O: No Injury","Other","Female","Sport Utility","No","No","Daylight","Urban (>70% Developed)","4 lanes",2,"Straight - Level","US Route","Dry","Two-Way, Not Divided","None","Four-Way Intersection","Smooth Asphalt","Coastal","Urban","40 - 45  MPH","Stop And Go Signal","Clear","No","35.11338, -77.09635",-77.09635,35.11338
"247",749,750,"No","40-49",47,"No","Facing Traffic","C: Possible Injury","","White","Male","Matthews","Mecklenburg","No","01-01-05","2007-09-07","Motorist Failed to Yield - Sign-Controlled Intersection",10,"Intersection","01-09-01","0001-01-01T05:14:58-04:56","Motorist Drive Out - Sign-Controlled Intersection",192141,2007,"C: Possible Injury","Commercial","50-59",50,"No","11-15 mph","O: No Injury","White","Male","Passenger Car","No","No","Daylight","Urban (>70% Developed)","2 lanes",2,"Straight - Level","Local Street","Dry","Two-Way, Not Divided","None","T-Intersection","Smooth Asphalt","Piedmont","Urban","20 - 25  MPH","Stop Sign","Clear","No","35.117462, -80.72494",-80.72494,35.117462
"248",756,757,"Yes","20-24",20,"Yes","With Traffic","A: Disabling Injury","Driveway / Alley","Hispanic","Male","None - Rural Crash","Pitt","Yes","01-01-07","2007-09-09","Bicyclist Failed to Yield - Sign-Controlled Intersection",0,"Intersection","01-09-01","0000-12-31T19:03:58-04:56","Bicyclist Ride Through - Sign-Controlled Intersection",151144,2007,"A: Disabling Injury","Institutional","60-69",68,"No","46-50 mph","O: No Injury","Black","Male","Passenger Car","No","No","Dark - Roadway Not Lighted","Mixed (30% To 70% Developed)","2 lanes",2,"Straight - Level","NC Route","Dry","Two-Way, Not Divided","None","Driveway, Public","Coarse Asphalt","Coastal","Rural","50 - 55  MPH","Stop Sign","Clear","No","35.66709, -77.419106",-77.419106,35.66709
"249",757,758,"No","16-19",16,"No","Facing Traffic","C: Possible Injury","Travel Lane","White","Male","None - Rural Crash","Rockingham","No","","2007-09-10","Motorist Failed to Yield - Sign-Controlled Intersection",21,"Intersection","01-09-01","0001-01-01T16:17:58-04:56","Motorist Drive Out - Sign-Controlled Intersection",112141,2007,"C: Possible Injury","Farms, Woods, Pastures","30-39",31,"No","","O: No Injury","White","Female","Sport Utility","No","No","Dark - Roadway Not Lighted","Rural (<30% Developed)","2 lanes",2,"Curve - Grade","State Secondary Route","Dry","Two-Way, Not Divided","None","T-Intersection","Coarse Asphalt","Piedmont","Rural","40 - 45  MPH","Double Yellow Line, No Passing Zone","Clear","No","36.50499, -79.82949",-79.82949,36.50499
"250",761,762,"Yes","15-Nov",12,"No","Not Applicable","B: Evident Injury","","White","Male","Indian Trail","Union","No","01-01-03","2007-09-12","Bicyclist Failed to Yield - Midblock",16,"Non-Intersection","01-09-01","0001-01-01T11:26:58-04:56","Bicyclist Ride Out - Midblock -",393319,2007,"B: Evident Injury","Commercial","25-29",27,"No","26-30 mph","O: No Injury","White","Female","Passenger Car","No","No","Daylight","Urban (>70% Developed)","2 lanes",2,"Straight - Hillcrest","State Secondary Route","Dry","Two-Way, Not Divided","None","No Special Feature","Smooth Asphalt","Piedmont","Urban","40 - 45  MPH","Double Yellow Line, No Passing Zone","Clear","No","35.047066, -80.64617",-80.64617,35.047066
"251",765,766,"Yes","40-49",45,"No","Facing Traffic","B: Evident Injury","Travel Lane","Black","Male","Rocky Mount","Nash","No","01-01-03","2007-09-12","Head-On",21,"Non-Intersection","01-09-01","0001-01-01T16:47:58-04:56","Head-On - Bicyclist",312250,2007,"B: Evident Injury","Residential","30-39",32,"No","31-35 mph","O: No Injury","White","Male","Police","No","No","Dark - Lighted Roadway","Urban (>70% Developed)","2 lanes",2,"Straight - Grade","Local Street","Dry","One-Way, Not Divided","None","No Special Feature","Smooth Asphalt","Coastal","Urban","30 - 35  MPH","No Control Present","Clear","No","35.946724, -77.80379",-77.80379,35.946724
"252",771,772,"Yes","50-59",51,"No","Facing Traffic","A: Disabling Injury","Bike Lane / Paved Shoulder","Hispanic","Male","None - Rural Crash","Lenoir","No","01-01-03","2007-09-12","Bicyclist Right Turn / Merge",0,"Non-Intersection","01-09-01","0000-12-31T19:08:58-04:56","Bicyclist Right Turn - Opposite Direction",322224,2007,"A: Disabling Injury","Commercial","30-39",36,"No","36-40 mph","O: No Injury","White","Female","Passenger Car","No","No","Dark - Roadway Not Lighted","Urban (>70% Developed)","4 lanes",2,"Straight - Level","US Route","Dry","Two-Way, Not Divided","None","No Special Feature","Smooth Asphalt","Coastal","Rural","40 - 45  MPH","No Control Present","Clear","No","35.255356, -77.60323",-77.60323,35.255356
"253",773,774,"No","50-59",52,"Yes","With Traffic","C: Possible Injury","Travel Lane","Black","Male","Kinston","Lenoir","Yes","01-01-03","2007-12-26","Motorist Failed to Yield - Sign-Controlled Intersection",13,"Intersection","01-12-01","0001-01-01T08:34:58-04:56","Motorist Drive Out - Sign-Controlled Intersection",111141,2007,"C: Possible Injury","Residential","30-39",30,"No","0-5 mph","O: No Injury","Black","Female","Sport Utility","No","No","Dark - Roadway Not Lighted","Urban (>70% Developed)","2 lanes",2,"Straight - Level","Private Road, Driveway","Wet","Two-Way, Not Divided","None","T-Intersection","Coarse Asphalt","Coastal","Urban","20 - 25  MPH","Stop Sign","Clear","No","35.26013, -77.57105",-77.57105,35.26013
"254",774,775,"Yes","40-49",45,"No","Facing Traffic","B: Evident Injury","Multi-use Path","White","Female","Southern Shores","Dare","No","01-01-04","2007-10-11","Motorist Right Turn / Merge",9,"Non-Intersection","01-10-01","0001-01-01T04:07:58-04:56","Motorist Right Turn - Opposite Direction",342214,2007,"B: Evident Injury","Commercial","40-49",44,"No","6-10 mph","O: No Injury","White","Male","Heavy Truck","No","No","Daylight","Urban (>70% Developed)","",2,"Straight - Level","US Route","Dry","Two-Way, Not Divided","None","Driveway, Public","Smooth Asphalt","Coastal","Rural","50 - 55  MPH","No Control Present","Clear","No","36.098057, -75.724464",-75.724464,36.098057
"255",787,788,"No","20-24",21,"No","Not Applicable","O: No Injury","Driveway / Alley","Black","Male","Charlotte","Mecklenburg","No","01-01-04","2007-12-27","Motorist Left Turn / Merge",19,"Non-Intersection","01-12-01","0001-01-01T15:00:58-04:56","Motorist Left Turn - Opposite Direction",353212,2007,"O: No Injury","Commercial","50-59",55,"No","0-5 mph","O: No Injury","Black","Female","Passenger Car","No","No","Dark - Lighted Roadway","Mixed (30% To 70% Developed)","4 lanes",2,"Straight - Level","Local Street","Dry","Two-Way, Not Divided","None","No Special Feature","Smooth Asphalt","Piedmont","Urban","30 - 35  MPH","No Control Present","Clear","No","35.26875, -80.854004",-80.854004,35.26875
"256",794,795,"No","30-39",36,"No","With Traffic","B: Evident Injury","Travel Lane","White","Male","Asheville","Buncombe","No","01-01-02","2007-09-18","Motorist Failed to Yield - Midblock",16,"Non-Intersection","01-09-01","0001-01-01T11:30:58-04:56","Motorist Drive Out - Commercial Driveway / Alley",311322,2007,"B: Evident Injury","Commercial","40-49",41,"No","16-20 mph","O: No Injury","White","Female","Sport Utility","No","No","Daylight","Urban (>70% Developed)","5 lanes",2,"Straight - Grade","US Route","Dry","Two-Way, Not Divided","None","Driveway, Private","Smooth Asphalt","Mountains","Urban","40 - 45  MPH","No Control Present","Clear","No","35.522083, -82.529335",-82.529335,35.522083
"257",804,805,"Yes","50-59",50,"Yes","With Traffic","C: Possible Injury","Travel Lane","Black","Male","Laurinburg","Scotland","Yes","01-01-05","2007-09-21","Motorist Overtaking Bicyclist",16,"Non-Intersection","01-09-01","0001-01-01T11:55:58-04:56","Motorist Overtaking - Bicyclist Swerved",311235,2007,"C: Possible Injury","Residential","30-39",35,"No","26-30 mph","O: No Injury","Black","Male","Sport Utility","No","No","Daylight","Urban (>70% Developed)","2 lanes",2,"Straight - Level","Local Street","Dry","Two-Way, Not Divided","None","No Special Feature","Smooth Asphalt","Coastal","Urban","30 - 35  MPH","No Control Present","Clear","No","34.774395, -79.45359",-79.45359,34.774395
"258",808,809,"Yes","50-59",51,"No","With Traffic","A: Disabling Injury","Travel Lane","White","Male","None - Rural Crash","Stanly","No","01-01-07","2007-09-23","Motorist Overtaking Bicyclist",14,"Non-Intersection","01-09-01","0001-01-01T09:33:58-04:56","Motorist Overtaking - Other /",311239,2007,"A: Disabling Injury","Farms, Woods, Pastures","",NA,"Missing","51-55 mph","Injury","/Missing","","","No","Yes","Daylight","Rural (<30% Developed)","2 lanes",2,"Straight - Level","State Secondary Route","Dry","Two-Way, Not Divided","None","No Special Feature","Smooth Asphalt","Piedmont","Rural","50 - 55  MPH","No Control Present","Clear","No","35.1866, -80.466354",-80.466354,35.1866
"259",811,812,"Yes","15-Nov",12,"No","Not Applicable","B: Evident Injury","Driveway / Alley","Black","Male","Wilson","Wilson","No","","2007-09-24","Bicyclist Failed to Yield - Midblock",15,"Non-Intersection","01-09-01","0001-01-01T10:17:58-04:56","Bicyclist Ride Out - Commercial Driveway / Alley",353312,2007,"B: Evident Injury","Commercial","20-24",24,"No","36-40 mph","O: No Injury","Black","Female","Passenger Car","No","No","Daylight","Urban (>70% Developed)","2 lanes",2,"Straight - Grade","Local Street","Dry","One-Way, Not Divided","None","No Special Feature","Smooth Asphalt","Coastal","Urban","30 - 35  MPH","No Control Present","Clear","No","35.737988, -77.911674",-77.911674,35.737988
"260",812,813,"Yes","15-Nov",15,"No","Facing Traffic","B: Evident Injury","Travel Lane","White","Male","Knightdale","Wake","No","01-01-06","2007-11-17","Bicyclist Failed to Yield - Sign-Controlled Intersection",12,"Intersection","01-11-01","0001-01-01T07:33:58-04:56","Bicyclist Ride Through - Sign-Controlled Intersection",112144,2007,"B: Evident Injury","Residential","70+",NA,"No","21-25 mph","O: No Injury","White","Male","Passenger Car","No","No","Daylight","Mixed (30% To 70% Developed)","2 lanes",2,"Straight - Level","Local Street","Dry","Two-Way, Not Divided","None","Four-Way Intersection","Coarse Asphalt","Piedmont","Urban","20 - 25  MPH","Stop Sign","Clear","No","35.790134, -78.481636",-78.481636,35.790134
"261",813,814,"No","10-Jun",6,"No","Not Applicable","C: Possible Injury","Driveway / Alley","Black","Male","Raleigh","Wake","No","01-01-02","2007-09-25","Bicyclist Failed to Yield - Midblock",19,"Non-Intersection","01-09-01","0001-01-01T14:21:58-04:56","Bicyclist Ride Out - Commercial Driveway / Alley",353312,2007,"C: Possible Injury","Residential","50-59",53,"No","6-10 mph","O: No Injury","Black","Male","Passenger Car","No","No","Daylight","Urban (>70% Developed)","1 lane",2,"Straight - Level","Local Street","Dry","","None","Driveway, Public","Smooth Asphalt","Piedmont","Urban","30 - 35  MPH","No Control Present","Clear","No","35.76835, -78.6416",-78.6416,35.76835
"262",814,815,"No","50-59",53,"No","With Traffic","O: No Injury","Travel Lane","White","Male","Jacksonville","Onslow","No","01-01-03","2007-09-26","Motorist Failed to Yield - Midblock",0,"Non-Intersection","01-09-01","0000-12-31T19:59:58-04:56","Motorist Drive Out - Commercial Driveway / Alley",311322,2007,"O: No Injury","Commercial","60-69",60,"No","0-5 mph","O: No Injury","White","Female","Passenger Car","No","No","Dark - Lighted Roadway","Urban (>70% Developed)","4 lanes",2,"Straight - Level","Local Street","Dry","Two-Way, Not Divided","None","No Special Feature","Smooth Asphalt","Coastal","Urban","30 - 35  MPH","No Control Present","Clear","No","34.74436, -77.37926",-77.37926,34.74436
"263",817,818,"Yes","40-49",45,"No","Facing Traffic","B: Evident Injury","Travel Lane","Black","Male","Jacksonville","Onslow","No","01-01-04","2007-09-27","Motorist Failed to Yield - Midblock",15,"Non-Intersection","01-09-01","0001-01-01T10:34:58-04:56","Motorist Drive Out - Commercial Driveway / Alley",312322,2007,"B: Evident Injury","Commercial","20-24",21,"No","0-5 mph","O: No Injury","White","Male","Passenger Car","No","No","Daylight","Urban (>70% Developed)","7 lanes",2,"Straight - Grade","Local Street","Dry","Two-Way, Divided, Unprotected Median","None","No Special Feature","Smooth Asphalt","Coastal","Urban","","No Control Present","Cloudy","No","34.754417, -77.381195",-77.381195,34.754417
"264",823,824,"Yes","16-19",18,"No","With Traffic","B: Evident Injury","","White","Male","Chapel Hill","Orange","No","01-01-06","2007-09-29","Bicyclist Failed to Yield - Signalized Intersection",14,"Intersection","01-09-01","0001-01-01T09:20:58-04:56","Bicyclist Ride Out - Signalized  Intersection",191153,2007,"B: Evident Injury","Commercial","60-69",68,"No","0-5 mph","O: No Injury","White","Female","Passenger Car","No","No","Daylight","Urban (>70% Developed)","9 or more lanes",2,"Straight - Level","Local Street","Dry","Two-Way, Not Divided","None","Four-Way Intersection","Smooth Asphalt","Piedmont","Urban","30 - 35  MPH","Stop And Go Signal","Clear","No","35.92925, -79.03417",-79.03417,35.92925
"265",824,825,"Yes","50-59",57,"No","With Traffic","C: Possible Injury","Travel Lane","White","Male","Elizabeth City","Pasquotank","No","01-01-07","2007-09-30","Motorist Overtaking Bicyclist",0,"Non-Intersection","01-09-01","0000-12-31T19:36:58-04:56","Motorist Overtaking - Misjudged Space",311232,2007,"C: Possible Injury","Commercial","",NA,"Missing","41-45 mph","Injury","/Missing","","","No","Yes","Dark - Lighted Roadway","Urban (>70% Developed)","2 lanes",2,"Straight - Level","Local Street","Dry","Two-Way, Divided, Unprotected Median","None","No Special Feature","Smooth Asphalt","Coastal","Urban","40 - 45  MPH","No Control Present","Clear","No","36.305794, -76.232574",-76.232574,36.305794
"266",827,828,"Yes","50-59",51,"No","With Traffic","C: Possible Injury","Travel Lane","White","Male","Apex","Wake","No","","2007-10-01","Motorist Left Turn / Merge",18,"Intersection","01-10-01","0001-01-01T13:07:58-04:56","Motorist Left Turn - Opposite Direction",111212,2007,"C: Possible Injury","Commercial","20-24",20,"No","","O: No Injury","White","Female","Passenger Car","No","No","Daylight","Urban (>70% Developed)","4 lanes",2,"Straight - Level","NC Route","Dry","Two-Way, Not Divided","None","Four-Way Intersection","Smooth Asphalt","Piedmont","Urban","40 - 45  MPH","Stop And Go Signal","Clear","No","35.76093, -78.87574",-78.87574,35.76093
"267",831,832,"No","50-59",52,"No","With Traffic","C: Possible Injury","Travel Lane","Black","Male","Elizabeth City","Pasquotank","No","01-01-04","2007-09-27","Motorist Failed to Yield - Sign-Controlled Intersection",15,"Intersection","01-09-01","0001-01-01T10:56:58-04:56","Motorist Drive Out - Sign-Controlled Intersection",111141,2007,"C: Possible Injury","Residential","60-69",63,"No","0-5 mph","O: No Injury","White","Male","Pickup","No","No","Daylight","Urban (>70% Developed)","2 lanes",2,"Straight - Level","Local Street","Wet","Two-Way, Divided, Unprotected Median","None","No Special Feature","Smooth Asphalt","Coastal","Urban","30 - 35  MPH","Stop Sign","Cloudy","No","36.305267, -76.22546",-76.22546,36.305267
"268",836,837,"No","16-19",16,"No","Facing Traffic","C: Possible Injury","Travel Lane","Black","Male","None - Rural Crash","New Hanover","No","01-01-05","2007-10-05","Bicyclist Right Turn / Merge",16,"Intersection-Related","01-10-01","0001-01-01T11:39:58-04:56","Bicyclist Right Turn - Opposite Direction",212224,2007,"C: Possible Injury","Residential","60-69",61,"No","11-15 mph","O: No Injury","Black","Male","Passenger Car","No","No","Daylight","Urban (>70% Developed)","2 lanes",2,"Straight - Level","Local Street","Dry","Two-Way, Not Divided","None","No Special Feature","Smooth Asphalt","Coastal","Rural","20 - 25  MPH","No Control Present","Cloudy","No","34.221912, -77.940346",-77.940346,34.221912
"269",841,842,"Yes","0-5",3,"No","","B: Evident Injury","","Black","Male","Rocky Mount","Nash","No","","2007-10-08","Other /  - Insufficient Details",19,"Non-Intersection","01-10-01","0001-01-01T14:41:58-04:56","Approach Paths",399970,2007,"B: Evident Injury","Residential","",NA,"No","26-30 mph","Injury","/Missing","","Passenger Car","No","Yes","Dusk","Urban (>70% Developed)","2 lanes",2,"Straight - Level","Local Street","Dry","Two-Way, Not Divided","None","No Special Feature","Smooth Asphalt","Coastal","Urban","30 - 35  MPH","No Control Present","Clear","No","35.92471, -77.82177",-77.82177,35.92471
"270",842,843,"No","30-39",38,"No","Not Applicable","C: Possible Injury","Driveway / Alley","White","Male","None - Rural Crash","Robeson","No","","2007-10-08","Bicyclist Failed to Yield - Midblock",21,"Non-Intersection","01-10-01","0001-01-01T16:03:58-04:56","Bicyclist Ride Out - Residential Driveway",353311,2007,"C: Possible Injury","Farms, Woods, Pastures","30-39",30,"No","16-20 mph","O: No Injury","White","Female","Sport Utility","No","No","Dark - Roadway Not Lighted","Rural (<30% Developed)","2 lanes",2,"Straight - Level","NC Route","Dry","Two-Way, Not Divided","None","Driveway, Private","Smooth Asphalt","Coastal","Rural","50 - 55  MPH","Double Yellow Line, No Passing Zone","Clear","No","34.603954, -78.96507",-78.96507,34.603954
"271",844,845,"Yes","30-39",34,"No","With Traffic","B: Evident Injury","Travel Lane","White","Male","None - Rural Crash","Iredell","No","01-01-02","2007-10-09","Motorist Overtaking Bicyclist",12,"Non-Intersection","01-10-01","0001-01-01T07:08:58-04:56","Motorist Overtaking - Other /",311239,2007,"B: Evident Injury","Residential","70+",NA,"No","21-25 mph","O: No Injury","White","Male","Passenger Car","No","No","Daylight","Mixed (30% To 70% Developed)","2 lanes",2,"Straight - Level","State Secondary Route","Dry","Two-Way, Not Divided","None","No Special Feature","Smooth Asphalt","Piedmont","Rural","40 - 45  MPH","Double Yellow Line, No Passing Zone","Clear","No","35.530674, -80.79881",-80.79881,35.530674
"272",846,847,"Yes","30-39",30,"No","Facing Traffic","C: Possible Injury","Sidewalk / Crosswalk / Driveway Crossing","Black","Male","Raleigh","Wake","No","01-01-03","2007-10-10","Bicyclist Failed to Yield - Signalized Intersection",12,"Intersection","01-10-01","0001-01-01T07:42:58-04:56","Bicyclist Ride Through - Signalized Intersection",132155,2007,"C: Possible Injury","Commercial","25-29",27,"No","0-5 mph","O: No Injury","White","Male","Passenger Car","No","No","Daylight","Urban (>70% Developed)","3 lanes",2,"Straight - Level","Local Street","Dry","Two-Way, Not Divided","None","Four-Way Intersection","Smooth Asphalt","Piedmont","Urban","20 - 25  MPH","Stop And Go Signal","Clear","No","35.854454, -78.700424",-78.700424,35.854454
"273",849,850,"Yes","40-49",44,"No","With Traffic","C: Possible Injury","Sidewalk / Crosswalk / Driveway Crossing","White","Female","Wilmington","New Hanover","No","01-01-04","2007-10-11","Motorist Left Turn / Merge",8,"Intersection","01-10-01","0001-01-01T03:37:58-04:56","Motorist Left Turn - Opposite Direction",131212,2007,"C: Possible Injury","Residential","25-29",26,"No","6-10 mph","O: No Injury","White","Male","Passenger Car","No","No","Daylight","Urban (>70% Developed)","2 lanes",2,"Straight - Level","Local Street","Dry","Two-Way, Not Divided","None","Four-Way Intersection","Smooth Asphalt","Coastal","Urban","20 - 25  MPH","Stop And Go Signal","Clear","No","34.22798, -77.945",-77.945,34.22798
"274",850,851,"Yes","50-59",50,"No","With Traffic","B: Evident Injury","Travel Lane","Black","Male","Pinehurst","Moore","No","01-01-04","2007-10-11","Motorist Overtaking Bicyclist",19,"Non-Intersection","01-10-01","0001-01-01T14:03:58-04:56","Motorist Overtaking - Undetected Bicyclist",311231,2007,"B: Evident Injury","Residential","50-59",52,"No","31-35 mph","O: No Injury","White","Female","Sport Utility","No","No","Dark - Roadway Not Lighted","Mixed (30% To 70% Developed)","2 lanes",2,"Straight - Level","Local Street","Dry","Two-Way, Not Divided","None","No Special Feature","Coarse Asphalt","Piedmont","Urban","30 - 35  MPH","Double Yellow Line, No Passing Zone","Clear","No","35.19383, -79.48591",-79.48591,35.19383
"275",854,855,"Yes","40-49",48,"No","With Traffic","C: Possible Injury","Multi-use Path","White","Female","Nags Head","Dare","No","01-01-06","2007-08-25","Motorist Failed to Yield - Midblock",9,"Non-Intersection","01-08-01","0001-01-01T04:46:58-04:56","Motorist Drive Out - Commercial Driveway / Alley",341322,2007,"C: Possible Injury","Residential","25-29",29,"No","0-5 mph","O: No Injury","White","Male","Passenger Car","No","No","Daylight","Urban (>70% Developed)","",2,"","NC Route","Dry","","Obstruction In Roadway","Driveway, Private","Concrete","Coastal","Rural","5 - 15 MPH","No Control Present","Clear","No","35.868713, -75.575516",-75.575516,35.868713
"276",870,871,"Yes","30-39",37,"No","With Traffic","A: Disabling Injury","Travel Lane","Other","Female","None - Rural Crash","Pitt","No","01-01-05","2007-10-19","Motorist Overtaking Bicyclist",18,"Non-Intersection","01-10-01","0001-01-01T13:25:58-04:56","Motorist Overtaking - Undetected Bicyclist",311231,2007,"A: Disabling Injury","Farms, Woods, Pastures","70+",NA,"No","46-50 mph","O: No Injury","White","Female","Passenger Car","No","No","Daylight","Rural (<30% Developed)","2 lanes",2,"Straight - Level","State Secondary Route","Dry","Two-Way, Not Divided","None","Bridge","Grooved Concrete","Coastal","Rural","50 - 55  MPH","Double Yellow Line, No Passing Zone","Clear","No","35.611317, -77.4377",-77.4377,35.611317
"277",873,874,"Yes","20-24",20,"No","Facing Traffic","C: Possible Injury","Sidewalk / Crosswalk / Driveway Crossing","Black","Male","Durham","Durham","No","01-01-02","2007-10-30","Motorist Failed to Yield - Signalized Intersection",14,"Intersection","01-10-01","0001-01-01T09:10:58-04:56","Motorist Drive Out - Right Turn on Red",132151,2007,"C: Possible Injury","Commercial","20-24",22,"No","0-5 mph","O: No Injury","White","Male","Passenger Car","No","No","Daylight","Mixed (30% To 70% Developed)","3 lanes",2,"Straight - Level","Local Street","Dry","One-Way, Not Divided","None","No Special Feature","Coarse Asphalt","Piedmont","Urban","30 - 35  MPH","Stop And Go Signal","Clear","No","35.997066, -78.91034",-78.91034,35.997066
"278",889,890,"Yes","16-19",16,"No","Not Applicable","B: Evident Injury","Driveway / Alley","White","Male","Gastonia","Gaston","No","","2007-10-29","Bicyclist Failed to Yield - Midblock",15,"Non-Intersection","01-10-01","0001-01-01T10:08:58-04:56","Bicyclist Ride Out - Commercial Driveway / Alley",353312,2007,"B: Evident Injury","Commercial","0-19",17,"No","26-30 mph","O: No Injury","Hispanic","Female","Passenger Car","No","No","Daylight","Urban (>70% Developed)","5 lanes",2,"Straight - Level","Local Street","Dry","Two-Way, Not Divided","None","Driveway, Public","Smooth Asphalt","Piedmont","Urban","40 - 45  MPH","No Control Present","Cloudy","No","35.242836, -81.13459",-81.13459,35.242836
"279",901,902,"No","40-49",43,"Yes","Facing Traffic","B: Evident Injury","Travel Lane","Black","Male","Washington","Beaufort","Yes","01-01-05","2007-11-02","Bicyclist Right Turn / Merge",17,"Non-Intersection","01-11-01","0001-01-01T12:56:58-04:56","Bicyclist Right Turn - Opposite Direction",312224,2007,"B: Evident Injury","Residential","20-24",22,"No","11-15 mph","O: No Injury","White","Female","Passenger Car","No","No","Daylight","Urban (>70% Developed)","2 lanes",2,"Straight - Level","Local Street","Dry","Two-Way, Not Divided","None","No Special Feature","Coarse Asphalt","Coastal","Urban","30 - 35  MPH","No Control Present","Cloudy","No","35.542995, -77.04291",-77.04291,35.542995
"280",907,908,"Yes","30-39",36,"No","With Traffic","C: Possible Injury","Travel Lane","White","Male","None - Rural Crash","Catawba","No","01-01-02","2007-11-06","Motorist Overtaking Bicyclist",10,"Non-Intersection","01-11-01","0001-01-01T05:51:58-04:56","Motorist Overtaking - Misjudged Space",311232,2007,"C: Possible Injury","Residential","70+",NA,"No","41-45 mph","O: No Injury","White","Male","Pickup","No","No","Daylight","Rural (<30% Developed)","2 lanes",2,"Straight - Level","State Secondary Route","Dry","Two-Way, Not Divided","None","No Special Feature","Smooth Asphalt","Piedmont","Rural","40 - 45  MPH","Double Yellow Line, No Passing Zone","Clear","No","35.662136, -81.15898",-81.15898,35.662136