"","FID","OBJECTID","AmbulanceR","BikeAge_Gr","Bike_Age","Bike_Alc_D","Bike_Dir","Bike_Injur","Bike_Pos","Bike_Race","Bike_Sex","City","County","CrashAlcoh","CrashDay","Crash_Date","Crash_Grp","Crash_Hour","Crash_Loc","Crash_Mont","Crash_Time","Crash_Type","Crash_Ty_1","Crash_Year","Crsh_Sevri","Developmen","DrvrAge_Gr","Drvr_Age","Drvr_Alc_D","Drvr_EstSp","Drvr_Injur","Drvr_Race","Drvr_Sex","Drvr_VehTy","ExcsSpdInd","Hit_Run","Light_Cond","Locality","Num_Lanes","Num_Units","Rd_Charact","Rd_Class","Rd_Conditi","Rd_Config","Rd_Defects","Rd_Feature","Rd_Surface","Region","Rural_Urba","Speed_Limi","Traff_Cntr","Weather","Workzone_I","Location","locx","locy"
"281",908,909,"Yes","50-59",54,"No","Facing Traffic","C: Possible Injury","Sidewalk / Crosswalk / Driveway Crossing","Black","Male","Fayetteville","Cumberland","No","01-01-02","2007-11-06","Motorist Failed to Yield - Midblock",20,"Non-Intersection","01-11-01","0001-01-01T15:39:58-04:56","Motorist Drive Out - Commercial Driveway / Alley",332322,2007,"C: Possible Injury","Commercial","60-69",65,"No","0-5 mph","O: No Injury","White","Female","Passenger Car","No","No","Dark - Lighted Roadway","Mixed (30% To 70% Developed)","5 lanes",2,"Straight - Level","Local Street","Dry","Two-Way, Divided, Unprotected Median","None","Driveway, Public","Coarse Asphalt","Coastal","Urban","40 - 45  MPH","No Control Present","Clear","No","35.010395, -78.96637",-78.96637,35.010395
"282",0,1,"Yes","",11,"No","With Traffic","B: Evident Injury","Sidewalk / Crosswalk / Driveway Crossing","Black","Male","Durham","Durham","No","01-01-02","2007-01-02","Parallel Paths - Other Circumstances",16,"Non-Intersection","","0001-01-01T11:44:58-04:56","Bicyclist Ride Out - Parallel Path",331225,2007,"B: Evident Injury","Residential","30-39",35,"No","31-35 mph","O: No Injury","White","Male","Passenger Car","No","No","Daylight","Urban (>70% Developed)","1 lane",2,"Straight - Level","Local Street","Dry","Two-Way, Divided, Unprotected Median","None","No Special Feature","Smooth Asphalt","Piedmont","Urban","30 - 35  MPH","No Control Present","Clear","No","36.03949, -78.883896",-78.883896,36.03949
"283",2,3,"Yes","30-39",37,"No","","B: Evident Injury","Non-Roadway","Black","Male","Stallings","Union","No","","2007-01-15","Non-Roadway",17,"Non-Roadway","","0001-01-01T12:58:58-04:56","Non-Roadway",460910,2007,"B: Evident Injury","Commercial","30-39",39,"No","6-10 mph","O: No Injury","White","Female","Passenger Car","No","No","Dusk","Urban (>70% Developed)","2 lanes",2,"Straight - Level","Public Vehicular Area","Dry","Two-Way, Not Divided","None","No Special Feature","Smooth Asphalt","Piedmont","Urban","20 - 25  MPH","No Control Present","Cloudy","No","35.084732, -80.69782",-80.69782,35.084732
"284",7,8,"Yes","",13,"No","With Traffic","C: Possible Injury","Travel Lane","White","Male","Beaufort","Carteret","No","01-01-07","2007-02-11","Bicyclist Failed to Yield - Sign-Controlled Intersection",15,"Intersection","01-02-01","0001-01-01T10:43:58-04:56","Bicyclist Ride Out - Sign-Controlled Intersection",111142,2007,"C: Possible Injury","Residential","0-19",18,"No","21-25 mph","O: No Injury","Black","Female","Passenger Car","No","No","Daylight","Urban (>70% Developed)","2 lanes",2,"Straight - Level","Local Street","Dry","Two-Way, Not Divided","None","No Special Feature","Smooth Asphalt","Coastal","Rural","20 - 25  MPH","Stop Sign","Clear","No","34.717346, -76.65675",-76.65675,34.717346
"285",8,9,"Yes","16-19",18,"No","With Traffic","C: Possible Injury","Bike Lane / Paved Shoulder","White","Male","Lenoir","Caldwell","No","","2007-02-12","Motorist Overtaking Bicyclist",8,"Non-Intersection","01-02-01","0001-01-01T03:03:58-04:56","Motorist Overtaking - Other /",321239,2007,"C: Possible Injury","Commercial","",NA,"Missing","","Injury","/Missing","","Light Truck (Mini-Van, Panel)","No","Yes","Daylight","Urban (>70% Developed)","5 lanes",2,"Straight - Level","Local Street","Dry","Two-Way, Not Divided","None","No Special Feature","Coarse Asphalt","Mountains","Urban","","No Control Present","Cloudy","No","35.890682, -81.57649",-81.57649,35.890682
"286",13,14,"Yes","30-39",31,"No","With Traffic","B: Evident Injury","Travel Lane","White","Male","Davidson","Mecklenburg","No","01-01-03","2007-01-03","Motorist Right Turn / Merge",15,"Intersection","","0001-01-01T10:04:58-04:56","Motorist Right Turn - Same Direction",111213,2007,"B: Evident Injury","Residential","0-19",17,"No","11-15 mph","O: No Injury","White","Female","Passenger Car","No","No","Daylight","Urban (>70% Developed)","2 lanes",2,"Straight - Level","Local Street","Dry","Two-Way, Not Divided","None","No Special Feature","Concrete","Piedmont","Urban","30 - 35  MPH","Double Yellow Line, No Passing Zone","Clear","No","35.491177, -80.83144",-80.83144,35.491177
"287",14,15,"Yes","",10,"No","Not Applicable","C: Possible Injury","Sidewalk / Crosswalk / Driveway Crossing","White","Female","Smithfield","Johnston","No","01-01-05","2007-01-05","Bicyclist Failed to Yield - Midblock",14,"Non-Intersection","","0001-01-01T09:51:58-04:56","Bicyclist Ride Out - Other Midblock",333318,2007,"C: Possible Injury","Residential","60-69",66,"No","16-20 mph","O: No Injury","White","Female","Passenger Car","No","No","Daylight","Urban (>70% Developed)","2 lanes",2,"Straight - Level","Local Street","Dry","Two-Way, Not Divided","None","No Special Feature","Smooth Asphalt","Coastal","Urban","20 - 25  MPH","No Control Present","Clear","No","35.50502, -78.351204",-78.351204,35.50502
"288",15,16,"Yes","30-39",31,"No","Facing Traffic","C: Possible Injury","Travel Lane","Black","Female","Smithfield","Johnston","No","01-01-05","2007-01-05","Motorist Failed to Yield - Sign-Controlled Intersection",8,"Intersection","","0001-01-01T03:11:58-04:56","Motorist Drive Out - Sign-Controlled Intersection",112141,2007,"C: Possible Injury","Commercial","40-49",47,"No","0-5 mph","O: No Injury","White","Male","Pickup","No","No","Daylight","Mixed (30% To 70% Developed)","5 lanes",2,"Straight - Level","US Route","Wet","Two-Way, Divided, Unprotected Median","None","No Special Feature","Coarse Asphalt","Coastal","Urban","30 - 35  MPH","No Control Present","Rain","No","35.492355, -78.35791",-78.35791,35.492355
"289",17,18,"No","40-49",49,"Yes","With Traffic","C: Possible Injury","Other","Native American","Female","None - Rural Crash","Robeson","Yes","01-01-06","2007-01-06","Loss of Control / Turning Error",6,"Non-Intersection","","0001-01-01T01:46:58-04:56","Bicyclist Lost Control - Oversteering, Improper Braking, Speed",381122,2007,"C: Possible Injury","Farms, Woods, Pastures","60-69",61,"No","41-45 mph","O: No Injury","Native American","Male","Pickup","No","No","Dark - Roadway Not Lighted","Rural (<30% Developed)","2 lanes",2,"Straight - Level","State Secondary Route","Wet","Two-Way, Not Divided","None","No Special Feature","Smooth Asphalt","Coastal","Rural","50 - 55  MPH","No Control Present","Cloudy","No","34.71112, -79.02516",-79.02516,34.71112
"290",20,21,"Yes","30-39",30,"Yes","With Traffic","B: Evident Injury","Travel Lane","White","Male","None - Rural Crash","Carteret","Yes","","2007-01-08","Motorist Overtaking Bicyclist",19,"Non-Intersection","","0001-01-01T14:28:58-04:56","Motorist Overtaking - Undetected Bicyclist",311231,2007,"B: Evident Injury","Residential","0-19",19,"No","41-45 mph","O: No Injury","White","Female","Passenger Car","No","No","Dark - Roadway Not Lighted","Mixed (30% To 70% Developed)","2 lanes",2,"Straight - Level","State Secondary Route","Dry","Two-Way, Not Divided","None","No Special Feature","Smooth Asphalt","Coastal","Rural","40 - 45  MPH","No Control Present","Clear","No","34.792816, -76.88812",-76.88812,34.792816
"291",22,23,"Yes","40-49",40,"No","Facing Traffic","B: Evident Injury","Travel Lane","Black","Male","Burlington","Alamance","No","01-01-05","2007-01-12","Motorist Failed to Yield - Midblock",17,"Non-Intersection","","0001-01-01T12:49:58-04:56","Motorist Drive Out - Commercial Driveway / Alley",312322,2007,"B: Evident Injury","Commercial","60-69",67,"No","0-5 mph","O: No Injury","White","Male","Passenger Car","No","No","Dark - Lighted Roadway","Urban (>70% Developed)","5 lanes",2,"Straight - Grade","Local Street","Dry","Two-Way, Not Divided","None","No Special Feature","Smooth Asphalt","Piedmont","Urban","30 - 35  MPH","No Control Present","Clear","No","36.07042, -79.49479",-79.49479,36.07042
"292",26,27,"Yes","60-69",60,"No","With Traffic","A: Disabling Injury","Travel Lane","White","Female","Lewisville","Forsyth","No","01-01-02","2007-01-09","Motorist Left Turn / Merge",16,"Non-Intersection","","0001-01-01T11:39:58-04:56","Motorist Left Turn - Opposite Direction",311212,2007,"A: Disabling Injury","Residential","40-49",46,"No","11-15 mph","O: No Injury","White","Female","Pickup","No","No","Daylight","Rural (<30% Developed)","2 lanes",2,"Straight - Level","State Secondary Route","Dry","Two-Way, Not Divided","None","No Special Feature","Smooth Asphalt","Piedmont","Urban","50 - 55  MPH","Double Yellow Line, No Passing Zone","Clear","No","36.094707, -80.451485",-80.451485,36.094707
"293",38,39,"Yes","40-49",47,"No","With Traffic","B: Evident Injury","Sidewalk / Crosswalk / Driveway Crossing","Black","Male","Charlotte","Mecklenburg","No","","2007-01-15","Motorist Right Turn / Merge",17,"Non-Intersection","","0001-01-01T12:28:58-04:56","Motorist Right Turn - Same Direction",331213,2007,"B: Evident Injury","Commercial","",NA,"Missing","","Injury","/Missing","","","No","Yes","Daylight","Urban (>70% Developed)","",2,"Straight - Grade","Local Street","Dry","","None","No Special Feature","Smooth Asphalt","Piedmont","Urban","","No Control Present","Clear","No","35.235817, -80.8049",-80.8049,35.235817
"294",45,46,"Yes","30-39",36,"No","With Traffic","B: Evident Injury","Other","Native American","Male","None - Rural Crash","Robeson","No","01-01-07","2007-01-21","Bicyclist Left Turn / Merge",18,"Non-Intersection","","0001-01-01T13:19:58-04:56","Bicyclist Left Turn - Same Direction",381221,2007,"B: Evident Injury","Residential","40-49",40,"No","51-55 mph","O: No Injury","Native American","Male","Pickup","No","No","Dark - Roadway Not Lighted","Rural (<30% Developed)","2 lanes",2,"Straight - Level","State Secondary Route","Wet","Two-Way, Not Divided","None","No Special Feature","Smooth Asphalt","Coastal","Rural","50 - 55  MPH","Double Yellow Line, No Passing Zone","Cloudy","No","34.70917, -79.13827",-79.13827,34.70917
"295",46,47,"Yes","60-69",60,"No","With Traffic","B: Evident Injury","Travel Lane","White","Male","Lexington","Davidson","No","01-01-07","2007-01-21","Bicyclist Failed to Yield - Signalized Intersection",15,"Intersection","","0001-01-01T10:49:58-04:56","Bicyclist Ride Through - Signalized Intersection",111155,2007,"B: Evident Injury","Commercial","50-59",58,"No","0-5 mph","O: No Injury","White","Female","Passenger Car","No","No","Daylight","Urban (>70% Developed)","7 lanes",2,"Straight - Level","Local Street","Wet","Two-Way, Not Divided","None","Four-Way Intersection","Coarse Asphalt","Piedmont","Urban","30 - 35  MPH","Stop And Go Signal","Cloudy","No","35.814167, -80.264114",-80.264114,35.814167
"296",59,60,"Yes","15-Nov",11,"No","","A: Disabling Injury","Travel Lane","Black","Female","Eden","Rockingham","No","01-01-04","2007-04-05","Bicyclist Failed to Yield - Sign-Controlled Intersection",18,"Intersection","01-04-01","0001-01-01T13:20:58-04:56","Bicyclist Ride Through - Sign-Controlled Intersection",119144,2007,"A: Disabling Injury","Commercial","40-49",45,"No","21-25 mph","O: No Injury","White","Female","Passenger Car","No","No","Daylight","Urban (>70% Developed)","2 lanes",2,"Straight - Level","Local Street","Dry","Two-Way, Not Divided","None","Four-Way Intersection","Smooth Asphalt","Piedmont","Urban","20 - 25  MPH","Stop Sign","Clear","No","36.499874, -79.76945",-79.76945,36.499874
"297",65,66,"No","0-5",5,"No","Not Applicable","C: Possible Injury","Non-Roadway","Black","Female","Gastonia","Gaston","No","01-01-03","2007-02-07","Bicyclist Failed to Yield - Midblock",15,"Non-Intersection","01-02-01","0001-01-01T10:49:58-04:56","Bicyclist Ride Out - Commercial Driveway / Alley",363312,2007,"C: Possible Injury","Residential","40-49",43,"No","11-15 mph","O: No Injury","Black","Male","Sport Utility","No","No","Daylight","Urban (>70% Developed)","2 lanes",2,"Straight - Grade","Public Vehicular Area","Dry","Two-Way, Not Divided","None","Driveway, Public","Coarse Asphalt","Piedmont","Urban","30 - 35  MPH","No Control Present","Clear","No","35.2754, -81.19957",-81.19957,35.2754
"298",69,70,"No","16-19",16,"No","Facing Traffic","C: Possible Injury","","White","Male","Raleigh","Wake","No","","2007-02-12","Motorist Failed to Yield - Signalized Intersection",17,"Intersection","01-02-01","0001-01-01T12:10:58-04:56","Motorist Drive Out - Right Turn on Red",192151,2007,"C: Possible Injury","Commercial","",NA,"Missing","0-5 mph","Injury","/Missing","","Sport Utility","No","Yes","Daylight","Urban (>70% Developed)","3 lanes",2,"Straight - Level","Local Street","Dry","Two-Way, Divided, Unprotected Median","None","Four-Way Intersection","Smooth Asphalt","Piedmont","Urban","40 - 45  MPH","Stop And Go Signal","Clear","No","35.893036, -78.559326",-78.559326,35.893036
"299",81,82,"No","15-Nov",12,"No","Facing Traffic","B: Evident Injury","Sidewalk / Crosswalk / Driveway Crossing","Black","Male","Raleigh","Wake","No","01-01-02","2007-02-20","Crossing Paths - Other Circumstances",19,"Intersection","01-02-01","0001-01-01T14:46:58-04:56","Crossing Paths - Intersection - Other /",132180,2007,"B: Evident Injury","Residential","50-59",58,"No","0-5 mph","O: No Injury","White","Male","Sport Utility","No","No","Dark - Lighted Roadway","Mixed (30% To 70% Developed)","2 lanes",2,"Straight - Level","Local Street","Dry","Two-Way, Not Divided","None","T-Intersection","Coarse Asphalt","Piedmont","Urban","30 - 35  MPH","No Control Present","Clear","No","35.855324, -78.711586",-78.711586,35.855324
"300",92,93,"No","50-59",55,"No","Facing Traffic","C: Possible Injury","Sidewalk / Crosswalk / Driveway Crossing","Black","Male","Fayetteville","Cumberland","No","01-01-03","2007-02-28","Bicyclist Failed to Yield - Signalized Intersection",14,"Intersection","01-02-01","0001-01-01T09:04:58-04:56","Bicyclist Ride Through - Signalized Intersection",132155,2007,"C: Possible Injury","Commercial","0-19",19,"No","0-5 mph","O: No Injury","Black","Female","Passenger Car","No","No","Daylight","Urban (>70% Developed)","5 lanes",2,"Straight - Level","Local Street","Dry","Two-Way, Not Divided","None","No Special Feature","Smooth Asphalt","Coastal","Urban","30 - 35  MPH","Stop And Go Signal","Clear","No","35.076035, -78.8977",-78.8977,35.076035
"301",211,212,"Yes","50-59",54,"No","Facing Traffic","B: Evident Injury","Sidewalk / Crosswalk / Driveway Crossing","Hispanic","Male","Raleigh","Wake","No","01-01-07","2011-04-24","Bicyclist Failed to Yield - Signalized Intersection",23,"Intersection","01-04-01","0001-01-01T18:13:58-04:56","Bicyclist Ride Out - Signalized  Intersection",132153,2011,"B: Evident Injury","Residential","70+",NA,"No","0-5 mph","O: No Injury","Black","Male","Passenger Car","No","No","Daylight","Urban (>70% Developed)","5 lanes",2,"Straight - Level","Local Street","Dry","Two-Way, Not Divided","None","Four-Way Intersection","Smooth Asphalt","Piedmont","Urban","30 - 35  MPH","Stop And Go Signal","Clear","No","35.7678, -78.6248",-78.6248,35.7678
"302",213,214,"No","16-19",18,"No","Facing Traffic","C: Possible Injury","Travel Lane","Hispanic","Male","Raleigh","Wake","No","01-01-02","2011-04-19","Bicyclist Failed to Yield - Signalized Intersection",5,"Intersection","01-04-01","0001-01-01T00:49:58-04:56","Bicyclist Ride Through - Signalized Intersection",112155,2011,"C: Possible Injury","Commercial","40-49",42,"No","0-5 mph","O: No Injury","White","Female","Passenger Car","No","No","Dark - Roadway Not Lighted","Urban (>70% Developed)","5 lanes",2,"Straight - Level","Local Street","Dry","Two-Way, Divided, Positive Median Barrier","None","Four-Way Intersection","Coarse Asphalt","Piedmont","Urban","30 - 35  MPH","Stop And Go Signal","Clear","No","35.79796, -78.5565",-78.5565,35.79796
"303",214,215,"No","15-Nov",13,"No","Facing Traffic","B: Evident Injury","Sidewalk / Crosswalk / Driveway Crossing","Asian","Male","Cary","Wake","No","01-01-04","2011-04-28","Motorist Failed to Yield - Signalized Intersection",7,"Intersection","01-04-01","0001-01-01T02:48:58-04:56","Motorist Drive Out - Right Turn on Red",132151,2011,"B: Evident Injury","Residential","20-24",22,"No","0-5 mph","O: No Injury","White","Female","Sport Utility","No","No","Daylight","Urban (>70% Developed)","2 lanes",2,"Straight - Level","Local Street","Dry","Two-Way, Divided, Unprotected Median","None","T-Intersection","Smooth Asphalt","Piedmont","Urban","30 - 35  MPH","Stop And Go Signal","Clear","No","35.77329, -78.8478",-78.8478,35.77329
"304",220,221,"Yes","25-29",29,"No","Facing Traffic","C: Possible Injury","Travel Lane","White","Male","Morrisville","Wake","No","01-01-03","2011-05-11","Motorist Failed to Yield - Midblock",11,"Non-Intersection","01-05-01","0001-01-01T06:59:58-04:56","Motorist Drive Out - Commercial Driveway / Alley",312322,2011,"C: Possible Injury","Commercial","50-59",59,"No","0-5 mph","O: No Injury","Black","Male","Sport Utility","No","No","Daylight","Urban (>70% Developed)","3 lanes",2,"Straight - Level","NC Route","Dry","Two-Way, Not Divided","Work Zone","T-Intersection","Smooth Asphalt","Piedmont","Urban","40 - 45  MPH","No Control Present","Clear","Yes","35.80714, -78.8121",-78.8121,35.80714
"305",224,225,"Yes","10-Jun",9,"No","","B: Evident Injury","Travel Lane","Black","Male","Charlotte","Mecklenburg","No","01-01-03","2011-05-04","Parallel Paths - Other Circumstances",19,"Non-Intersection","01-05-01","0001-01-01T14:25:58-04:56","Parallel Paths - Other /",319280,2011,"B: Evident Injury","Residential","",NA,"Missing","16-20 mph","Injury","/Missing","","","No","Yes","Daylight","Urban (>70% Developed)","2 lanes",2,"Curve - Level","Local Street","Dry","Two-Way, Not Divided","None","No Special Feature","Smooth Asphalt","Piedmont","Urban","20 - 25  MPH","No Control Present","Clear","No","35.24548, -80.8442",-80.8442,35.24548
"306",225,226,"Yes","30-39",34,"No","Facing Traffic","C: Possible Injury","Sidewalk / Crosswalk / Driveway Crossing","White","Male","Charlotte","Mecklenburg","No","01-01-05","2011-05-06","Motorist Failed to Yield - Midblock",14,"Non-Intersection","01-05-01","0001-01-01T09:04:58-04:56","Motorist Drive Out - Other Midblock",332328,2011,"C: Possible Injury","Commercial","30-39",30,"No","0-5 mph","O: No Injury","White","Female","Passenger Car","No","No","Daylight","Urban (>70% Developed)","2 lanes",2,"Straight - Level","Local Street","Dry","Two-Way, Not Divided","None","No Special Feature","Smooth Asphalt","Piedmont","Urban","5 - 15 MPH","No Control Present","Clear","No","35.23101, -80.8377",-80.8377,35.23101
"307",228,229,"Yes","50-59",54,"No","","A: Disabling Injury","Travel Lane","White","Male","Carrboro","Orange","No","","2011-04-25","Crossing Paths - Other Circumstances",7,"Intersection-Related","01-04-01","0001-01-01T03:01:58-04:56","Crossing Paths - Intersection - Other /",219180,2011,"A: Disabling Injury","Commercial","40-49",49,"No","16-20 mph","O: No Injury","White","Female","Van","No","No","Daylight","Urban (>70% Developed)","4 lanes",2,"Curve - Level","NC Route","Dry","Two-Way, Divided, Unprotected Median","None","Related To Intersection","Smooth Asphalt","Piedmont","Urban","40 - 45  MPH","Stop And Go Signal","Cloudy","No","35.9174, -79.0941",-79.0941,35.9174
"308",230,231,"No","10-Jun",6,"No","Not Applicable","C: Possible Injury","","Hispanic","Male","Charlotte","Mecklenburg","No","01-01-04","2011-05-12","Crossing Paths - Other Circumstances",17,"Intersection-Related","01-05-01","0001-01-01T12:22:58-04:56","Crossing Paths - Intersection - Other /",293180,2011,"C: Possible Injury","Residential","40-49",47,"No","26-30 mph","O: No Injury","Hispanic","Female","Sport Utility","No","No","Daylight","Urban (>70% Developed)","2 lanes",2,"Straight - Level","Local Street","Dry","Two-Way, Not Divided","None","No Special Feature","Smooth Asphalt","Piedmont","Urban","30 - 35  MPH","No Control Present","Clear","No","35.19078, -80.8663",-80.8663,35.19078
"309",231,232,"Yes","40-49",44,"No","With Traffic","B: Evident Injury","Bike Lane / Paved Shoulder","White","Male","Huntersville","Mecklenburg","No","01-01-03","2011-05-11","Motorist Right Turn / Merge",11,"Non-Intersection","01-05-01","0001-01-01T06:44:58-04:56","Motorist Right Turn - Same Direction",321213,2011,"B: Evident Injury","Commercial","30-39",32,"No","21-25 mph","O: No Injury","Black","Male","Pickup","No","No","Daylight","Mixed (30% To 70% Developed)","5 lanes",2,"Straight - Grade","Local Street","Dry","Two-Way, Not Divided","None","No Special Feature","Smooth Asphalt","Piedmont","Urban","30 - 35  MPH","No Control Present","Cloudy","No","35.39727, -80.864",-80.864,35.39727
"310",233,234,"No","50-59",50,"No","With Traffic","C: Possible Injury","Sidewalk / Crosswalk / Driveway Crossing","Hispanic","Female","Swansboro","Onslow","No","01-01-04","2011-04-28","Bicyclist Failed to Yield - Signalized Intersection",7,"Intersection","01-04-01","0001-01-01T02:45:58-04:56","Bicyclist Ride Out - Signalized  Intersection",131153,2011,"C: Possible Injury","Commercial","30-39",35,"No","11-15 mph","O: No Injury","Black","Male","Van","No","No","Daylight","Urban (>70% Developed)","2 lanes",2,"Straight - Grade","NC Route","Dry","Two-Way, Divided, Unprotected Median","None","Four-Way Intersection","Coarse Asphalt","Coastal","Rural","30 - 35  MPH","Stop And Go Signal","Cloudy","No","34.69306, -77.1301",-77.1301,34.69306
"311",236,237,"Yes","70+",NA,"No","With Traffic","C: Possible Injury","Travel Lane","White","Male","None - Rural Crash","Harnett","No","01-01-05","2011-05-20","Motorist Overtaking Bicyclist",12,"Non-Intersection","01-05-01","0001-01-01T07:53:58-04:56","Motorist Overtaking - Misjudged Space",311232,2011,"C: Possible Injury","Farms, Woods, Pastures","0-19",17,"No","51-55 mph","O: No Injury","White","Male","Pickup","No","No","Daylight","Rural (<30% Developed)","2 lanes",2,"Straight - Hillcrest","State Secondary Route","Dry","Two-Way, Not Divided","None","No Special Feature","Coarse Asphalt","Coastal","Rural","50 - 55  MPH","Double Yellow Line, No Passing Zone","Clear","No","35.34213, -79.0487",-79.0487,35.34213
"312",239,240,"No","15-Nov",14,"No","Facing Traffic","C: Possible Injury","Travel Lane","Black","Male","Laurinburg","Scotland","No","01-01-06","2011-04-30","Bicyclist Failed to Yield - Sign-Controlled Intersection",18,"Intersection","01-04-01","0001-01-01T13:03:58-04:56","Bicyclist Ride Through - Sign-Controlled Intersection",112144,2011,"C: Possible Injury","Residential","70+",NA,"No","21-25 mph","O: No Injury","White","Male","Pickup","No","No","Daylight","Urban (>70% Developed)","2 lanes",2,"Straight - Level","Local Street","Dry","Two-Way, Not Divided","None","No Special Feature","Coarse Asphalt","Coastal","Urban","20 - 25  MPH","Stop Sign","Clear","No","34.77409, -79.4449",-79.4449,34.77409
"313",243,244,"Yes","25-29",29,"No","With Traffic","C: Possible Injury","Bike Lane / Paved Shoulder","White","Male","None - Rural Crash","Pitt","No","01-01-07","2011-05-22","Loss of Control / Turning Error",18,"Non-Intersection","01-05-01","0001-01-01T13:06:58-04:56","Motorist Lost Control - Other /",321139,2011,"C: Possible Injury","Farms, Woods, Pastures","",NA,"Missing","51-55 mph","Injury","/Missing","","Sport Utility","No","Yes","Daylight","Rural (<30% Developed)","4 lanes",2,"Straight - Level","US Route","Dry","Two-Way, Divided, Unprotected Median","None","No Special Feature","Smooth Asphalt","Coastal","Rural","50 - 55  MPH","No Control Present","Clear","No","35.62596, -77.1918",-77.1918,35.62596
"314",246,247,"Yes","30-39",32,"No","With Traffic","B: Evident Injury","Bike Lane / Paved Shoulder","White","Male","Charlotte","Mecklenburg","No","01-01-06","2011-04-30","Motorist Right Turn / Merge",8,"Non-Intersection","01-04-01","0001-01-01T03:48:58-04:56","Motorist Right Turn - Same Direction",321213,2011,"B: Evident Injury","Commercial","40-49",46,"No","6-10 mph","O: No Injury","Black","Male","Sport Utility","No","No","Daylight","Urban (>70% Developed)","4 lanes",2,"Straight - Grade","Local Street","Dry","Two-Way, Divided, Positive Median Barrier","None","Driveway, Public","Smooth Asphalt","Piedmont","Urban","40 - 45  MPH","Stop Sign","Clear","No","35.34158, -80.7675",-80.7675,35.34158
"315",249,250,"Yes","50-59",56,"No","With Traffic","A: Disabling Injury","Travel Lane","Native American","Male","None - Rural Crash","Robeson","No","01-01-02","2011-05-17","Motorist Overtaking Bicyclist",23,"Non-Intersection","01-05-01","0001-01-01T18:15:58-04:56","Motorist Overtaking - Other /",311239,2011,"A: Disabling Injury","Residential","60-69",66,"No","26-30 mph","O: No Injury","White","Male","Pickup","No","No","Dark - Roadway Not Lighted","Mixed (30% To 70% Developed)","2 lanes",2,"Straight - Level","State Secondary Route","Wet","Two-Way, Not Divided","None","No Special Feature","Coarse Asphalt","Coastal","Rural","50 - 55  MPH","No Control Present","Rain","No","34.86195, -79.1057",-79.1057,34.86195
"316",256,257,"No","30-39",33,"No","Facing Traffic","C: Possible Injury","Sidewalk / Crosswalk / Driveway Crossing","Black","Male","Fayetteville","Cumberland","No","","2011-05-02","Motorist Failed to Yield - Midblock",18,"Non-Intersection","01-05-01","0001-01-01T13:34:58-04:56","Motorist Drive Out - Commercial Driveway / Alley",332322,2011,"C: Possible Injury","Commercial","25-29",28,"No","0-5 mph","O: No Injury","White","Female","Passenger Car","No","No","Daylight","Rural (<30% Developed)","5 lanes",2,"Straight - Level","Local Street","Dry","Two-Way, Divided, Unprotected Median","None","Driveway, Public","Coarse Asphalt","Coastal","Urban","40 - 45  MPH","No Control Present","Clear","No","35.13426, -78.8767",-78.8767,35.13426
"317",258,259,"Yes","50-59",54,"No","With Traffic","C: Possible Injury","Travel Lane","Black","Male","Greensboro","Guilford","No","01-01-02","2011-05-17","Motorist Failed to Yield - Sign-Controlled Intersection",16,"Intersection","01-05-01","0001-01-01T11:04:58-04:56","Motorist Drive Out - Sign-Controlled Intersection",111141,2011,"C: Possible Injury","Residential","0-19",16,"No","11-15 mph","O: No Injury","White","Female","Passenger Car","No","No","Daylight","Urban (>70% Developed)","4 lanes",2,"Straight - Level","Local Street","Wet","Two-Way, Not Divided","None","Four-Way Intersection","Smooth Asphalt","Piedmont","Urban","30 - 35  MPH","Stop Sign","Rain","No","36.01532, -79.8006",-79.8006,36.01532
"318",259,260,"No","50-59",53,"No","Facing Traffic","C: Possible Injury","Travel Lane","White","Female","Greensboro","Guilford","No","01-01-02","2011-05-17","Motorist Failed to Yield - Sign-Controlled Intersection",13,"Intersection","01-05-01","0001-01-01T08:58:58-04:56","Motorist Drive Out - Sign-Controlled Intersection",112141,2011,"C: Possible Injury","Residential","25-29",27,"No","0-5 mph","O: No Injury","Black","Female","Passenger Car","No","No","Daylight","Urban (>70% Developed)","2 lanes",2,"Straight - Level","Local Street","Dry","Two-Way, Not Divided","None","Four-Way Intersection","Smooth Asphalt","Piedmont","Urban","30 - 35  MPH","Stop Sign","Cloudy","No","36.06477, -79.7826",-79.7826,36.06477
"319",266,267,"No","50-59",54,"No","With Traffic","Injury","Travel Lane","White","Male","Wilmington","New Hanover","No","01-01-03","2011-05-11","Motorist Right Turn / Merge",13,"Intersection","01-05-01","0001-01-01T08:43:58-04:56","Motorist Right Turn - Same Direction",111213,2011,"Injury","Residential","40-49",44,"No","","Injury","White","Male","Van","No","No","","Rural (<30% Developed)","",2,"",".","","","None","No Special Feature","","Coastal","Urban","","No Control Present","Clear","No","34.17574, -77.8944",-77.8944,34.17574
"320",274,275,"No","15-Nov",14,"No","Facing Traffic","B: Evident Injury","Sidewalk / Crosswalk / Driveway Crossing","Asian","Male","Raleigh","Wake","No","","2011-05-30","Motorist Failed to Yield - Sign-Controlled Intersection",12,"Intersection","01-05-01","0001-01-01T07:28:58-04:56","Motorist Drive Out - Sign-Controlled Intersection",132141,2011,"B: Evident Injury","Residential","30-39",36,"No","31-35 mph","O: No Injury","White","Male","Sport Utility","No","No","Daylight","Urban (>70% Developed)","2 lanes",2,"Straight - Grade","Local Street","Dry","Two-Way, Not Divided","None","T-Intersection","Smooth Asphalt","Piedmont","Urban","30 - 35  MPH","Stop Sign","Clear","No","35.93927, -78.5663",-78.5663,35.93927