"","FID","OBJECTID","AmbulanceR","BikeAge_Gr","Bike_Age","Bike_Alc_D","Bike_Dir","Bike_Injur","Bike_Pos","Bike_Race","Bike_Sex","City","County","CrashAlcoh","CrashDay","Crash_Date","Crash_Grp","Crash_Hour","Crash_Loc","Crash_Mont","Crash_Time","Crash_Type","Crash_Ty_1","Crash_Year","Crsh_Sevri","Developmen","DrvrAge_Gr","Drvr_Age","Drvr_Alc_D","Drvr_EstSp","Drvr_Injur","Drvr_Race","Drvr_Sex","Drvr_VehTy","ExcsSpdInd","Hit_Run","Light_Cond","Locality","Num_Lanes","Num_Units","Rd_Charact","Rd_Class","Rd_Conditi","Rd_Config","Rd_Defects","Rd_Feature","Rd_Surface","Region","Rural_Urba","Speed_Limi","Traff_Cntr","Weather","Workzone_I","Location","locx","locy"
"321",275,276,"Yes","15-Nov",15,"No","With Traffic","B: Evident Injury","Travel Lane","White","Male","None - Rural Crash","Iredell","No","01-01-05","2011-06-03","Motorist Overtaking Bicyclist",21,"Non-Intersection","01-06-01","0001-01-01T16:12:58-04:56","Motorist Overtaking - Other /",311239,2011,"B: Evident Injury","Farms, Woods, Pastures","25-29",28,"No","41-45 mph","O: No Injury","White","Male","Passenger Car","No","No","Dark - Roadway Not Lighted","Rural (<30% Developed)","2 lanes",3,"Straight - Bottom","State Secondary Route","Dry","Two-Way, Not Divided","None","No Special Feature","Smooth Asphalt","Piedmont","Rural","50 - 55  MPH","No Control Present","Clear","No","35.7099, -80.7772",-80.7772,35.7099
"322",285,286,"No","16-19",17,"No","With Traffic","C: Possible Injury","Travel Lane","White","Male","Apex","Wake","No","","2011-06-06","Motorist Failed to Yield - Sign-Controlled Intersection",15,"Intersection","01-06-01","0001-01-01T10:35:58-04:56","Motorist Drive Out - Sign-Controlled Intersection",111141,2011,"C: Possible Injury","Residential","0-19",17,"No","6-10 mph","O: No Injury","Black","Male","Passenger Car","No","No","Daylight","Mixed (30% To 70% Developed)","2 lanes",2,"Straight - Level","NC Route","Dry","Two-Way, Not Divided","None","Four-Way Intersection","Smooth Asphalt","Piedmont","Urban","40 - 45  MPH","Stop Sign","Clear","No","35.69018, -78.8339",-78.8339,35.69018
"323",295,296,"Yes","40-49",48,"No","With Traffic","C: Possible Injury","Travel Lane","White","Female","Jacksonville","Onslow","No","01-01-02","2011-05-24","Motorist Failed to Yield - Sign-Controlled Intersection",6,"Intersection","01-05-01","0001-01-01T01:30:58-04:56","Motorist Drive Out - Sign-Controlled Intersection",111141,2011,"C: Possible Injury","Residential","30-39",33,"No","6-10 mph","O: No Injury","Hispanic","Male","Van","No","No","Daylight","Urban (>70% Developed)","3 lanes",2,"Straight - Level","Local Street","Dry","Two-Way, Not Divided","None","No Special Feature","Smooth Asphalt","Coastal","Urban","30 - 35  MPH","Stop Sign","Clear","No","34.76812, -77.3877",-77.3877,34.76812
"324",307,308,"Yes","25-29",26,"No","","C: Possible Injury","Travel Lane","White","Female","Durham","Durham","No","01-01-03","2011-06-15","Crossing Paths - Other Circumstances",18,"Intersection","01-06-01","0001-01-01T13:48:58-04:56","Crossing Paths - Intersection - Other /",119180,2011,"C: Possible Injury","Residential","25-29",25,"No","0-5 mph","O: No Injury","Hispanic","Female","Passenger Car","No","No","Daylight","Mixed (30% To 70% Developed)","2 lanes",2,"Straight - Level","Local Street","Dry","Two-Way, Not Divided","None","No Special Feature","Smooth Asphalt","Piedmont","Urban","30 - 35  MPH","Stop Sign","Clear","No","36.01216, -78.9055",-78.9055,36.01216
"325",308,309,"No","",NA,"Missing","With Traffic","Injury","Travel Lane","/Missing","","Asheville","Buncombe","No","01-01-05","2011-05-27","Motorist Overtaking Bicyclist",13,"Non-Intersection","01-05-01","0001-01-01T08:07:58-04:56","Motorist Overtaking - Other /",311239,2011,"O: No Injury","Commercial","50-59",59,"No","21-25 mph","O: No Injury","White","Female","Passenger Car","No","No","Daylight","Urban (>70% Developed)","5 lanes",2,"Straight - Grade","US Route","Dry","Two-Way, Divided, Unprotected Median","None","No Special Feature","Coarse Asphalt","Mountains","Urban","40 - 45  MPH","No Control Present","Clear","No","35.55838, -82.5386",-82.5386,35.55838
"326",313,314,"Yes","30-39",34,"No",".","B: Evident Injury",".","Black","Male","Raleigh","Wake","No","01-01-03","2011-06-15",".",21,".","01-06-01","0001-01-01T16:15:58-04:56",".",0,2011,"B: Evident Injury","Residential","25-29",26,"No","6-10 mph","O: No Injury","White","Female","Passenger Car","No","No","Dark - Roadway Not Lighted","Urban (>70% Developed)","2 lanes",2,"Straight - Level","Local Street","Dry","Two-Way, Not Divided","None","No Special Feature","Coarse Asphalt","Piedmont","Urban","20 - 25  MPH","No Control Present","Clear","No","35.81048, -78.6258",-78.6258,35.81048
"327",315,316,"No","30-39",32,"No","With Traffic","B: Evident Injury","Travel Lane","White","Male","Wilmington","New Hanover","No","01-01-04","2011-05-26","Motorist Failed to Yield - Sign-Controlled Intersection",7,"Intersection","01-05-01","0001-01-01T02:54:58-04:56","Motorist Drive Out - Sign-Controlled Intersection",111141,2011,"B: Evident Injury","Residential","20-24",23,"No","0-5 mph","O: No Injury","Black","Male","School Bus","No","No","Daylight","Urban (>70% Developed)","2 lanes",2,"Straight - Level","Local Street","Dry","Two-Way, Not Divided","None","No Special Feature","Coarse Asphalt","Coastal","Urban","40 - 45  MPH","Stop Sign","Clear","No","34.2489, -77.8897",-77.8897,34.2489
"328",320,321,"No","20-24",20,"No","With Traffic","C: Possible Injury","Travel Lane","White","Male","High Point","Guilford","No","","2011-05-30","Bicyclist Failed to Yield - Signalized Intersection",9,"Intersection","01-05-01","0001-01-01T04:18:58-04:56","Bicyclist Ride Through - Signalized Intersection",111155,2011,"C: Possible Injury","Commercial","25-29",28,"No","11-15 mph","O: No Injury","White","Female","Passenger Car","No","No","Daylight","Urban (>70% Developed)","6 lanes",2,"Straight - Level","Local Street","Dry","Two-Way, Not Divided","None","Four-Way Intersection","Coarse Asphalt","Piedmont","Urban","30 - 35  MPH","Stop And Go Signal","Clear","No","35.98261, -80.0231",-80.0231,35.98261
"329",323,324,"No","40-49",43,"No","With Traffic","C: Possible Injury","Travel Lane","White","Male","Smithfield","Johnston","No","01-01-02","2011-05-31","Motorist Failed to Yield - Sign-Controlled Intersection",16,"Intersection","01-05-01","0001-01-01T11:15:58-04:56","Motorist Drive Out - Sign-Controlled Intersection",111141,2011,"C: Possible Injury","Residential","60-69",62,"No","0-5 mph","O: No Injury","White","Female","Passenger Car","No","No","Daylight","Urban (>70% Developed)","2 lanes",2,"Straight - Level","Local Street","Dry","Two-Way, Not Divided","None","Four-Way Intersection","Coarse Asphalt","Coastal","Urban","20 - 25  MPH","Stop Sign","Clear","No","35.5154, -78.3415",-78.3415,35.5154
"330",328,329,"Yes","50-59",54,"Yes","Not Applicable","Injury","Non-Roadway","Black","Male","Kinston","Lenoir","Yes","01-01-04","2011-05-05","Bicyclist Failed to Yield - Midblock",21,"Non-Intersection","01-05-01","0001-01-01T16:06:58-04:56","Bicyclist Ride Out - Other Midblock",363318,2011,"Injury","Residential","",NA,"Missing","31-35 mph","Injury","/Missing","","","No","Yes","Dark - Lighted Roadway","Urban (>70% Developed)","2 lanes",2,"Straight - Level","Local Street","Dry","Two-Way, Divided, Unprotected Median","None","No Special Feature","Smooth Asphalt","Coastal","Urban","30 - 35  MPH","No Control Present","Clear","No","35.26522, -77.5722",-77.5722,35.26522
"331",331,332,"Yes","20-24",21,"No","With Traffic","C: Possible Injury","Travel Lane","White","Female","Durham","Durham","No","01-01-04","2011-06-02","Motorist Left Turn / Merge",9,"Intersection-Related","01-06-01","0001-01-01T04:33:58-04:56","Motorist Left Turn - Same Direction",211211,2011,"C: Possible Injury","Institutional","60-69",63,"No","0-5 mph","O: No Injury","White","Female","Van","No","No","Daylight","Urban (>70% Developed)","2 lanes",2,"Straight - Grade","Public Vehicular Area","Dry","Two-Way, Divided, Unprotected Median","None","No Special Feature","Smooth Asphalt","Piedmont","Urban","5 - 15 MPH","No Control Present","Clear","No","35.99403, -78.8986",-78.8986,35.99403
"332",334,335,"Yes","30-39",35,"No","With Traffic","A: Disabling Injury","Travel Lane","White","Male","Winston-Salem","Forsyth","No","01-01-06","2011-06-04","Motorist Failed to Yield - Sign-Controlled Intersection",4,"Intersection","01-06-01","0000-12-31T23:17:58-04:56","Motorist Drive Out - Sign-Controlled Intersection",111141,2011,"A: Disabling Injury","Residential","40-49",49,"No","6-10 mph","O: No Injury","White","Female","Light Truck (Mini-Van, Panel)","No","No","Daylight","Urban (>70% Developed)","2 lanes",2,"Straight - Grade","Local Street","Water (Standing, Moving)","Two-Way, Not Divided","None","Four-Way Intersection","Smooth Asphalt","Piedmont","Urban","20 - 25  MPH","Stop Sign","Clear","No","36.09574, -80.2633",-80.2633,36.09574
"333",359,360,"Yes","50-59",52,"No","With Traffic","A: Disabling Injury","Travel Lane","White","Male","None - Rural Crash","Johnston","No","01-01-03","2011-06-29","Motorist Overtaking Bicyclist",15,"Non-Intersection","01-06-01","0001-01-01T10:07:58-04:56","Motorist Overtaking - Misjudged Space",311232,2011,"A: Disabling Injury","Farms, Woods, Pastures","20-24",21,"No","46-50 mph","O: No Injury","White","Male","Passenger Car","No","No","Daylight","Rural (<30% Developed)","2 lanes",3,"Curve - Level","State Secondary Route","Dry","Two-Way, Not Divided","None","No Special Feature","Smooth Asphalt","Coastal","Rural","40 - 45  MPH","Double Yellow Line, No Passing Zone","Clear","No","35.69008, -78.3807",-78.3807,35.69008
"334",361,362,"Yes","15-Nov",15,"No","With Traffic","C: Possible Injury","Travel Lane","White","Male","Durham","Durham","No","01-01-04","2011-06-30","Bicyclist Left Turn / Merge",14,"Intersection","01-06-01","0001-01-01T09:26:58-04:56","Bicyclist Left Turn - Same Direction",111221,2011,"C: Possible Injury","Residential","20-24",20,"No","11-15 mph","O: No Injury","Hispanic","Male","Passenger Car","No","No","Daylight","Urban (>70% Developed)","2 lanes",2,"Straight - Level","Local Street","Dry","Two-Way, Not Divided","Road Surface Condition","Four-Way Intersection","Smooth Asphalt","Piedmont","Urban","30 - 35  MPH","No Control Present","Clear","No","36.04027, -78.9121",-78.9121,36.04027
"335",364,365,"No","20-24",22,"No","With Traffic","B: Evident Injury","Travel Lane","White","Male","Boone","Watauga","No","01-01-07","2011-06-05","Motorist Overtaking Bicyclist",21,"Non-Intersection","01-06-01","0001-01-01T16:13:58-04:56","Motorist Overtaking - Misjudged Space",311232,2011,"B: Evident Injury","Commercial","",NA,"Missing","","Injury","/Missing","","","No","Yes","Dawn","Urban (>70% Developed)","2 lanes",2,"Curve - Grade","US Route","","Two-Way, Not Divided","None","No Special Feature","Smooth Asphalt","Mountains","Urban","30 - 35  MPH","Double Yellow Line, No Passing Zone","Other","No","36.22205, -81.6956",-81.6956,36.22205
"336",371,372,"No","20-24",21,"No","With Traffic","O: No Injury","Travel Lane","White","Male","Durham","Durham","No","01-01-02","2011-07-05","Motorist Right Turn / Merge",18,"Intersection","01-07-01","0001-01-01T13:38:58-04:56","Motorist Right Turn - Same Direction",111213,2011,"O: No Injury","Residential","25-29",29,"No","6-10 mph","O: No Injury","Black","Female","Passenger Car","No","No","Daylight","Urban (>70% Developed)","2 lanes",2,"Straight - Grade","Local Street","Dry","Two-Way, Not Divided","None","Four-Way Intersection","Smooth Asphalt","Piedmont","Urban","5 - 15 MPH","Stop And Go Signal","Clear","No","36.01718, -78.9001",-78.9001,36.01718
"337",378,379,"Yes","10-Jun",6,"No","Not Applicable","A: Disabling Injury","Non-Roadway","Black","Male","High Point","Guilford","No","","2011-06-13","Non-Roadway",19,"Non-Roadway","01-06-01","0001-01-01T14:34:58-04:56","Non-Roadway",460910,2011,"A: Disabling Injury","Residential","40-49",42,"No","11-15 mph","O: No Injury","White","Female","Passenger Car","No","No","Daylight","Urban (>70% Developed)","",2,"Straight - Level","Public Vehicular Area","Dry","Two-Way, Not Divided","None","Driveway, Public","Smooth Asphalt","Piedmont","Urban","","No Control Present","Clear","No","35.95717, -79.9984",-79.9984,35.95717
"338",380,381,"Yes","20-24",21,"No","With Traffic","C: Possible Injury","Travel Lane","Black","Male","Winston-Salem","Forsyth","No","01-01-02","2011-06-14","Motorist Overtaking Bicyclist",22,"Intersection","01-06-01","0001-01-01T17:19:58-04:56","Motorist Overtaking - Other /",111239,2011,"C: Possible Injury","Residential","",NA,"Missing","21-25 mph","Injury","/Missing","","Passenger Car","No","Yes","Dark - Lighted Roadway","Urban (>70% Developed)","4 lanes",2,"Straight - Grade","Local Street","Dry","Two-Way, Not Divided","None","Four-Way Intersection","Coarse Asphalt","Piedmont","Urban","30 - 35  MPH","No Control Present","Clear","No","36.11733, -80.2571",-80.2571,36.11733
"339",384,385,"Yes","10-Jun",9,"No","Not Applicable","C: Possible Injury","Non-Roadway","Black","Female","Mooresville","Iredell","No","01-01-03","2011-06-15","Non-Roadway",18,"Non-Roadway","01-06-01","0001-01-01T13:23:58-04:56","Non-Roadway",460910,2011,"C: Possible Injury","Residential","60-69",63,"No","0-5 mph","O: No Injury","Black","Female","Van","No","No","Daylight","Mixed (30% To 70% Developed)","2 lanes",2,"Straight - Grade","Public Vehicular Area","Dry","Two-Way, Not Divided","None","Driveway, Public","Coarse Asphalt","Piedmont","Urban","5 - 15 MPH","No Control Present","Clear","No","35.59508, -80.8098",-80.8098,35.59508
"340",387,388,"No","40-49",46,"No","With Traffic","B: Evident Injury","Travel Lane","White","Male","Duck","Dare","No","01-01-06","2011-06-11","Motorist Left Turn / Merge",8,"Intersection","01-06-01","0001-01-01T03:20:58-04:56","Motorist Left Turn - Opposite Direction",111212,2011,"B: Evident Injury","Residential","50-59",57,"No","6-10 mph","O: No Injury","White","Female","Sport Utility","No","No","Daylight","Urban (>70% Developed)","2 lanes",2,"Straight - Level","NC Route","Dry","Two-Way, Not Divided","None","No Special Feature","Smooth Asphalt","Coastal","Rural","30 - 35  MPH","No Control Present","Clear","No","36.19573, -75.7623",-75.7623,36.19573
"341",388,389,"Yes","50-59",51,"No","Facing Traffic","B: Evident Injury","Sidewalk / Crosswalk / Driveway Crossing","Black","Male","Charlotte","Mecklenburg","No","01-01-04","2011-06-16","Bicyclist Failed to Yield - Signalized Intersection",8,"Intersection","01-06-01","0001-01-01T03:40:58-04:56","Bicyclist Ride Out - Signalized  Intersection",132153,2011,"B: Evident Injury","Commercial","40-49",41,"No","0-5 mph","O: No Injury","White","Female","Passenger Car","No","No","Dawn","Urban (>70% Developed)","4 lanes",2,"Straight - Level","Local Street","Dry","Two-Way, Not Divided","None","Four-Way Intersection","Smooth Asphalt","Piedmont","Urban","30 - 35  MPH","Stop And Go Signal","Cloudy","No","35.19064, -80.8109",-80.8109,35.19064
"342",395,396,"No","30-39",38,"No","With Traffic","B: Evident Injury","Multi-use Path","White","Female","Southern Shores","Dare","No","01-01-02","2011-06-21","Crossing Paths - Other Circumstances",13,"Intersection-Related","01-06-01","0001-01-01T08:34:58-04:56","Sign-Controlled Intersection - Other /",241148,2011,"B: Evident Injury","Residential","40-49",43,"No","0-5 mph","O: No Injury","White","Female","Passenger Car","No","No","Daylight","Urban (>70% Developed)","2 lanes",2,"Straight - Level","Private Road, Driveway","Dry","Two-Way, Not Divided","None","Driveway, Public","Coarse Asphalt","Coastal","Rural","","Stop Sign","Clear","No","36.14437, -75.7397",-75.7397,36.14437
"343",397,398,"Yes","70+",NA,"No","Facing Traffic","B: Evident Injury","Travel Lane","White","Male","Wilmington","New Hanover","No","01-01-03","2011-06-15","Motorist Failed to Yield - Sign-Controlled Intersection",18,"Intersection","01-06-01","0001-01-01T13:05:58-04:56","Motorist Drive Out - Sign-Controlled Intersection",112141,2011,"B: Evident Injury","Residential","20-24",21,"No","0-5 mph","O: No Injury","Black","Male","Passenger Car","No","No","Daylight","Urban (>70% Developed)","3 lanes",2,"Straight - Level","Local Street","Dry","Two-Way, Not Divided","None","Four-Way Intersection","Smooth Asphalt","Coastal","Urban","30 - 35  MPH","Stop Sign","Clear","No","34.23039, -77.8871",-77.8871,34.23039
"344",400,401,"No","40-49",47,"No","With Traffic","B: Evident Injury","Travel Lane","White","Male","Charlotte","Mecklenburg","No","","2011-06-20","Bicyclist Failed to Yield - Sign-Controlled Intersection",19,"Intersection","01-06-01","0001-01-01T14:31:58-04:56","Bicyclist Ride Out - Sign-Controlled Intersection",111142,2011,"B: Evident Injury","Residential","30-39",34,"No","26-30 mph","O: No Injury","White","Male","Passenger Car","No","No","Daylight","Urban (>70% Developed)","4 lanes",2,"Straight - Level","Local Street","Dry","Two-Way, Divided, Positive Median Barrier","None","No Special Feature","Smooth Asphalt","Piedmont","Urban","30 - 35  MPH","Stop Sign","Clear","No","35.19625, -80.8277",-80.8277,35.19625
"345",410,411,"No","25-29",28,"No","With Traffic","B: Evident Injury","Travel Lane","White","Male","Wilmington","New Hanover","No","01-01-04","2011-06-23","Motorist Overtaking Bicyclist",2,"Non-Intersection","01-06-01","0000-12-31T21:54:58-04:56","Motorist Overtaking - Other /",311239,2011,"B: Evident Injury","Residential","",NA,"Missing","","Injury","/Missing","","","No","Yes","Dark - Lighted Roadway","Urban (>70% Developed)","2 lanes",2,"Straight - Level","Local Street","Dry","Two-Way, Not Divided","None","No Special Feature","Smooth Asphalt","Coastal","Urban","","No Control Present","Clear","No","34.22822, -77.942",-77.942,34.22822
"346",419,420,"Yes","16-19",17,"No","With Traffic","B: Evident Injury","Travel Lane","Black","Male","Goldsboro","Wayne","No","01-01-07","2011-06-26","Bicyclist Failed to Yield - Sign-Controlled Intersection",19,"Intersection","01-06-01","0001-01-01T14:30:58-04:56","Bicyclist Ride Out - Sign-Controlled Intersection",111142,2011,"B: Evident Injury","Residential","60-69",63,"No","26-30 mph","O: No Injury","Black","Female","Sport Utility","No","No","Daylight","Urban (>70% Developed)","2 lanes",2,"Straight - Level","Local Street","Dry","Two-Way, Not Divided","None","Four-Way Intersection","Coarse Asphalt","Coastal","Urban","20 - 25  MPH","Stop Sign","Clear","No","35.38488, -77.9682",-77.9682,35.38488
"347",420,421,"No","60-69",61,"No","With Traffic","B: Evident Injury","Travel Lane","White","Male","None - Rural Crash","Wake","No","01-01-07","2011-06-26","Motorist Overtaking Bicyclist",13,"Non-Intersection","01-06-01","0001-01-01T08:05:58-04:56","Motorist Overtaking - Other /",311239,2011,"B: Evident Injury","Commercial","70+",NA,"No","56-60 mph","O: No Injury","White","Female","Passenger Car","No","No","Daylight","Urban (>70% Developed)","4 lanes",2,"Straight - Level","US Route","Dry","Two-Way, Divided, Unprotected Median","None","Related To Intersection","Smooth Asphalt","Piedmont","Rural","50 - 55  MPH","Stop And Go Signal","Clear","No","35.91851, -78.5465",-78.5465,35.91851
"348",432,433,"Yes","15-Nov",15,"No","With Traffic","B: Evident Injury","Sidewalk / Crosswalk / Driveway Crossing","Black","Male","Charlotte","Mecklenburg","No","01-01-06","2011-07-02","Motorist Right Turn / Merge",21,"Intersection","01-07-01","0001-01-01T16:39:58-04:56","Motorist Right Turn - Same Direction",131213,2011,"B: Evident Injury","Commercial","20-24",24,"No","11-15 mph","O: No Injury","Hispanic","Male","Light Truck (Mini-Van, Panel)","No","No","Dark - Lighted Roadway","Urban (>70% Developed)","4 lanes",2,"Straight - Level","Local Street","Dry","Two-Way, Not Divided","None","No Special Feature","Smooth Asphalt","Piedmont","Urban","30 - 35  MPH","Stop And Go Signal","Clear","No","35.21404, -80.7712",-80.7712,35.21404
"349",433,434,"Yes","0-5",3,"No","Not Applicable","B: Evident Injury","Non-Roadway","Other","Male","Jacksonville","Onslow","No","01-01-06","2011-07-02","Non-Roadway",17,"Non-Roadway","01-07-01","0001-01-01T12:37:58-04:56","Non-Roadway",460910,2011,"B: Evident Injury","Residential","50-59",59,"No","6-10 mph","O: No Injury","Black","Female","Passenger Car","No","No","Daylight","Urban (>70% Developed)","",2,"Straight - Level","Public Vehicular Area","Dry","Two-Way, Not Divided","None","Driveway, Public","Coarse Asphalt","Coastal","Urban","5 - 15 MPH","No Control Present","Clear","No","34.78876, -77.4269",-77.4269,34.78876
"350",434,435,"Yes","16-19",17,"No","Not Applicable","C: Possible Injury","Sidewalk / Crosswalk / Driveway Crossing","Hispanic","Male","Raleigh","Wake","No","01-01-03","2011-07-20","Bicyclist Failed to Yield - Midblock",18,"Non-Intersection","01-07-01","0001-01-01T13:56:58-04:56","Bicyclist Ride Out - Other Midblock",333318,2011,"C: Possible Injury","Residential","30-39",33,"No","6-10 mph","O: No Injury","Black","Male","Passenger Car","No","No","Daylight","Urban (>70% Developed)","2 lanes",2,"Straight - Level","Local Street","Dry","Two-Way, Not Divided","None","No Special Feature","Smooth Asphalt","Piedmont","Urban","20 - 25  MPH","No Control Present","Clear","No","35.78572, -78.5468",-78.5468,35.78572
"351",440,441,"Yes","40-49",41,"No","Facing Traffic","A: Disabling Injury","Travel Lane","White","Female","None - Rural Crash","New Hanover","No","01-01-06","2011-07-23","Motorist Failed to Yield - Midblock",13,"Non-Intersection","01-07-01","0001-01-01T08:23:58-04:56","Motorist Drive Out - Other Midblock",312328,2011,"A: Disabling Injury","Commercial","50-59",55,"No","6-10 mph","O: No Injury","White","Female","Sport Utility","No","No","Daylight","Mixed (30% To 70% Developed)","4 lanes",2,"Straight - Level","US Route","Dry","Two-Way, Divided, Unprotected Median","None","Driveway, Public","Coarse Asphalt","Coastal","Rural","40 - 45  MPH","No Control Present","Clear","No","34.07941, -77.8946",-77.8946,34.07941
"352",447,448,"Yes","30-39",38,"No","With Traffic","B: Evident Injury","Travel Lane","White","Female","Fletcher","Henderson","No","01-01-05","2011-07-08","Loss of Control / Turning Error",10,"Intersection","01-07-01","0001-01-01T05:16:58-04:56","Bicyclist Turning Error - Left Turn",111114,2011,"B: Evident Injury","Residential","30-39",33,"No","21-25 mph","O: No Injury","White","Male","Pickup","No","No","Daylight","Mixed (30% To 70% Developed)","2 lanes",2,"Straight - Level","Private Road, Driveway","Dry","Two-Way, Not Divided","None","T-Intersection","Smooth Asphalt","Mountains","Urban","20 - 25  MPH","No Control Present","Clear","No","35.44047, -82.4748",-82.4748,35.44047
"353",458,459,"No","30-39",34,"No","Facing Traffic","C: Possible Injury","Travel Lane","White","Male","Wilmington","New Hanover","No","01-01-05","2011-07-01","Crossing Paths - Other Circumstances",21,"Intersection","01-07-01","0001-01-01T16:51:58-04:56","Signalized Intersection - Other /",112158,2011,"C: Possible Injury","Commercial","",NA,"Missing","","Injury","/Missing","","","No","Yes","Daylight","Mixed (30% To 70% Developed)","9 or more lanes",2,"Straight - Level","Local Street","Dry","Two-Way, Not Divided","None","No Special Feature","Coarse Asphalt","Coastal","Urban","","Stop And Go Signal","Clear","No","34.2048, -77.9241",-77.9241,34.2048
"354",462,463,"No","16-19",19,"No","With Traffic","C: Possible Injury","Travel Lane","Asian","Female","Duck","Dare","No","01-01-02","2011-07-05","Motorist Failed to Yield - Sign-Controlled Intersection",15,"Intersection","01-07-01","0001-01-01T10:36:58-04:56","Motorist Drive Out - Sign-Controlled Intersection",111141,2011,"C: Possible Injury","Residential","60-69",68,"No","0-5 mph","O: No Injury","White","Male","Passenger Car","No","No","Daylight","Urban (>70% Developed)","4 lanes",2,"Straight - Level","NC Route","Dry","Two-Way, Not Divided","None","No Special Feature","Coarse Asphalt","Coastal","Rural","5 - 15 MPH","Stop Sign","Clear","No","36.15782, -75.7496",-75.7496,36.15782
"355",463,464,"Yes","50-59",56,"No","Not Applicable","C: Possible Injury","Driveway / Alley","Black","Male","Holly Springs","Wake","No","01-01-05","2011-07-29","Bicyclist Failed to Yield - Midblock",9,"Non-Intersection","01-07-01","0001-01-01T04:35:58-04:56","Bicyclist Ride Out - Residential Driveway",353311,2011,"C: Possible Injury","Residential","30-39",37,"No","31-35 mph","O: No Injury","Black","Female","Passenger Car","No","No","Daylight","Mixed (30% To 70% Developed)","2 lanes",2,"Straight - Level","Local Street","Dry","Two-Way, Not Divided","None","No Special Feature","Coarse Asphalt","Piedmont","Urban","30 - 35  MPH","No Control Present","Clear","No","35.64646, -78.8353",-78.8353,35.64646
"356",467,468,"No","25-29",28,"No","With Traffic","C: Possible Injury","Travel Lane","White","Male","Asheville","Buncombe","No","01-01-03","2011-06-22","Motorist Left Turn / Merge",0,"Intersection","01-06-01","0000-12-31T19:28:58-04:56","Motorist Left Turn - Opposite Direction",111212,2011,"C: Possible Injury","Commercial","30-39",37,"No","11-15 mph","O: No Injury","White","Female","Passenger Car","No","No","Dark - Lighted Roadway","Urban (>70% Developed)","5 lanes",2,"Straight - Level","US Route","Wet","Two-Way, Not Divided","None","No Special Feature","Smooth Asphalt","Mountains","Urban","40 - 45  MPH","No Control Present","Rain","No","35.54184, -82.5324",-82.5324,35.54184
"357",471,472,"Yes","30-39",37,"No","With Traffic","C: Possible Injury","Travel Lane","White","Male","Pinehurst","Moore","No","01-01-06","2011-07-16","Motorist Left Turn / Merge",9,"Intersection","01-07-01","0001-01-01T04:38:58-04:56","Motorist Left Turn - Opposite Direction",111212,2011,"C: Possible Injury","Commercial","50-59",52,"No","0-5 mph","O: No Injury","Black","Male","Passenger Car","No","No","Daylight","Mixed (30% To 70% Developed)","2 lanes",2,"Straight - Level","Local Street","Dry","Two-Way, Not Divided","None","Driveway, Public","Smooth Asphalt","Piedmont","Urban","20 - 25  MPH","Stop Sign","Clear","No","35.20061, -79.4684",-79.4684,35.20061
"358",472,473,"No","30-39",37,"No","With Traffic","Injury","Travel Lane","/Missing","Female","Charlotte","Mecklenburg","No","01-01-07","2011-07-17","Motorist Failed to Yield - Sign-Controlled Intersection",1,"Intersection","01-07-01","0000-12-31T20:06:58-04:56","Motorist Drive Out - Sign-Controlled Intersection",111141,2011,"Injury","Commercial","",NA,"Missing","6-10 mph","Injury","/Missing","","","No","Yes","Dark -  Lighting","Urban (>70% Developed)","8 lanes",2,"Straight - Level","Local Street","Dry","Two-Way, Not Divided","None","Four-Way Intersection","Smooth Asphalt","Piedmont","Urban","30 - 35  MPH","Stop Sign","Clear","No","35.21827, -80.8111",-80.8111,35.21827
"359",478,479,"Yes","25-29",26,"No","With Traffic","B: Evident Injury","Travel Lane","White","Male","Elizabeth City","Pasquotank","No","","2011-07-18","Motorist Failed to Yield - Sign-Controlled Intersection",15,"Intersection","01-07-01","0001-01-01T11:00:58-04:56","Motorist Drive Out - Sign-Controlled Intersection",111141,2011,"B: Evident Injury","Residential","25-29",27,"No","21-25 mph","O: No Injury","White","Male","Passenger Car","No","Yes","Daylight","Urban (>70% Developed)","2 lanes",2,"Straight - Level","Local Street","Dry","Two-Way, Not Divided","None","No Special Feature","Smooth Asphalt","Coastal","Urban","40 - 45  MPH","Stop Sign","Clear","No","36.26745, -76.1991",-76.1991,36.26745
"360",480,481,"Yes","15-Nov",12,"No","With Traffic","B: Evident Injury","Travel Lane","Black","Male","Charlotte","Mecklenburg","No","01-01-02","2011-07-19","Bicyclist Left Turn / Merge",13,"Non-Intersection","01-07-01","0001-01-01T08:07:58-04:56","Bicyclist Left Turn - Opposite Direction",311222,2011,"B: Evident Injury","Commercial","70+",NA,"No","11-15 mph","O: No Injury","White","Male","Passenger Car","No","No","Daylight","Urban (>70% Developed)","2 lanes",2,"Curve - Bottom","Local Street","Dry","Two-Way, Divided, Unprotected Median","None","No Special Feature","Smooth Asphalt","Piedmont","Urban","30 - 35  MPH","No Control Present","Clear","No","35.20113, -80.7314",-80.7314,35.20113