"","FID","OBJECTID","AmbulanceR","BikeAge_Gr","Bike_Age","Bike_Alc_D","Bike_Dir","Bike_Injur","Bike_Pos","Bike_Race","Bike_Sex","City","County","CrashAlcoh","CrashDay","Crash_Date","Crash_Grp","Crash_Hour","Crash_Loc","Crash_Mont","Crash_Time","Crash_Type","Crash_Ty_1","Crash_Year","Crsh_Sevri","Developmen","DrvrAge_Gr","Drvr_Age","Drvr_Alc_D","Drvr_EstSp","Drvr_Injur","Drvr_Race","Drvr_Sex","Drvr_VehTy","ExcsSpdInd","Hit_Run","Light_Cond","Locality","Num_Lanes","Num_Units","Rd_Charact","Rd_Class","Rd_Conditi","Rd_Config","Rd_Defects","Rd_Feature","Rd_Surface","Region","Rural_Urba","Speed_Limi","Traff_Cntr","Weather","Workzone_I","Location","locx","locy"
"361",485,486,"Yes","",NA,"Missing","With Traffic","Injury","Travel Lane","/Missing","","Wilmington","New Hanover","No","01-01-03","2011-07-20","Bicyclist Left Turn / Merge",12,"Non-Intersection","01-07-01","0001-01-01T07:51:58-04:56","Bicyclist Left Turn - Same Direction",311221,2011,"O: No Injury","Residential","30-39",38,"No","31-35 mph","O: No Injury","White","Female","Passenger Car","No","No","Daylight","Urban (>70% Developed)","5 lanes",2,"Straight - Level","Local Street","Dry","Two-Way, Divided, Positive Median Barrier","None","No Special Feature","Smooth Asphalt","Coastal","Urban","40 - 45  MPH","No Control Present","Clear","No","34.19299, -77.9198",-77.9198,34.19299
"362",486,487,"Yes","40-49",42,"Yes","With Traffic","B: Evident Injury","Travel Lane","Hispanic","Male","Tabor City","Columbus","Yes","01-01-06","2011-07-23","Motorist Overtaking Bicyclist",0,"Non-Intersection","01-07-01","0000-12-31T19:27:58-04:56","Motorist Overtaking - Other /",311239,2011,"B: Evident Injury","Commercial","40-49",44,"No","41-45 mph","O: No Injury","White","Male","Pickup","No","No","Dark - Roadway Not Lighted","Mixed (30% To 70% Developed)","2 lanes",2,"Straight - Level","US Route","Dry","Two-Way, Divided, Unprotected Median","None","No Special Feature","Coarse Asphalt","Coastal","Rural","50 - 55  MPH","No Control Present","Clear","No","34.13981, -78.8693",-78.8693,34.13981
"363",487,488,"Yes","40-49",46,"No","With Traffic","C: Possible Injury","Travel Lane","Black","Female","Charlotte","Mecklenburg","No","01-01-06","2011-07-23","Motorist Overtaking Bicyclist",3,"Intersection","01-07-01","0000-12-31T22:55:58-04:56","Motorist Overtaking - Misjudged Space",111232,2011,"C: Possible Injury","Residential","",NA,"Missing","41-45 mph","Injury","/Missing","","","No","Yes","Dark - Lighted Roadway","Mixed (30% To 70% Developed)","2 lanes",2,"Straight - Level","Local Street","Dry","Two-Way, Not Divided","None","T-Intersection","Smooth Asphalt","Piedmont","Urban","40 - 45  MPH","No Control Present","Clear","No","35.29455, -80.839",-80.839,35.29455
"364",490,491,"Yes","60-69",61,"No","Not Applicable","C: Possible Injury","Non-Roadway","Black","Male","High Point","Guilford","No","01-01-06","2011-07-23","Bicyclist Failed to Yield - Midblock",16,"Non-Intersection","01-07-01","0001-01-01T11:36:58-04:56","Bicyclist Ride Out - Commercial Driveway / Alley",363312,2011,"C: Possible Injury","Commercial","30-39",37,"No","6-10 mph","O: No Injury","White","Female","Sport Utility","No","No","Daylight","Urban (>70% Developed)","4 lanes",2,"Straight - Level","Local Street","Dry","Two-Way, Not Divided","None","No Special Feature","Coarse Asphalt","Piedmont","Urban","30 - 35  MPH","No Control Present","Cloudy","No","35.98016, -79.98",-79.98,35.98016
"365",491,492,"Yes","50-59",55,"Yes","With Traffic","C: Possible Injury","Sidewalk / Crosswalk / Driveway Crossing","Black","Male","Edenton","Chowan","Yes","01-01-06","2011-07-23","Bicyclist Failed to Yield - Sign-Controlled Intersection",2,"Intersection","01-07-01","0000-12-31T21:54:58-04:56","Bicyclist Ride Through - Sign-Controlled Intersection",131144,2011,"C: Possible Injury","Residential","50-59",54,"No","31-35 mph","O: No Injury","White","Female","Sport Utility","No","No","Daylight","Urban (>70% Developed)","2 lanes",2,"Straight - Level","Local Street","Dry","Two-Way, Divided, Unprotected Median","None","Four-Way Intersection","Coarse Asphalt","Coastal","Urban","30 - 35  MPH","Flashing Signal With Stop Sign","Clear","No","36.06349, -76.6104",-76.6104,36.06349
"366",493,494,"Yes","30-39",33,"No","With Traffic","B: Evident Injury","Travel Lane","White","Male","Raleigh","Wake","No","","2011-08-01","Parallel Paths - Other Circumstances",20,"Non-Intersection","01-08-01","0001-01-01T15:53:58-04:56","Parallel Paths - Other /",311280,2011,"B: Evident Injury","Residential","",NA,"Missing","41-45 mph","Injury","/Missing","","","No","Yes","Daylight","Urban (>70% Developed)","2 lanes",2,"Straight - Grade","Local Street","Dry","Two-Way, Not Divided","None","No Special Feature","Smooth Asphalt","Piedmont","Urban","40 - 45  MPH","No Control Present","Clear","No","35.89015, -78.6976",-78.6976,35.89015
"367",496,497,"Yes","10-Jun",8,"No","Not Applicable","A: Disabling Injury","Driveway / Alley","White","Male","None - Rural Crash","Granville","No","01-01-05","2011-08-05","Bicyclist Failed to Yield - Midblock",19,"Non-Intersection","01-08-01","0001-01-01T14:21:58-04:56","Bicyclist Ride Out - Residential Driveway",353311,2011,"A: Disabling Injury","Farms, Woods, Pastures","25-29",27,"No","41-45 mph","O: No Injury","White","Female","Passenger Car","No","No","Daylight","Rural (<30% Developed)","2 lanes",2,"Curve - Grade","State Secondary Route","Dry","Two-Way, Not Divided","None","Driveway, Private","Smooth Asphalt","Piedmont","Rural","50 - 55  MPH","No Control Present","Clear","No","36.30043, -78.7939",-78.7939,36.30043
"368",497,498,"Yes","15-Nov",14,"No","With Traffic","C: Possible Injury","Other","White","Male","Albemarle","Stanly","No","01-01-05","2011-07-29","Motorist Failed to Yield - Sign-Controlled Intersection",9,"Intersection","01-07-01","0001-01-01T04:03:58-04:56","Motorist Drive Out - Sign-Controlled Intersection",181141,2011,"C: Possible Injury","Commercial","50-59",53,"No","0-5 mph","O: No Injury","White","Female","Passenger Car","No","No","Daylight","Urban (>70% Developed)","2 lanes",2,"Straight - Level","Local Street","Dry","Two-Way, Not Divided","None","T-Intersection","Smooth Asphalt","Piedmont","Urban","20 - 25  MPH","Stop Sign","Clear","No","35.38746, -80.1945",-80.1945,35.38746
"369",505,506,"Yes","40-49",40,"No","With Traffic","C: Possible Injury","Travel Lane","White","Male","None - Rural Crash","Moore","No","01-01-03","2011-08-10","Motorist Overtaking Bicyclist",7,"Non-Intersection","01-08-01","0001-01-01T02:29:58-04:56","Motorist Overtaking - Misjudged Space",311232,2011,"C: Possible Injury","Farms, Woods, Pastures","60-69",64,"No","31-35 mph","O: No Injury","White","Male","Passenger Car","No","No","Daylight","Rural (<30% Developed)","2 lanes",2,"Straight - Level","State Secondary Route","Dry","Two-Way, Not Divided","None","No Special Feature","Smooth Asphalt","Piedmont","Rural","50 - 55  MPH","Double Yellow Line, No Passing Zone","Clear","No","35.2434, -79.3519",-79.3519,35.2434
"370",508,509,"Yes","30-39",39,"No","Facing Traffic","C: Possible Injury","Travel Lane","Asian","Female","Chapel Hill","Orange","No","01-01-04","2011-08-04","Motorist Failed to Yield - Sign-Controlled Intersection",16,"Intersection","01-08-01","0001-01-01T11:36:58-04:56","Motorist Drive Out - Sign-Controlled Intersection",112141,2011,"C: Possible Injury","Commercial","50-59",54,"No","0-5 mph","O: No Injury","White","Male","Passenger Car","No","No","Daylight","Mixed (30% To 70% Developed)","4 lanes",2,"Curve - Level","Local Street","Dry","Two-Way, Divided, Positive Median Barrier","None","T-Intersection","Smooth Asphalt","Piedmont","Urban","20 - 25  MPH","No Control Present","Clear","No","35.90737, -79.0209",-79.0209,35.90737
"371",517,518,"Yes","25-29",26,"No","With Traffic","B: Evident Injury","Travel Lane","White","Male","Durham","Durham","No","01-01-04","2011-08-11","Bicyclist Failed to Yield - Sign-Controlled Intersection",17,"Intersection","01-08-01","0001-01-01T12:33:58-04:56","Bicyclist Ride Out - Sign-Controlled Intersection",111142,2011,"B: Evident Injury","Commercial","25-29",25,"No","31-35 mph","Injury","White","Female","Sport Utility","No","No","Daylight","Urban (>70% Developed)","2 lanes",2,"Straight - Grade","Local Street","Dry","Two-Way, Divided, Unprotected Median","None","T-Intersection","Smooth Asphalt","Piedmont","Urban","30 - 35  MPH","Stop Sign","Clear","No","35.97396, -78.9319",-78.9319,35.97396
"372",519,520,"No","20-24",21,"No","With Traffic","O: No Injury","Travel Lane","White","Male","Raleigh","Wake","No","01-01-06","2011-08-13","Bicyclist Overtaking Motorist",23,"Intersection-Related","01-08-01","0001-01-01T18:59:58-04:56","Bicyclist Overtaking - Passing on Right",211241,2011,"O: No Injury","Commercial","40-49",48,"No","0-5 mph","O: No Injury","Black","Male","Passenger Car","No","No","Dark - Lighted Roadway","Urban (>70% Developed)","2 lanes",2,"Straight - Level","Local Street","Dry","Two-Way, Not Divided","None","No Special Feature","Smooth Asphalt","Piedmont","Urban","30 - 35  MPH","Stop And Go Signal","Clear","No","35.77559, -78.6393",-78.6393,35.77559
"373",527,528,"Yes","20-24",20,"No","Facing Traffic","C: Possible Injury","Bike Lane / Paved Shoulder","Black","Male","Charlotte","Mecklenburg","No","","2011-08-08","Motorist Failed to Yield - Midblock",15,"Non-Intersection","01-08-01","0001-01-01T10:03:58-04:56","Motorist Drive Out - Commercial Driveway / Alley",322322,2011,"C: Possible Injury","Commercial","50-59",57,"No","0-5 mph","O: No Injury","White","Female","Sport Utility","No","No","Daylight","Urban (>70% Developed)","",2,"Straight - Level","Public Vehicular Area","Dry","Two-Way, Not Divided","None","Driveway, Public","Concrete","Piedmont","Urban","30 - 35  MPH","No Control Present","Clear","No","35.22374, -80.839",-80.839,35.22374
"374",531,532,"Yes","30-39",34,"No","With Traffic","C: Possible Injury","Travel Lane","White","Male","Charlotte","Mecklenburg","No","01-01-03","2011-08-10","Motorist Left Turn / Merge",18,"Non-Intersection","01-08-01","0001-01-01T13:40:58-04:56","Motorist Left Turn - Opposite Direction",311212,2011,"C: Possible Injury","Commercial","50-59",53,"No","6-10 mph","O: No Injury","White","Male","Light Truck (Mini-Van, Panel)","No","No","Daylight","Urban (>70% Developed)","3 lanes",2,"Straight - Level","Local Street","Dry","Two-Way, Divided, Unprotected Median","None","No Special Feature","Smooth Asphalt","Piedmont","Urban","30 - 35  MPH","No Control Present","Clear","No","35.20068, -80.8429",-80.8429,35.20068
"375",532,533,"No","40-49",41,"No","With Traffic","C: Possible Injury","Sidewalk / Crosswalk / Driveway Crossing","Black","Male","Charlotte","Mecklenburg","No","01-01-04","2011-08-11","Motorist Right Turn / Merge",8,"Non-Intersection","01-08-01","0001-01-01T03:22:58-04:56","Motorist Right Turn - Same Direction",331213,2011,"C: Possible Injury","Commercial","60-69",66,"No","26-30 mph","O: No Injury","White","Male","Passenger Car","No","No","Daylight","Urban (>70% Developed)","4 lanes",2,"Straight - Grade","Local Street","Dry","Two-Way, Divided, Positive Median Barrier","None","Driveway, Public","Coarse Asphalt","Piedmont","Urban","40 - 45  MPH","No Control Present","Cloudy","No","35.14777, -80.9256",-80.9256,35.14777
"376",545,546,"Yes","15-Nov",14,"No","With Traffic","A: Disabling Injury","Travel Lane","White","Male","None - Rural Crash","Johnston","No","","2011-08-22","Bicyclist Left Turn / Merge",9,"Intersection","01-08-01","0001-01-01T04:13:58-04:56","Bicyclist Left Turn - Same Direction",111221,2011,"A: Disabling Injury","Residential","0-19",15,"No","41-45 mph","O: No Injury","White","Male","Pickup","No","No","Daylight","Mixed (30% To 70% Developed)","2 lanes",2,"Straight - Level","State Secondary Route","Dry","Two-Way, Not Divided","None","No Special Feature","Coarse Asphalt","Coastal","Rural","40 - 45  MPH","Double Yellow Line, No Passing Zone","Clear","No","35.67907, -78.4292",-78.4292,35.67907
"377",546,547,"No","15-Nov",13,"No","With Traffic","O: No Injury","Travel Lane","White","Male","Cary","Wake","No","01-01-02","2011-08-02","Motorist Failed to Yield - Sign-Controlled Intersection",17,"Intersection","01-08-01","0001-01-01T12:03:58-04:56","Motorist Drive Out - Sign-Controlled Intersection",111141,2011,"O: No Injury","Residential","",NA,"Missing","","Injury","/Missing","","","No","Yes","Daylight","Urban (>70% Developed)","",2,"Straight - Grade","Public Vehicular Area","Dry","Two-Way, Not Divided","None","T-Intersection","Smooth Asphalt","Piedmont","Urban","","Stop Sign","Clear","No","35.85686, -78.8979",-78.8979,35.85686
"378",548,549,"Yes","15-Nov",14,"No","Facing Traffic","B: Evident Injury","Travel Lane","Hispanic","Male","Durham","Durham","No","","2011-08-22","Motorist Failed to Yield - Sign-Controlled Intersection",14,"Intersection","01-08-01","0001-01-01T09:34:58-04:56","Motorist Drive Out - Sign-Controlled Intersection",112141,2011,"B: Evident Injury","Residential","0-19",18,"No","11-15 mph","O: No Injury","Black","Female","Passenger Car","No","No","Daylight","Urban (>70% Developed)","2 lanes",2,"Straight - Hillcrest","Public Vehicular Area","Dry","Two-Way, Not Divided","None","No Special Feature","Smooth Asphalt","Piedmont","Urban","5 - 15 MPH","Stop Sign","Clear","No","35.91848, -78.9253",-78.9253,35.91848
"379",552,553,"No","20-24",24,"No","With Traffic","O: No Injury","Sidewalk / Crosswalk / Driveway Crossing","Hispanic","Male","Charlotte","Mecklenburg","No","01-01-05","2011-08-19","Other /  - Insufficient Details",12,"Intersection","01-08-01","0001-01-01T07:53:58-04:56","Approach Paths",131970,2011,"O: No Injury","Commercial","",NA,"Missing","0-5 mph","Injury","/Missing","","","No","Yes","Daylight","Urban (>70% Developed)","",2,"Straight - Level","Public Vehicular Area","Dry","Two-Way, Divided, Positive Median Barrier","None","Driveway, Public","Coarse Asphalt","Piedmont","Urban","30 - 35  MPH","Stop Sign","Clear","No","35.25323, -80.7802",-80.7802,35.25323
"380",555,556,"Yes","50-59",53,"No","With Traffic","K: Killed","Travel Lane","Native American","Male","None - Rural Crash","Robeson","No","01-01-05","2011-08-26","Motorist Overtaking Bicyclist",21,"Non-Intersection","01-08-01","0001-01-01T16:08:58-04:56","Motorist Overtaking - Other /",311239,2011,"K: Killed","Farms, Woods, Pastures","",NA,"No","51-55 mph","Injury","/Missing","","","No","Yes","Dark - Roadway Not Lighted","Rural (<30% Developed)","2 lanes",2,"Straight - Level","State Secondary Route","Dry","Two-Way, Not Divided","None","No Special Feature","Coarse Asphalt","Coastal","Rural","50 - 55  MPH","No Control Present","Cloudy","No","34.78262, -79.3189",-79.3189,34.78262
"381",559,560,"No","",NA,"Missing","With Traffic","Injury","Travel Lane","/Missing","","Greensboro","Guilford","No","01-01-02","2011-08-16","Motorist Right Turn / Merge",21,"Intersection","01-08-01","0001-01-01T16:08:58-04:56","Motorist Right Turn - Same Direction",111213,2011,"Injury","Commercial","",NA,"No","6-10 mph","Injury","/Missing","","Truck/Trailer","No","Yes","Dark - Lighted Roadway","Urban (>70% Developed)","3 lanes",2,"Straight - Level","Local Street","Dry","Two-Way, Not Divided","None","No Special Feature","Smooth Asphalt","Piedmont","Urban","30 - 35  MPH","Stop And Go Signal","Clear","No","36.05221, -79.8226",-79.8226,36.05221
"382",568,569,"No","10-Jun",8,"No","With Traffic","O: No Injury","Travel Lane","Black","Female","Burlington","Alamance","No","","2011-08-22","Bicyclist Failed to Yield - Sign-Controlled Intersection",13,"Intersection","01-08-01","0001-01-01T08:36:58-04:56","Bicyclist Ride Through - Sign-Controlled Intersection",111144,2011,"O: No Injury","Residential","50-59",54,"No","31-35 mph","O: No Injury","White","Female","Passenger Car","No","No","Daylight","Urban (>70% Developed)","2 lanes",2,"Straight - Grade","Local Street","Dry","Two-Way, Not Divided","None","T-Intersection","Smooth Asphalt","Piedmont","Urban","30 - 35  MPH","Stop Sign","Clear","No","36.08841, -79.4417",-79.4417,36.08841
"383",569,570,"Yes","30-39",36,"No","With Traffic","B: Evident Injury","Travel Lane","White","Male","Asheville","Buncombe","No","01-01-05","2011-08-19","Motorist Left Turn / Merge",11,"Non-Intersection","01-08-01","0001-01-01T06:29:58-04:56","Motorist Left Turn - Opposite Direction",311212,2011,"B: Evident Injury","Commercial","50-59",58,"No","0-5 mph","O: No Injury","White","Male","Pickup","No","No","Daylight","Urban (>70% Developed)","5 lanes",2,"Curve - Grade","US Route","Dry","Two-Way, Divided, Unprotected Median","None","T-Intersection","Smooth Asphalt","Mountains","Urban","30 - 35  MPH","No Control Present","Clear","No","35.56645, -82.5444",-82.5444,35.56645
"384",570,571,"Yes","50-59",58,"No","With Traffic","B: Evident Injury","Travel Lane","White","Male","None - Rural Crash","Cleveland","No","01-01-02","2011-08-30","Motorist Failed to Yield - Sign-Controlled Intersection",8,"Intersection","01-08-01","0001-01-01T03:46:58-04:56","Motorist Drive Out - Sign-Controlled Intersection",111141,2011,"B: Evident Injury","Residential","40-49",46,"No","0-5 mph","O: No Injury","White","Male","Pickup","No","No","Daylight","Rural (<30% Developed)","2 lanes",2,"Straight - Level","State Secondary Route","Dry","Two-Way, Not Divided","None","Four-Way Intersection","Smooth Asphalt","Mountains","Rural","40 - 45  MPH","Stop Sign","Clear","No","35.31992, -81.4957",-81.4957,35.31992
"385",571,572,"Yes","16-19",16,"No","Not Applicable","B: Evident Injury","Non-Roadway","White","Male","Elon College","Alamance","No","","2011-08-22","Non-Roadway",13,"Non-Roadway","01-08-01","0001-01-01T08:57:58-04:56","Non-Roadway",460910,2011,"B: Evident Injury","Residential","30-39",35,"No","","O: No Injury","White","Male","Van","No","No","Daylight","Urban (>70% Developed)","2 lanes",2,"Straight - Grade","Public Vehicular Area","Dry","Two-Way, Not Divided","None","Driveway, Public","Smooth Asphalt","Piedmont","Urban","","No Control Present","Clear","No","36.11064, -79.5201",-79.5201,36.11064
"386",593,594,"Yes","40-49",49,"No","With Traffic","B: Evident Injury","Travel Lane","White","Male","None - Rural Crash","Johnston","No","01-01-07","2011-09-04","Motorist Overtaking Bicyclist",15,"Non-Intersection","01-09-01","0001-01-01T10:46:58-04:56","Motorist Overtaking - Other /",311239,2011,"B: Evident Injury","Farms, Woods, Pastures","",NA,"No","51-55 mph","Injury","/Missing","","Pickup","No","Yes","Daylight","Rural (<30% Developed)","2 lanes",2,"Straight - Level","State Secondary Route","Dry","Two-Way, Not Divided","None","No Special Feature","Coarse Asphalt","Coastal","Rural","50 - 55  MPH","No Control Present","Clear","No","35.48488, -78.6057",-78.6057,35.48488
"387",595,596,"Yes","25-29",27,"No","With Traffic","B: Evident Injury","Travel Lane","White","Male","Raleigh","Wake","No","01-01-05","2011-09-02","Bicyclist Overtaking Motorist",13,"Non-Intersection","01-09-01","0001-01-01T08:26:58-04:56","Bicyclist Overtaking - Passing on Right",311241,2011,"B: Evident Injury","Commercial","20-24",21,"No","0-5 mph","O: No Injury","White","Male","Passenger Car","No","No","Daylight","Urban (>70% Developed)","2 lanes",2,"Straight - Level","Local Street","Dry","Two-Way, Not Divided","None","No Special Feature","Smooth Asphalt","Piedmont","Urban","30 - 35  MPH","No Control Present","Clear","No","35.78888, -78.6732",-78.6732,35.78888
"388",598,599,"No","25-29",26,"No","With Traffic","O: No Injury","Travel Lane","White","Male","Fayetteville","Cumberland","No","01-01-04","2011-09-08","Motorist Left Turn / Merge",7,"Intersection","01-09-01","0001-01-01T02:03:58-04:56","Motorist Left Turn - Opposite Direction",111212,2011,"O: No Injury","Commercial","50-59",56,"No","0-5 mph","O: No Injury","Black","Male","Passenger Car","No","No","Daylight","Urban (>70% Developed)","5 lanes",3,"Straight - Level","Local Street","Dry","Two-Way, Not Divided","None","T-Intersection","Coarse Asphalt","Coastal","Urban","30 - 35  MPH","Stop And Go Signal","Cloudy","No","35.04869, -78.8901",-78.8901,35.04869
"389",613,614,"Yes","15-Nov",12,"No","","C: Possible Injury","Travel Lane","Black","Male","Henderson","Vance","No","","2011-09-05","Other /  - Insufficient Details",17,"Intersection","01-09-01","0001-01-01T12:25:58-04:56","Approach Paths",119970,2011,"C: Possible Injury","Residential","50-59",58,"No","16-20 mph","O: No Injury","Black","Male","Van","No","No","Daylight","Urban (>70% Developed)","2 lanes",2,"Straight - Level","Local Street","Dry","Two-Way, Not Divided","None","No Special Feature","Coarse Asphalt","Piedmont","Urban","30 - 35  MPH","Stop Sign","Clear","No","36.32742, -78.3849",-78.3849,36.32742
"390",614,615,"Yes","15-Nov",15,"No","Facing Traffic","C: Possible Injury","Sidewalk / Crosswalk / Driveway Crossing","Native American","Male","Fuquay-Varina","Wake","No","01-01-07","2011-08-07","Motorist Failed to Yield - Midblock",14,"Non-Intersection","01-08-01","0001-01-01T09:31:58-04:56","Motorist Drive Out - Commercial Driveway / Alley",332322,2011,"C: Possible Injury","Commercial","25-29",28,"No","0-5 mph","O: No Injury","Native American","Male","Sport Utility","No","No","Daylight","Urban (>70% Developed)","",2,"Straight - Bottom","Public Vehicular Area","Dry","Two-Way, Not Divided","None","Driveway, Public","Smooth Asphalt","Piedmont","Urban","5 - 15 MPH","Stop Sign","Clear","No","35.56824, -78.8012",-78.8012,35.56824
"391",617,618,"Yes","16-19",18,"No","With Traffic","C: Possible Injury","Sidewalk / Crosswalk / Driveway Crossing","Black","Male","Gastonia","Gaston","No","01-01-05","2011-09-02","Motorist Right Turn / Merge",11,"Intersection","01-09-01","0001-01-01T06:41:58-04:56","Motorist Right Turn - Same Direction",131213,2011,"C: Possible Injury","Commercial","70+",NA,"No","","O: No Injury","White","Male","Pickup","No","No","Daylight","Urban (>70% Developed)","5 lanes",2,"Straight - Grade","Local Street","Dry","Two-Way, Not Divided","None","Four-Way Intersection","Smooth Asphalt","Piedmont","Urban","30 - 35  MPH","Stop And Go Signal","Clear","No","35.2655, -81.1776",-81.1776,35.2655
"392",627,628,"Yes","20-24",22,"No","With Traffic","A: Disabling Injury","Other","Black","Male","None - Rural Crash","Hoke","No","01-01-04","2011-09-15","Bicyclist Failed to Yield - Sign-Controlled Intersection",22,"Intersection-Related","01-09-01","0001-01-01T17:08:58-04:56","Bicyclist Ride Out - Sign-Controlled Intersection",281142,2011,"A: Disabling Injury","Residential","20-24",22,"No","41-45 mph","O: No Injury","White","Female","Passenger Car","No","No","Dark - Roadway Not Lighted","Mixed (30% To 70% Developed)","2 lanes",2,"Straight - Level","US Route","Wet","Two-Way, Not Divided","None","No Special Feature","Smooth Asphalt","Coastal","Rural","40 - 45  MPH","Double Yellow Line, No Passing Zone","Cloudy","No","34.99253, -79.1859",-79.1859,34.99253
"393",639,640,"No","30-39",32,"No","With Traffic","Injury","Travel Lane","White","Male","Southern Pines","Moore","No","01-01-06","2011-09-10","Motorist Failed to Yield - Sign-Controlled Intersection",21,"Intersection","01-09-01","0001-01-01T16:09:58-04:56","Motorist Drive Out - Sign-Controlled Intersection",111141,2011,"O: No Injury","Commercial","30-39",32,"No","0-5 mph","O: No Injury","Black","Female","Passenger Car","No","No","Dark - Roadway Not Lighted","Urban (>70% Developed)","2 lanes",2,"Straight - Hillcrest","State Secondary Route","Dry","Two-Way, Not Divided","None","Four-Way Intersection","Coarse Asphalt","Piedmont","Urban","30 - 35  MPH","Stop Sign","Clear","No","35.16977, -79.4052",-79.4052,35.16977
"394",643,644,"No","15-Nov",11,"No","Not Applicable","C: Possible Injury","Non-Roadway","White","Male","Charlotte","Mecklenburg","No","01-01-04","2011-09-15","Non-Roadway",17,"Non-Roadway","01-09-01","0001-01-01T12:43:58-04:56","Non-Roadway",460910,2011,"C: Possible Injury","Commercial","30-39",34,"No","6-10 mph","O: No Injury","White","Female","Passenger Car","No","No","Daylight","Urban (>70% Developed)","2 lanes",2,"Straight - Level","Public Vehicular Area","Dry","Two-Way, Not Divided","None","No Special Feature","Coarse Asphalt","Piedmont","Urban","30 - 35  MPH","No Control Present","Clear","No","35.1166, -80.8582",-80.8582,35.1166
"395",645,646,"Yes","40-49",41,"Yes","Facing Traffic","C: Possible Injury","Sidewalk / Crosswalk / Driveway Crossing","Black","Male","Kinston","Lenoir","Yes","01-01-05","2011-06-03","Motorist Failed to Yield - Sign-Controlled Intersection",17,"Intersection","01-06-01","0001-01-01T12:08:58-04:56","Motorist Drive Out - Sign-Controlled Intersection",132141,2011,"C: Possible Injury","Residential","40-49",42,"No","0-5 mph","O: No Injury","White","Male","Passenger Car","No","No","Daylight","Urban (>70% Developed)","2 lanes",2,"Straight - Grade","Local Street","Dry","Two-Way, Not Divided","None","T-Intersection","Smooth Asphalt","Coastal","Urban","30 - 35  MPH","Stop Sign","Clear","No","35.27119, -77.5807",-77.5807,35.27119
"396",650,651,"No","30-39",31,"No","Facing Traffic","O: No Injury","Travel Lane","Black","Male","Elizabeth City","Pasquotank","No","","2011-09-19","Bicyclist Failed to Yield - Sign-Controlled Intersection",15,"Intersection","01-09-01","0001-01-01T10:39:58-04:56","Bicyclist Ride Out - Sign-Controlled Intersection",112142,2011,"O: No Injury","Residential","50-59",50,"No","0-5 mph","O: No Injury","Black","Female","Passenger Car","No","No","Daylight","Urban (>70% Developed)","2 lanes",2,"Straight - Level","Local Street","Dry","Two-Way, Not Divided","None","No Special Feature","Coarse Asphalt","Coastal","Urban","20 - 25  MPH","Stop Sign","Clear","No","36.30646, -76.2189",-76.2189,36.30646
"397",653,654,"Yes","30-39",34,"No","Facing Traffic","C: Possible Injury","Travel Lane","Black","Male","None - Rural Crash","Washington","No","","2011-08-08","Head-On",17,"Intersection","01-08-01","0001-01-01T12:23:58-04:56","Head-On - Bicyclist",112250,2011,"C: Possible Injury","Farms, Woods, Pastures","50-59",55,"No","31-35 mph","O: No Injury","White","Male","Pickup","No","No","Daylight","Rural (<30% Developed)","2 lanes",2,"Straight - Level","State Secondary Route","Dry","Two-Way, Not Divided","None","No Special Feature","Smooth Asphalt","Coastal","Rural","50 - 55  MPH","No Control Present","Clear","No","35.88441, -76.7084",-76.7084,35.88441
"398",659,660,"Yes","40-49",45,"No","Facing Traffic","B: Evident Injury","Travel Lane","Black","Male","Dunn","Harnett","No","01-01-06","2011-09-03","Motorist Failed to Yield - Sign-Controlled Intersection",11,"Intersection","01-09-01","0001-01-01T07:00:58-04:56","Motorist Drive Out - Sign-Controlled Intersection",112141,2011,"B: Evident Injury","Residential","40-49",46,"No","6-10 mph","O: No Injury","Black","Female","Passenger Car","No","No","Daylight","Urban (>70% Developed)","2 lanes",2,"Straight - Level","Local Street","Dry","Two-Way, Not Divided","None","No Special Feature","Coarse Asphalt","Coastal","Urban","30 - 35  MPH","Stop Sign","Clear","No","35.30378, -78.6068",-78.6068,35.30378
"399",660,661,"Yes","15-Nov",13,"No","With Traffic","B: Evident Injury","Travel Lane","Black","Male","None - Rural Crash","Vance","No","01-01-03","2011-09-28","Motorist Overtaking Bicyclist",7,"Non-Intersection","01-09-01","0001-01-01T02:25:58-04:56","Motorist Overtaking - Bicyclist Swerved",311235,2011,"B: Evident Injury","Farms, Woods, Pastures","0-19",17,"No","41-45 mph","O: No Injury","White","Male","Sport Utility","No","No","Daylight","Rural (<30% Developed)","2 lanes",2,"Straight - Level","NC Route","Wet","Two-Way, Not Divided","None","No Special Feature","Smooth Asphalt","Piedmont","Rural","40 - 45  MPH","Double Yellow Line, No Passing Zone","Cloudy","No","36.30567, -78.3798",-78.3798,36.30567
"400",668,669,"Yes","40-49",40,"Yes","Facing Traffic","C: Possible Injury","Sidewalk / Crosswalk / Driveway Crossing","Black","Male","Warsaw","Duplin","Yes","01-01-04","2011-09-22","Motorist Failed to Yield - Midblock",20,"Non-Intersection","01-09-01","0001-01-01T15:20:58-04:56","Motorist Drive Out - Commercial Driveway / Alley",332322,2011,"C: Possible Injury","Residential","20-24",23,"No","0-5 mph","O: No Injury","White","Male","Passenger Car","No","No","Dark - Roadway Not Lighted","Urban (>70% Developed)","2 lanes",2,"Straight - Level","US Route","Dry","Two-Way, Not Divided","None","Driveway, Public","Coarse Asphalt","Coastal","Rural","30 - 35  MPH","No Control Present","Clear","No","34.99759, -78.0909",-78.0909,34.99759