"","FID","OBJECTID","AmbulanceR","BikeAge_Gr","Bike_Age","Bike_Alc_D","Bike_Dir","Bike_Injur","Bike_Pos","Bike_Race","Bike_Sex","City","County","CrashAlcoh","CrashDay","Crash_Date","Crash_Grp","Crash_Hour","Crash_Loc","Crash_Mont","Crash_Time","Crash_Type","Crash_Ty_1","Crash_Year","Crsh_Sevri","Developmen","DrvrAge_Gr","Drvr_Age","Drvr_Alc_D","Drvr_EstSp","Drvr_Injur","Drvr_Race","Drvr_Sex","Drvr_VehTy","ExcsSpdInd","Hit_Run","Light_Cond","Locality","Num_Lanes","Num_Units","Rd_Charact","Rd_Class","Rd_Conditi","Rd_Config","Rd_Defects","Rd_Feature","Rd_Surface","Region","Rural_Urba","Speed_Limi","Traff_Cntr","Weather","Workzone_I","Location","locx","locy"
"401",1008,1009,"Yes","20-24",22,"No","With Traffic","C: Possible Injury","Travel Lane","Black","Male","Benson","Johnston","No","01-01-02","2008-10-28","Loss of Control / Turning Error",21,"Intersection","01-10-01","0001-01-01T16:44:58-04:56","Bicyclist Turning Error - Right Turn",111115,2008,"C: Possible Injury","Commercial","30-39",39,"No","0-5 mph","O: No Injury","White","Female","Sport Utility","No","No","Dark - Lighted Roadway","Urban (>70% Developed)","3 lanes",2,"Straight - Level","Local Street","Dry","Two-Way, Not Divided","None","T-Intersection","Smooth Asphalt","Coastal","Rural","30 - 35  MPH","Stop Sign","Clear","No","0.0, 0.0",0,0
"402",1015,1016,"Yes","30-39",31,"No","With Traffic","B: Evident Injury","Travel Lane","White","Male","Durham","Durham","No","01-01-03","2008-11-05","Parking / Bus-Related",17,"Non-Intersection","01-11-01","0001-01-01T13:01:58-04:56","Motorist Drive In / Out - Parking",311215,2008,"B: Evident Injury","Residential","40-49",46,"No","0-5 mph","O: No Injury","White","Male","Passenger Car","No","No","Dark - Roadway Not Lighted","Urban (>70% Developed)","2 lanes",2,"Straight - Level","Local Street","Dry","Two-Way, Not Divided","None","No Special Feature","Smooth Asphalt","Piedmont","Urban","30 - 35  MPH","No Control Present","Clear","No","0.0, 0.0",0,0
"403",1017,1018,"No","50-59",55,"No","Facing Traffic","O: No Injury","Sidewalk / Crosswalk / Driveway Crossing","Black","Male","Rocky Mount","Nash","No","01-01-05","2008-10-10","Motorist Failed to Yield - Midblock",10,"Non-Intersection","01-10-01","0001-01-01T05:36:58-04:56","Motorist Drive Out - Other Midblock",332328,2008,"O: No Injury","Commercial","",NA,"Missing","0-5 mph","Injury","/Missing","","","No","Yes","Daylight","Urban (>70% Developed)","2 lanes",2,"Straight - Level","Local Street","Dry","Two-Way, Divided, Unprotected Median","None","No Special Feature","Coarse Asphalt","Coastal","Urban","30 - 35  MPH","No Control Present","Clear","No0","0.0, 0.0",0,0
"404",10,11,"Yes","20-24",21,"No","With Traffic","B: Evident Injury","Travel Lane","White","Male","None - Rural Crash","Chatham","No","01-01-04","2009-01-29","Motorist Overtaking Bicyclist",16,"Non-Intersection","","0001-01-01T11:17:58-04:56","Motorist Overtaking - Other /",311239,2009,"B: Evident Injury","Residential","30-39",39,"No","51-55 mph","O: No Injury","Black","Male","Pickup","No","No","Daylight","Mixed (30% To 70% Developed)","2 lanes",2,"Straight - Grade","NC Route","Dry","Two-Way, Not Divided","None","No Special Feature","Smooth Asphalt","Piedmont","Rural","50 - 55  MPH","Double Yellow Line, No Passing Zone","Clear","No","35.78878, -78.96376",-78.96376,35.78878
"405",14,15,"Yes","20-24",23,"No","With Traffic","B: Evident Injury","Travel Lane","White","Male","Raleigh","Wake","No","01-01-05","2009-01-09","Motorist Overtaking Bicyclist",7,"Non-Intersection","","0001-01-01T02:14:58-04:56","Motorist Overtaking - Other /",311239,2009,"B: Evident Injury","Commercial","",NA,"Missing","41-45 mph","Injury","/Missing","","","No","Yes","Daylight","Urban (>70% Developed)","4 lanes",2,"Straight - Level","Local Street","Dry","Two-Way, Divided, Positive Median Barrier","None","No Special Feature","Grooved Concrete","Piedmont","Urban","40 - 45  MPH","No Control Present","Clear","No","35.770256, -78.64861",-78.64861,35.770256
"406",19,20,"Yes","20-24",22,"No","Not Applicable","B: Evident Injury","Travel Lane","Black","Male","Wilmington","New Hanover","No","01-01-02","2009-01-13","Crossing Paths - Other Circumstances",19,"Intersection","","0001-01-01T15:00:58-04:56","Crossing Paths - Intersection - Other /",113180,2009,"B: Evident Injury","Commercial","",NA,"Missing","","Injury","/Missing","","","No","Yes","Dark - Lighted Roadway","Urban (>70% Developed)","5 lanes",2,"Straight - Level","US Route","Wet","Two-Way, Not Divided","None","No Special Feature","Coarse Asphalt","Coastal","Urban","","No Control Present","Cloudy","No","34.24257, -77.890854",-77.890854,34.24257
"407",21,22,"Yes","40-49",48,"No","With Traffic","C: Possible Injury","Travel Lane","White","Male","None - Rural Crash","Catawba","No","01-01-02","2009-02-10","Head-On",18,"Non-Intersection","01-02-01","0001-01-01T13:17:58-04:56","Head-On - Motorist",311255,2009,"C: Possible Injury","Farms, Woods, Pastures","30-39",38,"No","56-60 mph","O: No Injury","White","Male","Pickup","No","Yes","Dusk","Rural (<30% Developed)","2 lanes",2,"Straight - Level","State Secondary Route","Dry","Two-Way, Not Divided","None","No Special Feature","Smooth Asphalt","Piedmont","Rural","40 - 45  MPH","No Control Present","Clear","No","35.55422, -81.16478",-81.16478,35.55422
"408",23,24,"Yes","30-39",35,"No","With Traffic","C: Possible Injury","Sidewalk / Crosswalk / Driveway Crossing","Black","Male","Lumberton","Robeson","No","","2009-01-19","Motorist Failed to Yield - Signalized Intersection",9,"Intersection","","0001-01-01T04:22:58-04:56","Motorist Drive Out - Signalized Intersection",131152,2009,"C: Possible Injury","Commercial","",NA,"Missing","0-5 mph","Injury","/Missing","","","No","Yes","Daylight","Urban (>70% Developed)","4 lanes",2,"Straight - Level","NC Route","Wet","Two-Way, Divided, Unprotected Median","None","No Special Feature","Coarse Asphalt","Coastal","Urban","30 - 35  MPH","Stop And Go Signal","Cloudy","No","34.63909, -79.00106",-79.00106,34.63909
"409",29,30,"Yes","50-59",50,"Yes","Facing Traffic","C: Possible Injury","Sidewalk / Crosswalk / Driveway Crossing","White","Male","Hickory","Catawba","Yes","01-01-06","2009-01-24","Motorist Failed to Yield - Sign-Controlled Intersection",16,"Intersection","","0001-01-01T11:06:58-04:56","Motorist Drive Out - Sign-Controlled Intersection",132141,2009,"C: Possible Injury","Commercial","50-59",58,"No","0-5 mph","O: No Injury","Asian","Male","Passenger Car","No","No","Daylight","Urban (>70% Developed)","2 lanes",2,"Straight - Level","Local Street","Dry","Two-Way, Not Divided","None","T-Intersection","Coarse Asphalt","Piedmont","Urban","30 - 35  MPH","Stop Sign","Cloudy","No","35.75545, -81.336365",-81.336365,35.75545
"410",30,31,"Yes","16-19",18,"No","With Traffic","C: Possible Injury","Travel Lane","White","Male","Jacksonville","Onslow","No","01-01-07","2009-01-25","Parallel Paths - Other Circumstances",22,"Non-Intersection","","0001-01-01T17:25:58-04:56","Parallel Paths - Other /",311280,2009,"C: Possible Injury","Commercial","",NA,"No","","Injury","/Missing","","","No","Yes","Dark - Lighted Roadway","Mixed (30% To 70% Developed)","2 lanes",2,"Curve - Level","Local Street","Dry","Two-Way, Divided, Unprotected Median","None","No Special Feature","Smooth Asphalt","Coastal","Urban","20 - 25  MPH","No Control Present","Clear","No","34.79617, -77.39926",-77.39926,34.79617
"411",38,39,"Yes","15-Nov",12,"No","With Traffic","A: Disabling Injury","Driveway / Alley","White","Male","None - Rural Crash","Wayne","No","","2009-01-26","Bicyclist Failed to Yield - Midblock",16,"Non-Intersection","","0001-01-01T11:27:58-04:56","Bicyclist Ride Out - Residential Driveway",351311,2009,"A: Disabling Injury","Farms, Woods, Pastures","60-69",62,"No","46-50 mph","O: No Injury","White","Male","Sport Utility","No","No","Daylight","Rural (<30% Developed)","2 lanes",2,"Straight - Level","State Secondary Route","Dry","Two-Way, Not Divided","None","Driveway, Public","Smooth Asphalt","Coastal","Rural","50 - 55  MPH","No Control Present","Cloudy","No","35.351772, -77.90203",-77.90203,35.351772
"412",40,41,"No","30-39",33,"No","With Traffic","C: Possible Injury","Bike Lane / Paved Shoulder","White","Male","Chapel Hill","Orange","No","01-01-02","2009-02-10","Motorist Right Turn / Merge",12,"Non-Intersection","01-02-01","0001-01-01T07:05:58-04:56","Motorist Right Turn - Same Direction",321213,2009,"C: Possible Injury","Residential","30-39",33,"No","0-5 mph","O: No Injury","White","Male","Passenger Car","No","No","Daylight","Urban (>70% Developed)","2 lanes",2,"Straight - Grade","Local Street","Dry","Two-Way, Not Divided","None","Driveway, Public","Smooth Asphalt","Piedmont","Urban","20 - 25  MPH","Double Yellow Line, No Passing Zone","Clear","No","35.90993, -79.05618",-79.05618,35.90993
"413",53,54,"Yes","10-Jun",7,"No","With Traffic","B: Evident Injury","Travel Lane","White","Male","None - Rural Crash","Union","No","01-01-02","2009-03-10","Bicyclist Failed to Yield - Sign-Controlled Intersection",18,"Intersection","01-03-01","0001-01-01T13:57:58-04:56","Bicyclist Ride Through - Sign-Controlled Intersection",111144,2009,"B: Evident Injury","Residential","50-59",58,"No","21-25 mph","O: No Injury","White","Female","Passenger Car","No","No","Daylight","Mixed (30% To 70% Developed)","2 lanes",2,"Straight - Grade","State Secondary Route","Dry","Two-Way, Not Divided","None","Four-Way Intersection","Smooth Asphalt","Piedmont","Rural","30 - 35  MPH","Stop Sign","Clear","No","35.03427, -80.65122",-80.65122,35.03427
"414",56,57,"Yes","20-24",20,"No","With Traffic","B: Evident Injury","Bike Lane / Paved Shoulder","White","Male","Greensboro","Guilford","No","01-01-03","2009-02-11","Motorist Right Turn / Merge",13,"Intersection-Related","01-02-01","0001-01-01T08:57:58-04:56","Motorist Right Turn - Same Direction",221213,2009,"B: Evident Injury","Institutional","20-24",22,"No","6-10 mph","O: No Injury","White","Female","Passenger Car","No","No","Daylight","Urban (>70% Developed)","4 lanes",2,"Straight - Level","Local Street","Dry","Two-Way, Divided, Unprotected Median","None","T-Intersection","Smooth Asphalt","Piedmont","Urban","20 - 25  MPH","Stop And Go Signal","Clear","No","36.065285, -79.81275",-79.81275,36.065285
"415",63,64,"No","20-24",24,"No","Facing Traffic","C: Possible Injury","Sidewalk / Crosswalk / Driveway Crossing","White","Male","Raleigh","Wake","No","01-01-04","2009-02-19","Motorist Failed to Yield - Signalized Intersection",13,"Intersection","01-02-01","0001-01-01T08:06:58-04:56","Motorist Drive Through - Signalized Intersection",132154,2009,"C: Possible Injury","Commercial","20-24",21,"No","41-45 mph","O: No Injury","White","Male","Passenger Car","No","No","Daylight","Urban (>70% Developed)","4 lanes",2,"Straight - Level","Local Street","Dry","Two-Way, Divided, Unprotected Median","None","T-Intersection","Smooth Asphalt","Piedmont","Urban","40 - 45  MPH","Stop And Go Signal","Clear","No","35.77908, -78.66739",-78.66739,35.77908
"416",70,71,"No","60-69",63,"No","Facing Traffic","O: No Injury","Travel Lane","Black","Male","Wilson","Wilson","No","","2009-03-02","Motorist Failed to Yield - Sign-Controlled Intersection",9,"Intersection","01-03-01","0001-01-01T04:53:58-04:56","Motorist Drive Out - Sign-Controlled Intersection",112141,2009,"O: No Injury","Residential","0-19",16,"No","","O: No Injury","White","Male","Passenger Car","No","No","Daylight","Urban (>70% Developed)","5 lanes",2,"Straight - Level","Local Street","Ice","Two-Way, Not Divided","None","T-Intersection","Coarse Asphalt","Coastal","Urban","30 - 35  MPH","Stop Sign","Snow, Sleet, Hail, Freezing Rain/Drizzle","No","35.76111, -77.93407",-77.93407,35.76111
"417",71,72,"Yes","30-39",35,"No","With Traffic","O: No Injury","Travel Lane","White","Male","None - Rural Crash","Rockingham","No","01-01-06","2009-03-28","Motorist Overtaking Bicyclist",9,"Non-Intersection","01-03-01","0001-01-01T04:55:58-04:56","Motorist Overtaking - Misjudged Space",311232,2009,"O: No Injury","Farms, Woods, Pastures","70+",NA,"No","16-20 mph","O: No Injury","White","Male","Pickup","No","No","Daylight","Rural (<30% Developed)","2 lanes",2,"Straight - Level","State Secondary Route","Wet","Two-Way, Not Divided","None","No Special Feature","Smooth Asphalt","Piedmont","Rural","50 - 55  MPH","No Control Present","Rain","No","36.25763, -79.99194",-79.99194,36.25763
"418",72,73,"Yes","40-49",41,"No","With Traffic","C: Possible Injury","Bike Lane / Paved Shoulder","Black","Female","Durham","Durham","No","01-01-03","2009-03-11","Motorist Right Turn / Merge",9,"Non-Intersection","01-03-01","0001-01-01T04:11:58-04:56","Motorist Right Turn - Same Direction",321213,2009,"C: Possible Injury","Commercial","40-49",41,"No","16-20 mph","O: No Injury","Black","Female","Sport Utility","No","No","Daylight","Mixed (30% To 70% Developed)","3 lanes",2,"Straight - Level","Local Street","Dry","Two-Way, Divided, Unprotected Median","None","No Special Feature","Smooth Asphalt","Piedmont","Urban","30 - 35  MPH","No Control Present","Clear","No","35.977116, -78.93598",-78.93598,35.977116
"419",74,75,"Yes","10-Jun",9,"No","","C: Possible Injury","","Black","Male","Elizabeth City","Pasquotank","No","01-01-02","2009-03-17","Other /  - Insufficient Details",17,"Intersection","01-03-01","0001-01-01T12:33:58-04:56","Approach Paths",199970,2009,"C: Possible Injury","Residential","50-59",55,"No","16-20 mph","O: No Injury","Black","Male","Passenger Car","No","No","Daylight","Mixed (30% To 70% Developed)","2 lanes",2,"Straight - Level","Local Street","Dry","Two-Way, Divided, Unprotected Median","None","No Special Feature","Grooved Concrete","Coastal","Urban","20 - 25  MPH","Stop Sign","Clear","No","36.30615, -76.22945",-76.22945,36.30615
"420",75,76,"No","50-59",50,"Yes","With Traffic","A: Disabling Injury","Sidewalk / Crosswalk / Driveway Crossing","Black","Male","Charlotte","Mecklenburg","Yes","01-01-04","2009-03-19","Parallel Paths - Other Circumstances",16,"Intersection","01-03-01","0001-01-01T11:05:58-04:56","Bicyclist Ride Out - Parallel Path",131225,2009,"A: Disabling Injury","Commercial","20-24",21,"No","26-30 mph","O: No Injury","Black","Male","Passenger Car","No","No","Daylight","Urban (>70% Developed)","5 lanes",2,"Straight - Grade","Local Street","Dry","Two-Way, Divided, Unprotected Median","None","T-Intersection","Smooth Asphalt","Piedmont","Urban","40 - 45  MPH","No Control Present","Clear","No","35.26411, -80.83728",-80.83728,35.26411
"421",80,81,"No","40-49",48,"No","With Traffic","O: No Injury","Travel Lane","White","Male","Pinehurst","Moore","No","01-01-02","2009-03-17","Motorist Overtaking Bicyclist",15,"Non-Intersection","01-03-01","0001-01-01T10:48:58-04:56","Motorist Overtaking - Misjudged Space",311232,2009,"O: No Injury","Residential","",NA,"Missing","","Injury","/Missing","","","No","Yes","Daylight","Mixed (30% To 70% Developed)","4 lanes",2,"Straight - Level","NC Route","Dry","Two-Way, Divided, Unprotected Median","None","No Special Feature","Coarse Asphalt","Piedmont","Urban","30 - 35  MPH","No Control Present","Cloudy","No","35.20204, -79.43869",-79.43869,35.20204
"422",85,86,"Yes","10-Jun",10,"No","Facing Traffic","B: Evident Injury","Travel Lane","Black","Male","Concord","Cabarrus","No","01-01-06","2009-03-21","Motorist Failed to Yield - Sign-Controlled Intersection",11,"Intersection-Related","01-03-01","0001-01-01T06:55:58-04:56","Motorist Drive Out - Sign-Controlled Intersection",212141,2009,"B: Evident Injury","Residential","30-39",38,"No","0-5 mph","O: No Injury","White","Female","Sport Utility","No","No","Daylight","Urban (>70% Developed)","2 lanes",2,"Straight - Level","Local Street","Dry","Two-Way, Not Divided","None","T-Intersection","Coarse Asphalt","Piedmont","Urban","20 - 25  MPH","Stop Sign","Clear","No","35.399994, -80.60347",-80.60347,35.399994
"423",89,90,"No","25-29",29,"No","With Traffic","C: Possible Injury","Travel Lane","White","Female","Wilmington","New Hanover","No","01-01-06","2009-03-14","Motorist Overtaking Bicyclist",9,"Non-Intersection","01-03-01","0001-01-01T04:58:58-04:56","Motorist Overtaking - Other /",311239,2009,"C: Possible Injury","Residential","70+",NA,"No","31-35 mph","O: No Injury","White","Male","Passenger Car","No","No","Daylight","Urban (>70% Developed)","2 lanes",2,"Straight - Level","Local Street","Dry","Two-Way, Not Divided","None","No Special Feature","Coarse Asphalt","Coastal","Urban","30 - 35  MPH","Stop And Go Signal","Cloudy","No","34.2137, -77.88146",-77.88146,34.2137
"424",96,97,"Yes","30-39",36,"No","With Traffic","C: Possible Injury","Travel Lane","White","Male","None - Rural Crash","Alamance","No","","2009-03-23","Motorist Overtaking Bicyclist",6,"Non-Intersection","01-03-01","0001-01-01T01:53:58-04:56","Motorist Overtaking - Other /",311239,2009,"C: Possible Injury","Farms, Woods, Pastures","30-39",35,"No","36-40 mph","O: No Injury","White","Male","Pickup","No","No","Dawn","Rural (<30% Developed)","2 lanes",2,"Straight - Level","State Secondary Route","Dry","Two-Way, Not Divided","None","No Special Feature","Smooth Asphalt","Piedmont","Rural","40 - 45  MPH","No Control Present","Clear","No","36.07843, -79.31724",-79.31724,36.07843
"425",99,100,"Yes","15-Nov",13,"No","With Traffic","B: Evident Injury","Travel Lane","Hispanic","Male","Winston-Salem","Forsyth","No","01-01-05","2009-03-27","Bicyclist Failed to Yield - Sign-Controlled Intersection",15,"Intersection","01-03-01","0001-01-01T11:01:58-04:56","Bicyclist Ride Out - Sign-Controlled Intersection",111142,2009,"B: Evident Injury","Residential","20-24",23,"No","11-15 mph","O: No Injury","White","Male","Van","No","No","Daylight","Urban (>70% Developed)","2 lanes",2,"Straight - Grade","Local Street","Wet","Two-Way, Not Divided","None","Four-Way Intersection","Smooth Asphalt","Piedmont","Urban","30 - 35  MPH","No Control Present","Cloudy","No","36.064682, -80.25191",-80.25191,36.064682
"426",107,108,"No","50-59",55,"No","With Traffic","C: Possible Injury","Travel Lane","White","Male","Tobaccoville","Forsyth","No","01-01-06","2009-04-11","Motorist Failed to Yield - Sign-Controlled Intersection",14,"Intersection","01-04-01","0001-01-01T09:03:58-04:56","Motorist Drive Through - Sign-Controlled Intersection",111143,2009,"C: Possible Injury","Residential","25-29",25,"No","31-35 mph","O: No Injury","Hispanic","Female","Passenger Car","No","No","Daylight","Rural (<30% Developed)","2 lanes",2,"Straight - Level","State Secondary Route","Dry","Two-Way, Not Divided","None","Four-Way Intersection","Smooth Asphalt","Piedmont","Rural","40 - 45  MPH","Stop Sign","Clear","No","36.238224, -80.37114",-80.37114,36.238224
"427",108,109,"Yes","20-24",22,"No","Facing Traffic","C: Possible Injury","Travel Lane","Black","Male","Wilmington","New Hanover","No","01-01-05","2009-04-10","Bicyclist Failed to Yield - Sign-Controlled Intersection",22,"Intersection","01-04-01","0001-01-01T17:48:58-04:56","Bicyclist Ride Through - Sign-Controlled Intersection",112144,2009,"C: Possible Injury","Residential","20-24",24,"No","","O: No Injury","White","Male","Passenger Car","No","No","Dark - Lighted Roadway","Urban (>70% Developed)","2 lanes",2,"Straight - Level","Local Street","Dry","Two-Way, Not Divided","None","No Special Feature","Coarse Asphalt","Coastal","Urban","","No Control Present","Cloudy","No","34.23739, -77.93693",-77.93693,34.23739
"428",110,111,"No","15-Nov",11,"No","Not Applicable","O: No Injury","Non-Roadway","Hispanic","Male","Charlotte","Mecklenburg","No","","2009-04-06","Non-Roadway",13,"Non-Roadway","01-04-01","0001-01-01T08:15:58-04:56","Non-Roadway",460910,2009,"O: No Injury","Residential","50-59",50,"No","0-5 mph","O: No Injury","Black","Male","Pickup","No","No","Daylight","Urban (>70% Developed)","",2,"Straight - Level","Public Vehicular Area","Dry","Two-Way, Not Divided","None","No Special Feature","Smooth Asphalt","Piedmont","Urban","20 - 25  MPH","No Control Present","Cloudy","No","35.20113, -80.73325",-80.73325,35.20113
"429",115,116,"No","16-19",17,"No","Facing Traffic","O: No Injury","Sidewalk / Crosswalk / Driveway Crossing","Asian","Male","Raleigh","Wake","No","01-01-03","2009-03-04","Motorist Failed to Yield - Sign-Controlled Intersection",16,"Intersection","01-03-01","0001-01-01T11:51:58-04:56","Motorist Drive Out - Sign-Controlled Intersection",132141,2009,"O: No Injury","Commercial","20-24",24,"No","","O: No Injury","White","Female","Passenger Car","No","No","Daylight","Urban (>70% Developed)","2 lanes",2,"Straight - Level","Local Street","Dry","Two-Way, Not Divided","None","T-Intersection","Smooth Asphalt","Piedmont","Urban","20 - 25  MPH","Stop Sign","Clear","No","35.849983, -78.60475",-78.60475,35.849983
"430",119,120,"No","15-Nov",11,"No","Not Applicable","B: Evident Injury","Travel Lane","Black","Male","Everetts","Martin","No","01-01-05","2009-04-24","Bicyclist Failed to Yield - Midblock",16,"Non-Intersection","01-04-01","0001-01-01T11:48:58-04:56","Bicyclist Ride Out - Other Midblock",313318,2009,"B: Evident Injury","Residential","70+",NA,"No","21-25 mph","O: No Injury","White","Female","Passenger Car","No","No","Daylight","Urban (>70% Developed)","2 lanes",2,"Straight - Level","US Route","Dry","Two-Way, Not Divided","None","Driveway, Private","Coarse Asphalt","Coastal","Rural","30 - 35  MPH","Double Yellow Line, No Passing Zone","Clear","No","35.834263, -77.17166",-77.17166,35.834263
"431",128,129,"Yes","15-Nov",12,"No","Facing Traffic","C: Possible Injury","Sidewalk / Crosswalk / Driveway Crossing","White","Male","Hickory","Catawba","No","01-01-03","2009-04-15","Motorist Failed to Yield - Sign-Controlled Intersection",13,"Intersection","01-04-01","0001-01-01T08:09:58-04:56","Motorist Drive Out - Sign-Controlled Intersection",132141,2009,"C: Possible Injury","Commercial","30-39",31,"No","0-5 mph","O: No Injury","White","Male","Pickup","No","No","Daylight","Urban (>70% Developed)","5 lanes",2,"Straight - Level","NC Route","Dry","Two-Way, Not Divided","None","T-Intersection","Smooth Asphalt","Piedmont","Urban","30 - 35  MPH","Stop And Go Signal","Clear","No","35.757534, -81.33555",-81.33555,35.757534
"432",138,139,"Yes","70+",NA,"No","Not Applicable","K: Killed","Non-Roadway","White","Male","Southern Shores","Dare","No","01-01-06","2009-03-28","Bicyclist Failed to Yield - Midblock",13,"Non-Intersection","01-03-01","0001-01-01T08:30:58-04:56","Bicyclist Ride Out - Commercial Driveway / Alley",363312,2009,"K: Killed","Commercial","25-29",26,"No","26-30 mph","O: No Injury","White","Male","Pickup","No","No","Daylight","Urban (>70% Developed)","4 lanes",2,"Curve - Hillcrest","NC Route","Dry","Two-Way, Not Divided","None","No Special Feature","Coarse Asphalt","Coastal","Rural","30 - 35  MPH","No Control Present","Clear","No","36.10102, -75.71394",-75.71394,36.10102
"433",141,142,"Yes","25-29",28,"No","With Traffic","B: Evident Injury","Travel Lane","White","Male","Winston-Salem","Forsyth","No","01-01-02","2009-04-21","Motorist Left Turn / Merge",15,"Intersection","01-04-01","0001-01-01T10:38:58-04:56","Motorist Left Turn - Opposite Direction",111212,2009,"B: Evident Injury","Institutional","40-49",44,"No","0-5 mph","O: No Injury","Black","Female","Passenger Car","No","No","Daylight","Urban (>70% Developed)","2 lanes",2,"Straight - Grade","Local Street","Dry","Two-Way, Not Divided","None","T-Intersection","Smooth Asphalt","Piedmont","Urban","30 - 35  MPH","No Control Present","Clear","No","36.091393, -80.26521",-80.26521,36.091393
"434",144,145,"Yes","40-49",42,"Yes","With Traffic","K: Killed","Travel Lane","White","Male","None - Rural Crash","Catawba","Yes","01-01-06","2009-04-18","Bicyclist Left Turn / Merge",22,"Non-Intersection","01-04-01","0001-01-01T17:50:58-04:56","Bicyclist Left Turn - Same Direction",311221,2009,"K: Killed","Residential","20-24",24,"No","51-55 mph","O: No Injury","White","Female","Sport Utility","No","No","Dark - Roadway Not Lighted","Urban (>70% Developed)","2 lanes",3,"Straight - Level","NC Route","Dry","Two-Way, Not Divided","None","No Special Feature","Smooth Asphalt","Piedmont","Rural","50 - 55  MPH","Double Yellow Line, No Passing Zone","Clear","No","35.60828, -81.11734",-81.11734,35.60828
"435",147,148,"No","40-49",43,"No","With Traffic","C: Possible Injury","Other","Black","Male","Raleigh","Wake","No","01-01-06","2009-04-04","Motorist Overtaking Bicyclist",17,"Non-Intersection","01-04-01","0001-01-01T12:07:58-04:56","Motorist Overtaking - Misjudged Space",381232,2009,"C: Possible Injury","Residential","",NA,"Missing","41-45 mph","Injury","/Missing","","","No","Yes","Dusk","Mixed (30% To 70% Developed)","2 lanes",2,"Straight - Level","Local Street","Dry","Two-Way, Not Divided","None","No Special Feature","Smooth Asphalt","Piedmont","Urban","40 - 45  MPH","No Control Present","Clear","No","35.736233, -78.56458",-78.56458,35.736233
"436",148,149,"Yes","40-49",47,"No","With Traffic","C: Possible Injury","Travel Lane","Black","Male","None - Rural Crash","Harnett","No","01-01-04","2009-04-23","Bicyclist Overtaking Motorist",14,"Intersection","01-04-01","0001-01-01T09:28:58-04:56","Bicyclist Overtaking - Other /",111249,2009,"C: Possible Injury","Farms, Woods, Pastures","50-59",58,"No","41-45 mph","O: No Injury","Black","Female","Passenger Car","No","No","Daylight","Rural (<30% Developed)","2 lanes",2,"Straight - Level","State Secondary Route","Dry","Two-Way, Not Divided","None","T-Intersection","Coarse Asphalt","Coastal","Rural","50 - 55  MPH","No Control Present","Clear","No","35.28311, -78.636055",-78.636055,35.28311
"437",151,152,"No","40-49",48,"No","With Traffic","B: Evident Injury","Travel Lane","White","Male","None - Rural Crash","Chatham","No","01-01-05","2009-05-08","Motorist Overtaking Bicyclist",11,"Non-Intersection","01-05-01","0001-01-01T06:03:58-04:56","Motorist Overtaking - Misjudged Space",311232,2009,"B: Evident Injury","Farms, Woods, Pastures","60-69",61,"No","41-45 mph","O: No Injury","White","Male","Pickup","No","No","Daylight","Rural (<30% Developed)","2 lanes",2,"Straight - Level","NC Route","Dry","Two-Way, Not Divided","None","No Special Feature","Smooth Asphalt","Piedmont","Rural","40 - 45  MPH","Double Yellow Line, No Passing Zone","Clear","No","35.788883, -78.96377",-78.96377,35.788883
"438",155,156,"No","16-19",16,"No","With Traffic","B: Evident Injury","Travel Lane","Native American","Male","Pembroke","Robeson","No","01-01-02","2009-05-05","Loss of Control / Turning Error",19,"Intersection","01-05-01","0001-01-01T14:33:58-04:56","Bicyclist Lost Control - Mechanical Problems",111121,2009,"B: Evident Injury","Commercial","40-49",48,"No","21-25 mph","O: No Injury","White","Female","Passenger Car","No","No","Dark - Lighted Roadway","Mixed (30% To 70% Developed)","2 lanes",2,"Curve - Grade","Local Street","Wet","Two-Way, Not Divided","None","No Special Feature","Smooth Asphalt","Coastal","Rural","20 - 25  MPH","No Control Present","Cloudy","No","34.680332, -79.194595",-79.194595,34.680332
"439",157,158,"Yes","15-Nov",15,"Yes","With Traffic","B: Evident Injury","Travel Lane","White","Male","Franklinton","Franklin","Yes","01-01-05","2009-05-01","Motorist Overtaking Bicyclist",19,"Non-Intersection","01-05-01","0001-01-01T14:21:58-04:56","Motorist Overtaking - Bicyclist Swerved",311235,2009,"B: Evident Injury","Residential","20-24",22,"No","41-45 mph","O: No Injury","Black","Male","Sport Utility","No","No","Daylight","Rural (<30% Developed)","2 lanes",2,"Straight - Level","State Secondary Route","Dry","Two-Way, Not Divided","None","No Special Feature","Smooth Asphalt","Piedmont","Rural","40 - 45  MPH","No Control Present","Cloudy","No","36.09544, -78.429474",-78.429474,36.09544
"440",161,162,"Yes","15-Nov",15,"No","Not Applicable","B: Evident Injury","Driveway / Alley","White","Male","None - Rural Crash","Randolph","No","01-01-06","2009-05-09","Crossing Paths - Other Circumstances",14,"Intersection","01-05-01","0001-01-01T09:28:58-04:56","Crossing Paths - Uncontrolled Intersection",153160,2009,"B: Evident Injury","Residential","30-39",31,"No","51-55 mph","O: No Injury","White","Female","Passenger Car","No","No","Daylight","Mixed (30% To 70% Developed)","2 lanes",2,"Curve - Level","State Secondary Route","Dry","Two-Way, Not Divided","None","Driveway, Private","Smooth Asphalt","Piedmont","Rural","50 - 55  MPH","Double Yellow Line, No Passing Zone","Clear","No","35.653214, -79.796074",-79.796074,35.653214