"","FID","OBJECTID","AmbulanceR","BikeAge_Gr","Bike_Age","Bike_Alc_D","Bike_Dir","Bike_Injur","Bike_Pos","Bike_Race","Bike_Sex","City","County","CrashAlcoh","CrashDay","Crash_Date","Crash_Grp","Crash_Hour","Crash_Loc","Crash_Mont","Crash_Time","Crash_Type","Crash_Ty_1","Crash_Year","Crsh_Sevri","Developmen","DrvrAge_Gr","Drvr_Age","Drvr_Alc_D","Drvr_EstSp","Drvr_Injur","Drvr_Race","Drvr_Sex","Drvr_VehTy","ExcsSpdInd","Hit_Run","Light_Cond","Locality","Num_Lanes","Num_Units","Rd_Charact","Rd_Class","Rd_Conditi","Rd_Config","Rd_Defects","Rd_Feature","Rd_Surface","Region","Rural_Urba","Speed_Limi","Traff_Cntr","Weather","Workzone_I","Location","locx","locy"
"441",162,163,"No","25-29",25,"No","With Traffic","B: Evident Injury","Travel Lane","White","Male","Boone","Watauga","No","01-01-02","2009-05-05","Motorist Left Turn / Merge",19,"Non-Intersection","01-05-01","0001-01-01T14:15:58-04:56","Motorist Left Turn - Opposite Direction",311212,2009,"B: Evident Injury","Commercial","0-19",19,"No","0-5 mph","O: No Injury","White","Female","Passenger Car","No","No","Daylight","Urban (>70% Developed)","2 lanes",2,"Straight - Level","Local Street","Dry","Two-Way, Not Divided","None","No Special Feature","Smooth Asphalt","Mountains","Urban","20 - 25  MPH","Stop Sign","Clear","No","36.216908, -81.68258",-81.68258,36.216908
"442",167,168,"Yes","10-Jun",7,"No","Not Applicable","B: Evident Injury","Non-Roadway","Black","Male","Albemarle","Stanly","No","01-01-05","2009-05-08","Bicyclist Failed to Yield - Midblock",18,"Non-Intersection","01-05-01","0001-01-01T13:03:58-04:56","Bicyclist Ride Out - Other Midblock",363318,2009,"B: Evident Injury","Residential","20-24",23,"No","21-25 mph","O: No Injury","Black","Male","Passenger Car","No","No","Daylight","Urban (>70% Developed)","2 lanes",2,"Straight - Hillcrest","Local Street","Dry","Two-Way, Not Divided","None","No Special Feature","Smooth Asphalt","Piedmont","Urban","30 - 35  MPH","No Control Present","Clear","No","35.346252, -80.19498",-80.19498,35.346252
"443",187,188,"No","60-69",62,"No","With Traffic","C: Possible Injury","Travel Lane","Black","Male","Rocky Mount","Edgecombe","No","01-01-04","2009-04-09","Bicyclist Left Turn / Merge",14,"Non-Intersection","01-04-01","0001-01-01T09:03:58-04:56","Bicyclist Left Turn - Same Direction",311221,2009,"C: Possible Injury","Commercial","70+",NA,"No","26-30 mph","O: No Injury","Black","Male","Pickup","No","No","Daylight","Urban (>70% Developed)","4 lanes",2,"Straight - Level","Local Street","Dry","Two-Way, Divided, Unprotected Median","None","No Special Feature","Smooth Asphalt","Coastal","Urban","30 - 35  MPH","No Control Present","Clear","No","35.94431, -77.79167",-77.79167,35.94431
"444",190,191,"Yes","20-24",24,"No","With Traffic","C: Possible Injury","Travel Lane","White","Male","Durham","Durham","No","","2009-05-25","Motorist Left Turn / Merge",18,"Intersection","01-05-01","0001-01-01T13:17:58-04:56","Motorist Left Turn - Opposite Direction",111212,2009,"C: Possible Injury","Residential","40-49",46,"No","6-10 mph","O: No Injury","Black","Male","Passenger Car","No","No","Daylight","Urban (>70% Developed)","5 lanes",2,"Straight - Level","Local Street","Dry","Two-Way, Not Divided","None","No Special Feature","Smooth Asphalt","Piedmont","Urban","30 - 35  MPH","Stop And Go Signal","Clear","No","36.016857, -78.911835",-78.911835,36.016857
"445",197,198,"Yes","50-59",50,"No","Not Applicable","C: Possible Injury","Sidewalk / Crosswalk / Driveway Crossing","Black","Male","Rocky Mount","Nash","No","01-01-03","2009-04-01","Motorist Failed to Yield - Sign-Controlled Intersection",15,"Intersection","01-04-01","0001-01-01T10:44:58-04:56","Motorist Drive Out - Sign-Controlled Intersection",133141,2009,"C: Possible Injury","Residential","0-19",19,"No","0-5 mph","O: No Injury","Black","Female","Passenger Car","No","No","Daylight","Urban (>70% Developed)","5 lanes",2,"Straight - Level","Local Street","Dry","Two-Way, Not Divided","None","No Special Feature","Smooth Asphalt","Coastal","Urban","30 - 35  MPH","No Control Present","Cloudy","No","35.923088, -77.80523",-77.80523,35.923088
"446",199,200,"Yes","10-Jun",8,"No","Not Applicable","B: Evident Injury","","Black","Male","Shelby","Cleveland","No","01-01-02","2009-05-19","Bicyclist Failed to Yield - Midblock",19,"Non-Intersection","01-05-01","0001-01-01T14:33:58-04:56","Multiple Threat - Midblock",393357,2009,"B: Evident Injury","Residential","30-39",32,"No","6-10 mph","O: No Injury","Black","Female","Passenger Car","No","No","Daylight","Urban (>70% Developed)","2 lanes",2,"Curve - Grade","Local Street","Dry","Two-Way, Not Divided","None","No Special Feature","Coarse Asphalt","Mountains","Urban","30 - 35  MPH","No Control Present","Clear","No","35.30953, -81.53099",-81.53099,35.30953
"447",200,201,"No","20-24",24,"No","With Traffic","O: No Injury","Travel Lane","White","Male","None - Rural Crash","Robeson","No","01-01-06","2009-05-30","Motorist Overtaking Bicyclist",21,"Non-Intersection","01-05-01","0001-01-01T16:31:58-04:56","Motorist Overtaking - Misjudged Space",311232,2009,"O: No Injury","Farms, Woods, Pastures","25-29",29,"No","51-55 mph","O: No Injury","White","Male","Passenger Car","No","No","Dark - Roadway Not Lighted","Rural (<30% Developed)","2 lanes",2,"Straight - Level","NC Route","Dry","Two-Way, Not Divided","None","No Special Feature","Coarse Asphalt","Coastal","Rural","50 - 55  MPH","No Control Present","Clear","No","34.6423, -78.941635",-78.941635,34.6423
"448",209,210,"Yes","10-Jun",10,"No","Not Applicable","A: Disabling Injury","Non-Roadway","White","Male","Oak Island","Brunswick","No","01-01-07","2009-05-17","Bicyclist Failed to Yield - Midblock",5,"Non-Intersection","01-05-01","0001-01-01T00:26:58-04:56","Bicyclist Ride Out - Commercial Driveway / Alley",363312,2009,"A: Disabling Injury","Commercial","40-49",45,"No","31-35 mph","O: No Injury","White","Male","Sport Utility","No","No","Daylight","Urban (>70% Developed)","3 lanes",2,"Straight - Level","Local Street","Dry","Two-Way, Not Divided","None","No Special Feature","Smooth Asphalt","Coastal","Urban","30 - 35  MPH","No Control Present","Cloudy","No","33.91148, -78.10083",-78.10083,33.91148
"449",213,214,"No","25-29",29,"No","With Traffic","C: Possible Injury","Travel Lane","White","Male","Boone","Watauga","No","01-01-03","2009-05-20","Motorist Overtaking Bicyclist",19,"Non-Intersection","01-05-01","0001-01-01T14:36:58-04:56","Motorist Overtaking - Undetected Bicyclist",311231,2009,"C: Possible Injury","Commercial","40-49",46,"No","31-35 mph","O: No Injury","White","Male","Passenger Car","No","No","Daylight","Urban (>70% Developed)","5 lanes",2,"Straight - Level","US Route","Dry","Two-Way, Not Divided","None","No Special Feature","Smooth Asphalt","Mountains","Urban","30 - 35  MPH","No Control Present","Clear","No","36.20492, -81.69358",-81.69358,36.20492
"450",228,229,"Yes","50-59",51,"No","With Traffic","O: No Injury","Travel Lane","White","Male","Fayetteville","Cumberland","No","","2009-05-25","Motorist Overtaking Bicyclist",3,"Non-Intersection","01-05-01","0000-12-31T22:35:58-04:56","Motorist Overtaking - Misjudged Space",311232,2009,"O: No Injury","Residential","",NA,"Missing","16-20 mph","Injury","/Missing","","","No","Yes","Dark - Lighted Roadway","Urban (>70% Developed)","2 lanes",2,"Straight - Level","Local Street","Dry","Two-Way, Not Divided","None","No Special Feature","Coarse Asphalt","Coastal","Urban","20 - 25  MPH","No Control Present","Clear","No","35.10101, -78.95688",-78.95688,35.10101
"451",231,232,"No","30-39",30,"No","With Traffic","C: Possible Injury","Travel Lane","White","Female","Charlotte","Mecklenburg","No","01-01-06","2009-05-23","Motorist Overtaking Bicyclist",1,"Non-Intersection","01-05-01","0000-12-31T20:31:58-04:56","Motorist Overtaking - Other /",311239,2009,"C: Possible Injury","Commercial","",NA,"Missing","31-35 mph","Injury","/Missing","","Passenger Car","No","Yes","Dark - Lighted Roadway","Urban (>70% Developed)","2 lanes",4,"Straight - Grade","Local Street","Dry","One-Way, Not Divided","None","No Special Feature","Smooth Asphalt","Piedmont","Urban","30 - 35  MPH","No Control Present","Clear","No","35.224274, -80.8497",-80.8497,35.224274
"452",236,237,"Yes","50-59",57,"No","With Traffic","C: Possible Injury","Travel Lane","White","Male","Asheville","Buncombe","No","01-01-04","2009-05-28","Bicyclist Failed to Yield - Signalized Intersection",17,"Intersection","01-05-01","0001-01-01T12:27:58-04:56","Bicyclist Ride Through - Signalized Intersection",111155,2009,"C: Possible Injury","Institutional","50-59",57,"No","","O: No Injury","White","Female","Passenger Car","No","No","Daylight","Urban (>70% Developed)","5 lanes",2,"Straight - Grade","US Route","Dry","Two-Way, Not Divided","None","Four-Way Intersection","Smooth Asphalt","Mountains","Urban","30 - 35  MPH","Stop And Go Signal","Cloudy","No","35.581684, -82.55407",-82.55407,35.581684
"453",237,238,"Yes","10-Jun",10,"No","Not Applicable","B: Evident Injury","Driveway / Alley","Black","Male","None - Rural Crash","Franklin","No","01-01-07","2009-05-31","Bicyclist Failed to Yield - Midblock",15,"Non-Intersection","01-05-01","0001-01-01T10:25:58-04:56","Bicyclist Ride Out - Residential Driveway",353311,2009,"B: Evident Injury","Residential","50-59",52,"No","36-40 mph","O: No Injury","Black","Male","Passenger Car","No","No","Daylight","Rural (<30% Developed)","2 lanes",2,"Straight - Level","State Secondary Route","Dry","Two-Way, Not Divided","None","No Special Feature","Smooth Asphalt","Piedmont","Rural","50 - 55  MPH","No Control Present","Clear","No","36.062767, -78.256065",-78.256065,36.062767
"454",242,243,"No","15-Nov",15,"No","With Traffic","C: Possible Injury","Travel Lane","White","Male","None - Rural Crash","Rowan","No","01-01-04","2009-06-11","Bicyclist Failed to Yield - Sign-Controlled Intersection",16,"Intersection","01-06-01","0001-01-01T11:11:58-04:56","Bicyclist Ride Through - Sign-Controlled Intersection",111144,2009,"C: Possible Injury","Farms, Woods, Pastures","25-29",27,"No","41-45 mph","O: No Injury","White","Female","Light Truck (Mini-Van, Panel)","No","No","Daylight","Mixed (30% To 70% Developed)","5 lanes",2,"Straight - Grade","US Route","Dry","Two-Way, Not Divided","None","T-Intersection","Smooth Asphalt","Piedmont","Rural","50 - 55  MPH","Stop Sign","Cloudy","No","35.59693, -80.426155",-80.426155,35.59693
"455",244,245,"Yes","20-24",23,"No","With Traffic","C: Possible Injury","Sidewalk / Crosswalk / Driveway Crossing","White","Male","Raleigh","Wake","No","01-01-05","2009-05-22","Motorist Failed to Yield - Midblock",7,"Non-Intersection","01-05-01","0001-01-01T02:05:58-04:56","Motorist Drive Out - Commercial Driveway / Alley",331322,2009,"C: Possible Injury","Commercial","25-29",28,"No","0-5 mph","O: No Injury","Black","Male","Passenger Car","No","No","Daylight","Urban (>70% Developed)","2 lanes",2,"Straight - Level","Public Vehicular Area","Dry","Two-Way, Not Divided","None","Driveway, Public","Coarse Asphalt","Piedmont","Urban","","No Control Present","Clear","No","35.87734, -78.64544",-78.64544,35.87734
"456",247,248,"No","25-29",29,"Yes","With Traffic","B: Evident Injury","Travel Lane","White","Male","Durham","Durham","Yes","01-01-03","2009-06-10","Motorist Left Turn / Merge",23,"Intersection","01-06-01","0001-01-01T18:51:58-04:56","Motorist Left Turn - Opposite Direction",111212,2009,"B: Evident Injury","Commercial","40-49",45,"No","0-5 mph","O: No Injury","White","Male","Sport Utility","No","No","Dark - Lighted Roadway","Urban (>70% Developed)","3 lanes",2,"Straight - Level","Local Street","Dry","Two-Way, Divided, Unprotected Median","None","T-Intersection","Coarse Asphalt","Piedmont","Urban","20 - 25  MPH","Stop And Go Signal","Clear","No","35.99997, -78.9093",-78.9093,35.99997
"457",259,260,"Yes","16-19",18,"No","With Traffic","C: Possible Injury","Travel Lane","White","Male","Morehead City","Carteret","No","01-01-03","2009-05-20","Bicyclist Failed to Yield - Signalized Intersection",8,"Intersection","01-05-01","0001-01-01T03:45:58-04:56","Bicyclist Ride Out - Signalized  Intersection",111153,2009,"C: Possible Injury","Commercial","60-69",64,"No","21-25 mph","O: No Injury","White","Female","Sport Utility","No","No","Daylight","Urban (>70% Developed)","2 lanes",2,"Straight - Level","US Route","Dry","Two-Way, Divided, Unprotected Median","None","Four-Way Intersection","Smooth Asphalt","Coastal","Urban","30 - 35  MPH","Stop And Go Signal","Clear","No","34.72445, -76.75359",-76.75359,34.72445
"458",264,265,"Yes","10-Jun",8,"No","","B: Evident Injury","Sidewalk / Crosswalk / Driveway Crossing","Black","Female","Chapel Hill","Orange","No","01-01-05","2009-06-12","Motorist Failed to Yield - Midblock",14,"Non-Intersection","01-06-01","0001-01-01T09:45:58-04:56","Motorist Drive Out - Residential Driveway",339321,2009,"B: Evident Injury","Commercial","30-39",32,"No","0-5 mph","O: No Injury","White","Male","Van","No","No","Daylight","Urban (>70% Developed)","2 lanes",2,"Straight - Grade","Local Street","Dry","Two-Way, Not Divided","None","Driveway, Public","Smooth Asphalt","Piedmont","Urban","30 - 35  MPH","No Control Present","Clear","No","35.929253, -79.03403",-79.03403,35.929253
"459",266,267,"Yes","16-19",19,"No","With Traffic","B: Evident Injury","Travel Lane","White","Male","None - Rural Crash","New Hanover","No","01-01-05","2009-06-19","Bicyclist Left Turn / Merge",1,"Non-Intersection","01-06-01","0000-12-31T20:03:58-04:56","Bicyclist Left Turn - Same Direction",311221,2009,"B: Evident Injury","Residential","40-49",42,"No","46-50 mph","O: No Injury","White","Male","Van","No","No","Dark - Roadway Not Lighted","Mixed (30% To 70% Developed)","4 lanes",2,"Straight - Level","US Route","Dry","Two-Way, Divided, Unprotected Median","None","No Special Feature","Coarse Asphalt","Coastal","Rural","50 - 55  MPH","No Control Present","Clear","No","34.074833, -77.894936",-77.894936,34.074833
"460",276,277,"Yes","20-24",24,"No","With Traffic","C: Possible Injury","Travel Lane","White","Male","Wilmington","New Hanover","No","01-01-06","2009-06-13","Motorist Overtaking Bicyclist",21,"Non-Intersection","01-06-01","0001-01-01T16:19:58-04:56","Motorist Overtaking - Misjudged Space",311232,2009,"C: Possible Injury","Residential","",NA,"Missing","","Injury","/Missing","","","No","Yes","Dark - Lighted Roadway","Urban (>70% Developed)","2 lanes",2,"Straight - Level","Local Street","Dry","Two-Way, Not Divided","None","No Special Feature","Smooth Asphalt","Coastal","Urban","","No Control Present","Cloudy","No","34.236588, -77.90437",-77.90437,34.236588
"461",278,279,"No","10-Jun",10,"No","With Traffic","B: Evident Injury","Travel Lane","White","Male","None - Rural Crash","Rutherford","No","01-01-04","2009-06-25","Bicyclist Failed to Yield - Sign-Controlled Intersection",16,"Intersection","01-06-01","0001-01-01T11:13:58-04:56","Bicyclist Ride Through - Sign-Controlled Intersection",111144,2009,"B: Evident Injury","Residential","50-59",55,"No","16-20 mph","O: No Injury","White","Female","Passenger Car","No","No","Daylight","Mixed (30% To 70% Developed)","2 lanes",2,"Straight - Level","State Secondary Route","Dry","Two-Way, Not Divided","None","No Special Feature","Smooth Asphalt","Mountains","Rural","30 - 35  MPH","Stop Sign","Clear","No","35.291206, -81.85014",-81.85014,35.291206
"462",279,280,"Yes","30-39",30,"Yes","Not Applicable","B: Evident Injury","","Hispanic","Male","Raleigh","Wake","Yes","01-01-07","2009-06-07","Bicyclist Failed to Yield - Midblock",3,"Non-Intersection","01-06-01","0000-12-31T22:56:58-04:56","Bicyclist Ride Out - Midblock -",393319,2009,"B: Evident Injury","Residential","20-24",20,"No","31-35 mph","O: No Injury","Black","Female","Passenger Car","No","No","Dark - Lighted Roadway","Urban (>70% Developed)","2 lanes",2,"Straight - Level","Local Street","Dry","Two-Way, Divided, Unprotected Median","None","No Special Feature","Smooth Asphalt","Piedmont","Urban","30 - 35  MPH","No Control Present","Clear","No","35.789967, -78.61324",-78.61324,35.789967
"463",281,282,"Yes","50-59",57,"No","With Traffic","B: Evident Injury","Travel Lane","Black","Male","None - Rural Crash","Johnston","No","01-01-03","2009-06-10","Motorist Overtaking Bicyclist",23,"Non-Intersection","01-06-01","0001-01-01T18:43:58-04:56","Motorist Overtaking - Other /",311239,2009,"B: Evident Injury","Farms, Woods, Pastures","",NA,"No","41-45 mph","Injury","/Missing","","","No","Yes","Dark - Roadway Not Lighted","Mixed (30% To 70% Developed)","2 lanes",2,"Straight - Level","US Route","Wet","Two-Way, Not Divided","None","No Special Feature","Coarse Asphalt","Coastal","Rural","50 - 55  MPH","No Control Present","Cloudy","No","35.591225, -78.139565",-78.139565,35.591225
"464",291,292,"No","16-19",17,"No","With Traffic","O: No Injury","Sidewalk / Crosswalk / Driveway Crossing","White","Male","Salisbury","Rowan","No","01-01-02","2009-06-30","Motorist Failed to Yield - Signalized Intersection",12,"Intersection","01-06-01","0001-01-01T07:23:58-04:56","Motorist Drive Through - Signalized Intersection",131154,2009,"C: Possible Injury","Commercial","50-59",57,"No","16-20 mph","C: Possible Injury","White","Male","Pickup","No","No","Daylight","Urban (>70% Developed)","3 lanes",2,"Straight - Level","Local Street","Dry","Two-Way, Not Divided","None","Four-Way Intersection","Coarse Asphalt","Piedmont","Urban","30 - 35  MPH","Stop And Go Signal","Clear","No","35.660065, -80.4617",-80.4617,35.660065
"465",293,294,"No","40-49",46,"No","Facing Traffic","C: Possible Injury","Travel Lane","White","Male","Cornelius","Mecklenburg","No","01-01-04","2009-06-18","Motorist Failed to Yield - Sign-Controlled Intersection",20,"Intersection","01-06-01","0001-01-01T15:14:58-04:56","Motorist Drive Out - Sign-Controlled Intersection",112141,2009,"C: Possible Injury","Residential","40-49",49,"No","11-15 mph","O: No Injury","White","Male","Sport Utility","No","No","Dusk","Rural (<30% Developed)","2 lanes",2,"Straight - Level","Local Street","Dry","Two-Way, Divided, Unprotected Median","None","No Special Feature","Smooth Asphalt","Piedmont","Urban","40 - 45  MPH","No Control Present","Clear","No","35.483276, -80.89324",-80.89324,35.483276
"466",298,299,"Yes","40-49",40,"No","Not Applicable","C: Possible Injury","Travel Lane","Black","Male","High Point","Guilford","No","01-01-07","2009-06-21","Motorist Failed to Yield - Midblock",14,"Non-Intersection","01-06-01","0001-01-01T09:06:58-04:56","Motorist Drive Out - Commercial Driveway / Alley",313322,2009,"C: Possible Injury","Commercial","30-39",31,"No","0-5 mph","O: No Injury","Black","Female","Passenger Car","No","No","Daylight","Urban (>70% Developed)","5 lanes",2,"Straight - Level","US Route","Dry","Two-Way, Divided, Unprotected Median","None","T-Intersection","Smooth Asphalt","Piedmont","Urban","30 - 35  MPH","Stop Sign","Cloudy","No","35.927574, -79.98716",-79.98716,35.927574
"467",300,301,"Yes","30-39",36,"No","With Traffic","B: Evident Injury","Travel Lane","White","Male","Yadkinville","Yadkin","No","01-01-03","2009-07-01","Motorist Overtaking Bicyclist",10,"Intersection","01-07-01","0001-01-01T05:35:58-04:56","Motorist Overtaking - Other /",111239,2009,"B: Evident Injury","Commercial","40-49",49,"No","0-5 mph","O: No Injury","White","Male","Sport Utility","No","No","Daylight","Urban (>70% Developed)","2 lanes",2,"Straight - Hillcrest","Local Street","Dry","Two-Way, Not Divided","None","Four-Way Intersection","Coarse Asphalt","Mountains","Rural","30 - 35  MPH","Stop And Go Signal","Clear","No","36.14304, -80.666435",-80.666435,36.14304
"468",301,302,"Yes","40-49",46,"No","With Traffic","B: Evident Injury","Travel Lane","Black","Male","None - Rural Crash","Brunswick","No","01-01-03","2009-06-24","Motorist Overtaking Bicyclist",10,"Non-Intersection","01-06-01","0001-01-01T05:39:58-04:56","Motorist Overtaking - Other /",311239,2009,"B: Evident Injury","Residential","30-39",32,"No","51-55 mph","O: No Injury","White","Female","Passenger Car","No","No","Daylight","Mixed (30% To 70% Developed)","2 lanes",2,"Straight - Level","NC Route","Dry","Two-Way, Not Divided","None","No Special Feature","Smooth Asphalt","Coastal","Rural","50 - 55  MPH","No Control Present","Clear","No","34.21071, -77.98326",-77.98326,34.21071
"469",307,308,"No","40-49",44,"No","With Traffic","B: Evident Injury","Sidewalk / Crosswalk / Driveway Crossing","White","Male","Forest City","Rutherford","No","01-01-05","2009-06-19","Motorist Right Turn / Merge",11,"Intersection","01-06-01","0001-01-01T06:23:58-04:56","Motorist Right Turn - Same Direction",131213,2009,"B: Evident Injury","Commercial","20-24",24,"No","31-35 mph","O: No Injury","White","Male","Pickup","No","No","Daylight","Urban (>70% Developed)","3 lanes",2,"Straight - Level","Local Street","Dry","Two-Way, Not Divided","None","Four-Way Intersection","Smooth Asphalt","Mountains","Urban","30 - 35  MPH","Stop And Go Signal","Cloudy","No","35.31749, -81.85754",-81.85754,35.31749
"470",312,313,"Yes","16-19",17,"No","Not Applicable","C: Possible Injury","Non-Roadway","White","Female","Carolina Beach","New Hanover","No","01-01-04","2009-06-18","Bicyclist Failed to Yield - Midblock",12,"Non-Intersection","01-06-01","0001-01-01T07:41:58-04:56","Bicyclist Ride Out - Midblock -",363319,2009,"C: Possible Injury","Commercial","60-69",67,"No","31-35 mph","O: No Injury","White","Male","Passenger Car","No","No","Daylight","Urban (>70% Developed)","4 lanes",2,"Straight - Level","Local Street","Dry","Two-Way, Not Divided","None","No Special Feature","Coarse Asphalt","Coastal","Urban","30 - 35  MPH","No Control Present","Clear","No","34.04082, -77.8958",-77.8958,34.04082
"471",313,314,"Yes","40-49",49,"No","Facing Traffic","C: Possible Injury","Sidewalk / Crosswalk / Driveway Crossing","White","Male","Wilmington","New Hanover","No","01-01-03","2009-06-17","Motorist Failed to Yield - Sign-Controlled Intersection",14,"Intersection","01-06-01","0001-01-01T09:27:58-04:56","Motorist Drive Out - Sign-Controlled Intersection",132141,2009,"C: Possible Injury","Commercial","40-49",45,"No","","O: No Injury","White","Male","Passenger Car","No","No","Daylight","Urban (>70% Developed)","5 lanes",2,"Straight - Level","Local Street","Dry","Two-Way, Divided, Unprotected Median","None","T-Intersection","Smooth Asphalt","Coastal","Urban","5 - 15 MPH","Stop And Go Signal","Cloudy","No","34.242218, -77.89212",-77.89212,34.242218
"472",320,321,"No","16-19",19,"No","With Traffic","B: Evident Injury","Bike Lane / Paved Shoulder","White","Male","None - Rural Crash","New Hanover","No","01-01-04","2009-06-25","Bicyclist Left Turn / Merge",17,"Non-Intersection","01-06-01","0001-01-01T12:48:58-04:56","Bicyclist Left Turn - Same Direction",321221,2009,"B: Evident Injury","Residential","40-49",41,"No","36-40 mph","O: No Injury","White","Female","Passenger Car","No","No","Daylight","Urban (>70% Developed)","2 lanes",2,"Straight - Level","NC Route","Dry","Two-Way, Not Divided","None","No Special Feature","Coarse Asphalt","Coastal","Rural","40 - 45  MPH","Double Yellow Line, No Passing Zone","Clear","No","34.281406, -77.92305",-77.92305,34.281406
"473",321,322,"No","15-Nov",15,"No","With Traffic","C: Possible Injury","Travel Lane","White","Male","None - Rural Crash","New Hanover","No","01-01-02","2009-06-30","Crossing Paths - Other Circumstances",22,"Intersection","01-06-01","0001-01-01T18:01:58-04:56","Signalized Intersection - Other /",111158,2009,"C: Possible Injury","Residential","30-39",36,"No","41-45 mph","O: No Injury","White","Male","Police","No","No","Dark - Roadway Not Lighted","Urban (>70% Developed)","6 lanes",2,"Straight - Level","US Route","Dry","Two-Way, Not Divided","None","Four-Way Intersection","Smooth Asphalt","Coastal","Rural","40 - 45  MPH","Stop And Go Signal","Clear","No","34.280052, -77.8123",-77.8123,34.280052
"474",325,326,"No","10-Jun",10,"No","With Traffic","B: Evident Injury","Travel Lane","/Missing","Male","Fayetteville","Cumberland","No","01-01-03","2009-06-24","Bicyclist Failed to Yield - Sign-Controlled Intersection",16,"Intersection","01-06-01","0001-01-01T11:33:58-04:56","Bicyclist Ride Through - Sign-Controlled Intersection",111144,2009,"B: Evident Injury","Residential","30-39",39,"No","21-25 mph","O: No Injury","Black","Female","Sport Utility","No","No","Daylight","Urban (>70% Developed)","2 lanes",2,"Straight - Level","State Secondary Route","Dry","Two-Way, Not Divided","None","T-Intersection","Coarse Asphalt","Coastal","Urban","30 - 35  MPH","No Control Present","Clear","No","34.993725, -78.93183",-78.93183,34.993725
"475",328,329,"Yes","50-59",53,"No","With Traffic","A: Disabling Injury","Travel Lane","Black","Male","Statesville","Iredell","No","01-01-02","2009-06-30","Motorist Overtaking Bicyclist",5,"Non-Intersection","01-06-01","0001-01-01T00:25:58-04:56","Motorist Overtaking - Other /",311239,2009,"A: Disabling Injury","Residential","",NA,"Missing","41-45 mph","Injury","/Missing","","","No","Yes","Dark - Roadway Not Lighted","Urban (>70% Developed)","2 lanes",2,"Straight - Level","Local Street","Dry","Two-Way, Not Divided","None","No Special Feature","Smooth Asphalt","Piedmont","Urban","30 - 35  MPH","No Control Present","Clear","No","35.779186, -80.91696",-80.91696,35.779186
"476",336,337,"Yes","40-49",49,"No","With Traffic","O: No Injury","Bike Lane / Paved Shoulder","Hispanic","Male","Emerald Isle","Carteret","No","01-01-03","2009-07-01","Motorist Right Turn / Merge",9,"Intersection","01-07-01","0001-01-01T05:00:58-04:56","Motorist Right Turn - Same Direction",121213,2009,"O: No Injury","Residential","40-49",49,"No","6-10 mph","O: No Injury","Black","Male","Passenger Car","No","No","Daylight","Mixed (30% To 70% Developed)","2 lanes",2,"Straight - Level","State Secondary Route","Dry","Two-Way, Not Divided","None","T-Intersection","Coarse Asphalt","Coastal","Rural","40 - 45  MPH","No Control Present","Clear","No","34.68076, -76.93053",-76.93053,34.68076
"477",337,338,"No","20-24",21,"No","Not Applicable","B: Evident Injury","Sidewalk / Crosswalk / Driveway Crossing","White","Female","Wilmington","New Hanover","No","01-01-04","2009-07-02","Parallel Paths - Other Circumstances",16,"Non-Intersection","01-07-01","0001-01-01T11:23:58-04:56","Bicyclist Ride Out - Parallel Path",333225,2009,"B: Evident Injury","Institutional","40-49",42,"No","11-15 mph","O: No Injury","White","Male","Sport Utility","No","No","Daylight","Urban (>70% Developed)","2 lanes",2,"Straight - Level","State Secondary Route","Dry","Two-Way, Not Divided","None","No Special Feature","Smooth Asphalt","Coastal","Urban","20 - 25  MPH","No Control Present","Clear","No","34.223083, -77.86643",-77.86643,34.223083
"478",345,346,"No","40-49",46,"No","With Traffic","C: Possible Injury","Travel Lane","White","Female","None - Rural Crash","Cherokee","No","01-01-07","2009-06-21","Motorist Left Turn / Merge",20,"Intersection","01-06-01","0001-01-01T15:38:58-04:56","Motorist Left Turn - Opposite Direction",111212,2009,"C: Possible Injury","Farms, Woods, Pastures","70+",NA,"No","21-25 mph","O: No Injury","White","Female","Passenger Car","No","No","Daylight","Rural (<30% Developed)","2 lanes",2,"Curve - Grade","State Secondary Route","Dry","Two-Way, Not Divided","None","T-Intersection","Smooth Asphalt","Mountains","Rural","20 - 25  MPH","Double Yellow Line, No Passing Zone","Clear","No","35.03531, -83.96542",-83.96542,35.03531
"479",349,350,"No","30-39",37,"No","With Traffic","C: Possible Injury","Travel Lane","White","Male","None - Rural Crash","Gaston","No","01-01-02","2009-07-14","Motorist Overtaking Bicyclist",20,"Non-Intersection","01-07-01","0001-01-01T15:33:58-04:56","Motorist Overtaking - Other /",311239,2009,"C: Possible Injury","Residential","",NA,"No","31-35 mph","Injury","/Missing","","Passenger Car","No","Yes","Daylight","Mixed (30% To 70% Developed)","2 lanes",2,"Straight - Level","State Secondary Route","Dry","Two-Way, Not Divided","None","No Special Feature","Smooth Asphalt","Piedmont","Rural","30 - 35  MPH","Double Yellow Line, No Passing Zone","Clear","No","35.35748, -81.1086",-81.1086,35.35748