"","FID","OBJECTID","AmbulanceR","BikeAge_Gr","Bike_Age","Bike_Alc_D","Bike_Dir","Bike_Injur","Bike_Pos","Bike_Race","Bike_Sex","City","County","CrashAlcoh","CrashDay","Crash_Date","Crash_Grp","Crash_Hour","Crash_Loc","Crash_Mont","Crash_Time","Crash_Type","Crash_Ty_1","Crash_Year","Crsh_Sevri","Developmen","DrvrAge_Gr","Drvr_Age","Drvr_Alc_D","Drvr_EstSp","Drvr_Injur","Drvr_Race","Drvr_Sex","Drvr_VehTy","ExcsSpdInd","Hit_Run","Light_Cond","Locality","Num_Lanes","Num_Units","Rd_Charact","Rd_Class","Rd_Conditi","Rd_Config","Rd_Defects","Rd_Feature","Rd_Surface","Region","Rural_Urba","Speed_Limi","Traff_Cntr","Weather","Workzone_I","Location","locx","locy"
"520",767,768,"Yes","15-Nov",14,"No","With Traffic","C: Possible Injury","Travel Lane","White","Male","Sunset Beach","Brunswick","No","","2007-09-10","Bicyclist Failed to Yield - Sign-Controlled Intersection",17,"Intersection","01-09-01","0001-01-01T12:38:58-04:56","Bicyclist Ride Through - Sign-Controlled Intersection",111144,2007,"C: Possible Injury","Residential","0-19",19,"No","11-15 mph","O: No Injury","White","Female","Sport Utility","No","No","Daylight","Urban (>70% Developed)","4 lanes",2,"Straight - Level","Local Street","Dry","Two-Way, Not Divided","None","Four-Way Intersection","Smooth Asphalt","Coastal","Rural","30 - 35  MPH","Stop Sign","Clear","No","33.894444, -78.49135",-78.49135,33.894444
"521",768,769,"Yes","50-59",54,"No","Facing Traffic","C: Possible Injury","Sidewalk / Crosswalk / Driveway Crossing","Black","Male","Wilmington","New Hanover","No","01-01-04","2007-09-13","Motorist Failed to Yield - Signalized Intersection",15,"Intersection","01-09-01","0001-01-01T10:05:58-04:56","Motorist Drive Out - Right Turn on Red",132151,2007,"C: Possible Injury","Commercial","50-59",56,"No","0-5 mph","O: No Injury","White","Male","Sport Utility","No","No","Daylight","Urban (>70% Developed)","3 lanes",2,"Straight - Level","Local Street","Dry","Two-Way, Not Divided","None","Four-Way Intersection","Smooth Asphalt","Coastal","Urban","30 - 35  MPH","Stop And Go Signal","Clear","No","34.20242, -77.922935",-77.922935,34.20242
"522",775,776,"Yes","40-49",46,"No","With Traffic","B: Evident Injury","Travel Lane","White","Male","Raleigh","Wake","No","01-01-03","2007-09-12","Motorist Failed to Yield - Sign-Controlled Intersection",19,"Intersection","01-09-01","0001-01-01T14:54:58-04:56","Motorist Drive Out - Sign-Controlled Intersection",111141,2007,"B: Evident Injury","Commercial","25-29",27,"No","0-5 mph","O: No Injury","White","Female","Passenger Car","No","No","Dusk","Urban (>70% Developed)","5 lanes",2,"Straight - Level","Local Street","Dry","Two-Way, Not Divided","None","T-Intersection","Smooth Asphalt","Piedmont","Urban","20 - 25  MPH","Stop Sign","Clear","No","35.795383, -78.70305",-78.70305,35.795383
"523",776,777,"Yes","10-Jun",9,"No","","B: Evident Injury","Non-Roadway","Black","Female","Rocky Mount","Edgecombe","No","01-01-05","2007-09-14","Non-Roadway",19,"Non-Roadway","01-09-01","0001-01-01T14:09:58-04:56","Non-Roadway",460910,2007,"B: Evident Injury","Residential","50-59",57,"No","6-10 mph","O: No Injury","White","Female","Passenger Car","No","No","Dusk","Urban (>70% Developed)","",2,"Straight - Level","Public Vehicular Area","Wet","","None","Driveway, Public","Concrete","Coastal","Urban","5 - 15 MPH","No Control Present","Rain","No","35.931873, -77.79832",-77.79832,35.931873
"524",780,781,"Yes","40-49",47,"No","With Traffic","C: Possible Injury","Sidewalk / Crosswalk / Driveway Crossing","Black","Male","Charlotte","Mecklenburg","No","01-01-03","2007-10-31","Motorist Left Turn / Merge",14,"Intersection","01-10-01","0001-01-01T09:58:58-04:56","Motorist Left Turn - Opposite Direction",131212,2007,"C: Possible Injury","Residential","20-24",20,"No","11-15 mph","O: No Injury","Black","Female","School Bus","No","No","Daylight","Urban (>70% Developed)","3 lanes",2,"Straight - Level","Local Street","Dry","Two-Way, Not Divided","None","No Special Feature","Smooth Asphalt","Piedmont","Urban","30 - 35  MPH","Stop And Go Signal","Clear","No","35.163567, -80.89545",-80.89545,35.163567
"525",783,784,"Yes","30-39",36,"No","With Traffic","B: Evident Injury","Sidewalk / Crosswalk / Driveway Crossing","White","Male","Charlotte","Mecklenburg","No","01-01-05","2007-12-28","Motorist Right Turn / Merge",20,"Intersection","01-12-01","0001-01-01T15:37:58-04:56","Motorist Right Turn - Same Direction",131213,2007,"B: Evident Injury","Commercial","50-59",50,"No","36-40 mph","O: No Injury","White","Male","Sport Utility","No","No","Dark - Roadway Not Lighted","Urban (>70% Developed)","4 lanes",2,"Straight - Grade","NC Route","Wet","Two-Way, Divided, Positive Median Barrier","None","On or Off Ramp","Coarse Asphalt","Piedmont","Urban","40 - 45  MPH","Stop And Go Signal","Rain","No","35.14041, -80.93289",-80.93289,35.14041
"526",793,794,"Yes","30-39",33,"No","Not Applicable","B: Evident Injury","Sidewalk / Crosswalk / Driveway Crossing","Hispanic","Female","Raleigh","Wake","No","01-01-02","2007-09-18","Bicyclist Failed to Yield - Signalized Intersection",10,"Intersection-Related","01-09-01","0001-01-01T05:32:58-04:56","Bicyclist Ride Out - Signalized  Intersection",233153,2007,"B: Evident Injury","Commercial","30-39",32,"No","11-15 mph","O: No Injury","Black","Male","Van","No","No","Daylight","Urban (>70% Developed)","4 lanes",2,"Straight - Level","Local Street","Dry","Two-Way, Divided, Positive Median Barrier","None","No Special Feature","Coarse Asphalt","Piedmont","Urban","30 - 35  MPH","Stop And Go Signal","Clear","No","35.76979, -78.614586",-78.614586,35.76979
"527",795,796,"Yes","15-Nov",13,"No","With Traffic","B: Evident Injury","Travel Lane","White","Male","Newton","Catawba","No","01-01-03","2007-09-19","Motorist Overtaking Bicyclist",19,"Non-Intersection","01-09-01","0001-01-01T14:44:58-04:56","Motorist Overtaking - Other /",311239,2007,"B: Evident Injury","Residential","50-59",59,"No","36-40 mph","O: No Injury","White","Male","Police","No","No","Dusk","Mixed (30% To 70% Developed)","2 lanes",2,"Straight - Level","NC Route","Dry","Two-Way, Not Divided","None","No Special Feature","Smooth Asphalt","Piedmont","Urban","40 - 45  MPH","Double Yellow Line, No Passing Zone","Clear","No","35.64704, -81.26084",-81.26084,35.64704
"528",797,798,"No","30-39",39,"No","Facing Traffic","C: Possible Injury","Travel Lane","White","Male","None - Rural Crash","Iredell","No","01-01-04","2007-09-20","Bicyclist Right Turn / Merge",10,"Intersection-Related","01-09-01","0001-01-01T05:53:58-04:56","Bicyclist Right Turn - Same Direction",212223,2007,"C: Possible Injury","Farms, Woods, Pastures","25-29",27,"No","36-40 mph","O: No Injury","White","Male","Sport Utility","No","No","Daylight","Rural (<30% Developed)","2 lanes",2,"Straight - Level","State Secondary Route","Dry","Two-Way, Not Divided","None","Related To Intersection","Coarse Asphalt","Piedmont","Rural","40 - 45  MPH","Double Yellow Line, No Passing Zone","Clear","No","35.53586, -80.801414",-80.801414,35.53586
"529",798,799,"No","15-Nov",15,"No","With Traffic","B: Evident Injury","Travel Lane","Black","Male","None - Rural Crash","Johnston","No","01-01-04","2007-09-20","Motorist Overtaking Bicyclist",16,"Non-Intersection","01-09-01","0001-01-01T11:31:58-04:56","Motorist Overtaking - Bicyclist Swerved",311235,2007,"B: Evident Injury","Farms, Woods, Pastures","40-49",45,"No","51-55 mph","B: Evident Injury","White","Female","Passenger Car","No","No","Daylight","Rural (<30% Developed)","2 lanes",2,"Straight - Grade","State Secondary Route","Wet","Two-Way, Not Divided","None","No Special Feature","Coarse Asphalt","Coastal","Rural","50 - 55  MPH","No Control Present","Rain","No","35.456196, -78.44903",-78.44903,35.456196
"530",805,806,"No","40-49",45,"No","With Traffic","O: No Injury","Travel Lane","Black","Male","Hickory","Catawba","No","01-01-05","2007-09-21","Backing Vehicle",18,"Non-Intersection","01-09-01","0001-01-01T13:43:58-04:56","Backing Vehicle",311600,2007,"O: No Injury","Residential","20-24",23,"No","0-5 mph","O: No Injury","Black","Male","Passenger Car","No","No","Daylight","Urban (>70% Developed)","2 lanes",2,"Straight - Grade","Local Street","Dry","Two-Way, Not Divided","None","No Special Feature","Coarse Asphalt","Piedmont","Urban","5 - 15 MPH","No Control Present","Cloudy","No","35.718876, -81.3398",-81.3398,35.718876
"531",807,808,"Yes","30-39",30,"No","Not Applicable","K: Killed","Driveway / Alley","Hispanic","Male","Raleigh","Wake","No","01-01-06","2007-09-22","Bicyclist Failed to Yield - Midblock",12,"Non-Intersection","01-09-01","0001-01-01T07:11:58-04:56","Bicyclist Ride Out - Commercial Driveway / Alley",353312,2007,"K: Killed","Residential","0-19",19,"No","36-40 mph","O: No Injury","Black","Male","Passenger Car","No","No","Daylight","Urban (>70% Developed)","2 lanes",2,"Curve - Grade","Local Street","Dry","Two-Way, Divided, Unprotected Median","None","No Special Feature","Smooth Asphalt","Piedmont","Urban","40 - 45  MPH","No Control Present","Clear","No","35.786198, -78.717606",-78.717606,35.786198
"532",810,811,"Yes","15-Nov",14,"No","","A: Disabling Injury","Travel Lane","White","Male","None - Rural Crash","Cumberland","No","01-01-02","2007-09-25","Bicyclist Failed to Yield - Sign-Controlled Intersection",16,"Intersection","01-09-01","0001-01-01T11:13:58-04:56","Bicyclist Ride Through - Sign-Controlled Intersection",119144,2007,"A: Disabling Injury","Residential","0-19",19,"No","41-45 mph","O: No Injury","White","Male","Pickup","No","No","Daylight","Mixed (30% To 70% Developed)","2 lanes",2,"Curve - Level","State Secondary Route","Dry","Two-Way, Not Divided","None","Driveway, Public","Smooth Asphalt","Coastal","Rural","40 - 45  MPH","Stop Sign","Clear","No","34.98689, -78.90447",-78.90447,34.98689
"533",816,817,"No","50-59",53,"No","","O: No Injury","","Black","Male","Southern Pines","Moore","No","01-01-03","2007-09-26","Bicyclist Failed to Yield - Midblock",16,"Non-Intersection","01-09-01","0001-01-01T11:46:58-04:56","Bicyclist Ride Out - Midblock -",399319,2007,"O: No Injury","Residential","70+",NA,"No","16-20 mph","O: No Injury","White","Female","Passenger Car","No","No","Daylight","Urban (>70% Developed)","2 lanes",2,"Straight - Level","Local Street","Dry","Two-Way, Not Divided","None","No Special Feature","Coarse Asphalt","Piedmont","Urban","30 - 35  MPH","No Control Present","Clear","No","35.153805, -79.38505",-79.38505,35.153805
"534",818,819,"Yes","60-69",69,"No","With Traffic","B: Evident Injury","Travel Lane","White","Male","None - Rural Crash","Watauga","No","01-01-05","2007-09-28","Loss of Control / Turning Error",14,"Non-Intersection","01-09-01","0001-01-01T09:23:58-04:56","Bicyclist Lost Control - Other /",311129,2007,"B: Evident Injury","Farms, Woods, Pastures","40-49",46,"No","21-25 mph","O: No Injury","White","Male","Pickup","No","No","Daylight","Rural (<30% Developed)","2 lanes",2,"Curve - Grade","State Secondary Route","Dry","Two-Way, Not Divided","None","No Special Feature","Coarse Asphalt","Mountains","Rural","50 - 55  MPH","Double Yellow Line, No Passing Zone","Clear","No","36.172714, -81.717026",-81.717026,36.172714
"535",822,823,"No","15-Nov",12,"No","With Traffic","C: Possible Injury","Travel Lane","White","Female","None - Rural Crash","Henderson","No","01-01-06","2007-09-29","Loss of Control / Turning Error",14,"Intersection","01-09-01","0001-01-01T09:33:58-04:56","Bicyclist Turning Error - Left Turn",111114,2007,"C: Possible Injury","Residential","70+",NA,"No","11-15 mph","O: No Injury","White","Female","Passenger Car","No","No","Daylight","Urban (>70% Developed)","2 lanes",2,"Straight - Grade","State Secondary Route","Dry","Two-Way, Not Divided","None","T-Intersection","Smooth Asphalt","Mountains","Rural","30 - 35  MPH","Stop Sign","Clear","No","35.361015, -82.48969",-82.48969,35.361015
"536",828,829,"No","25-29",28,"No","With Traffic","C: Possible Injury","Travel Lane","White","Female","Durham","Durham","No","01-01-02","2007-10-02","Crossing Paths - Other Circumstances",15,"Intersection","01-10-01","0001-01-01T10:18:58-04:56","Sign-Controlled Intersection - Other /",111148,2007,"C: Possible Injury","Institutional","",NA,"Missing","6-10 mph","Injury","/Missing","","","No","Yes","Daylight","Mixed (30% To 70% Developed)","4 lanes",2,"Straight - Level","Local Street","Dry","Two-Way, Divided, Unprotected Median","None","Four-Way Intersection","Concrete","Piedmont","Urban","20 - 25  MPH","Stop Sign","Clear","No","35.99999, -78.92343",-78.92343,35.99999
"537",830,831,"Yes","50-59",54,"No","With Traffic","C: Possible Injury","Travel Lane","White","Male","None - Rural Crash","Haywood","No","01-01-03","2007-10-03","Motorist Failed to Yield - Sign-Controlled Intersection",18,"Intersection","01-10-01","0001-01-01T13:06:58-04:56","Motorist Drive Out - Sign-Controlled Intersection",111141,2007,"C: Possible Injury","Farms, Woods, Pastures","60-69",68,"No","","O: No Injury","White","Male","Pickup","No","No","Daylight","Rural (<30% Developed)","2 lanes",2,"Straight - Level","NC Route","Dry","Two-Way, Not Divided","None","T-Intersection","Smooth Asphalt","Mountains","Rural","40 - 45  MPH","Stop Sign","Clear","No","35.443985, -82.9129",-82.9129,35.443985
"538",851,852,"No","",NA,"Missing","With Traffic","Injury","Travel Lane","/Missing","","None - Rural Crash","Cumberland","No","01-01-04","2007-10-11","Motorist Overtaking Bicyclist",20,"Non-Intersection","01-10-01","0001-01-01T15:34:58-04:56","Motorist Overtaking - Other /",311239,2007,"Injury","Farms, Woods, Pastures","",NA,"Missing","41-45 mph","Injury","/Missing","","","No","Yes","Dark - Roadway Not Lighted","Rural (<30% Developed)","2 lanes",2,"Curve - Level","State Secondary Route","Dry","Two-Way, Not Divided","None","Driveway, Public","Coarse Asphalt","Coastal","Rural","50 - 55  MPH","Double Yellow Line, No Passing Zone","Clear","No","34.94872, -79.010826",-79.010826,34.94872
"539",855,856,"Yes","30-39",30,"No","With Traffic","A: Disabling Injury","Travel Lane","Black","Male","Graham","Alamance","No","","2007-06-04","Head-On",20,"Non-Intersection","01-06-01","0001-01-01T15:27:58-04:56","Head-On - Motorist",311255,2007,"A: Disabling Injury","Residential","20-24",20,"No","26-30 mph","O: No Injury","Black","Male","Passenger Car","No","No","Dusk","Urban (>70% Developed)","2 lanes",2,"Straight - Grade","Local Street","Dry","Two-Way, Not Divided","None","No Special Feature","Smooth Asphalt","Piedmont","Urban","30 - 35  MPH","No Control Present","Cloudy","No","36.074158, -79.40905",-79.40905,36.074158
"540",860,861,"Yes","30-39",38,"No","With Traffic","B: Evident Injury","Travel Lane","White","Male","Winston-Salem","Forsyth","No","","2007-10-15","Motorist Left Turn / Merge",16,"Non-Intersection","01-10-01","0001-01-01T11:57:58-04:56","Motorist Left Turn - Opposite Direction",311212,2007,"B: Evident Injury","Commercial","50-59",59,"No","0-5 mph","O: No Injury","White","Female","Sport Utility","No","No","Daylight","Urban (>70% Developed)","2 lanes",2,"Curve - Level","Local Street","Dry","Two-Way, Not Divided","None","No Special Feature","Smooth Asphalt","Piedmont","Urban","30 - 35  MPH","No Control Present","Clear","No","36.118473, -80.31896",-80.31896,36.118473
"541",865,866,"Yes","40-49",41,"Yes","With Traffic","C: Possible Injury","Bike Lane / Paved Shoulder","White","Male","None - Rural Crash","Harnett","Yes","01-01-04","2007-10-18","Motorist Overtaking Bicyclist",20,"Non-Intersection","01-10-01","0001-01-01T15:13:58-04:56","Motorist Overtaking - Bicyclist Swerved",321235,2007,"C: Possible Injury","Farms, Woods, Pastures","30-39",39,"No","41-45 mph","O: No Injury","White","Male","Passenger Car","No","No","Dark - Roadway Not Lighted","Rural (<30% Developed)","2 lanes",2,"Straight - Level","NC Route","Dry","Two-Way, Not Divided","None","No Special Feature","Coarse Asphalt","Coastal","Rural","50 - 55  MPH","Double Yellow Line, No Passing Zone","Clear","No","35.34532, -78.9368",-78.9368,35.34532
"542",869,870,"No","",NA,"Missing","With Traffic","Injury","Travel Lane","/Missing","","Angier","Harnett","No","01-01-05","2007-10-19","Bicyclist Failed to Yield - Sign-Controlled Intersection",16,"Intersection","01-10-01","0001-01-01T11:03:58-04:56","Bicyclist Ride Through - Sign-Controlled Intersection",111144,2007,"O: No Injury","Residential","0-19",16,"No","21-25 mph","O: No Injury","White","Female","Passenger Car","No","No","Daylight","Mixed (30% To 70% Developed)","2 lanes",2,"Straight - Level","Local Street","Dry","Two-Way, Not Divided","None","No Special Feature","Coarse Asphalt","Coastal","Rural","30 - 35  MPH","Stop Sign","Clear","No","35.511524, -78.72971",-78.72971,35.511524
"543",875,876,"Yes","20-24",20,"No","Not Applicable","B: Evident Injury","Driveway / Alley","Black","Male","Raleigh","Wake","No","","2007-10-22","Bicyclist Failed to Yield - Midblock",13,"Non-Intersection","01-10-01","0001-01-01T08:14:58-04:56","Multiple Threat - Midblock",353357,2007,"B: Evident Injury","Commercial","20-24",22,"No","36-40 mph","O: No Injury","White","Male","Passenger Car","No","No","Daylight","Urban (>70% Developed)","5 lanes",2,"Straight - Grade","Local Street","Dry","Two-Way, Divided, Unprotected Median","None","T-Intersection","Smooth Asphalt","Piedmont","Urban","40 - 45  MPH","No Control Present","Cloudy","No","35.77998, -78.67614",-78.67614,35.77998
"544",877,878,"No","40-49",49,"No","Facing Traffic","B: Evident Injury","Travel Lane","Hispanic","Male","Havelock","Craven","No","01-01-02","2007-10-23","Motorist Failed to Yield - Midblock",13,"Non-Intersection","01-10-01","0001-01-01T08:33:58-04:56","Motorist Drive Out - Commercial Driveway / Alley",312322,2007,"B: Evident Injury","Commercial","0-19",19,"No","0-5 mph","O: No Injury","White","Female","Sport Utility","No","No","Daylight","Urban (>70% Developed)","5 lanes",2,"Straight - Level","Public Vehicular Area","Dry","Two-Way, Divided, Unprotected Median","None","T-Intersection","Smooth Asphalt","Coastal","Urban","","No Control Present","Clear","No","34.860252, -76.89709",-76.89709,34.860252
"545",880,881,"Yes","",NA,"No","With Traffic","B: Evident Injury","Travel Lane","Asian","Male","Hope Mills","Cumberland","No","01-01-04","2007-10-25","Motorist Overtaking Bicyclist",18,"Non-Intersection","01-10-01","0001-01-01T13:54:58-04:56","Motorist Overtaking - Undetected Bicyclist",311231,2007,"B: Evident Injury","Commercial","50-59",50,"No","41-45 mph","O: No Injury","White","Male","Pickup","No","No","Dark - Lighted Roadway","Urban (>70% Developed)","5 lanes",2,"Straight - Level","NC Route","Wet","Two-Way, Not Divided","None","No Special Feature","Smooth Asphalt","Coastal","Urban","40 - 45  MPH","No Control Present","Cloudy","No","35.00778, -78.96699",-78.96699,35.00778
"546",881,882,"No","20-24",22,"No","With Traffic","C: Possible Injury","Travel Lane","White","Male","None - Rural Crash","Onslow","No","01-01-05","2007-10-26","Motorist Failed to Yield - Midblock",6,"Non-Intersection","01-10-01","0001-01-01T01:48:58-04:56","Motorist Drive Out - Commercial Driveway / Alley",311322,2007,"C: Possible Injury","Commercial","20-24",24,"No","0-5 mph","O: No Injury","White","Male","Pickup","No","No","Dark - Roadway Not Lighted","Mixed (30% To 70% Developed)","3 lanes",2,"Straight - Level","NC Route","Wet","Two-Way, Not Divided","None","Driveway, Public","Smooth Asphalt","Coastal","Rural","40 - 45  MPH","No Control Present","Cloudy","No","34.74692, -77.482895",-77.482895,34.74692
"547",884,885,"Yes","50-59",53,"Yes","With Traffic","A: Disabling Injury","Travel Lane","White","Male","None - Rural Crash","Davidson","Yes","01-01-06","2007-10-27","Motorist Overtaking Bicyclist",11,"Non-Intersection","01-10-01","0001-01-01T06:36:58-04:56","Motorist Overtaking - Other /",311239,2007,"A: Disabling Injury","Farms, Woods, Pastures","40-49",44,"No","31-35 mph","O: No Injury","White","Female","Sport Utility","No","No","Daylight","Rural (<30% Developed)","2 lanes",2,"Straight - Grade","State Secondary Route","Dry","Two-Way, Not Divided","None","No Special Feature","Smooth Asphalt","Piedmont","Rural","50 - 55  MPH","Double Yellow Line, No Passing Zone","Clear","No","35.9807, -80.15956",-80.15956,35.9807
"548",886,887,"Yes","10-Jun",10,"No","Facing Traffic","C: Possible Injury","Travel Lane","Black","Male","Wilson","Wilson","No","01-01-04","2007-10-25","Motorist Failed to Yield - Sign-Controlled Intersection",18,"Intersection","01-10-01","0001-01-01T13:51:58-04:56","Motorist Drive Out - Sign-Controlled Intersection",112141,2007,"C: Possible Injury","Residential","",NA,"Missing","0-5 mph","Injury","/Missing","","","No","Yes","Dark - Lighted Roadway","Mixed (30% To 70% Developed)","2 lanes",2,"Straight - Level","Local Street","Dry","Two-Way, Not Divided","None","T-Intersection","Smooth Asphalt","Coastal","Urban","30 - 35  MPH","Stop Sign","Clear","No","35.707584, -77.8927",-77.8927,35.707584
"549",887,888,"Yes","16-19",17,"No","With Traffic","K: Killed","Travel Lane","White","Male","Asheville","Buncombe","No","01-01-06","2007-10-27","Bicyclist Failed to Yield - Sign-Controlled Intersection",1,"Intersection","01-10-01","0000-12-31T20:23:58-04:56","Bicyclist Ride Through - Sign-Controlled Intersection",111144,2007,"K: Killed","Farms, Woods, Pastures","",NA,"Missing","31-35 mph","Injury","/Missing","","","No","Yes","Dark - Roadway Not Lighted","Rural (<30% Developed)","2 lanes",2,"Straight - Grade","State Secondary Route","Dry","Two-Way, Not Divided","None","T-Intersection","Smooth Asphalt","Mountains","Urban","30 - 35  MPH","Stop Sign","Clear","No","35.599453, -82.62372",-82.62372,35.599453
"550",891,892,"No","15-Nov",14,"No","Facing Traffic","C: Possible Injury","Sidewalk / Crosswalk / Driveway Crossing","Black","Male","Greensboro","Guilford","No","","2007-10-29","Motorist Failed to Yield - Signalized Intersection",18,"Intersection","01-10-01","0001-01-01T13:13:58-04:56","Motorist Drive Out - Signalized Intersection",132152,2007,"C: Possible Injury","Commercial","",NA,"Missing","","Injury","/Missing","","","No","Yes","Daylight","Urban (>70% Developed)","5 lanes",2,"Straight - Level","Local Street","Dry","Two-Way, Not Divided","None","Four-Way Intersection","Coarse Asphalt","Piedmont","Urban","30 - 35  MPH","Stop And Go Signal","Clear","No","36.07818, -79.778145",-79.778145,36.07818
"551",892,893,"Yes","",NA,"No","With Traffic","Injury","Travel Lane","/Missing","","Kenansville","Duplin","No","","2007-10-29","Motorist Right Turn / Merge",16,"Intersection","01-10-01","0001-01-01T11:03:58-04:56","Motorist Right Turn - Same Direction",111213,2007,"O: No Injury","Commercial","0-19",18,"No","31-35 mph","O: No Injury","Black","Male","Passenger Car","No","No","Daylight","Urban (>70% Developed)","2 lanes",2,"Straight - Level","Local Street","Dry","Two-Way, Divided, Unprotected Median","None","Other","Concrete","Coastal","Rural","30 - 35  MPH","No Control Present","Clear","No","34.956394, -77.971924",-77.971924,34.956394
"552",894,895,"Yes","40-49",41,"No","With Traffic","B: Evident Injury","Sidewalk / Crosswalk / Driveway Crossing","White","Male","Smithfield","Johnston","No","","2007-10-29","Motorist Right Turn / Merge",16,"Intersection","01-10-01","0001-01-01T11:46:58-04:56","Motorist Right Turn - Same Direction",131213,2007,"B: Evident Injury","Commercial","40-49",40,"No","0-5 mph","O: No Injury","White","Female","Taxicab","No","No","Daylight","Urban (>70% Developed)","3 lanes",2,"Straight - Level","Local Street","Dry","Two-Way, Not Divided","None","Four-Way Intersection","Coarse Asphalt","Coastal","Urban","30 - 35  MPH","Stop And Go Signal","Clear","No","35.514217, -78.33063",-78.33063,35.514217
"553",899,900,"Yes","15-Nov",12,"No","Facing Traffic","C: Possible Injury","Travel Lane","White","Male","None - Rural Crash","Guilford","No","01-01-05","2007-07-20","Crossing Paths - Other Circumstances",10,"Intersection","01-07-01","0001-01-01T05:51:58-04:56","Crossing Paths - Intersection - Other /",112180,2007,"C: Possible Injury","Residential","70+",NA,"No","0-5 mph","O: No Injury","White","Female","Passenger Car","No","No","Daylight","Urban (>70% Developed)","6 lanes",2,"Straight - Level","Public Vehicular Area","Dry","Two-Way, Not Divided","None","No Special Feature","Smooth Asphalt","Piedmont","Rural","30 - 35  MPH","No Control Present","Cloudy","No","36.101215, -79.891914",-79.891914,36.101215
"554",906,907,"Yes","50-59",58,"No","With Traffic","Injury","Travel Lane","/Missing","","None - Rural Crash","Cabarrus","No","01-01-02","2007-11-06","Motorist Overtaking Bicyclist",22,"Non-Intersection","01-11-01","0001-01-01T17:03:58-04:56","Motorist Overtaking - Undetected Bicyclist",311231,2007,"Injury","Residential","",NA,"Missing","41-45 mph","Injury","/Missing","","","No","Yes","Dark - Roadway Not Lighted","Mixed (30% To 70% Developed)","2 lanes",2,"Curve - Level","State Secondary Route","Dry","Two-Way, Not Divided","None","No Special Feature","Smooth Asphalt","Piedmont","Rural","40 - 45  MPH","Double Yellow Line, No Passing Zone","Clear","No","35.33829, -80.64274",-80.64274,35.33829
"555",909,910,"Yes","40-49",41,"No","With Traffic","B: Evident Injury","Travel Lane","Black","Male","Jacksonville","Onslow","No","01-01-03","2007-11-07","Motorist Left Turn / Merge",16,"Intersection","01-11-01","0001-01-01T11:40:58-04:56","Motorist Left Turn - Opposite Direction",111212,2007,"B: Evident Injury","Residential","60-69",64,"No","6-10 mph","O: No Injury","Black","Male","Passenger Car","No","No","Daylight","Urban (>70% Developed)","",2,"Straight - Level","Local Street","Dry","Two-Way, Not Divided","None","T-Intersection","Coarse Asphalt","Coastal","Urban","30 - 35  MPH","No Control Present","Clear","No","34.760044, -77.401855",-77.401855,34.760044
"556",910,911,"Yes","40-49",46,"No","With Traffic","B: Evident Injury","Travel Lane","White","Male","None - Rural Crash","Stokes","No","01-01-03","2007-11-07","Motorist Overtaking Bicyclist",18,"Non-Intersection","01-11-01","0001-01-01T13:11:58-04:56","Motorist Overtaking - Undetected Bicyclist",311231,2007,"B: Evident Injury","Farms, Woods, Pastures","60-69",64,"No","41-45 mph","O: No Injury","White","Male","Van","No","No","Dark - Roadway Not Lighted","Rural (<30% Developed)","2 lanes",2,"Straight - Level","State Secondary Route","Dry","Two-Way, Not Divided","None","No Special Feature","Smooth Asphalt","Piedmont","Rural","50 - 55  MPH","Double Yellow Line, No Passing Zone","Clear","No","36.27426, -80.33686",-80.33686,36.27426
"557",911,912,"Yes","16-19",17,"No","With Traffic","B: Evident Injury","Travel Lane","White","Male","None - Rural Crash","Onslow","No","01-01-04","2007-11-08","Motorist Overtaking Bicyclist",16,"Non-Intersection","01-11-01","0001-01-01T11:53:58-04:56","Motorist Overtaking - Misjudged Space",311232,2007,"B: Evident Injury","Residential","20-24",21,"No","41-45 mph","O: No Injury","Black","Male","Passenger Car","No","No","Daylight","Urban (>70% Developed)","2 lanes",2,"Straight - Level","State Secondary Route","Dry","Two-Way, Not Divided","None","No Special Feature","Smooth Asphalt","Coastal","Rural","40 - 45  MPH","No Control Present","Clear","No","34.89808, -77.52761",-77.52761,34.89808
"558",923,924,"Yes","16-19",18,"No","Facing Traffic","C: Possible Injury","Travel Lane","White","Male","Wilmington","New Hanover","No","01-01-02","2007-11-13","Head-On",13,"Non-Intersection","01-11-01","0001-01-01T08:10:58-04:56","Head-On - Bicyclist",312250,2007,"C: Possible Injury","Commercial","60-69",62,"No","16-20 mph","O: No Injury","White","Female","Passenger Car","No","No","Daylight","Urban (>70% Developed)","6 lanes",2,"Straight - Level","Local Street","Dry","Two-Way, Divided, Positive Median Barrier","None","No Special Feature","Smooth Asphalt","Coastal","Urban","40 - 45  MPH","No Control Present","Clear","No","34.21319, -77.89795",-77.89795,34.21319
"559",928,929,"Yes","40-49",46,"No","With Traffic","B: Evident Injury","Travel Lane","White","Male","Asheville","Buncombe","No","01-01-07","2007-11-18","Motorist Left Turn / Merge",6,"Intersection","01-11-01","0001-01-01T01:16:58-04:56","Motorist Left Turn - Opposite Direction",111212,2007,"B: Evident Injury","Commercial","70+",NA,"No","16-20 mph","O: No Injury","Black","Male","Sport Utility","No","No","Dark - Lighted Roadway","Urban (>70% Developed)","3 lanes",2,"Straight - Level","Local Street","Dry","Two-Way, Not Divided","None","On or Off Ramp","Smooth Asphalt","Mountains","Urban","30 - 35  MPH","Stop And Go Signal","Clear","No","35.598953, -82.5536",-82.5536,35.598953