"","FID","OBJECTID","AmbulanceR","BikeAge_Gr","Bike_Age","Bike_Alc_D","Bike_Dir","Bike_Injur","Bike_Pos","Bike_Race","Bike_Sex","City","County","CrashAlcoh","CrashDay","Crash_Date","Crash_Grp","Crash_Hour","Crash_Loc","Crash_Mont","Crash_Time","Crash_Type","Crash_Ty_1","Crash_Year","Crsh_Sevri","Developmen","DrvrAge_Gr","Drvr_Age","Drvr_Alc_D","Drvr_EstSp","Drvr_Injur","Drvr_Race","Drvr_Sex","Drvr_VehTy","ExcsSpdInd","Hit_Run","Light_Cond","Locality","Num_Lanes","Num_Units","Rd_Charact","Rd_Class","Rd_Conditi","Rd_Config","Rd_Defects","Rd_Feature","Rd_Surface","Region","Rural_Urba","Speed_Limi","Traff_Cntr","Weather","Workzone_I","Location","locx","locy"
"560",930,931,"Yes","40-49",48,"No","With Traffic","C: Possible Injury","Travel Lane","White","Male","None - Rural Crash","Iredell","No","","2007-11-19","Motorist Overtaking Bicyclist",8,"Non-Intersection","01-11-01","0001-01-01T03:33:58-04:56","Motorist Overtaking - Misjudged Space",311232,2007,"C: Possible Injury","Commercial","30-39",33,"No","41-45 mph","O: No Injury","White","Male","Pickup","No","No","Daylight","Mixed (30% To 70% Developed)","2 lanes",2,"Straight - Level","NC Route","Dry","Two-Way, Not Divided","None","No Special Feature","Smooth Asphalt","Piedmont","Rural","50 - 55  MPH","Double Yellow Line, No Passing Zone","Clear","No","35.855713, -81.02874",-81.02874,35.855713
"561",931,932,"No","20-24",23,"No","With Traffic","C: Possible Injury","Sidewalk / Crosswalk / Driveway Crossing","Black","Female","Troy","Montgomery","Yes","","2007-11-19","Motorist Failed to Yield - Sign-Controlled Intersection",18,"Intersection","01-11-01","0001-01-01T13:03:58-04:56","Motorist Drive Out - Sign-Controlled Intersection",131141,2007,"C: Possible Injury","Commercial","40-49",43,"Yes","0-5 mph","O: No Injury","Black","Female","Van","No","No","Daylight","Urban (>70% Developed)","2 lanes",2,"Straight - Level","Local Street","Dry","Two-Way, Not Divided","None","No Special Feature","Smooth Asphalt","Piedmont","Rural","30 - 35  MPH","Stop Sign","Clear","No","35.35579, -79.9001",-79.9001,35.35579
"562",937,938,"No","25-29",26,"Yes","","O: No Injury","Travel Lane","Black","Male","Jacksonville","Onslow","Yes","01-01-07","2007-11-25","Head-On",11,"Non-Intersection","01-11-01","0001-01-01T07:02:58-04:56","Head-On - Bicyclist",319250,2007,"O: No Injury","Residential","25-29",28,"No","","O: No Injury","White","Male","Police","No","No","Daylight","Urban (>70% Developed)","2 lanes",2,"Straight - Level","Local Street","Dry","Two-Way, Not Divided","None","No Special Feature","Smooth Asphalt","Coastal","Urban","20 - 25  MPH","No Control Present","Cloudy","No","34.748215, -77.42227",-77.42227,34.748215
"563",938,939,"No","50-59",52,"No","Facing Traffic","Injury","Sidewalk / Crosswalk / Driveway Crossing","/Missing","","Manteo","Dare","No","01-01-02","2007-11-20","Motorist Failed to Yield - Signalized Intersection",12,"Intersection","01-11-01","0001-01-01T07:33:58-04:56","Motorist Drive Out - Right Turn on Red",132151,2007,"Injury","Residential","40-49",40,"No","0-5 mph","Injury","/Missing","Male","Passenger Car","No","No","Daylight","Urban (>70% Developed)","3 lanes",2,"Straight - Level","Local Street","Dry","Two-Way, Divided, Unprotected Median","None","T-Intersection","Smooth Asphalt","Coastal","Rural","20 - 25  MPH","Stop And Go Signal","Clear","No","35.90869, -75.676056",-75.676056,35.90869
"564",948,949,"Yes","30-39",35,"No","With Traffic","B: Evident Injury","Travel Lane","White","Male","Elizabeth City","Pasquotank","No","01-01-07","2007-11-18","Motorist Overtaking Bicyclist",0,"Non-Intersection","01-11-01","0000-12-31T19:03:58-04:56","Motorist Overtaking - Undetected Bicyclist",311231,2007,"B: Evident Injury","Commercial","70+",NA,"No","31-35 mph","O: No Injury","White","Male","Light Truck (Mini-Van, Panel)","No","No","Dark - Roadway Not Lighted","Urban (>70% Developed)","5 lanes",2,"Straight - Level","US Route","Dry","Two-Way, Divided, Unprotected Median","None","No Special Feature","Smooth Asphalt","Coastal","Urban","40 - 45  MPH","No Control Present","Clear","No","36.287785, -76.27033",-76.27033,36.287785
"565",950,951,"Yes","10-Jun",7,"No","With Traffic","B: Evident Injury","Sidewalk / Crosswalk / Driveway Crossing","Black","Male","Fayetteville","Cumberland","No","01-01-06","2007-12-01","Parallel Paths - Other Circumstances",13,"Non-Intersection","01-12-01","0001-01-01T08:37:58-04:56","Bicyclist Ride Out - Parallel Path",331225,2007,"B: Evident Injury","Residential","40-49",48,"No","26-30 mph","O: No Injury","/Missing","Male","Passenger Car","No","No","Daylight","Urban (>70% Developed)","3 lanes",2,"Straight - Level","Local Street","Dry","Two-Way, Divided, Unprotected Median","None","No Special Feature","Smooth Asphalt","Coastal","Urban","30 - 35  MPH","No Control Present","Clear","No","35.053635, -78.96158",-78.96158,35.053635
"566",964,965,"Yes","70+",NA,"No","With Traffic","C: Possible Injury","Travel Lane","White","Male","Gastonia","Gaston","No","01-01-04","2007-12-06","Motorist Left Turn / Merge",20,"Intersection","01-12-01","0001-01-01T15:17:58-04:56","Motorist Left Turn - Opposite Direction",111212,2007,"C: Possible Injury","Commercial","50-59",55,"No","0-5 mph","O: No Injury","Asian","Female","Passenger Car","No","No","Dark - Lighted Roadway","Urban (>70% Developed)","3 lanes",2,"Straight - Level","Public Vehicular Area","Dry","Two-Way, Not Divided","None","T-Intersection","Smooth Asphalt","Piedmont","Urban","30 - 35  MPH","No Control Present","Clear","No","35.269505, -81.146965",-81.146965,35.269505
"567",965,966,"No","20-24",23,"No","With Traffic","C: Possible Injury","Bike Lane / Paved Shoulder","White","Male","Charlotte","Mecklenburg","No","01-01-03","2007-09-05","Motorist Right Turn / Merge",11,"Non-Intersection","01-09-01","0001-01-01T06:28:58-04:56","Motorist Right Turn - Same Direction",321213,2007,"C: Possible Injury","Commercial","50-59",58,"No","6-10 mph","O: No Injury","White","Male","Van","No","No","Daylight","Urban (>70% Developed)","2 lanes",3,"Straight - Level","Local Street","Dry","One-Way, Not Divided","None","No Special Feature","Smooth Asphalt","Piedmont","Urban","30 - 35  MPH","No Control Present","Clear","No","35.228992, -80.84718",-80.84718,35.228992
"568",967,968,"Yes","20-24",22,"No","With Traffic","B: Evident Injury","Travel Lane","White","Male","None - Rural Crash","Wake","No","01-01-07","2007-12-09","Motorist Overtaking Bicyclist",17,"Non-Intersection","01-12-01","0001-01-01T12:46:58-04:56","Motorist Overtaking - Misjudged Space",311232,2007,"B: Evident Injury","Farms, Woods, Pastures","30-39",33,"No","46-50 mph","Injury","White","Male","","No","Yes","Dark - Roadway Not Lighted","Rural (<30% Developed)","2 lanes",2,"Straight - Grade","NC Route","Dry","Two-Way, Not Divided","None","No Special Feature","Coarse Asphalt","Piedmont","Rural","50 - 55  MPH","Double Yellow Line, No Passing Zone","Clear","No","35.585297, -78.66256",-78.66256,35.585297
"569",969,970,"Yes","40-49",46,"Yes","Facing Traffic","K: Killed","Travel Lane","White","Male","Shelby","Cleveland","Yes","","2007-12-10","Bicyclist Failed to Yield - Signalized Intersection",20,"Intersection","01-12-01","0001-01-01T15:47:58-04:56","Bicyclist Ride Through - Signalized Intersection",112155,2007,"K: Killed","Commercial","70+",NA,"No","31-35 mph","O: No Injury","White","Male","Passenger Car","No","No","Dark - Roadway Not Lighted","Urban (>70% Developed)","4 lanes",2,"Straight - Level","US Route","Dry","Two-Way, Divided, Unprotected Median","None","Four-Way Intersection","Smooth Asphalt","Mountains","Urban","40 - 45  MPH","Stop And Go Signal","Clear","No","35.28102, -81.549774",-81.549774,35.28102
"570",970,971,"No","15-Nov",14,"No","With Traffic","C: Possible Injury","Travel Lane","White","Male","Roanoke Rapids","Halifax","No","01-01-04","2007-12-20","Bicyclist Left Turn / Merge",15,"Intersection","01-12-01","0001-01-01T10:37:58-04:56","Bicyclist Left Turn - Same Direction",111221,2007,"C: Possible Injury","Commercial","60-69",67,"No","16-20 mph","O: No Injury","White","Male","Passenger Car","No","No","Daylight","Urban (>70% Developed)","4 lanes",2,"Straight - Level","Local Street","Dry","Two-Way, Not Divided","None","Four-Way Intersection","Smooth Asphalt","Coastal","Urban","20 - 25  MPH","Stop And Go Signal","Clear","No","36.46478, -77.65413",-77.65413,36.46478
"571",976,977,"Yes","20-24",23,"No","With Traffic","C: Possible Injury","Travel Lane","White","Male","Raleigh","Wake","No","01-01-05","2007-12-14","Motorist Failed to Yield - Sign-Controlled Intersection",17,"Intersection","01-12-01","0001-01-01T12:45:58-04:56","Motorist Drive Out - Sign-Controlled Intersection",111141,2007,"C: Possible Injury","Commercial","25-29",27,"No","21-25 mph","O: No Injury","Black","Female","Pickup","No","No","Dark - Lighted Roadway","Urban (>70% Developed)","2 lanes",2,"Straight - Grade","Local Street","Dry","Two-Way, Not Divided","None","No Special Feature","Coarse Asphalt","Piedmont","Urban","30 - 35  MPH","Stop Sign","Clear","No","35.782845, -78.64904",-78.64904,35.782845
"572",979,980,"Yes","50-59",50,"No","Facing Traffic","C: Possible Injury","","Black","Male","Fayetteville","Cumberland","No","","2007-12-17","Motorist Failed to Yield - Sign-Controlled Intersection",17,"Intersection","01-12-01","0001-01-01T12:14:58-04:56","Motorist Drive Out - Sign-Controlled Intersection",192141,2007,"C: Possible Injury","Commercial","30-39",33,"No","0-5 mph","O: No Injury","Hispanic","Female","Sport Utility","No","No","Dark - Lighted Roadway","Urban (>70% Developed)","2 lanes",2,"Straight - Level","Local Street","Dry","Two-Way, Not Divided","None","Traffic Circle/Roundabout","Coarse Asphalt","Coastal","Urban","5 - 15 MPH","Stop Sign","Clear","No","35.0525, -78.87798",-78.87798,35.0525
"573",980,981,"No","60-69",63,"No","With Traffic","C: Possible Injury","Travel Lane","Native American","Male","None - Rural Crash","Robeson","No","","2007-12-17","Motorist Overtaking Bicyclist",18,"Non-Intersection","01-12-01","0001-01-01T13:33:58-04:56","Motorist Overtaking - Other /",311239,2007,"C: Possible Injury","Farms, Woods, Pastures","",NA,"No","51-55 mph","Injury","/Missing","","","No","Yes","Dark - Roadway Not Lighted","Rural (<30% Developed)","2 lanes",2,"Straight - Level","NC Route","Dry","Two-Way, Not Divided","None","No Special Feature","Smooth Asphalt","Coastal","Rural","50 - 55  MPH","No Control Present","Clear","No","34.73131, -79.211426",-79.211426,34.73131
"574",982,983,"No","15-Nov",14,"No","With Traffic","C: Possible Injury","Travel Lane","Black","Male","None - Rural Crash","Iredell","No","01-01-02","2007-12-18","Loss of Control / Turning Error",15,"Non-Intersection","01-12-01","0001-01-01T10:53:58-04:56","Bicyclist Lost Control - Other /",311129,2007,"C: Possible Injury","Farms, Woods, Pastures","40-49",44,"No","6-10 mph","O: No Injury","White","Female","Passenger Car","No","No","Daylight","Rural (<30% Developed)","2 lanes",2,"Straight - Level","State Secondary Route","Dry","Two-Way, Not Divided","None","No Special Feature","Coarse Asphalt","Piedmont","Rural","50 - 55  MPH","No Control Present","Clear","No","35.80956, -80.76864",-80.76864,35.80956
"575",984,985,"No","15-Nov",14,"No","","C: Possible Injury","","Black","Male","Wilson","Wilson","No","01-01-02","2007-12-25","Other /  - Insufficient Details",16,"Non-Intersection","01-12-01","0001-01-01T11:54:58-04:56","Approach Paths",399970,2007,"C: Possible Injury","Commercial","30-39",37,"No","6-10 mph","O: No Injury","Black","Female","Passenger Car","No","No","Dark - Lighted Roadway","Urban (>70% Developed)","4 lanes",2,"Straight - Level","Local Street","Wet","Two-Way, Not Divided","None","No Special Feature","Concrete","Coastal","Urban","30 - 35  MPH","Stop And Go Signal","Rain","No","35.722855, -77.93541",-77.93541,35.722855
"576",985,986,"Yes","16-19",18,"No","","C: Possible Injury","Non-Roadway","Black","Male","Smithfield","Johnston","No","01-01-07","2007-12-23","Non-Roadway",16,"Non-Roadway","01-12-01","0001-01-01T11:46:58-04:56","Non-Roadway",460910,2007,"C: Possible Injury","Commercial","0-19",18,"No","","O: No Injury","White","Male","Pickup","No","No","Daylight","Urban (>70% Developed)","",2,"Straight - Level","Public Vehicular Area","Wet","Two-Way, Not Divided","Road Surface Condition","Driveway, Public","Smooth Asphalt","Coastal","Urban","5 - 15 MPH","No Control Present","Rain","No","35.51652, -78.32163",-78.32163,35.51652
"577",986,987,"Yes","16-19",17,"No","Facing Traffic","C: Possible Injury","Travel Lane","Black","Male","Fayetteville","Cumberland","No","01-01-03","2007-12-26","Crossing Paths - Other Circumstances",11,"Intersection","01-12-01","0001-01-01T06:47:58-04:56","Signalized Intersection - Other /",112158,2007,"C: Possible Injury","Residential","50-59",52,"No","0-5 mph","C: Possible Injury","Black","Male","Passenger Car","No","No","Daylight","Urban (>70% Developed)","2 lanes",2,"Straight - Level","Local Street","Wet","Two-Way, Not Divided","None","Four-Way Intersection","Smooth Asphalt","Coastal","Urban","20 - 25  MPH","Stop And Go Signal","Rain","No","35.027775, -78.960884",-78.960884,35.027775
"578",987,988,"No","20-24",24,"No","Facing Traffic","O: No Injury","Travel Lane","Black","Male","None - Rural Crash","New Hanover","No","01-01-04","2007-12-27","Motorist Failed to Yield - Midblock",9,"Non-Intersection","01-12-01","0001-01-01T04:03:58-04:56","Motorist Drive Out - Commercial Driveway / Alley",312322,2007,"O: No Injury","Commercial","50-59",58,"No","0-5 mph","O: No Injury","White","Male","Passenger Car","No","No","Daylight","Urban (>70% Developed)","4 lanes",2,"Straight - Level","US Route","Dry","Two-Way, Divided, Unprotected Median","None","Driveway, Public","Coarse Asphalt","Coastal","Rural","40 - 45  MPH","No Control Present","Cloudy","No","34.1338, -77.89522",-77.89522,34.1338
"579",989,990,"No","",NA,"Missing","","Injury","Travel Lane","/Missing","","Reidsville","Rockingham","No","01-01-06","2007-12-15","Bicyclist Failed to Yield - Sign-Controlled Intersection",12,"Intersection","01-12-01","0001-01-01T07:14:58-04:56","Bicyclist Ride Out - Sign-Controlled Intersection",119142,2007,"O: No Injury","Residential","70+",NA,"No","11-15 mph","O: No Injury","Black","Female","Passenger Car","No","No","Daylight","Rural (<30% Developed)","2 lanes",2,"Straight - Level","Local Street","Wet","Two-Way, Not Divided","None","Four-Way Intersection","Smooth Asphalt","Piedmont","Urban","20 - 25  MPH","Stop Sign","Rain","No","36.359837, -79.67443",-79.67443,36.359837
"580",992,993,"Yes","15-Nov",12,"No","With Traffic","A: Disabling Injury","Travel Lane","White","Male","High Point","Guilford","No","","2007-09-03","Bicyclist Failed to Yield - Sign-Controlled Intersection",15,"Intersection","01-09-01","0001-01-01T10:04:58-04:56","Bicyclist Ride Through - Sign-Controlled Intersection",111144,2007,"A: Disabling Injury","Residential","50-59",53,"No","16-20 mph","O: No Injury","White","Female","Passenger Car","No","No","Daylight","Urban (>70% Developed)","2 lanes",2,"Straight - Bottom","Local Street","Dry","Two-Way, Not Divided","None","T-Intersection","Smooth Asphalt","Piedmont","Urban","30 - 35  MPH","Stop Sign","Clear","No","35.9379, -80.005936",-80.005936,35.9379
"581",994,995,"Yes","10-Jun",9,"No","With Traffic","B: Evident Injury","Travel Lane","Black","Male","Eden","Rockingham","No","","2007-05-07","Motorist Overtaking Bicyclist",18,"Non-Intersection","01-05-01","0001-01-01T14:02:58-04:56","Motorist Overtaking - Bicyclist Swerved",311235,2007,"B: Evident Injury","Residential","50-59",59,"No","21-25 mph","O: No Injury","Black","Female","Sport Utility","No","No","Daylight","Urban (>70% Developed)","2 lanes",2,"Straight - Level","Local Street","Dry","Two-Way, Not Divided","None","No Special Feature","Smooth Asphalt","Piedmont","Urban","30 - 35  MPH","No Control Present","Clear","No","36.50214, -79.77933",-79.77933,36.50214
"582",996,997,"No","30-39",38,"No","With Traffic","C: Possible Injury","Travel Lane","White","Male","Greensboro","Guilford","No","01-01-02","2007-09-04","Loss of Control / Turning Error",16,"Intersection","01-09-01","0001-01-01T11:03:58-04:56","Bicyclist Turning Error - Left Turn",111114,2007,"C: Possible Injury","Commercial","0-19",16,"No","6-10 mph","O: No Injury","White","Female","Passenger Car","No","No","Daylight","Urban (>70% Developed)","3 lanes",2,"Straight - Level","Local Street","Dry","Two-Way, Divided, Positive Median Barrier","None","T-Intersection","Smooth Asphalt","Piedmont","Urban","30 - 35  MPH","Stop Sign","Clear","No","36.068115, -79.79774",-79.79774,36.068115
"583",997,998,"No","16-19",18,"No","","B: Evident Injury","Non-Roadway","White","Male","Wilmington","New Hanover","No","01-01-02","2007-06-05","Non-Roadway",12,"Non-Roadway","01-06-01","0001-01-01T08:02:58-04:56","Non-Roadway",460910,2007,"B: Evident Injury","Commercial","60-69",66,"No","6-10 mph","O: No Injury","White","Female","Sport Utility","No","No","Daylight","Urban (>70% Developed)","2 lanes",2,"Straight - Level","Public Vehicular Area","Dry","Two-Way, Not Divided","None","Driveway, Public","Smooth Asphalt","Coastal","Urban","5 - 15 MPH","No Control Present","Clear","No","34.243984, -77.87429",-77.87429,34.243984
"584",1000,1001,"Yes","0-5",0,"No","","C: Possible Injury","","White","Male","Wilmington","New Hanover","No","01-01-05","2007-10-19","Bicyclist Failed to Yield - Midblock",8,"Non-Intersection","01-10-01","0001-01-01T03:11:58-04:56","Bicyclist Ride Out - Midblock -",399319,2007,"C: Possible Injury","Commercial","40-49",47,"No","26-30 mph","O: No Injury","White","Male","Sport Utility","No","No","Daylight","Urban (>70% Developed)","5 lanes",2,"Straight - Level","Local Street","Dry","Two-Way, Divided, Unprotected Median","None","Four-Way Intersection","Smooth Asphalt","Coastal","Urban","30 - 35  MPH","Stop And Go Signal","Clear","No0","34.19839, -77.89428",-77.89428,34.19839
"585",1,2,"Yes","40-49",49,"No","With Traffic","O: No Injury","Sidewalk / Crosswalk / Driveway Crossing","Black","Female","Charlotte","Mecklenburg","No","01-01-07","2008-01-27","Parallel Paths - Other Circumstances",8,"Non-Intersection","","0001-01-01T03:44:58-04:56","Bicyclist Ride Out - Parallel Path",331225,2008,"C: Possible Injury","Commercial","0-19",16,"No","","C: Possible Injury","Black","Male","Pedestrian","No","No","Daylight","Urban (>70% Developed)","2 lanes",2,"Curve - Grade","Local Street","Dry","Two-Way, Not Divided","None","T-Intersection","Smooth Asphalt","Piedmont","Urban","","No Control Present","Clear","No","0.0, 0.0",0,0
"586",3,4,"Yes","40-49",43,"No","With Traffic","O: No Injury","Sidewalk / Crosswalk / Driveway Crossing","White","Male","Charlotte","Mecklenburg","No","01-01-07","2008-02-03","Bicyclist Failed to Yield - Signalized Intersection",23,"Intersection","01-02-01","0001-01-01T18:37:58-04:56","Bicyclist Ride Through - Signalized Intersection",131155,2008,"O: No Injury","Commercial","25-29",25,"No","26-30 mph","O: No Injury","Black","Female","Passenger Car","No","No","Dark - Lighted Roadway","Urban (>70% Developed)","3 lanes",2,"Straight - Level","Local Street","Dry","Two-Way, Divided, Unprotected Median","None","No Special Feature","Smooth Asphalt","Piedmont","Urban","20 - 25  MPH","Stop And Go Signal","Clear","No","0.0, 0.0",0,0
"587",5,6,"No","16-19",17,"No","With Traffic","C: Possible Injury","Travel Lane","Black","Male","Durham","Durham","No","01-01-02","2008-02-05","Motorist Failed to Yield - Sign-Controlled Intersection",18,"Intersection","01-02-01","0001-01-01T13:41:58-04:56","Motorist Drive Out - Sign-Controlled Intersection",111141,2008,"C: Possible Injury","Residential","60-69",60,"No","0-5 mph","O: No Injury","White","Female","Sport Utility","No","No","Dark - Lighted Roadway","Urban (>70% Developed)","2 lanes",2,"Straight - Level","Local Street","Dry","Two-Way, Not Divided","None","Four-Way Intersection","Smooth Asphalt","Piedmont","Urban","30 - 35  MPH","Stop Sign","Clear","No","0.0, 0.0",0,0
"588",17,18,"No","50-59",58,"No","With Traffic","B: Evident Injury","Travel Lane","White","Female","Charlotte","Mecklenburg","No","","2008-03-03","Bicyclist Left Turn / Merge",11,"Non-Intersection","01-03-01","0001-01-01T06:53:58-04:56","Bicyclist Left Turn - Same Direction",311221,2008,"B: Evident Injury","Commercial","60-69",65,"No","31-35 mph","O: No Injury","White","Female","Sport Utility","No","No","Daylight","Urban (>70% Developed)","4 lanes",2,"Straight - Level","Local Street","Dry","Two-Way, Not Divided","None","No Special Feature","Smooth Asphalt","Piedmont","Urban","30 - 35  MPH","No Control Present","Clear","No","0.0, 0.0",0,0
"589",18,19,"No","40-49",48,"No","Facing Traffic","C: Possible Injury","Travel Lane","White","Male","Charlotte","Mecklenburg","No","01-01-07","2008-03-09","Crossing Paths - Other Circumstances",12,"Intersection","01-03-01","0001-01-01T07:33:58-04:56","Signalized Intersection - Other /",112158,2008,"C: Possible Injury","Commercial","30-39",39,"No","0-5 mph","O: No Injury","Hispanic","Male","Sport Utility","No","No","Daylight","Urban (>70% Developed)","4 lanes",2,"Straight - Level","Local Street","Dry","Two-Way, Divided, Positive Median Barrier","None","No Special Feature","Smooth Asphalt","Piedmont","Urban","40 - 45  MPH","Stop And Go Signal","Clear","No","0.0, 0.0",0,0
"590",27,28,"No","16-19",19,"No","With Traffic","C: Possible Injury","Travel Lane","White","Male","None - Rural Crash","Nash","No","01-01-06","2008-01-05","Other / Unusual Circumstances",16,"Non-Intersection","","0001-01-01T11:33:58-04:56","Unusual Circumstances",311800,2008,"C: Possible Injury","Residential","40-49",41,"No","","O: No Injury","White","Female","Passenger Car","No","No","Daylight","Mixed (30% To 70% Developed)","",2,"","State Secondary Route","Dry","","None","No Special Feature","","Coastal","Rural","","Missing","Clear","No","0.0, 0.0",0,0
"591",29,30,"Yes","10-Jun",8,"No","Not Applicable","C: Possible Injury","Travel Lane","White","Female","None - Rural Crash","Harnett","No","01-01-07","2008-01-06","Non-Roadway",17,"Non-Roadway","","0001-01-01T12:53:58-04:56","Non-Roadway",410910,2008,"C: Possible Injury","Residential","",NA,"Missing","26-30 mph","Injury","/Missing","","","No","Yes","Dark - Roadway Not Lighted","Rural (<30% Developed)","2 lanes",2,"Straight - Level","Public Vehicular Area","Dry","Two-Way, Not Divided","None","No Special Feature","Smooth Asphalt","Coastal","Rural","20 - 25  MPH","No Control Present","Clear","No","0.0, 0.0",0,0
"592",32,33,"Yes","15-Nov",13,"No","With Traffic","B: Evident Injury","Bike Lane / Paved Shoulder","White","Female","None - Rural Crash","Halifax","No","01-01-02","2008-01-08","Parallel Paths - Other Circumstances",15,"Non-Intersection","","0001-01-01T11:01:58-04:56","Bicyclist Ride Out - Parallel Path",321225,2008,"B: Evident Injury","Residential","25-29",26,"No","31-35 mph","O: No Injury","Black","Male","Passenger Car","No","No","Daylight","Mixed (30% To 70% Developed)","2 lanes",2,"Curve - Level","State Secondary Route","Dry","Two-Way, Not Divided","None","Four-Way Intersection","Smooth Asphalt","Coastal","Rural","40 - 45  MPH","Double Yellow Line, No Passing Zone","Cloudy","No","0.0, 0.0",0,0
"593",44,45,"Yes","40-49",44,"Yes","With Traffic","Injury","Driveway / Alley","Black","Female","Raleigh","Wake","Yes","01-01-05","2008-01-11","Parallel Paths - Other Circumstances",20,"Intersection","","0001-01-01T15:18:58-04:56","Parallel Paths - Other /",151280,2008,"O: No Injury","Residential","30-39",38,"No","0-5 mph","O: No Injury","Black","Male","Passenger Car","No","No","Dark - Lighted Roadway","Urban (>70% Developed)","4 lanes",2,"Straight - Level","Local Street","Dry","Two-Way, Not Divided","None","Driveway, Public","Smooth Asphalt","Piedmont","Urban","30 - 35  MPH","No Control Present","Clear","No","0.0, 0.0",0,0
"594",49,50,"No","15-Nov",15,"No","Facing Traffic","C: Possible Injury","Sidewalk / Crosswalk / Driveway Crossing","White","Male","Belmont","Gaston","No","01-01-02","2008-01-15","Motorist Failed to Yield - Sign-Controlled Intersection",7,"Intersection","","0001-01-01T02:53:58-04:56","Motorist Drive Out - Sign-Controlled Intersection",132141,2008,"C: Possible Injury","Residential","70+",NA,"No","0-5 mph","O: No Injury","White","Male","Passenger Car","No","No","Daylight","Urban (>70% Developed)","2 lanes",2,"Straight - Level","Local Street","Dry","Two-Way, Not Divided","None","Related To Intersection","Smooth Asphalt","Piedmont","Urban","30 - 35  MPH","Stop Sign","Clear","No","0.0, 0.0",0,0
"595",63,64,"Yes","40-49",41,"No","With Traffic","C: Possible Injury","Travel Lane","White","Male","None - Rural Crash","Cumberland","No","01-01-05","2008-01-25","Motorist Overtaking Bicyclist",10,"Non-Intersection","","0001-01-01T05:23:58-04:56","Motorist Overtaking - Misjudged Space",311232,2008,"C: Possible Injury","Residential","30-39",33,"No","31-35 mph","O: No Injury","White","Female","Sport Utility","No","No","Daylight","Mixed (30% To 70% Developed)","2 lanes",2,"Straight - Level","State Secondary Route","Dry","Two-Way, Not Divided","None","No Special Feature","Smooth Asphalt","Coastal","Rural","40 - 45  MPH","Double Yellow Line, No Passing Zone","Clear","No","0.0, 0.0",0,0
"596",66,67,"No","30-39",33,"No","With Traffic","C: Possible Injury","Travel Lane","White","Male","Asheville","Buncombe","No","01-01-06","2008-01-26","Motorist Right Turn / Merge",13,"Intersection","","0001-01-01T09:02:58-04:56","Motorist Right Turn - Same Direction",111213,2008,"C: Possible Injury","Commercial","30-39",39,"No","11-15 mph","O: No Injury","White","Female","Passenger Car","No","No","Daylight","Urban (>70% Developed)","5 lanes",2,"Straight - Hillcrest","Local Street","Dry","Two-Way, Not Divided","None","Four-Way Intersection","Smooth Asphalt","Mountains","Urban","40 - 45  MPH","Stop And Go Signal","Clear","No","0.0, 0.0",0,0
"597",69,70,"Yes","16-19",18,"No","With Traffic","B: Evident Injury","Travel Lane","White","Male","None - Rural Crash","New Hanover","No","","2008-01-28","Motorist Overtaking Bicyclist",0,"Non-Intersection","","0000-12-31T19:18:58-04:56","Motorist Overtaking - Undetected Bicyclist",311231,2008,"B: Evident Injury","Residential","20-24",21,"No","41-45 mph","O: No Injury","White","Male","Passenger Car","No","No","Dark - Roadway Not Lighted","Mixed (30% To 70% Developed)","4 lanes",2,"Straight - Level","US Route","Dry","Two-Way, Divided, Unprotected Median","None","No Special Feature","Smooth Asphalt","Coastal","Rural","40 - 45  MPH","Missing","Clear","No","0.0, 0.0",0,0
"598",70,71,"No","60-69",69,"No","With Traffic","C: Possible Injury","Travel Lane","White","Male","Weaverville","Buncombe","No","01-01-02","2008-01-29","Motorist Overtaking Bicyclist",16,"Non-Intersection","","0001-01-01T11:38:58-04:56","Motorist Overtaking - Misjudged Space",311232,2008,"C: Possible Injury","Residential","20-24",24,"No","41-45 mph","O: No Injury","White","Female","Passenger Car","No","No","Daylight","Urban (>70% Developed)","2 lanes",2,"Curve - Level","Local Street","Dry","Two-Way, Not Divided","None","No Special Feature","Smooth Asphalt","Mountains","Rural","40 - 45  MPH","Missing","Cloudy","No","0.0, 0.0",0,0
"599",79,80,"No","15-Nov",13,"No","Facing Traffic","C: Possible Injury","Sidewalk / Crosswalk / Driveway Crossing","Black","Male","Raleigh","Wake","No","01-01-05","2008-02-01","Motorist Failed to Yield - Sign-Controlled Intersection",20,"Intersection-Related","01-02-01","0001-01-01T15:11:58-04:56","Motorist Drive Out - Sign-Controlled Intersection",232141,2008,"C: Possible Injury","Residential","30-39",39,"No","0-5 mph","O: No Injury","White","Male","Sport Utility","No","No","Dusk","Urban (>70% Developed)","2 lanes",2,"Straight - Level","Local Street","Dry","Two-Way, Not Divided","None","No Special Feature","Smooth Asphalt","Piedmont","Urban","20 - 25  MPH","Stop Sign","Clear","No","0.0, 0.0",0,0
"600",87,88,"No","40-49",43,"No","With Traffic","B: Evident Injury","Travel Lane","White","Male","Chapel Hill","Orange","No","","2008-02-04","Motorist Right Turn / Merge",13,"Intersection","01-02-01","0001-01-01T08:30:58-04:56","Motorist Right Turn - Same Direction",111213,2008,"B: Evident Injury","Residential","0-19",19,"No","26-30 mph","O: No Injury","White","Male","Passenger Car","No","No","Daylight","Urban (>70% Developed)","2 lanes",2,"Curve - Grade","Local Street","Dry","Two-Way, Not Divided","None","T-Intersection","Smooth Asphalt","Piedmont","Urban","30 - 35  MPH","Stop Sign","Clear","No","0.0, 0.0",0,0