"","FID","OBJECTID","AmbulanceR","BikeAge_Gr","Bike_Age","Bike_Alc_D","Bike_Dir","Bike_Injur","Bike_Pos","Bike_Race","Bike_Sex","City","County","CrashAlcoh","CrashDay","Crash_Date","Crash_Grp","Crash_Hour","Crash_Loc","Crash_Mont","Crash_Time","Crash_Type","Crash_Ty_1","Crash_Year","Crsh_Sevri","Developmen","DrvrAge_Gr","Drvr_Age","Drvr_Alc_D","Drvr_EstSp","Drvr_Injur","Drvr_Race","Drvr_Sex","Drvr_VehTy","ExcsSpdInd","Hit_Run","Light_Cond","Locality","Num_Lanes","Num_Units","Rd_Charact","Rd_Class","Rd_Conditi","Rd_Config","Rd_Defects","Rd_Feature","Rd_Surface","Region","Rural_Urba","Speed_Limi","Traff_Cntr","Weather","Workzone_I","Location","locx","locy"
"601",798,799,"Yes","10-Jun",10,"No","With Traffic","C: Possible Injury","Travel Lane","Black","Male","None - Rural Crash","Wake","No","01-01-07","2012-10-21","Bicyclist Failed to Yield - Sign-Controlled Intersection",13,"Intersection","01-10-01","0001-01-01T08:33:58-04:56","Bicyclist Ride Through - Sign-Controlled Intersection",NA,2012,"C: Possible Injury","Residential","0-19",17,"No","21-25 mph","O: No Injury","Black","Female","Passenger Car","No","No","Daylight","Rural (<30% Developed)","2 lanes",2,"Straight - Grade","State Secondary Route","Dry","Two-Way, Not Divided","None","No Special Feature","Smooth Asphalt","Piedmont","Rural","20 - 25  MPH","Stop Sign","Clear","No","35.73051, -78.5973",-78.5973,35.73051
"602",810,811,"Yes","10-Jun",10,"No","With Traffic","A: Disabling Injury","Travel Lane","Black","Male","Durham","Durham","No","01-01-02","2012-10-23","Bicyclist Failed to Yield - Sign-Controlled Intersection",17,"Intersection","01-10-01","0001-01-01T12:35:58-04:56","Bicyclist Ride Through - Sign-Controlled Intersection",NA,2012,"A: Disabling Injury","Residential","30-39",31,"No","21-25 mph","O: No Injury","Black","Female","Sport Utility","No","No","Daylight","Urban (>70% Developed)","2 lanes",2,"Straight - Grade","Local Street","Dry","Two-Way, Not Divided","None","No Special Feature","Coarse Asphalt","Piedmont","Urban","30 - 35  MPH","Stop Sign","Clear","No","35.96326, -78.8857",-78.8857,35.96326
"603",816,817,"Yes","25-29",27,"Yes","With Traffic","C: Possible Injury","Travel Lane","White","Male","Knightdale","Wake","Yes","01-01-04","2012-10-25","Motorist Overtaking Bicyclist",19,"Non-Intersection","01-10-01","0001-01-01T14:25:58-04:56","Motorist Overtaking - Other /",NA,2012,"C: Possible Injury","Commercial","",NA,"No","31-35 mph","Injury","/Missing","","Pickup","No","Yes","Dark - Roadway Not Lighted","Urban (>70% Developed)","2 lanes",2,"Straight - Level","Local Street","Dry","Two-Way, Not Divided","None","No Special Feature","Coarse Asphalt","Piedmont","Urban","40 - 45  MPH","No Control Present","Clear","No","35.81272, -78.4694",-78.4694,35.81272
"604",818,819,"Yes","20-24",21,"No","With Traffic","C: Possible Injury","Travel Lane","Hispanic","Male","Wilmington","New Hanover","No","01-01-06","2012-10-06","Loss of Control / Turning Error",20,"Intersection","01-10-01","0001-01-01T15:06:58-04:56","Motorist Lost Control - Other /",NA,2012,"C: Possible Injury","Residential","0-19",19,"No","21-25 mph","O: No Injury","White","Male","Passenger Car","No","No","Dark - Lighted Roadway","Urban (>70% Developed)","4 lanes",4,"Straight - Level","Local Street","Dry","Two-Way, Not Divided","None","Four-Way Intersection","Smooth Asphalt","Coastal","Urban","20 - 25  MPH","Stop Sign","Clear","No","34.22934, -77.9293",-77.9293,34.22934
"605",819,820,"No","40-49",43,"No","With Traffic","B: Evident Injury","Bike Lane / Paved Shoulder","Black","Male","None - Rural Crash","Rockingham","No","01-01-04","2012-10-25","Motorist Overtaking Bicyclist",5,"Non-Intersection","01-10-01","0001-01-01T00:03:58-04:56","Motorist Overtaking - Other /",NA,2012,"B: Evident Injury","Farms, Woods, Pastures","",NA,"No","61-65 mph","Injury","/Missing","","Passenger Car","No","Yes","Dark - Roadway Not Lighted","Rural (<30% Developed)","4 lanes",2,"Straight - Level","US Route","Dry","Two-Way, Divided, Positive Median Barrier","None","No Special Feature","Smooth Asphalt","Piedmont","Rural","60 - 75 MPH","No Control Present","Clear","No","36.26376, -79.6494",-79.6494,36.26376
"606",821,822,"No","25-29",27,"No","Facing Traffic","C: Possible Injury","Sidewalk / Crosswalk / Driveway Crossing","Black","Female","Cary","Wake","No","01-01-04","2012-10-11","Motorist Failed to Yield - Sign-Controlled Intersection",18,"Intersection","01-10-01","0001-01-01T13:05:58-04:56","Motorist Drive Out - Sign-Controlled Intersection",NA,2012,"C: Possible Injury","Residential","25-29",27,"No","0-5 mph","O: No Injury","White","Female","Sport Utility","No","No","Daylight","Urban (>70% Developed)","2 lanes",2,"Straight - Level","Local Street","Dry","Two-Way, Not Divided","None","No Special Feature","Smooth Asphalt","Piedmont","Urban","20 - 25  MPH","Stop Sign","Clear","No","35.79437, -78.7832",-78.7832,35.79437
"607",823,824,"Yes","20-24",22,"No","With Traffic","B: Evident Injury","Travel Lane","White","Male","Wilmington","New Hanover","No","01-01-07","2012-10-21","Motorist Failed to Yield - Midblock",15,"Non-Intersection","01-10-01","0001-01-01T10:54:58-04:56","Motorist Drive Out - Commercial Driveway / Alley",NA,2012,"B: Evident Injury","Commercial","",NA,"No","11-15 mph","Injury","/Missing","","","No","Yes","Daylight","Urban (>70% Developed)","2 lanes",2,"Straight - Level","Local Street","Dry","Two-Way, Not Divided","None","No Special Feature","Coarse Asphalt","Coastal","Urban","30 - 35  MPH","No Control Present","Clear","No","34.23536, -77.8703",-77.8703,34.23536
"608",824,825,"Yes","25-29",25,"No","With Traffic","B: Evident Injury","Travel Lane","White","Male","None - Rural Crash","Rowan","No","01-01-02","2012-10-30","Motorist Overtaking Bicyclist",6,"Non-Intersection","01-10-01","0001-01-01T01:08:58-04:56","Motorist Overtaking - Undetected Bicyclist",NA,2012,"B: Evident Injury","Farms, Woods, Pastures","20-24",21,"No","51-55 mph","O: No Injury","White","Male","Pickup","No","No","Dark - Roadway Not Lighted","Rural (<30% Developed)","2 lanes",2,"Curve - Level","State Secondary Route","Dry","Two-Way, Not Divided","None","No Special Feature","Smooth Asphalt","Piedmont","Rural","50 - 55  MPH","Double Yellow Line, No Passing Zone","Clear","No","35.61393, -80.4946",-80.4946,35.61393
"609",831,832,"Yes","20-24",21,"No","Facing Traffic","B: Evident Injury","Travel Lane","White","Male","Concord","Cabarrus","No","01-01-06","2012-10-13","Head-On",20,"Intersection","01-10-01","0001-01-01T15:50:58-04:56","Head-On - Bicyclist",NA,2012,"B: Evident Injury","Commercial","20-24",21,"No","11-15 mph","O: No Injury","White","Male","Sport Utility","No","No","Dark - Lighted Roadway","Urban (>70% Developed)","4 lanes",2,"Straight - Level","US Route","Dry","Two-Way, Divided, Unprotected Median","None","Driveway, Public","Coarse Asphalt","Piedmont","Urban","40 - 45  MPH","Stop Sign","Clear","No","35.35186, -80.6889",-80.6889,35.35186
"610",838,839,"No","50-59",56,"No","With Traffic","B: Evident Injury","Travel Lane","White","Male","Hickory","Catawba","No","01-01-04","2012-10-25","Motorist Right Turn / Merge",13,"Non-Intersection","01-10-01","0001-01-01T09:01:58-04:56","Motorist Right Turn - Same Direction",NA,2012,"B: Evident Injury","Commercial","50-59",55,"No","6-10 mph","O: No Injury","Asian","Female","Sport Utility","No","No","Daylight","Urban (>70% Developed)","5 lanes",2,"Straight - Grade","Local Street","Dry","Two-Way, Not Divided","None","No Special Feature","Coarse Asphalt","Piedmont","Urban","40 - 45  MPH","No Control Present","Clear","No","35.75217, -81.2864",-81.2864,35.75217
"611",847,848,"Yes","40-49",41,"No","With Traffic","B: Evident Injury","Travel Lane","Black","Male","Kinston","Lenoir","No","","2012-11-05","Motorist Right Turn / Merge",16,"Intersection","01-11-01","0001-01-01T11:33:58-04:56","Motorist Right Turn - Same Direction",NA,2012,"B: Evident Injury","Commercial","30-39",34,"No","0-5 mph","O: No Injury","White","Female","Passenger Car","No","No","Daylight","Urban (>70% Developed)","9 or more lanes",2,"Straight - Level","Local Street","Dry","Two-Way, Not Divided","None","Four-Way Intersection","Smooth Asphalt","Coastal","Urban","30 - 35  MPH","Stop Sign","Clear","No","35.26893, -77.5843",-77.5843,35.26893
"612",850,851,"No","25-29",28,"No","With Traffic","O: No Injury","Travel Lane","White","Male","Boone","Watauga","No","01-01-05","2012-10-19","Bicyclist Overtaking Motorist",13,"Intersection","01-10-01","0001-01-01T08:41:58-04:56","Bicyclist Overtaking - Passing on Right",NA,2012,"O: No Injury","Residential","0-19",19,"No","","O: No Injury","White","Female","Passenger Car","No","No","Daylight","Urban (>70% Developed)","2 lanes",2,"Straight - Level","US Route","Dry","Two-Way, Not Divided","None","T-Intersection","Smooth Asphalt","Mountains","Urban","","Double Yellow Line, No Passing Zone","Clear","No","36.21808, -81.683",-81.683,36.21808
"613",853,854,"Yes","25-29",26,"No","With Traffic","B: Evident Injury","Sidewalk / Crosswalk / Driveway Crossing","White","Female","Wilmington","New Hanover","No","01-01-02","2012-10-23","Bicyclist Failed to Yield - Signalized Intersection",14,"Intersection","01-10-01","0001-01-01T09:33:58-04:56","Bicyclist Failed to Clear - Trapped",NA,2012,"B: Evident Injury","Residential","40-49",47,"No","11-15 mph","O: No Injury","White","Female","Passenger Car","No","No","Daylight","Urban (>70% Developed)","4 lanes",2,"Straight - Level","Local Street","Dry","Two-Way, Divided, Unprotected Median","Other","Four-Way Intersection","Coarse Asphalt","Coastal","Urban","20 - 25  MPH","Stop And Go Signal","Clear","No","34.22452, -77.8238",-77.8238,34.22452
"614",855,856,"Yes","25-29",28,"No","With Traffic","B: Evident Injury","Travel Lane","White","Male","Wilmington","New Hanover","No","01-01-06","2012-10-20","Motorist Failed to Yield - Signalized Intersection",17,"Intersection","01-10-01","0001-01-01T12:52:58-04:56","Motorist Drive Out - Right Turn on Red",NA,2012,"B: Evident Injury","Industrial","40-49",48,"No","11-15 mph","O: No Injury","White","Female","Van","No","No","Dusk","Urban (>70% Developed)","4 lanes",2,"Straight - Level","Local Street","Dry","Two-Way, Not Divided","None","No Special Feature","Coarse Asphalt","Coastal","Urban","40 - 45  MPH","Stop And Go Signal","Clear","No","34.23084, -77.8771",-77.8771,34.23084
"615",857,858,"Yes","10-Jun",8,"No","Not Applicable","O: No Injury","Non-Roadway","White","Female","Raleigh","Wake","No","01-01-06","2012-11-03","Non-Roadway",17,"Non-Roadway","01-11-01","0001-01-01T12:33:58-04:56","Non-Roadway",NA,2012,"O: No Injury","Residential","30-39",37,"No","0-5 mph","O: No Injury","White","Male","Light Truck (Mini-Van, Panel)","No","No","Daylight","Urban (>70% Developed)","2 lanes",2,"Straight - Level","Private Road, Driveway","Dry","Two-Way, Not Divided","None","Driveway, Private","Smooth Asphalt","Piedmont","Urban","5 - 15 MPH","No Control Present","Clear","No","35.95608, -78.5439",-78.5439,35.95608
"616",858,859,"Yes","60-69",63,"No","With Traffic","B: Evident Injury","Travel Lane","White","Male","Raleigh","Wake","No","01-01-03","2012-11-07","Motorist Left Turn / Merge",15,"Intersection-Related","01-11-01","0001-01-01T10:56:58-04:56","Motorist Left Turn - Opposite Direction",NA,2012,"B: Evident Injury","Commercial","30-39",36,"No","6-10 mph","O: No Injury","White","Male","Passenger Car","No","No","Daylight","Urban (>70% Developed)","2 lanes",2,"Straight - Level","","Dry","Two-Way, Not Divided","None","No Special Feature","Smooth Asphalt","Piedmont","Urban","30 - 35  MPH","No Control Present","Clear","No","35.79306, -78.6841",-78.6841,35.79306
"617",865,866,"Yes","40-49",45,"No","With Traffic","A: Disabling Injury","Travel Lane","White","Male","None - Rural Crash","Davidson","No","01-01-07","2012-11-11","Motorist Left Turn / Merge",14,"Intersection","01-11-01","0001-01-01T09:33:58-04:56","Motorist Left Turn - Opposite Direction",NA,2012,"A: Disabling Injury","Residential","70",70,"No","41-45 mph","O: No Injury","White","Female","Sport Utility","No","No","Daylight","Rural (<30% Developed)","2 lanes",2,"Curve - Level","State Secondary Route","Dry","Two-Way, Not Divided","None","T-Intersection","Smooth Asphalt","Piedmont","Rural","40 - 45  MPH","Double Yellow Line, No Passing Zone","Clear","No","35.94995, -80.0886",-80.0886,35.94995
"618",870,871,"No","50-59",50,"No","Facing Traffic","O: No Injury","Sidewalk / Crosswalk / Driveway Crossing","White","Male","Greenville","Pitt","No","01-01-06","2012-11-10","Crossing Paths - Other Circumstances",9,"Intersection","01-11-01","0001-01-01T04:59:58-04:56","Signalized Intersection - Other /",NA,2012,"O: No Injury","Commercial","20-24",20,"No","0-5 mph","O: No Injury","White","Female","Passenger Car","No","No","Daylight","Urban (>70% Developed)","5 lanes",2,"Straight - Level","Local Street","Dry","Two-Way, Divided, Unprotected Median","None","No Special Feature","Smooth Asphalt","Coastal","Urban","40 - 45  MPH","No Control Present","Clear","No","35.59107, -77.3783",-77.3783,35.59107
"619",874,875,"No","25-29",26,"No","Facing Traffic","B: Evident Injury","Sidewalk / Crosswalk / Driveway Crossing","White","Male","Charlotte","Mecklenburg","No","01-01-02","2012-10-23","Crossing Paths - Other Circumstances",16,"Intersection","01-10-01","0001-01-01T11:24:58-04:56","Signalized Intersection - Other /",NA,2012,"B: Evident Injury","Commercial","50-59",58,"No","0-5 mph","O: No Injury","White","Male","Pickup","No","No","Daylight","Urban (>70% Developed)","6 lanes",2,"Curve - Level","Local Street","Dry","Two-Way, Divided, Positive Median Barrier","None","T-Intersection","Coarse Asphalt","Piedmont","Urban","30 - 35  MPH","Stop And Go Signal","Clear","No","35.19434, -80.8733",-80.8733,35.19434
"620",878,879,"No","16-19",16,"No","With Traffic","C: Possible Injury","Travel Lane","Black","Male","Concord","Cabarrus","No","01-01-06","2012-11-03","Bicyclist Left Turn / Merge",15,"Non-Intersection","01-11-01","0001-01-01T10:28:58-04:56","Bicyclist Left Turn - Same Direction",NA,2012,"C: Possible Injury","Residential","25-29",25,"No","41-45 mph","O: No Injury","White","Female","Passenger Car","No","No","Daylight","Urban (>70% Developed)","2 lanes",2,"Straight - Level","NC Route","Dry","Two-Way, Divided, Unprotected Median","None","No Special Feature","Smooth Asphalt","Piedmont","Urban","40 - 45  MPH","No Control Present","Clear","No","35.43405, -80.6328",-80.6328,35.43405
"621",887,888,"Yes","50-59",53,"Yes","With Traffic","B: Evident Injury","Travel Lane","Black","Male","Durham","Durham","Yes","01-01-07","2012-11-18","Motorist Overtaking Bicyclist",22,"Non-Intersection","01-11-01","0001-01-01T17:30:58-04:56","Motorist Overtaking - Undetected Bicyclist",NA,2012,"B: Evident Injury","Commercial","60-69",69,"No","21-25 mph","O: No Injury","Black","Male","Passenger Car","No","No","Dark - Lighted Roadway","Urban (>70% Developed)","3 lanes",2,"Straight - Grade","Local Street","Dry","One-Way, Not Divided","None","No Special Feature","Smooth Asphalt","Piedmont","Urban","20 - 25  MPH","No Control Present","Clear","No","35.99497, -78.8973",-78.8973,35.99497
"622",888,889,"Yes","20-24",22,"No","With Traffic","B: Evident Injury","Travel Lane","White","Male","Elizabethtown","Bladen","No","01-01-03","2012-10-24","Bicyclist Failed to Yield - Signalized Intersection",16,"Intersection","01-10-01","0001-01-01T11:50:58-04:56","Bicyclist Ride Through - Signalized Intersection",NA,2012,"B: Evident Injury","Commercial","0-19",16,"No","11-15 mph","O: No Injury","White","Female","Passenger Car","No","No","Daylight","Mixed (30% To 70% Developed)","2 lanes",2,"Straight - Level","State Secondary Route","Dry","Two-Way, Not Divided","None","Four-Way Intersection","Smooth Asphalt","Coastal","Rural","30 - 35  MPH","Stop And Go Signal","Clear","No","34.62806, -78.6079",-78.6079,34.62806
"623",903,904,"Yes","50-59",52,"No","With Traffic","B: Evident Injury","Travel Lane","Black","Male","Mineral Springs","Union","No","01-01-04","2012-11-22","Head-On",11,"Non-Intersection","01-11-01","0001-01-01T06:48:58-04:56","Head-On - Bicyclist",NA,2012,"B: Evident Injury","Farms, Woods, Pastures","25-29",27,"No","41-45 mph","O: No Injury","White","Female","Passenger Car","No","No","Daylight","Rural (<30% Developed)","2 lanes",2,"Straight - Grade","NC Route","Dry","Two-Way, Not Divided","None","No Special Feature","Smooth Asphalt","Piedmont","Rural","40 - 45  MPH","Double Yellow Line, No Passing Zone","Clear","No","34.93609, -80.6736",-80.6736,34.93609
"624",909,910,"Yes","20-24",20,"No","Facing Traffic","C: Possible Injury","Sidewalk / Crosswalk / Driveway Crossing","White","Female","Greensboro","Guilford","No","","2012-08-27","Motorist Failed to Yield - Midblock",17,"Non-Intersection","01-08-01","0001-01-01T12:14:58-04:56","Motorist Drive Out - Commercial Driveway / Alley",NA,2012,"C: Possible Injury","Commercial","30-39",35,"No","0-5 mph","O: No Injury","White","Male","Passenger Car","No","No","Daylight","Urban (>70% Developed)","2 lanes",2,"Straight - Level","Public Vehicular Area","Dry","Two-Way, Not Divided","None","Driveway, Public","Smooth Asphalt","Piedmont","Urban","5 - 15 MPH","No Control Present","Clear","No","36.06396, -79.8178",-79.8178,36.06396
"625",913,914,"No","16-19",17,"No","With Traffic","C: Possible Injury","Travel Lane","White","Male","Jonesville","Yadkin","No","01-01-02","2012-11-27","Bicyclist Failed to Yield - Sign-Controlled Intersection",11,"Intersection","01-11-01","0001-01-01T06:18:58-04:56","Bicyclist Ride Through - Sign-Controlled Intersection",NA,2012,"C: Possible Injury","Residential","40-49",43,"No","31-35 mph","O: No Injury","White","Female","Sport Utility","No","No","Daylight","Mixed (30% To 70% Developed)","2 lanes",2,"Straight - Grade","Local Street","Wet","Two-Way, Not Divided","None","T-Intersection","Smooth Asphalt","Mountains","Rural","30 - 35  MPH","No Control Present","Rain","No","36.23988, -80.8489",-80.8489,36.23988
"626",917,918,"Yes","20-24",20,"No","Not Applicable","C: Possible Injury","Non-Roadway","Black","Male","Raleigh","Wake","No","01-01-05","2012-11-23","Non-Roadway",14,"Non-Roadway","01-11-01","0001-01-01T09:47:58-04:56","Non-Roadway",NA,2012,"C: Possible Injury","Commercial","30-39",39,"No","11-15 mph","O: No Injury","Black","Male","Sport Utility","No","No","Daylight","Urban (>70% Developed)","2 lanes",2,"Straight - Level","Public Vehicular Area","Dry","Two-Way, Not Divided","None","No Special Feature","Smooth Asphalt","Piedmont","Urban","5 - 15 MPH","No Control Present","Cloudy","No","35.75482, -78.6148",-78.6148,35.75482
"627",918,919,"Yes","20-24",24,"No","Facing Traffic","O: No Injury","Sidewalk / Crosswalk / Driveway Crossing","White","Male","Raleigh","Wake","No","01-01-02","2012-11-27","Motorist Failed to Yield - Midblock",14,"Non-Intersection","01-11-01","0001-01-01T09:38:58-04:56","Motorist Drive Out - Commercial Driveway / Alley",NA,2012,"O: No Injury","Commercial","25-29",25,"No","0-5 mph","O: No Injury","White","Male","Passenger Car","No","No","Daylight","Urban (>70% Developed)","5 lanes",2,"Straight - Grade","Local Street","Dry","Two-Way, Not Divided","None","No Special Feature","Smooth Asphalt","Piedmont","Urban","30 - 35  MPH","No Control Present","Cloudy","No","35.85613, -78.6436",-78.6436,35.85613
"628",922,923,"No","70",0,"No","","O: No Injury","Bike Lane / Paved Shoulder","Hispanic","Male","Clinton","Sampson","No","01-01-03","2012-11-28","Bicyclist Failed to Yield - Midblock",13,"Non-Intersection","01-11-01","0001-01-01T08:59:58-04:56","Bicyclist Ride Out - Midblock -",NA,2012,"O: No Injury","Residential","50-59",57,"No","31-35 mph","O: No Injury","Black","Female","Passenger Car","No","No","Daylight","Urban (>70% Developed)","2 lanes",2,"Straight - Level","Local Street","Dry","Two-Way, Not Divided","None","No Special Feature","Coarse Asphalt","Coastal","Urban","30 - 35  MPH","No Control Present","Clear","No","34.98883, -78.331",-78.331,34.98883
"629",926,927,"Yes","50-59",56,"No","With Traffic","C: Possible Injury","Travel Lane","Black","Male","Greenville","Pitt","No","01-01-05","2012-11-16","Motorist Failed to Yield - Signalized Intersection",12,"Intersection","01-11-01","0001-01-01T07:49:58-04:56","Motorist Drive Out - Signalized Intersection",NA,2012,"C: Possible Injury","Residential","40-49",47,"No","0-5 mph","O: No Injury","White","Female","Passenger Car","No","No","Daylight","Urban (>70% Developed)","2 lanes",2,"Straight - Level","Local Street","Dry","Two-Way, Not Divided","None","T-Intersection","Smooth Asphalt","Coastal","Urban","30 - 35  MPH","No Control Present","Clear","No","35.59224, -77.3473",-77.3473,35.59224
"630",928,929,"Yes","16-19",18,"No","With Traffic","C: Possible Injury","Travel Lane","Hispanic","Male","Concord","Cabarrus","No","","2012-11-12","Motorist Overtaking Bicyclist",17,"Non-Intersection","01-11-01","0001-01-01T12:43:58-04:56","Motorist Overtaking - Undetected Bicyclist",NA,2012,"C: Possible Injury","Residential","30-39",38,"No","41-45 mph","O: No Injury","White","Male","Single Unit Truck (2-Axle, 6-Tire)","No","No","Dark - Lighted Roadway","Urban (>70% Developed)","2 lanes",2,"Straight - Level","Local Street","Dry","Two-Way, Divided, Unprotected Median","None","No Special Feature","Smooth Asphalt","Piedmont","Urban","40 - 45  MPH","No Control Present","Clear","No","35.38232, -80.6848",-80.6848,35.38232
"631",931,932,"Yes","40-49",41,"Yes","Facing Traffic","K: Killed","Travel Lane","White","Male","None - Rural Crash","Nash","Yes","01-01-04","2012-11-29","Bicyclist Right Turn / Merge",13,"Non-Intersection","01-11-01","0001-01-01T08:10:58-04:56","Bicyclist Right Turn - Same Direction",NA,2012,"K: Killed","Farms, Woods, Pastures","40-49",45,"No","51-55 mph","O: No Injury","Black","Female","Passenger Car","No","No","Daylight","Rural (<30% Developed)","2 lanes",2,"Straight - Level","State Secondary Route","Dry","Two-Way, Not Divided","None","No Special Feature","Smooth Asphalt","Coastal","Rural","50 - 55  MPH","No Control Present","Clear","No","35.77929, -78.1812",-78.1812,35.77929
"632",936,937,"Yes","20-24",22,"No","With Traffic","B: Evident Injury","Travel Lane","White","Male","None - Rural Crash","Orange","No","","2012-12-03","Motorist Failed to Yield - Sign-Controlled Intersection",16,"Intersection","01-12-01","0001-01-01T11:03:58-04:56","Motorist Drive Out - Sign-Controlled Intersection",NA,2012,"B: Evident Injury","Farms, Woods, Pastures","40-49",40,"No","21-25 mph","O: No Injury","White","Male","Passenger Car","No","No","Daylight","Rural (<30% Developed)","2 lanes",2,"Straight - Grade","State Secondary Route","Dry","Two-Way, Not Divided","None","T-Intersection","Smooth Asphalt","Piedmont","Rural","40 - 45  MPH","Stop Sign","Clear","No","36.03282, -79.0383",-79.0383,36.03282
"633",938,939,"No","10-Jun",6,"No","","O: No Injury","","Native American","Male","Fayetteville","Cumberland","No","","2012-11-12","Other /  - Insufficient Details",16,"Non-Intersection","01-11-01","0001-01-01T11:36:58-04:56","Approach Paths",NA,2012,"O: No Injury","Residential","40-49",40,"No","","O: No Injury","Black","Female","Sport Utility","No","No","Daylight","Mixed (30% To 70% Developed)","1 lane",2,"Straight - Level","Public Vehicular Area","Dry","Two-Way, Not Divided","None","Driveway, Public","Concrete","Coastal","Urban","5 - 15 MPH","Stop Sign","Clear","No","34.99453, -78.9104",-78.9104,34.99453
"634",939,940,"No","50-59",53,"No","Facing Traffic","B: Evident Injury","Sidewalk / Crosswalk / Driveway Crossing","White","Male","Asheville","Buncombe","No","01-01-06","2012-11-10","Motorist Failed to Yield - Sign-Controlled Intersection",13,"Intersection","01-11-01","0001-01-01T08:14:58-04:56","Motorist Drive Out - Sign-Controlled Intersection",NA,2012,"B: Evident Injury","Commercial","40-49",44,"No","","O: No Injury","White","Female","Passenger Car","No","No","Daylight","Urban (>70% Developed)","4 lanes",2,"Straight - Grade","US Route","Dry","Two-Way, Divided, Unprotected Median","None","T-Intersection","Smooth Asphalt","Mountains","Urban","40 - 45  MPH","Stop Sign","Clear","No","35.57693, -82.6116",-82.6116,35.57693
"635",940,941,"Yes","50-59",54,"No","With Traffic","C: Possible Injury","Travel Lane","White","Male","Chapel Hill","Orange","No","01-01-02","2012-11-27","Bicyclist Overtaking Motorist",17,"Intersection-Related","01-11-01","0001-01-01T12:28:58-04:56","Bicyclist Overtaking - Extended Door",NA,2012,"C: Possible Injury","Residential","30-39",31,"No","0-5 mph","O: No Injury","White","Female","Passenger Car","No","No","Dark - Lighted Roadway","Urban (>70% Developed)","2 lanes",2,"Straight - Level","Local Street","Wet","Two-Way, Divided, Unprotected Median","None","No Special Feature","Smooth Asphalt","Piedmont","Urban","20 - 25  MPH","Double Yellow Line, No Passing Zone","Rain","No","35.91165, -79.0626",-79.0626,35.91165
"636",945,946,"Yes","50-59",56,"No","With Traffic","C: Possible Injury","Travel Lane","Black","Male","Greenville","Pitt","No","01-01-02","2012-12-04","Bicyclist Failed to Yield - Sign-Controlled Intersection",13,"Intersection","01-12-01","0001-01-01T08:49:58-04:56","Bicyclist Ride Out - Sign-Controlled Intersection",NA,2012,"C: Possible Injury","Commercial","20-24",21,"No","41-45 mph","O: No Injury","White","Female","Passenger Car","No","No","Daylight","Urban (>70% Developed)","7 lanes",2,"Straight - Level","NC Route","Dry","Two-Way, Not Divided","None","T-Intersection","Smooth Asphalt","Coastal","Urban","40 - 45  MPH","No Control Present","Clear","No","35.60871, -77.3946",-77.3946,35.60871
"637",946,947,"Yes","50-59",50,"No","With Traffic","B: Evident Injury","Travel Lane","Black","Male","Greenville","Pitt","No","","2012-12-03","Bicyclist Failed to Yield - Sign-Controlled Intersection",19,"Intersection","01-12-01","0001-01-01T14:51:58-04:56","Bicyclist Ride Out - Sign-Controlled Intersection",NA,2012,"B: Evident Injury","Residential","50-59",51,"No","16-20 mph","O: No Injury","Black","Male","Pickup","No","No","Dark - Lighted Roadway","Urban (>70% Developed)","2 lanes",2,"Straight - Level","Local Street","Dry","Two-Way, Not Divided","None","No Special Feature","Coarse Asphalt","Coastal","Urban","20 - 25  MPH","Stop Sign","Clear","No","35.60262, -77.3742",-77.3742,35.60262
"638",947,948,"No","",0,"No","With Traffic","Injury","Travel Lane","/Missing","","Shelby","Cleveland","No","01-01-05","2012-11-16","Motorist Left Turn / Merge",16,"Intersection","01-11-01","0001-01-01T11:06:58-04:56","Motorist Left Turn - Opposite Direction",NA,2012,"O: No Injury","Commercial","40-49",43,"No","6-10 mph","O: No Injury","White","Male","Sport Utility","No","No","Daylight","Mixed (30% To 70% Developed)","3 lanes",2,"Straight - Level","US Route","Dry","Two-Way, Divided, Positive Median Barrier","None","Four-Way Intersection","Smooth Asphalt","Mountains","Urban","40 - 45  MPH","Stop And Go Signal","Clear","No","35.29354, -81.5983",-81.5983,35.29354
"639",953,954,"Yes","40-49",42,"No","With Traffic","B: Evident Injury","Travel Lane","White","Male","None - Rural Crash","Iredell","No","","2012-12-10","Motorist Overtaking Bicyclist",16,"Non-Intersection","01-12-01","0001-01-01T11:53:58-04:56","Motorist Overtaking - Other /",NA,2012,"B: Evident Injury","Residential","20-24",20,"No","41-45 mph","O: No Injury","White","Female","Passenger Car","No","No","Daylight","Mixed (30% To 70% Developed)","2 lanes",2,"Straight - Level","State Secondary Route","Wet","Two-Way, Not Divided","None","No Special Feature","Smooth Asphalt","Piedmont","Rural","50 - 55  MPH","Double Yellow Line, No Passing Zone","Rain","No","35.64592, -80.8092",-80.8092,35.64592
"640",959,960,"Yes","30-39",35,"No","Facing Traffic","O: No Injury","Sidewalk / Crosswalk / Driveway Crossing","Hispanic","Male","Charlotte","Mecklenburg","No","01-01-03","2012-12-12","Motorist Failed to Yield - Midblock",9,"Non-Intersection","01-12-01","0001-01-01T04:14:58-04:56","Motorist Drive Out - Residential Driveway",NA,2012,"B: Evident Injury","Residential","40-49",49,"No","0-5 mph","O: No Injury","White","Male","Passenger Car","No","No","Daylight","Urban (>70% Developed)","2 lanes",2,"Straight - Level","Local Street","Dry","Two-Way, Divided, Unprotected Median","None","Driveway, Public","Concrete","Piedmont","Urban","20 - 25  MPH","Stop Sign","Cloudy","No","35.1863, -80.7443",-80.7443,35.1863