"","FID","OBJECTID","AmbulanceR","BikeAge_Gr","Bike_Age","Bike_Alc_D","Bike_Dir","Bike_Injur","Bike_Pos","Bike_Race","Bike_Sex","City","County","CrashAlcoh","CrashDay","Crash_Date","Crash_Grp","Crash_Hour","Crash_Loc","Crash_Mont","Crash_Time","Crash_Type","Crash_Ty_1","Crash_Year","Crsh_Sevri","Developmen","DrvrAge_Gr","Drvr_Age","Drvr_Alc_D","Drvr_EstSp","Drvr_Injur","Drvr_Race","Drvr_Sex","Drvr_VehTy","ExcsSpdInd","Hit_Run","Light_Cond","Locality","Num_Lanes","Num_Units","Rd_Charact","Rd_Class","Rd_Conditi","Rd_Config","Rd_Defects","Rd_Feature","Rd_Surface","Region","Rural_Urba","Speed_Limi","Traff_Cntr","Weather","Workzone_I","Location","locx","locy"
"681",547,548,"Yes","10-Jun",7,"Yes","Not Applicable","B: Evident Injury","Driveway / Alley","Black","Male","Raleigh","Wake","Yes","","2007-07-16","Bicyclist Failed to Yield - Midblock",18,"Non-Intersection","01-07-01","0001-01-01T13:22:58-04:56","Bicyclist Ride Out - Residential Driveway",353311,2007,"B: Evident Injury","Commercial","50-59",54,"No","0-5 mph","O: No Injury","Black","Male","Van","No","No","Daylight","Urban (>70% Developed)","2 lanes",2,"Straight - Level","Local Street","Dry","Two-Way, Not Divided","None","No Special Feature","Smooth Asphalt","Piedmont","Urban","30 - 35  MPH","No Control Present","Clear","No","35.769558, -78.62348",-78.62348,35.769558
"682",551,552,"Yes","40-49",41,"No","","B: Evident Injury","Non-Roadway","Black","Male","Salisbury","Rowan","No","01-01-02","2007-10-23","Non-Roadway",17,"Non-Roadway","01-10-01","0001-01-01T12:28:58-04:56","Non-Roadway",460910,2007,"B: Evident Injury","Commercial","70+",NA,"No","6-10 mph","O: No Injury","White","Female","Passenger Car","No","No","Daylight","Urban (>70% Developed)","",2,"Straight - Level","Public Vehicular Area","Dry","Two-Way, Not Divided","None","No Special Feature","Smooth Asphalt","Piedmont","Urban","5 - 15 MPH","No Control Present","Cloudy","No","35.685604, -80.48285",-80.48285,35.685604
"683",552,553,"Yes","40-49",46,"No","Facing Traffic","B: Evident Injury","Sidewalk / Crosswalk / Driveway Crossing","White","Male","Charlotte","Mecklenburg","No","01-01-03","2007-10-24","Motorist Left Turn / Merge",7,"Intersection","01-10-01","0001-01-01T03:01:58-04:56","Motorist Left Turn - Same Direction",132211,2007,"B: Evident Injury","Institutional","40-49",43,"No","0-5 mph","O: No Injury","White","Female","Van","No","No","Daylight","Urban (>70% Developed)","4 lanes",2,"Straight - Level","Local Street","Wet","Two-Way, Not Divided","None","No Special Feature","Smooth Asphalt","Piedmont","Urban","30 - 35  MPH","No Control Present","Cloudy","No","35.18753, -80.852806",-80.852806,35.18753
"684",554,555,"Yes","30-39",30,"No","With Traffic","B: Evident Injury","Travel Lane","White","Male","Jacksonville","Onslow","Yes","01-01-04","2007-07-19","Motorist Overtaking Bicyclist",8,"Non-Intersection","01-07-01","0001-01-01T03:20:58-04:56","Motorist Overtaking - Other /",311239,2007,"B: Evident Injury","Commercial","30-39",36,"Yes","41-45 mph","Injury","/Missing","","Passenger Car","No","Yes","Daylight","Urban (>70% Developed)","4 lanes",2,"Straight - Level","US Route","Dry","Two-Way, Not Divided","None","Bridge","Concrete","Coastal","Urban","40 - 45  MPH","No Control Present","Clear","No","34.751995, -77.43861",-77.43861,34.751995
"685",564,565,"Yes","10-Jun",10,"No","","B: Evident Injury","Travel Lane","White","Male","Wrightsville Beach","New Hanover","No","01-01-05","2007-07-20","Bicyclist Failed to Yield - Sign-Controlled Intersection",11,"Intersection","01-07-01","0001-01-01T06:12:58-04:56","Bicyclist Ride Through - Sign-Controlled Intersection",119144,2007,"B: Evident Injury","Residential","50-59",53,"No","16-20 mph","O: No Injury","White","Male","Van","No","No","Daylight","Urban (>70% Developed)","4 lanes",2,"Straight - Level","Local Street","Dry","Two-Way, Not Divided","None","T-Intersection","Coarse Asphalt","Coastal","Rural","30 - 35  MPH","Stop Sign","Clear","No","34.206436, -77.79705",-77.79705,34.206436
"686",569,570,"Yes","20-24",24,"No","With Traffic","K: Killed","Travel Lane","Black","Male","None - Rural Crash","Person","No","","2007-07-23","Motorist Overtaking Bicyclist",17,"Non-Intersection","01-07-01","0001-01-01T12:23:58-04:56","Motorist Overtaking - Other /",311239,2007,"K: Killed","Farms, Woods, Pastures","20-24",21,"No","56-60 mph","C: Possible Injury","White","Male","Pickup","No","No","Daylight","Rural (<30% Developed)","4 lanes",2,"Straight - Level","US Route","Dry","Two-Way, Divided, Unprotected Median","None","No Special Feature","Smooth Asphalt","Piedmont","Rural","50 - 55  MPH","No Control Present","Clear","No","36.37689, -78.982834",-78.982834,36.37689
"687",577,578,"Yes","20-24",24,"No","","C: Possible Injury","Sidewalk / Crosswalk / Driveway Crossing","Black","Male","Durham","Durham","No","01-01-03","2007-10-31","Motorist Failed to Yield - Signalized Intersection",19,"Intersection","01-10-01","0001-01-01T14:45:58-04:56","Motorist Drive Out - Right Turn on Red",139151,2007,"C: Possible Injury","Residential","40-49",44,"No","0-5 mph","O: No Injury","White","Male","Sport Utility","No","No","Dark - Lighted Roadway","Urban (>70% Developed)","4 lanes",2,"Straight - Level","Local Street","Dry","Two-Way, Not Divided","None","No Special Feature","Smooth Asphalt","Piedmont","Urban","30 - 35  MPH","Stop And Go Signal","Clear","No","35.959927, -78.910614",-78.910614,35.959927
"688",584,585,"Yes","20-24",20,"No","With Traffic","B: Evident Injury","Travel Lane","White","Male","None - Rural Crash","Caswell","No","01-01-04","2007-07-26","Head-On",20,"Intersection","01-07-01","0001-01-01T15:22:58-04:56","Head-On - Motorist",111255,2007,"B: Evident Injury","Farms, Woods, Pastures","",NA,"Missing","51-55 mph","Injury","/Missing","","","No","Yes","Dusk","Rural (<30% Developed)","2 lanes",3,"Curve - Level","State Secondary Route","Dry","Two-Way, Not Divided","None","No Special Feature","Smooth Asphalt","Piedmont","Rural","50 - 55  MPH","Double Yellow Line, No Passing Zone","Clear","No","36.39728, -79.502975",-79.502975,36.39728
"689",585,586,"Yes","50-59",52,"No","Not Applicable","C: Possible Injury","Driveway / Alley","Black","Male","Rocky Mount","Edgecombe","No","01-01-04","2007-07-26","Motorist Right Turn / Merge",18,"Non-Intersection","01-07-01","0001-01-01T14:01:58-04:56","Motorist Right Turn - Opposite Direction",353214,2007,"C: Possible Injury","Residential","20-24",22,"No","0-5 mph","O: No Injury","Black","Female","Passenger Car","No","No","Daylight","Urban (>70% Developed)","5 lanes",2,"Straight - Level","Local Street","Dry","Two-Way, Not Divided","None","No Special Feature","Smooth Asphalt","Coastal","Urban","30 - 35  MPH","Stop And Go Signal","Clear","No","35.94465, -77.77644",-77.77644,35.94465
"690",586,587,"Yes","25-29",28,"No","Facing Traffic","C: Possible Injury","Travel Lane","Hispanic","Female","Matthews","Mecklenburg","No","01-01-05","2007-08-17","Motorist Failed to Yield - Midblock",16,"Non-Intersection","01-08-01","0001-01-01T11:10:58-04:56","Motorist Drive Out - Commercial Driveway / Alley",312322,2007,"C: Possible Injury","Commercial","30-39",36,"No","6-10 mph","O: No Injury","White","Male","Light Truck (Mini-Van, Panel)","No","No","Daylight","Mixed (30% To 70% Developed)","4 lanes",2,"Straight - Level","US Route","Dry","Two-Way, Divided, Positive Median Barrier","Other","T-Intersection","Smooth Asphalt","Piedmont","Urban","20 - 25  MPH","Stop Sign","Clear","No","35.142757, -80.72024",-80.72024,35.142757
"691",587,588,"Yes","16-19",18,"No","Facing Traffic","B: Evident Injury","Travel Lane","Black","Male","Greenville","Pitt","No","01-01-04","2007-07-26","Bicyclist Failed to Yield - Signalized Intersection",17,"Intersection","01-07-01","0001-01-01T12:18:58-04:56","Bicyclist Ride Through - Signalized Intersection",112155,2007,"B: Evident Injury","Commercial","20-24",22,"No","31-35 mph","O: No Injury","White","Male","Pickup","No","No","Daylight","Urban (>70% Developed)","5 lanes",3,"Straight - Level","Local Street","Dry","Two-Way, Not Divided","None","Four-Way Intersection","Smooth Asphalt","Coastal","Urban","40 - 45  MPH","Stop And Go Signal","Clear","No","35.6018, -77.37542",-77.37542,35.6018
"692",596,597,"Yes","40-49",43,"No","With Traffic","C: Possible Injury","Travel Lane","White","Male","Wilmington","New Hanover","No","01-01-06","2007-07-28","Loss of Control / Turning Error",18,"Intersection","01-07-01","0001-01-01T13:34:58-04:56","Bicyclist Lost Control - Mechanical Problems",111121,2007,"C: Possible Injury","Commercial","0-19",19,"No","0-5 mph","O: No Injury","White","Male","Passenger Car","No","No","Daylight","Urban (>70% Developed)","6 lanes",2,"Straight - Level","Local Street","Wet","Two-Way, Not Divided","None","T-Intersection","Smooth Asphalt","Coastal","Urban","40 - 45  MPH","Stop Sign","Cloudy","No","34.209835, -77.83915",-77.83915,34.209835
"693",597,598,"Yes","16-19",19,"No","With Traffic","B: Evident Injury","Travel Lane","White","Male","Cary","Wake","No","01-01-06","2007-10-20","Motorist Failed to Yield - Sign-Controlled Intersection",10,"Intersection","01-10-01","0001-01-01T05:33:58-04:56","Motorist Drive Out - Sign-Controlled Intersection",111141,2007,"B: Evident Injury","Residential","40-49",47,"No","16-20 mph","O: No Injury","White","Male","Passenger Car","No","No","Daylight","Urban (>70% Developed)","2 lanes",2,"Straight - Grade","Local Street","Dry","Two-Way, Not Divided","None","Four-Way Intersection","Coarse Asphalt","Piedmont","Urban","20 - 25  MPH","Stop Sign","Clear","Yes","35.81396, -78.906944",-78.906944,35.81396
"694",599,600,"No","16-19",17,"No","With Traffic","O: No Injury","Travel Lane","White","Male","Oak Island","Brunswick","No","01-01-07","2007-07-29","Bicyclist Left Turn / Merge",19,"Intersection","01-07-01","0001-01-01T14:23:58-04:56","Bicyclist Left Turn - Same Direction",111221,2007,"O: No Injury","Residential","60-69",65,"No","21-25 mph","O: No Injury","White","Male","Passenger Car","No","No","Daylight","Urban (>70% Developed)","2 lanes",2,"Straight - Level","Local Street","Dry","Two-Way, Not Divided","None","T-Intersection","Smooth Asphalt","Coastal","Urban","20 - 25  MPH","No Control Present","Clear","No","33.91119, -78.08497",-78.08497,33.91119
"695",611,612,"Yes","30-39",33,"No","With Traffic","C: Possible Injury","Travel Lane","Black","Male","Greensboro","Guilford","No","01-01-02","2007-07-31","Bicyclist Failed to Yield - Signalized Intersection",23,"Intersection","01-07-01","0001-01-01T18:53:58-04:56","Bicyclist Failed to Clear - Trapped",111156,2007,"C: Possible Injury","Residential","50-59",54,"No","6-10 mph","O: No Injury","Black","Male","Sport Utility","No","No","Dark - Lighted Roadway","Urban (>70% Developed)","6 lanes",2,"Straight - Level","Local Street","Dry","Two-Way, Divided, Positive Median Barrier","None","No Special Feature","Coarse Asphalt","Piedmont","Urban","30 - 35  MPH","Stop And Go Signal","Clear","No","36.05173, -79.79774",-79.79774,36.05173
"696",614,615,"Yes","10-Jun",7,"No","Not Applicable","A: Disabling Injury","Driveway / Alley","White","Male","High Point","Guilford","No","01-01-03","2007-08-01","Bicyclist Failed to Yield - Midblock",13,"Non-Intersection","01-08-01","0001-01-01T09:00:58-04:56","Bicyclist Ride Out - Residential Driveway",353311,2007,"A: Disabling Injury","Residential","30-39",33,"No","36-40 mph","O: No Injury","Black","Female","Passenger Car","No","No","Daylight","Urban (>70% Developed)","2 lanes",2,"Straight - Grade","Local Street","Dry","Two-Way, Not Divided","None","No Special Feature","Smooth Asphalt","Piedmont","Urban","30 - 35  MPH","No Control Present","Clear","No","35.94954, -80.02042",-80.02042,35.94954
"697",615,616,"No","15-Nov",12,"No","With Traffic","B: Evident Injury","Travel Lane","Black","Male","Black Mountain","Buncombe","No","01-01-04","2007-08-02","Loss of Control / Turning Error",13,"Non-Intersection","01-08-01","0001-01-01T08:43:58-04:56","Bicyclist Lost Control - Other /",311129,2007,"B: Evident Injury","Residential","",NA,"Missing","","Injury","/Missing","","Passenger Car","No","No","Daylight","Mixed (30% To 70% Developed)","2 lanes",2,"Straight - Level","Local Street","Dry","Two-Way, Not Divided","None","Driveway, Public","Smooth Asphalt","Mountains","Urban","20 - 25  MPH","No Control Present","Clear","No","35.629917, -82.318344",-82.318344,35.629917
"698",617,618,"No","15-Nov",13,"No","","C: Possible Injury","","Black","Female","Elizabeth City","Pasquotank","No","01-01-04","2007-08-02","Bicyclist Failed to Yield - Sign-Controlled Intersection",17,"Intersection","01-08-01","0001-01-01T12:03:58-04:56","Bicyclist Ride Out - Sign-Controlled Intersection",199142,2007,"C: Possible Injury","Residential","30-39",34,"No","21-25 mph","O: No Injury","Black","Female","Pickup","No","No","Daylight","Urban (>70% Developed)","2 lanes",2,"Straight - Level","Local Street","Dry","Two-Way, Not Divided","None","Four-Way Intersection","Concrete","Coastal","Urban","20 - 25  MPH","Stop Sign","Clear","No","36.290222, -76.22429",-76.22429,36.290222
"699",618,619,"No","16-19",18,"No","With Traffic","C: Possible Injury","Sidewalk / Crosswalk / Driveway Crossing","Black","Male","Rocky Mount","Nash","No","01-01-05","2007-08-03","Bicyclist Failed to Yield - Signalized Intersection",14,"Intersection","01-08-01","0001-01-01T09:41:58-04:56","Bicyclist Ride Out - Signalized  Intersection",131153,2007,"C: Possible Injury","Commercial","30-39",30,"No","26-30 mph","O: No Injury","Black","Male","Passenger Car","No","No","Daylight","Urban (>70% Developed)","3 lanes",2,"Straight - Level","Local Street","Dry","One-Way, Not Divided","None","Four-Way Intersection","Coarse Asphalt","Coastal","Urban","20 - 25  MPH","Stop And Go Signal","Clear","No","35.94514, -77.79773",-77.79773,35.94514
"700",622,623,"Yes","40-49",45,"No","Not Applicable","B: Evident Injury","Driveway / Alley","Hispanic","Male","Spring Lake","Cumberland","No","01-01-05","2007-11-09","Bicyclist Failed to Yield - Midblock",20,"Non-Intersection","01-11-01","0001-01-01T15:37:58-04:56","Bicyclist Ride Out - Commercial Driveway / Alley",353312,2007,"B: Evident Injury","Commercial","40-49",42,"No","41-45 mph","O: No Injury","Black","Male","Passenger Car","No","No","Dark - Lighted Roadway","Urban (>70% Developed)","2 lanes",2,"Straight - Level","Local Street","Dry","Two-Way, Not Divided","None","No Special Feature","Coarse Asphalt","Coastal","Urban","20 - 25  MPH","No Control Present","Clear","No","35.165222, -78.97323",-78.97323,35.165222
"701",99,100,"No","40-49",46,"No","Facing Traffic","O: No Injury","Travel Lane","Black","Male","None - Rural Crash","Jones","No","01-01-06","2007-03-03","Head-On",19,"Non-Intersection","01-03-01","0001-01-01T14:26:58-04:56","Head-On - Bicyclist",312250,2007,"O: No Injury","Farms, Woods, Pastures","40-49",43,"No","51-55 mph","O: No Injury","Black","Female","Sport Utility","No","No","Dark - Roadway Not Lighted","Rural (<30% Developed)","2 lanes",2,"Straight - Level","US Route","Dry","Two-Way, Not Divided","None","No Special Feature","Smooth Asphalt","Coastal","Rural","50 - 55  MPH","Double Yellow Line, No Passing Zone","Clear","No","35.013, -77.217964",-77.217964,35.013
"702",101,102,"Yes","60-69",65,"No","With Traffic","A: Disabling Injury","Travel Lane","White","Male","None - Rural Crash","Davidson","No","01-01-02","2007-03-06","Motorist Overtaking Bicyclist",14,"Non-Intersection","01-03-01","0001-01-01T09:12:58-04:56","Motorist Overtaking - Other /",311239,2007,"A: Disabling Injury","Residential","0-19",19,"No","56-60 mph","O: No Injury","White","Female","Passenger Car","No","No","Daylight","Mixed (30% To 70% Developed)","5 lanes",2,"Straight - Grade","US Route","Dry","Two-Way, Not Divided","None","No Special Feature","Smooth Asphalt","Piedmont","Rural","50 - 55  MPH","No Control Present","Clear","No","35.81324, -80.19303",-80.19303,35.81324
"703",104,105,"Yes","40-49",45,"Yes","With Traffic","B: Evident Injury","Sidewalk / Crosswalk / Driveway Crossing","White","Male","Beaufort","Carteret","Yes","01-01-04","2007-05-17","Loss of Control / Turning Error",15,"Intersection","01-05-01","0001-01-01T10:53:58-04:56","Bicylist Lost Control - Alcohol / Drug Impairment",131123,2007,"B: Evident Injury","Commercial","60-69",66,"No","31-35 mph","O: No Injury","White","Male","Pickup","No","No","Daylight","Urban (>70% Developed)","4 lanes",2,"Straight - Level","US Route","Wet","Two-Way, Not Divided","None","Four-Way Intersection","Smooth Asphalt","Coastal","Rural","30 - 35  MPH","Stop And Go Signal","Cloudy","No","34.720776, -76.662926",-76.662926,34.720776
"704",108,109,"No","30-39",36,"No","Facing Traffic","C: Possible Injury","Travel Lane","White","Female","Charlotte","Mecklenburg","No","01-01-05","2007-03-09","Motorist Failed to Yield - Midblock",17,"Non-Intersection","01-03-01","0001-01-01T12:57:58-04:56","Motorist Drive Out - Commercial Driveway / Alley",312322,2007,"C: Possible Injury","Commercial","50-59",55,"No","0-5 mph","O: No Injury","White","Female","Van","No","No","Daylight","Urban (>70% Developed)","4 lanes",2,"Straight - Level","Local Street","Dry","Two-Way, Divided, Positive Median Barrier","None","No Special Feature","Smooth Asphalt","Piedmont","Urban","30 - 35  MPH","No Control Present","Clear","No","35.197334, -80.7925",-80.7925,35.197334
"705",115,116,"Yes","20-24",20,"No","Facing Traffic","C: Possible Injury","Travel Lane","White","Male","Durham","Durham","No","01-01-02","2007-05-29","Motorist Failed to Yield - Signalized Intersection",10,"Intersection","01-05-01","0001-01-01T05:08:58-04:56","Motorist Drive Out - Right Turn on Red",112151,2007,"C: Possible Injury","Commercial","20-24",23,"No","31-35 mph","O: No Injury","Black","Female","Passenger Car","No","No","Daylight","Urban (>70% Developed)","3 lanes",2,"Straight - Level","Local Street","Dry","Two-Way, Not Divided","None","No Special Feature","Coarse Asphalt","Piedmont","Urban","30 - 35  MPH","Stop And Go Signal","Clear","No","36.009754, -78.95458",-78.95458,36.009754
"706",116,117,"Yes","15-Nov",12,"No","With Traffic","C: Possible Injury","Sidewalk / Crosswalk / Driveway Crossing","White","Male","Lexington","Davidson","No","01-01-03","2007-03-14","Bicyclist Left Turn / Merge",16,"Intersection","01-03-01","0001-01-01T12:02:58-04:56","Bicyclist Left Turn - Same Direction",131221,2007,"C: Possible Injury","Commercial","40-49",49,"No","16-20 mph","O: No Injury","White","Female","Sport Utility","No","No","Daylight","Urban (>70% Developed)","4 lanes",2,"Straight - Level","Local Street","Dry","Two-Way, Not Divided","None","T-Intersection","Smooth Asphalt","Piedmont","Urban","30 - 35  MPH","Stop Sign","Clear","No","35.829586, -80.246445",-80.246445,35.829586
"707",127,128,"Yes","15-Nov",15,"No","","B: Evident Injury","Sidewalk / Crosswalk / Driveway Crossing","Black","Male","Cary","Wake","No","01-01-05","2007-05-11","Motorist Failed to Yield - Signalized Intersection",15,"Intersection","01-05-01","0001-01-01T10:20:58-04:56","Motorist Drive Out - Right Turn on Red",139151,2007,"B: Evident Injury","Commercial","20-24",22,"No","0-5 mph","O: No Injury","White","Female","Passenger Car","No","No","Daylight","Urban (>70% Developed)","4 lanes",2,"Straight - Level","State Secondary Route","Dry","Two-Way, Divided, Unprotected Median","None","Four-Way Intersection","Smooth Asphalt","Piedmont","Urban","40 - 45  MPH","Stop And Go Signal","Clear","No","35.769905, -78.76094",-78.76094,35.769905
"708",129,130,"Yes","10-Jun",7,"No","","A: Disabling Injury","Travel Lane","White","Female","None - Rural Crash","Johnston","No","","2007-03-12","Bicyclist Failed to Yield - Sign-Controlled Intersection",18,"Intersection","01-03-01","0001-01-01T13:15:58-04:56","Bicyclist Ride Through - Sign-Controlled Intersection",119144,2007,"A: Disabling Injury","Residential","30-39",36,"No","21-25 mph","O: No Injury","White","Female","Van","No","No","Daylight","Mixed (30% To 70% Developed)","2 lanes",2,"Straight - Level","State Secondary Route","Dry","Two-Way, Not Divided","None","Y-Intersection","Coarse Asphalt","Coastal","Rural","20 - 25  MPH","Stop Sign","Clear","No","35.566406, -78.547905",-78.547905,35.566406
"709",143,144,"Yes","30-39",36,"No","Facing Traffic","C: Possible Injury","Sidewalk / Crosswalk / Driveway Crossing","Hispanic","Male","Cary","Wake","No","01-01-04","2007-06-07","Motorist Failed to Yield - Sign-Controlled Intersection",11,"Intersection","01-06-01","0001-01-01T07:02:58-04:56","Motorist Drive Out - Sign-Controlled Intersection",132141,2007,"C: Possible Injury","Residential","40-49",49,"No","0-5 mph","O: No Injury","White","Female","Sport Utility","No","No","Daylight","Mixed (30% To 70% Developed)","2 lanes",2,"Straight - Hillcrest","Local Street","Dry","Two-Way, Not Divided","None","T-Intersection","Smooth Asphalt","Piedmont","Urban","20 - 25  MPH","Stop Sign","Clear","No","35.76696, -78.77405",-78.77405,35.76696
"710",145,146,"Yes","15-Nov",15,"No","","B: Evident Injury","Travel Lane","White","Male","Gastonia","Gaston","No","01-01-07","2007-03-25","Bicyclist Failed to Yield - Sign-Controlled Intersection",18,"Intersection","01-03-01","0001-01-01T13:29:58-04:56","Bicyclist Ride Through - Sign-Controlled Intersection",119144,2007,"B: Evident Injury","Residential","",NA,"Missing","31-35 mph","Injury","/Missing","","","No","Yes","Daylight","Urban (>70% Developed)","2 lanes",2,"Straight - Level","Local Street","Dry","Two-Way, Not Divided","None","Four-Way Intersection","Concrete","Piedmont","Urban","30 - 35  MPH","Stop Sign","Clear","No","35.260704, -81.17491",-81.17491,35.260704
"711",153,154,"Yes","50-59",51,"No","With Traffic","B: Evident Injury","Travel Lane","White","Male","None - Rural Crash","Durham","No","01-01-02","2007-03-27","Bicyclist Left Turn / Merge",12,"Intersection-Related","01-03-01","0001-01-01T07:38:58-04:56","Bicyclist Left Turn - Same Direction",211221,2007,"B: Evident Injury","Commercial","30-39",37,"No","21-25 mph","O: No Injury","Black","Male","Passenger Car","No","No","Daylight","Mixed (30% To 70% Developed)","2 lanes",2,"Curve - Grade","State Secondary Route","Dry","Two-Way, Not Divided","None","T-Intersection","Smooth Asphalt","Piedmont","Rural","40 - 45  MPH","Double Yellow Line, No Passing Zone","Cloudy","No","35.87775, -78.85898",-78.85898,35.87775
"712",156,157,"Yes","16-19",17,"No","Not Applicable","C: Possible Injury","","Black","Male","None - Rural Crash","Lenoir","No","01-01-04","2007-03-22","Loss of Control / Turning Error",21,"Non-Intersection","01-03-01","0001-01-01T16:33:58-04:56","Bicylist Lost Control - Alcohol / Drug Impairment",393123,2007,"C: Possible Injury","Farms, Woods, Pastures","",NA,"Missing","","Injury","/Missing","","","No","Yes","Dark - Roadway Not Lighted","Rural (<30% Developed)","2 lanes",2,"Straight - Level","State Secondary Route","Dry","Two-Way, Not Divided","None","No Special Feature","Smooth Asphalt","Coastal","Rural","50 - 55  MPH","No Control Present","Clear","No","35.377254, -77.4558",-77.4558,35.377254
"713",163,164,"No","10-Jun",7,"Yes","Not Applicable","C: Possible Injury","Non-Roadway","Black","Female","Shelby","Cleveland","Yes","01-01-05","2007-03-30","Loss of Control / Turning Error",19,"Non-Intersection","01-03-01","0001-01-01T14:09:58-04:56","Bicyclist Lost Control - Mechanical Problems",363121,2007,"C: Possible Injury","Residential","20-24",22,"No","26-30 mph","O: No Injury","Black","Female","Sport Utility","No","No","Daylight","Urban (>70% Developed)","2 lanes",2,"Straight - Level","Local Street","Dry","Two-Way, Not Divided","None","No Special Feature","Smooth Asphalt","Mountains","Urban","30 - 35  MPH","No Control Present","Clear","No","35.293934, -81.53182",-81.53182,35.293934
"714",170,171,"No","16-19",18,"No","With Traffic","O: No Injury","Travel Lane","White","Male","Beaufort","Carteret","No","","2007-06-18","Crossing Paths - Other Circumstances",23,"Intersection","01-06-01","0001-01-01T18:33:58-04:56","Crossing Paths - Intersection - Other /",111180,2007,"O: No Injury","Residential","0-19",18,"No","0-5 mph","O: No Injury","White","Female","Sport Utility","No","No","Dark -  Lighting","Urban (>70% Developed)","2 lanes",2,"Straight - Level","Local Street","Dry","Two-Way, Not Divided","None","Four-Way Intersection","Smooth Asphalt","Coastal","Rural","20 - 25  MPH","No Control Present","Clear","No","34.717194, -76.662544",-76.662544,34.717194
"715",175,176,"No","16-19",17,"No","Facing Traffic","B: Evident Injury","Sidewalk / Crosswalk / Driveway Crossing","White","Male","Clemmons","Forsyth","No","","2007-04-02","Crossing Paths - Other Circumstances",18,"Intersection","01-04-01","0001-01-01T13:48:58-04:56","Sign-Controlled Intersection - Other /",132148,2007,"B: Evident Injury","Commercial","30-39",39,"No","6-10 mph","O: No Injury","White","Female","Passenger Car","No","No","Daylight","Urban (>70% Developed)","3 lanes",2,"Straight - Level","State Secondary Route","Dry","Two-Way, Not Divided","None","Four-Way Intersection","Smooth Asphalt","Piedmont","Urban","30 - 35  MPH","Stop Sign","Clear","No","36.03066, -80.38181",-80.38181,36.03066
"716",180,181,"Yes","30-39",33,"No","With Traffic","A: Disabling Injury","Travel Lane","White","Male","None - Rural Crash","Hoke","No","01-01-02","2007-04-03","Loss of Control / Turning Error",16,"Intersection","01-04-01","0001-01-01T11:03:58-04:56","Motorist Turning Error - Left Turn",111111,2007,"A: Disabling Injury","Farms, Woods, Pastures","30-39",31,"No","31-35 mph","O: No Injury","White","Male","Pickup","No","No","Daylight","Mixed (30% To 70% Developed)","2 lanes",3,"Straight - Level","State Secondary Route","Dry","Two-Way, Not Divided","None","Four-Way Intersection","Smooth Asphalt","Coastal","Rural","50 - 55  MPH","Stop Sign","Clear","No","35.016075, -79.13635",-79.13635,35.016075
"717",182,183,"No","10-Jun",7,"No","Not Applicable","B: Evident Injury","Driveway / Alley","White","Female","None - Rural Crash","Randolph","No","01-01-03","2007-04-04","Bicyclist Failed to Yield - Midblock",18,"Non-Intersection","01-04-01","0001-01-01T13:33:58-04:56","Bicyclist Ride Out - Residential Driveway",353311,2007,"B: Evident Injury","Residential","0-19",17,"No","26-30 mph","O: No Injury","White","Male","Sport Utility","No","No","Daylight","Urban (>70% Developed)","2 lanes",2,"Straight - Level","State Secondary Route","Dry","Two-Way, Not Divided","None","Driveway, Private","Smooth Asphalt","Piedmont","Rural","30 - 35  MPH","Double Yellow Line, No Passing Zone","Clear","No","35.803448, -79.89168",-79.89168,35.803448
"718",185,186,"No","",NA,"No","","Injury","Travel Lane","Black","Male","Eden","Rockingham","No","01-01-04","2007-05-31","Motorist Overtaking Bicyclist",15,"Non-Intersection","01-05-01","0001-01-01T10:17:58-04:56","Motorist Overtaking - Bicyclist Swerved",319235,2007,"O: No Injury","Residential","50-59",55,"No","31-35 mph","O: No Injury","Black","Female","Passenger Car","Yes","No","Daylight","Urban (>70% Developed)","2 lanes",2,"Straight - Bottom","Local Street","Dry","Two-Way, Not Divided","None","No Special Feature","Coarse Asphalt","Piedmont","Urban","20 - 25  MPH","No Control Present","Clear","No","36.490364, -79.780426",-79.780426,36.490364
"719",195,196,"Yes","20-24",21,"No","","B: Evident Injury","Sidewalk / Crosswalk / Driveway Crossing","White","Female","Charlotte","Mecklenburg","No","01-01-05","2007-06-29","Motorist Failed to Yield - Midblock",13,"Non-Intersection","01-06-01","0001-01-01T08:43:58-04:56","Motorist Drive Out - Commercial Driveway / Alley",339322,2007,"B: Evident Injury","Commercial","50-59",53,"No","0-5 mph","O: No Injury","White","Male","Passenger Car","No","No","Daylight","Urban (>70% Developed)","2 lanes",2,"Straight - Level","Public Vehicular Area","Dry","Two-Way, Not Divided","None","No Special Feature","Concrete","Piedmont","Urban","5 - 15 MPH","No Control Present","Clear","No","35.201366, -80.82501",-80.82501,35.201366
"720",199,200,"Yes","15-Nov",15,"No","With Traffic","A: Disabling Injury","Sidewalk / Crosswalk / Driveway Crossing","Black","Male","Charlotte","Mecklenburg","No","","2007-04-09","Bicyclist Failed to Yield - Signalized Intersection",14,"Intersection","01-04-01","0001-01-01T09:19:58-04:56","Bicyclist Ride Out - Signalized  Intersection",131153,2007,"A: Disabling Injury","Commercial","50-59",53,"No","41-45 mph","O: No Injury","White","Male","Pickup","No","No","Daylight","Mixed (30% To 70% Developed)","7 lanes",2,"Straight - Level","Local Street","Dry","Two-Way, Divided, Unprotected Median","None","Four-Way Intersection","Coarse Asphalt","Piedmont","Urban","40 - 45  MPH","Stop And Go Signal","Clear","No","35.341446, -80.76794",-80.76794,35.341446