"","FID","OBJECTID","AmbulanceR","BikeAge_Gr","Bike_Age","Bike_Alc_D","Bike_Dir","Bike_Injur","Bike_Pos","Bike_Race","Bike_Sex","City","County","CrashAlcoh","CrashDay","Crash_Date","Crash_Grp","Crash_Hour","Crash_Loc","Crash_Mont","Crash_Time","Crash_Type","Crash_Ty_1","Crash_Year","Crsh_Sevri","Developmen","DrvrAge_Gr","Drvr_Age","Drvr_Alc_D","Drvr_EstSp","Drvr_Injur","Drvr_Race","Drvr_Sex","Drvr_VehTy","ExcsSpdInd","Hit_Run","Light_Cond","Locality","Num_Lanes","Num_Units","Rd_Charact","Rd_Class","Rd_Conditi","Rd_Config","Rd_Defects","Rd_Feature","Rd_Surface","Region","Rural_Urba","Speed_Limi","Traff_Cntr","Weather","Workzone_I","Location","locx","locy"
"721",223,224,"Yes","30-39",39,"No","Facing Traffic","C: Possible Injury","Travel Lane","Black","Male","None - Rural Crash","New Hanover","No","01-01-02","2007-04-17","Motorist Failed to Yield - Sign-Controlled Intersection",9,"Intersection","01-04-01","0001-01-01T04:53:58-04:56","Motorist Drive Out - Sign-Controlled Intersection",112141,2007,"C: Possible Injury","Residential","20-24",24,"No","6-10 mph","O: No Injury","White","Male","Passenger Car","No","No","Daylight","Mixed (30% To 70% Developed)","4 lanes",2,"Straight - Level","NC Route","Dry","Two-Way, Divided, Unprotected Median","None","T-Intersection","Coarse Asphalt","Coastal","Rural","40 - 45  MPH","Stop Sign","Clear","No","34.162994, -77.89183",-77.89183,34.162994
"722",229,230,"Yes","15-Nov",11,"No","","C: Possible Injury","Non-Roadway","Black","Male","Spring Lake","Cumberland","No","01-01-06","2007-07-14","Non-Roadway",17,"Non-Roadway","01-07-01","0001-01-01T12:36:58-04:56","Non-Roadway",460910,2007,"C: Possible Injury","Commercial","40-49",41,"No","16-20 mph","O: No Injury","Black","Male","Sport Utility","No","No","Daylight","Urban (>70% Developed)","",2,"Straight - Level","Public Vehicular Area","Dry","Two-Way, Not Divided","None","No Special Feature","Coarse Asphalt","Coastal","Urban","20 - 25  MPH","No Control Present","Clear","No","35.17296, -78.97104",-78.97104,35.17296
"723",231,232,"Yes","30-39",35,"No","With Traffic","B: Evident Injury","Sidewalk / Crosswalk / Driveway Crossing","White","Male","Winston-Salem","Forsyth","No","01-01-06","2007-04-14","Motorist Right Turn / Merge",16,"Intersection","01-04-01","0001-01-01T11:14:58-04:56","Motorist Right Turn - Same Direction",131213,2007,"B: Evident Injury","Commercial","30-39",37,"No","21-25 mph","O: No Injury","White","Female","Passenger Car","No","No","Daylight","Urban (>70% Developed)","1 lane",2,"Straight - Level","US Route","Dry","One-Way, Not Divided","None","On or Off Ramp","Smooth Asphalt","Piedmont","Urban","40 - 45  MPH","No Control Present","Clear","No","36.09359, -80.279144",-80.279144,36.09359
"724",245,246,"Yes","40-49",46,"No","Facing Traffic","O: No Injury","Travel Lane","Black","Male","Durham","Durham","No","","2007-07-23","Motorist Failed to Yield - Midblock",12,"Non-Intersection","01-07-01","0001-01-01T07:31:58-04:56","Motorist Drive Out - Commercial Driveway / Alley",312322,2007,"O: No Injury","Commercial","50-59",57,"No","0-5 mph","O: No Injury","Black","Female","Passenger Car","No","No","Daylight","Urban (>70% Developed)","",2,"Straight - Level","Public Vehicular Area","Dry","Two-Way, Not Divided","None","Driveway, Public","Coarse Asphalt","Piedmont","Urban","5 - 15 MPH","Stop Sign","Clear","No","36.037426, -78.89301",-78.89301,36.037426
"725",251,252,"Yes","16-19",18,"No","Facing Traffic","C: Possible Injury","Travel Lane","Black","Female","Charlotte","Mecklenburg","No","01-01-03","2007-04-25","Motorist Failed to Yield - Midblock",15,"Non-Intersection","01-04-01","0001-01-01T10:42:58-04:56","Motorist Drive Out - Commercial Driveway / Alley",312322,2007,"C: Possible Injury","Commercial","40-49",46,"No","0-5 mph","O: No Injury","White","Male","Van","No","No","Daylight","Urban (>70% Developed)","4 lanes",2,"Straight - Level","Local Street","Dry","Two-Way, Divided, Unprotected Median","None","No Special Feature","Smooth Asphalt","Piedmont","Urban","40 - 45  MPH","No Control Present","Clear","No","35.13064, -80.94518",-80.94518,35.13064
"726",259,260,"No","20-24",23,"No","With Traffic","B: Evident Injury","Travel Lane","White","Male","Charlotte","Mecklenburg","No","01-01-05","2007-04-27","Motorist Left Turn / Merge",17,"Intersection","01-04-01","0001-01-01T12:49:58-04:56","Motorist Left Turn - Opposite Direction",111212,2007,"B: Evident Injury","Commercial","25-29",27,"No","","O: No Injury","Black","Male","","No","Yes","Daylight","Urban (>70% Developed)","5 lanes",2,"Straight - Level","Local Street","Dry","Two-Way, Not Divided","None","No Special Feature","Smooth Asphalt","Piedmont","Urban","","Stop And Go Signal","Clear","No","35.221226, -80.81856",-80.81856,35.221226
"727",268,269,"Yes","16-19",18,"No","With Traffic","O: No Injury","","White","Male","Wilmington","New Hanover","No","","2007-04-30","Backing Vehicle",17,"Non-Intersection","01-04-01","0001-01-01T12:47:58-04:56","Backing Vehicle",391600,2007,"O: No Injury","Residential","50-59",54,"No","0-5 mph","O: No Injury","White","Female","Passenger Car","No","No","Daylight","Urban (>70% Developed)","2 lanes",2,"Straight - Level","Private Road, Driveway","Dry","Two-Way, Divided, Positive Median Barrier","None","Driveway, Public","Smooth Asphalt","Coastal","Urban","5 - 15 MPH","No Control Present","Clear","No","34.236477, -77.94325",-77.94325,34.236477
"728",276,277,"Yes","15-Nov",15,"No","With Traffic","B: Evident Injury","Travel Lane","Black","Male","None - Rural Crash","Brunswick","No","01-01-06","2007-05-05","Motorist Overtaking Bicyclist",22,"Non-Intersection","01-05-01","0001-01-01T17:33:58-04:56","Motorist Overtaking - Undetected Bicyclist",311231,2007,"B: Evident Injury","Residential","50-59",51,"No","41-45 mph","O: No Injury","White","Female","Passenger Car","No","No","Dark - Roadway Not Lighted","Mixed (30% To 70% Developed)","2 lanes",2,"Straight - Level","State Secondary Route","Wet","Two-Way, Not Divided","None","No Special Feature","Coarse Asphalt","Coastal","Rural","40 - 45  MPH","No Control Present","Cloudy","No","34.312202, -78.088356",-78.088356,34.312202
"729",277,278,"Yes","60-69",61,"No","Facing Traffic","B: Evident Injury","Travel Lane","White","Male","None - Rural Crash","Cumberland","No","01-01-04","2007-05-03","Head-On",20,"Non-Intersection","01-05-01","0001-01-01T15:30:58-04:56","Head-On - Bicyclist",312250,2007,"B: Evident Injury","Commercial","30-39",35,"No","36-40 mph","O: No Injury","Hispanic","Male","Pickup","No","No","Dark - Roadway Not Lighted","Urban (>70% Developed)","5 lanes",2,"Straight - Level","State Secondary Route","Dry","Two-Way, Not Divided","None","No Special Feature","Coarse Asphalt","Coastal","Rural","40 - 45  MPH","No Control Present","Clear","No","35.013695, -78.93796",-78.93796,35.013695
"730",289,290,"Yes","30-39",35,"Yes","With Traffic","A: Disabling Injury","Travel Lane","Black","Male","None - Rural Crash","Vance","Yes","01-01-02","2007-05-08","Motorist Overtaking Bicyclist",22,"Non-Intersection","01-05-01","0001-01-01T17:33:58-04:56","Motorist Overtaking - Undetected Bicyclist",311231,2007,"A: Disabling Injury","Farms, Woods, Pastures","",NA,"Missing","51-55 mph","Injury","/Missing","","","No","Yes","Dark - Roadway Not Lighted","Rural (<30% Developed)","2 lanes",2,"Straight - Level","NC Route","Dry","Two-Way, Not Divided","None","No Special Feature","Smooth Asphalt","Piedmont","Rural","50 - 55  MPH","Double Yellow Line, No Passing Zone","Clear","No","36.488026, -78.427",-78.427,36.488026
"731",294,295,"Yes","10-Jun",9,"No","Not Applicable","B: Evident Injury","Driveway / Alley","Black","Male","None - Rural Crash","Robeson","No","01-01-04","2007-05-10","Bicyclist Failed to Yield - Midblock",18,"Non-Intersection","01-05-01","0001-01-01T13:10:58-04:56","Bicyclist Ride Out - Residential Driveway",353311,2007,"B: Evident Injury","Residential","30-39",31,"No","26-30 mph","O: No Injury","Black","Female","Passenger Car","No","No","Daylight","Mixed (30% To 70% Developed)","2 lanes",2,"Straight - Level","State Secondary Route","Dry","Two-Way, Not Divided","None","Driveway, Private","Coarse Asphalt","Coastal","Rural","40 - 45  MPH","No Control Present","Clear","No","34.59208, -79.038925",-79.038925,34.59208
"732",314,315,"No","30-39",36,"No","With Traffic","B: Evident Injury","Travel Lane","White","Male","None - Rural Crash","Iredell","No","01-01-03","2007-05-16","Motorist Right Turn / Merge",19,"Intersection","01-05-01","0001-01-01T14:06:58-04:56","Motorist Right Turn - Same Direction",111213,2007,"B: Evident Injury","Farms, Woods, Pastures","60-69",65,"No","51-55 mph","O: No Injury","White","Female","Passenger Car","No","No","Dusk","Rural (<30% Developed)","2 lanes",2,"Straight - Level","State Secondary Route","Dry","Two-Way, Not Divided","None","T-Intersection","Coarse Asphalt","Piedmont","Rural","50 - 55  MPH","Double Yellow Line, No Passing Zone","Clear","No","35.526302, -80.79749",-80.79749,35.526302
"733",315,316,"No","30-39",34,"No","With Traffic","B: Evident Injury","Travel Lane","White","Male","Charlotte","Mecklenburg","Yes","01-01-02","2007-05-15","Motorist Left Turn / Merge",23,"Intersection","01-05-01","0001-01-01T18:16:58-04:56","Motorist Left Turn - Opposite Direction",111212,2007,"B: Evident Injury","Residential","30-39",34,"Yes","16-20 mph","O: No Injury","White","Male","Van","No","Yes","Dark - Lighted Roadway","Urban (>70% Developed)","3 lanes",2,"Straight - Level","Local Street","Dry","Two-Way, Not Divided","None","No Special Feature","Smooth Asphalt","Piedmont","Urban","20 - 25  MPH","No Control Present","Clear","No","35.231133, -80.80805",-80.80805,35.231133
"734",319,320,"Yes","0-5",5,"No","Not Applicable","A: Disabling Injury","","Black","Male","Charlotte","Mecklenburg","No","01-01-04","2007-05-17","Bicyclist Failed to Yield - Midblock",18,"Non-Intersection","01-05-01","0001-01-01T13:34:58-04:56","Bicyclist Ride Out - Midblock -",393319,2007,"A: Disabling Injury","Residential","30-39",32,"No","6-10 mph","O: No Injury","Black","Female","Van","No","No","Daylight","Urban (>70% Developed)","4 lanes",2,"Straight - Level","Local Street","Dry","Two-Way, Divided, Unprotected Median","None","No Special Feature","Smooth Asphalt","Piedmont","Urban","40 - 45  MPH","No Control Present","Clear","No","35.188263, -80.88326",-80.88326,35.188263
"735",320,321,"Yes","25-29",25,"No","Facing Traffic","B: Evident Injury","Travel Lane","White","Female","Charlotte","Mecklenburg","No","01-01-05","2007-08-17","Bicyclist Failed to Yield - Signalized Intersection",14,"Intersection","01-08-01","0001-01-01T09:30:58-04:56","Bicyclist Ride Through - Signalized Intersection",112155,2007,"B: Evident Injury","Commercial","",NA,"Missing","","Injury","/Missing","","","No","Yes","Daylight","Urban (>70% Developed)","3 lanes",2,"Straight - Level","Local Street","Dry","Two-Way, Not Divided","None","Four-Way Intersection","Smooth Asphalt","Piedmont","Urban","","Stop And Go Signal","Clear","No","35.220387, -80.83502",-80.83502,35.220387
"736",322,323,"Yes","30-39",30,"No","Facing Traffic","B: Evident Injury","Sidewalk / Crosswalk / Driveway Crossing","Black","Female","Charlotte","Mecklenburg","No","01-01-06","2007-08-18","Motorist Failed to Yield - Midblock",11,"Non-Intersection","01-08-01","0001-01-01T06:12:58-04:56","Motorist Drive Out - Residential Driveway",332321,2007,"B: Evident Injury","Residential","25-29",28,"No","0-5 mph","O: No Injury","Black","Female","Passenger Car","No","No","Daylight","Urban (>70% Developed)","",2,"Straight - Level","Public Vehicular Area","Dry","","None","No Special Feature","Grooved Concrete","Piedmont","Urban","40 - 45  MPH","No Control Present","Clear","No","35.250603, -80.77507",-80.77507,35.250603
"737",332,333,"Yes","10-Jun",9,"No","Facing Traffic","C: Possible Injury","Travel Lane","Black","Female","Warsaw","Duplin","No","01-01-07","2007-07-22","Bicyclist Failed to Yield - Sign-Controlled Intersection",15,"Intersection","01-07-01","0001-01-01T10:49:58-04:56","Bicyclist Ride Through - Sign-Controlled Intersection",112144,2007,"C: Possible Injury","Residential","70+",NA,"No","21-25 mph","O: No Injury","Black","Female","Passenger Car","No","No","Daylight","Urban (>70% Developed)","2 lanes",2,"Straight - Level","State Secondary Route","Dry","Two-Way, Not Divided","None","Four-Way Intersection","Smooth Asphalt","Coastal","Rural","30 - 35  MPH","No Control Present","Clear","No","34.9962, -78.09294",-78.09294,34.9962
"738",336,337,"Yes","50-59",54,"No","With Traffic","C: Possible Injury","Travel Lane","White","Male","None - Rural Crash","New Hanover","No","01-01-02","2007-05-22","Motorist Overtaking Bicyclist",19,"Non-Intersection","01-05-01","0001-01-01T14:13:58-04:56","Motorist Overtaking - Misjudged Space",311232,2007,"C: Possible Injury","Residential","50-59",51,"No","51-55 mph","O: No Injury","White","Female","Passenger Car","No","No","Daylight","Urban (>70% Developed)","4 lanes",2,"Straight - Level","US Route","Dry","Two-Way, Divided, Unprotected Median","None","No Special Feature","Smooth Asphalt","Coastal","Rural","50 - 55  MPH","No Control Present","Clear","No","34.08746, -77.89625",-77.89625,34.08746
"739",337,338,"No","16-19",16,"No","With Traffic","O: No Injury","Travel Lane","White","Male","Raleigh","Wake","No","01-01-06","2007-05-19","Bicyclist Overtaking Motorist",12,"Non-Intersection","01-05-01","0001-01-01T07:38:58-04:56","Bicyclist Overtaking - Other /",311249,2007,"O: No Injury","Residential","50-59",53,"No","","O: No Injury","White","Female","Passenger Car","No","No","Daylight","Urban (>70% Developed)","2 lanes",2,"Straight - Level","Local Street","Dry","Two-Way, Divided, Unprotected Median","None","No Special Feature","Smooth Asphalt","Piedmont","Urban","20 - 25  MPH","No Control Present","Clear","No","35.925312, -78.57058",-78.57058,35.925312
"740",348,349,"Yes","10-Jun",7,"No","","B: Evident Injury","Travel Lane","Black","Male","Burlington","Alamance","No","01-01-05","2007-05-25","Bicyclist Right Turn / Merge",16,"Non-Intersection","01-05-01","0001-01-01T11:45:58-04:56","Bicyclist Right Turn - Opposite Direction",319224,2007,"B: Evident Injury","Residential","70+",NA,"No","11-15 mph","O: No Injury","Black","Male","Passenger Car","No","No","Daylight","Urban (>70% Developed)","2 lanes",2,"Straight - Grade","Local Street","Dry","Two-Way, Not Divided","None","No Special Feature","Smooth Asphalt","Piedmont","Urban","30 - 35  MPH","No Control Present","Clear","No","36.082916, -79.431175",-79.431175,36.082916
"741",351,352,"Yes","15-Nov",12,"No","Facing Traffic","B: Evident Injury","Travel Lane","Black","Male","Asheville","Buncombe","No","01-01-04","2007-05-24","Motorist Left Turn / Merge",15,"Intersection","01-05-01","0001-01-01T10:50:58-04:56","Motorist Left Turn - Same Direction",112211,2007,"B: Evident Injury","Residential","0-19",16,"No","11-15 mph","O: No Injury","Other","Female","Passenger Car","No","No","Daylight","Urban (>70% Developed)","2 lanes",2,"Straight - Grade","Local Street","Dry","Two-Way, Not Divided","None","T-Intersection","Smooth Asphalt","Mountains","Urban","30 - 35  MPH","Stop Sign","Clear","No","35.580025, -82.55979",-82.55979,35.580025
"742",357,358,"Yes","40-49",42,"Yes","Facing Traffic","A: Disabling Injury","Travel Lane","Black","Male","None - Rural Crash","Pasquotank","Yes","01-01-06","2007-05-26","Bicyclist Right Turn / Merge",6,"Non-Intersection","01-05-01","0001-01-01T01:48:58-04:56","Bicyclist Right Turn - Same Direction",312223,2007,"A: Disabling Injury","Residential","0-19",19,"No","41-45 mph","O: No Injury","Black","Male","Passenger Car","No","No","Daylight","Rural (<30% Developed)","2 lanes",2,"Straight - Level","State Secondary Route","Dry","Two-Way, Not Divided","None","No Special Feature","Smooth Asphalt","Coastal","Rural","40 - 45  MPH","Double Yellow Line, No Passing Zone","Clear","No","36.306812, -76.241585",-76.241585,36.306812
"743",358,359,"Yes","40-49",40,"Yes","With Traffic","B: Evident Injury","Travel Lane","White","Male","None - Rural Crash","Caldwell","Yes","01-01-07","2007-05-27","Motorist Overtaking Bicyclist",11,"Non-Intersection","01-05-01","0001-01-01T06:52:58-04:56","Motorist Overtaking - Other /",311239,2007,"B: Evident Injury","Residential","0-19",19,"No","41-45 mph","O: No Injury","White","Male","Passenger Car","No","No","Dark - Roadway Not Lighted","Mixed (30% To 70% Developed)","2 lanes",2,"Straight - Level","State Secondary Route","Dry","Two-Way, Not Divided","None","No Special Feature","Smooth Asphalt","Mountains","Rural","40 - 45  MPH","Double Yellow Line, No Passing Zone","Clear","No","35.83085, -81.554695",-81.554695,35.83085
"744",360,361,"Yes","40-49",47,"No","Not Applicable","A: Disabling Injury","","White","Male","New Bern","Craven","No","01-01-07","2007-05-27","Bicyclist Failed to Yield - Midblock",18,"Non-Intersection","01-05-01","0001-01-01T13:03:58-04:56","Bicyclist Ride Out - Midblock -",393319,2007,"A: Disabling Injury","Farms, Woods, Pastures","40-49",43,"No","","O: No Injury","White","Male","Pickup","No","No","Daylight","Urban (>70% Developed)","5 lanes",2,"Straight - Level","US Route","Dry","Two-Way, Divided, Positive Median Barrier","None","Bridge Approach","Smooth Asphalt","Coastal","Urban","50 - 55  MPH","No Control Present","Clear","No","35.10043, -77.056885",-77.056885,35.10043
"745",374,375,"No","10-Jun",10,"No","With Traffic","O: No Injury","Sidewalk / Crosswalk / Driveway Crossing","Black","Female","Charlotte","Mecklenburg","No","","2007-09-03","Backing Vehicle",17,"Non-Intersection","01-09-01","0001-01-01T12:25:58-04:56","Backing Vehicle",331600,2007,"O: No Injury","Residential","30-39",34,"No","0-5 mph","O: No Injury","Black","Female","Passenger Car","No","No","Daylight","Urban (>70% Developed)","2 lanes",2,"Straight - Level","Local Street","Dry","Two-Way, Not Divided","None","Driveway, Private","Smooth Asphalt","Piedmont","Urban","20 - 25  MPH","No Control Present","Clear","No","35.295414, -80.694275",-80.694275,35.295414
"746",375,376,"Yes","15-Nov",15,"No","Not Applicable","B: Evident Injury","Driveway / Alley","Black","Female","Charlotte","Mecklenburg","No","01-01-04","2007-05-31","Bicyclist Failed to Yield - Midblock",17,"Non-Intersection","01-05-01","0001-01-01T12:03:58-04:56","Bicyclist Ride Out - Residential Driveway",353311,2007,"B: Evident Injury","Residential","40-49",41,"No","26-30 mph","O: No Injury","Black","Female","Passenger Car","No","No","Daylight","Urban (>70% Developed)","2 lanes",2,"Straight - Level","Local Street","Dry","Two-Way, Not Divided","None","No Special Feature","Smooth Asphalt","Piedmont","Urban","30 - 35  MPH","No Control Present","Clear","No","35.25054, -80.82937",-80.82937,35.25054
"747",379,380,"Yes","25-29",25,"No","With Traffic","C: Possible Injury","Travel Lane","Black","Male","Fayetteville","Cumberland","No","","2007-08-06","Loss of Control / Turning Error",8,"Intersection","01-08-01","0001-01-01T03:03:58-04:56","Bicyclist Turning Error - Left Turn",111114,2007,"C: Possible Injury","Residential","50-59",52,"No","6-10 mph","O: No Injury","Black","Female","Sport Utility","No","No","Daylight","Mixed (30% To 70% Developed)","5 lanes",2,"Straight - Level","Local Street","Dry","Two-Way, Not Divided","None","No Special Feature","Coarse Asphalt","Coastal","Urban","20 - 25  MPH","Stop Sign","Cloudy","No","35.087185, -78.98632",-78.98632,35.087185
"748",380,381,"No","10-Jun",8,"No","With Traffic","C: Possible Injury","Travel Lane","White","Male","High Point","Guilford","No","01-01-06","2007-06-02","Bicyclist Failed to Yield - Sign-Controlled Intersection",11,"Intersection","01-06-01","0001-01-01T06:44:58-04:56","Bicyclist Ride Through - Sign-Controlled Intersection",111144,2007,"C: Possible Injury","Residential","30-39",30,"No","11-15 mph","O: No Injury","White","Female","Sport Utility","No","No","Daylight","Urban (>70% Developed)","2 lanes",2,"Straight - Level","Local Street","Dry","Two-Way, Not Divided","None","T-Intersection","Coarse Asphalt","Piedmont","Urban","30 - 35  MPH","Stop Sign","Clear","No","36.005993, -79.97991",-79.97991,36.005993
"749",381,382,"Yes","50-59",52,"No","With Traffic","B: Evident Injury","Travel Lane","White","Male","Charlotte","Mecklenburg","No","01-01-07","2007-09-09","Motorist Failed to Yield - Sign-Controlled Intersection",16,"Intersection","01-09-01","0001-01-01T12:00:58-04:56","Motorist Drive Out - Sign-Controlled Intersection",111141,2007,"B: Evident Injury","Residential","50-59",55,"No","16-20 mph","O: No Injury","White","Male","Passenger Car","No","No","Daylight","Urban (>70% Developed)","4 lanes",2,"Straight - Level","Local Street","Dry","Two-Way, Divided, Unprotected Median","None","No Special Feature","Smooth Asphalt","Piedmont","Urban","30 - 35  MPH","Stop Sign","Clear","No","35.183517, -80.83978",-80.83978,35.183517
"750",384,385,"No","15-Nov",14,"No","With Traffic","C: Possible Injury","Other","Native American","Male","None - Rural Crash","Scotland","No","","2007-06-04","Bicyclist Left Turn / Merge",18,"Non-Intersection","01-06-01","0001-01-01T13:39:58-04:56","Bicyclist Left Turn - Same Direction",381221,2007,"C: Possible Injury","Farms, Woods, Pastures","25-29",26,"No","41-45 mph","O: No Injury","White","Female","Passenger Car","No","No","Daylight","Rural (<30% Developed)","2 lanes",2,"Straight - Level","State Secondary Route","Dry","Two-Way, Not Divided","None","No Special Feature","Smooth Asphalt","Coastal","Rural","50 - 55  MPH","No Control Present","Clear","No","34.848648, -79.52091",-79.52091,34.848648
"751",399,400,"Yes","15-Nov",15,"No","With Traffic","B: Evident Injury","Travel Lane","White","Male","Mint Hill","Mecklenburg","No","01-01-05","2007-06-08","Bicyclist Failed to Yield - Sign-Controlled Intersection",18,"Intersection","01-06-01","0001-01-01T13:48:58-04:56","Bicyclist Ride Through - Sign-Controlled Intersection",111144,2007,"B: Evident Injury","Residential","50-59",51,"No","26-30 mph","O: No Injury","White","Female","Passenger Car","No","No","Dark - Lighted Roadway","Mixed (30% To 70% Developed)","2 lanes",2,"Straight - Grade","Local Street","Wet","Two-Way, Not Divided","None","T-Intersection","Smooth Asphalt","Piedmont","Urban","30 - 35  MPH","Stop Sign","Rain","No","35.164536, -80.691505",-80.691505,35.164536
"752",410,411,"Yes","50-59",55,"No","With Traffic","C: Possible Injury","Travel Lane","Black","Male","Southern Pines","Moore","No","01-01-06","2007-06-09","Motorist Failed to Yield - Sign-Controlled Intersection",10,"Intersection","01-06-01","0001-01-01T05:23:58-04:56","Motorist Drive Out - Sign-Controlled Intersection",111141,2007,"C: Possible Injury","Commercial","40-49",43,"No","0-5 mph","O: No Injury","White","Female","Pickup","No","No","Daylight","Urban (>70% Developed)","2 lanes",2,"Straight - Level","Local Street","Dry","Two-Way, Not Divided","None","Four-Way Intersection","Coarse Asphalt","Piedmont","Urban","30 - 35  MPH","Stop Sign","Clear","No","35.170544, -79.39698",-79.39698,35.170544
"753",414,415,"Yes","20-24",20,"No","Facing Traffic","Injury","Sidewalk / Crosswalk / Driveway Crossing","Black","Male","Raleigh","Wake","No","","2007-06-11","Bicyclist Failed to Yield - Signalized Intersection",14,"Intersection","01-06-01","0001-01-01T09:16:58-04:56","Bicyclist Ride Through - Signalized Intersection",132155,2007,"O: No Injury","Commercial","70+",NA,"No","11-15 mph","O: No Injury","White","Male","Pickup","No","No","Daylight","Urban (>70% Developed)","8 lanes",2,"Straight - Level","Local Street","Dry","Two-Way, Not Divided","None","Four-Way Intersection","Smooth Asphalt","Piedmont","Urban","30 - 35  MPH","Stop And Go Signal","Clear","No","35.832523, -78.56008",-78.56008,35.832523
"754",417,418,"No","10-Jun",6,"No","Not Applicable","C: Possible Injury","Driveway / Alley","Black","Male","None - Rural Crash","Bertie","No","01-01-03","2007-06-13","Bicyclist Failed to Yield - Midblock",16,"Non-Intersection","01-06-01","0001-01-01T11:16:58-04:56","Bicyclist Ride Out - Residential Driveway",353311,2007,"C: Possible Injury","Farms, Woods, Pastures","70+",NA,"No","31-35 mph","O: No Injury","Black","Male","Passenger Car","No","No","Daylight","Rural (<30% Developed)","2 lanes",2,"Straight - Level","State Secondary Route","Dry","Two-Way, Not Divided","None","Driveway, Private","Coarse Asphalt","Coastal","Rural","50 - 55  MPH","Double Yellow Line, No Passing Zone","Clear","No","36.015537, -77.138664",-77.138664,36.015537
"755",418,419,"No","0-5",4,"No","Not Applicable","B: Evident Injury","Driveway / Alley","Hispanic","Male","Clemmons","Forsyth","No","01-01-03","2007-06-13","Bicyclist Failed to Yield - Midblock",14,"Non-Intersection","01-06-01","0001-01-01T09:13:58-04:56","Bicyclist Ride Out - Residential Driveway",353311,2007,"B: Evident Injury","Commercial","60-69",62,"No","21-25 mph","O: No Injury","White","Male","Pickup","No","No","Daylight","Mixed (30% To 70% Developed)","2 lanes",2,"Straight - Level","State Secondary Route","Dry","Two-Way, Not Divided","None","Driveway, Private","Smooth Asphalt","Piedmont","Urban","30 - 35  MPH","No Control Present","Clear","No","36.02645, -80.38132",-80.38132,36.02645
"756",420,421,"Yes","50-59",56,"No","With Traffic","B: Evident Injury","Travel Lane","White","Male","Charlotte","Mecklenburg","No","","2007-09-17","Motorist Left Turn / Merge",6,"Intersection","01-09-01","0001-01-01T01:22:58-04:56","Motorist Left Turn - Opposite Direction",111212,2007,"B: Evident Injury","Commercial","60-69",62,"No","0-5 mph","O: No Injury","Black","Male","Passenger Car","No","No","Dark - Lighted Roadway","Mixed (30% To 70% Developed)","2 lanes",2,"Straight - Level","Local Street","Dry","Two-Way, Not Divided","Work Zone","T-Intersection","Coarse Asphalt","Piedmont","Urban","40 - 45  MPH","No Control Present","Clear","Yes","35.284187, -80.83558",-80.83558,35.284187
"757",424,425,"Yes","10-Jun",8,"No","With Traffic","B: Evident Injury","Travel Lane","Black","Female","Dunn","Harnett","No","01-01-04","2007-06-14","Bicyclist Failed to Yield - Sign-Controlled Intersection",19,"Intersection","01-06-01","0001-01-01T14:13:58-04:56","Bicyclist Ride Through - Sign-Controlled Intersection",111144,2007,"B: Evident Injury","Residential","20-24",22,"No","21-25 mph","O: No Injury","Black","Male","Van","No","No","Daylight","Urban (>70% Developed)","2 lanes",2,"Straight - Level","Local Street","Dry","Two-Way, Not Divided","None","Four-Way Intersection","Coarse Asphalt","Coastal","Urban","30 - 35  MPH","Stop Sign","Cloudy","No","35.301502, -78.60502",-78.60502,35.301502
"758",435,436,"Yes","40-49",42,"No","Facing Traffic","C: Possible Injury","Travel Lane","Black","Male","Rocky Mount","Nash","No","","2007-06-18","Bicyclist Failed to Yield - Signalized Intersection",9,"Intersection","01-06-01","0001-01-01T04:32:58-04:56","Bicyclist Ride Through - Signalized Intersection",112155,2007,"C: Possible Injury","Commercial","50-59",54,"No","11-15 mph","O: No Injury","Black","Female","Passenger Car","No","No","Daylight","Urban (>70% Developed)","4 lanes",2,"Straight - Grade","Local Street","Dry","Two-Way, Divided, Unprotected Median","None","Four-Way Intersection","Smooth Asphalt","Coastal","Urban","30 - 35  MPH","Stop And Go Signal","Clear","No","35.955982, -77.82265",-77.82265,35.955982
"759",440,441,"No","25-29",27,"No","Facing Traffic","C: Possible Injury","Sidewalk / Crosswalk / Driveway Crossing","White","Female","Fayetteville","Cumberland","No","01-01-02","2007-09-25","Motorist Failed to Yield - Sign-Controlled Intersection",14,"Intersection","01-09-01","0001-01-01T09:11:58-04:56","Motorist Drive Out - Sign-Controlled Intersection",132141,2007,"C: Possible Injury","Residential","50-59",59,"No","","O: No Injury","Black","Male","Passenger Car","No","No","Daylight","Urban (>70% Developed)","2 lanes",2,"Straight - Level","Local Street","Dry","Two-Way, Not Divided","None","T-Intersection","Coarse Asphalt","Coastal","Urban","","Stop Sign","Clear","No","35.07221, -78.8836",-78.8836,35.07221