"","FID","OBJECTID","AmbulanceR","BikeAge_Gr","Bike_Age","Bike_Alc_D","Bike_Dir","Bike_Injur","Bike_Pos","Bike_Race","Bike_Sex","City","County","CrashAlcoh","CrashDay","Crash_Date","Crash_Grp","Crash_Hour","Crash_Loc","Crash_Mont","Crash_Time","Crash_Type","Crash_Ty_1","Crash_Year","Crsh_Sevri","Developmen","DrvrAge_Gr","Drvr_Age","Drvr_Alc_D","Drvr_EstSp","Drvr_Injur","Drvr_Race","Drvr_Sex","Drvr_VehTy","ExcsSpdInd","Hit_Run","Light_Cond","Locality","Num_Lanes","Num_Units","Rd_Charact","Rd_Class","Rd_Conditi","Rd_Config","Rd_Defects","Rd_Feature","Rd_Surface","Region","Rural_Urba","Speed_Limi","Traff_Cntr","Weather","Workzone_I","Location","locx","locy"
"842",880,881,"Yes","50-59",55,"No","With Traffic","B: Evident Injury","Travel Lane","Black","Male","Wilmington","New Hanover","No","01-01-05","2011-12-02","Motorist Left Turn / Merge",11,"Intersection","01-12-01","0001-01-01T06:34:58-04:56","Motorist Left Turn - Opposite Direction",111212,2011,"B: Evident Injury","Commercial","20-24",22,"No","6-10 mph","O: No Injury","White","Female","Passenger Car","No","No","Daylight","Urban (>70% Developed)","5 lanes",2,"Straight - Level","Local Street","Dry","Two-Way, Not Divided","None","Four-Way Intersection","Grooved Concrete","Coastal","Urban","30 - 35  MPH","Stop Sign","Clear","No","34.21533, -77.8872",-77.8872,34.21533
"843",881,882,"No","",NA,"No","Facing Traffic","Injury","Sidewalk / Crosswalk / Driveway Crossing","/Missing","","Wilmington","New Hanover","No","01-01-02","2011-12-13","Motorist Failed to Yield - Midblock",11,"Non-Intersection","01-12-01","0001-01-01T06:50:58-04:56","Motorist Drive Out - Commercial Driveway / Alley",332322,2011,"O: No Injury","Commercial","40-49",47,"No","6-10 mph","O: No Injury","White","Male","Van","No","No","Daylight","Urban (>70% Developed)","3 lanes",2,"Straight - Level","Local Street","Dry","One-Way, Not Divided","None","No Special Feature","Coarse Asphalt","Coastal","Urban","30 - 35  MPH","No Control Present","Clear","No","34.22666, -77.925",-77.925,34.22666
"844",884,885,"Yes","40-49",40,"No","With Traffic","C: Possible Injury","Sidewalk / Crosswalk / Driveway Crossing","White","Female","Sanford","Lee","No","01-01-04","2011-12-15","Motorist Right Turn / Merge",17,"Intersection","01-12-01","0001-01-01T12:55:58-04:56","Motorist Right Turn - Same Direction",131213,2011,"C: Possible Injury","Residential","30-39",38,"No","11-15 mph","O: No Injury","White","Female","Passenger Car","No","No","Dark - Lighted Roadway","Urban (>70% Developed)","4 lanes",2,"Straight - Bottom","Local Street","Dry","Two-Way, Not Divided","None","No Special Feature","Coarse Asphalt","Piedmont","Urban","30 - 35  MPH","Stop And Go Signal","Clear","No","35.48141, -79.1715",-79.1715,35.48141
"845",886,887,"Yes","60-69",69,"No","With Traffic","C: Possible Injury","Travel Lane","White","Male","Shelby","Cleveland","No","01-01-07","2011-12-18","Motorist Overtaking Bicyclist",13,"Intersection-Related","01-12-01","0001-01-01T08:43:58-04:56","Motorist Overtaking - Other /",211239,2011,"C: Possible Injury","Commercial","20-24",20,"No","21-25 mph","C: Possible Injury","Black","Male","Passenger Car","No","No","Daylight","Urban (>70% Developed)","3 lanes",2,"Straight - Level","NC Route","Dry","Two-Way, Not Divided","None","No Special Feature","Smooth Asphalt","Mountains","Urban","30 - 35  MPH","No Control Present","Clear","No","35.30142, -81.5381",-81.5381,35.30142
"846",888,889,"No","25-29",26,"No","With Traffic","O: No Injury","Travel Lane","Black","Male","Rocky Mount","Edgecombe","No","01-01-03","2011-12-14","Motorist Overtaking Bicyclist",22,"Non-Intersection","01-12-01","0001-01-01T17:18:58-04:56","Motorist Overtaking - Misjudged Space",311232,2011,"O: No Injury","Commercial","40-49",41,"No","11-15 mph","O: No Injury","White","Male","Single Unit Truck (2-Axle, 6-Tire)","No","No","Dark - Lighted Roadway","Urban (>70% Developed)","2 lanes",2,"Straight - Hillcrest","Local Street","Dry","Two-Way, Not Divided","None","No Special Feature","Coarse Asphalt","Coastal","Urban","20 - 25  MPH","No Control Present","Clear","No","35.94551, -77.7924",-77.7924,35.94551
"847",892,893,"Yes","40-49",45,"No","With Traffic","A: Disabling Injury","Travel Lane","Black","Male","Greensboro","Guilford","No","01-01-06","2011-12-31","Bicyclist Failed to Yield - Sign-Controlled Intersection",17,"Intersection","01-12-01","0001-01-01T13:02:58-04:56","Bicyclist Ride Through - Sign-Controlled Intersection",111144,2011,"A: Disabling Injury","Residential","40-49",48,"No","31-35 mph","O: No Injury","Black","Male","Pickup","No","No","Dark - Lighted Roadway","Urban (>70% Developed)","4 lanes",2,"Straight - Grade","Local Street","Dry","Two-Way, Divided, Unprotected Median","None","Four-Way Intersection","Smooth Asphalt","Piedmont","Urban","30 - 35  MPH","Stop Sign","Clear","No","36.06779, -79.7572",-79.7572,36.06779
"848",895,896,"Yes","30-39",30,"No","Not Applicable","B: Evident Injury","Travel Lane","/Missing","","Wilmington","New Hanover","No","01-01-04","2011-12-22","Bicyclist Failed to Yield - Midblock",18,"Non-Intersection","01-12-01","0001-01-01T13:11:58-04:56","Bicyclist Ride Out - Other Midblock",313318,2011,"B: Evident Injury","Commercial","40-49",43,"No","","C: Possible Injury","Native American","Female","Passenger Car","No","No","Daylight","Mixed (30% To 70% Developed)","8 lanes",2,"Straight - Level","US Route","Wet","Two-Way, Divided, Positive Median Barrier","None","No Special Feature","Smooth Asphalt","Coastal","Urban","40 - 45  MPH","Flashing Stop And Go Signal","Rain","No","34.21072, -77.8906",-77.8906,34.21072
"849",11,12,"Yes","60-69",63,"No","With Traffic","C: Possible Injury","Travel Lane","Black","Male","Spring Lake","Cumberland","No","01-01-07","2012-01-01","Motorist Failed to Yield - Sign-Controlled Intersection",17,"Intersection","","0001-01-01T12:38:58-04:56","Motorist Drive Out - Sign-Controlled Intersection",NA,2012,"C: Possible Injury","Commercial","0-19",19,"No","21-25 mph","O: No Injury","Black","Female","Passenger Car","No","No","Dark - Lighted Roadway","Mixed (30% To 70% Developed)","2 lanes",2,"Straight - Level","Local Street","Dry","Two-Way, Divided, Unprotected Median","None","Four-Way Intersection","Smooth Asphalt","Coastal","Urban","20 - 25  MPH","Stop Sign","Clear","No","35.16759, -78.9736",-78.9736,35.16759
"850",20,21,"Yes","15-Nov",15,"No","With Traffic","B: Evident Injury","Travel Lane","White","Male","Patterson Springs","Cleveland","No","01-01-05","2012-01-27","Bicyclist Left Turn / Merge",16,"Intersection","","0001-01-01T11:08:58-04:56","Bicyclist Left Turn - Opposite Direction",NA,2012,"B: Evident Injury","Residential","70",70,"No","41-45 mph","O: No Injury","White","Female","Passenger Car","No","No","Daylight","Mixed (30% To 70% Developed)","2 lanes",2,"Straight - Level","NC Route","Dry","Two-Way, Not Divided","None","T-Intersection","Smooth Asphalt","Mountains","Rural","40 - 45  MPH","Double Yellow Line, No Passing Zone","Clear","No","35.22616, -81.526",-81.526,35.22616
"851",30,31,"Yes","20-24",22,"No","With Traffic","C: Possible Injury","Travel Lane","White","Male","Gastonia","Gaston","No","01-01-03","2012-01-11","Motorist Overtaking Bicyclist",19,"Intersection-Related","","0001-01-01T14:33:58-04:56","Motorist Overtaking - Other /",NA,2012,"C: Possible Injury","Commercial","",NA,"Missing","26-30 mph","Injury","/Missing","","","No","Yes","Daylight","Urban (>70% Developed)","5 lanes",2,"Straight - Grade","NC Route","Dry","Two-Way, Not Divided","None","No Special Feature","Smooth Asphalt","Piedmont","Urban","40 - 45  MPH","No Control Present","Clear","No","35.28798, -81.2441",-81.2441,35.28798
"852",41,42,"Yes","16-19",18,"No","With Traffic","B: Evident Injury","Travel Lane","White","Male","Chapel Hill","Orange","No","01-01-07","2012-01-29","Motorist Left Turn / Merge",16,"Intersection","","0001-01-01T11:44:58-04:56","Motorist Left Turn - Opposite Direction",NA,2012,"B: Evident Injury","Institutional","40-49",45,"No","6-10 mph","O: No Injury","White","Male","Passenger Car","No","No","Daylight","Urban (>70% Developed)","4 lanes",2,"Straight - Level","Local Street","Dry","Two-Way, Not Divided","None","Four-Way Intersection","Coarse Asphalt","Piedmont","Urban","30 - 35  MPH","Stop And Go Signal","Clear","No","35.90371, -79.0464",-79.0464,35.90371
"853",44,45,"Yes","20-24",21,"No","With Traffic","C: Possible Injury","Travel Lane","White","Male","Raleigh","Wake","No","01-01-06","2012-02-18","Motorist Failed to Yield - Sign-Controlled Intersection",18,"Intersection","01-02-01","0001-01-01T13:16:58-04:56","Motorist Drive Out - Sign-Controlled Intersection",NA,2012,"C: Possible Injury","Commercial","0-19",16,"No","6-10 mph","O: No Injury","White","Female","Passenger Car","No","No","Dusk","Urban (>70% Developed)","2 lanes",2,"Straight - Level","Local Street","Dry","Two-Way, Divided, Unprotected Median","None","Traffic Circle/Roundabout","Smooth Asphalt","Piedmont","Urban","30 - 35  MPH","Yield Sign","Clear","No","35.78623, -78.6624",-78.6624,35.78623
"854",52,53,"No","60-69",64,"No","With Traffic","C: Possible Injury","Travel Lane","White","Male","Summerfield","Guilford","No","","2012-02-27","Motorist Overtaking Bicyclist",17,"Non-Intersection","01-02-01","0001-01-01T12:48:58-04:56","Motorist Overtaking - Misjudged Space",NA,2012,"C: Possible Injury","Farms, Woods, Pastures","",NA,"Missing","41-45 mph","Injury","/Missing","","","No","Yes","Daylight","Rural (<30% Developed)","2 lanes",2,"Straight - Grade","State Secondary Route","Dry","Two-Way, Not Divided","None","No Special Feature","Smooth Asphalt","Piedmont","Urban","40 - 45  MPH","Double Yellow Line, No Passing Zone","Clear","No","36.17122, -79.9234",-79.9234,36.17122
"855",54,55,"No","30-39",34,"No","With Traffic","C: Possible Injury","Travel Lane","White","Female","Concord","Cabarrus","No","01-01-02","2012-02-07","Motorist Overtaking Bicyclist",7,"Non-Intersection","01-02-01","0001-01-01T02:17:58-04:56","Motorist Overtaking - Misjudged Space",NA,2012,"C: Possible Injury","Residential","40-49",40,"No","21-25 mph","O: No Injury","White","Female","Passenger Car","No","No","Dawn","Urban (>70% Developed)","2 lanes",2,"Straight - Hillcrest","Local Street","Dry","Two-Way, Not Divided","None","Driveway, Private","Coarse Asphalt","Piedmont","Urban","30 - 35  MPH","No Control Present","Clear","No","35.38564, -80.5481",-80.5481,35.38564
"856",56,57,"Yes","40-49",40,"No","With Traffic","B: Evident Injury","Travel Lane","White","Male","Sanford","Lee","No","01-01-03","2012-02-08","Motorist Left Turn / Merge",18,"Intersection","01-02-01","0001-01-01T13:46:58-04:56","Motorist Left Turn - Opposite Direction",NA,2012,"B: Evident Injury","Residential","25-29",29,"No","0-5 mph","O: No Injury","White","Male","Van","No","No","Dark - Roadway Not Lighted","Mixed (30% To 70% Developed)","2 lanes",2,"Straight - Level","Local Street","Dry","One-Way, Not Divided","None","No Special Feature","Smooth Asphalt","Piedmont","Urban","30 - 35  MPH","Stop Sign","Clear","No","35.46501, -79.1629",-79.1629,35.46501
"857",58,59,"No","20-24",21,"No","With Traffic","B: Evident Injury","Travel Lane","White","Male","Raleigh","Wake","No","01-01-03","2012-02-15","Bicyclist Overtaking Motorist",11,"Intersection","01-02-01","0001-01-01T06:03:58-04:56","Bicyclist Overtaking - Passing on Left",NA,2012,"B: Evident Injury","Institutional","20-24",21,"No","0-5 mph","O: No Injury","Black","Male","Passenger Car","No","No","Daylight","Urban (>70% Developed)","1 lane",2,"Straight - Level","Local Street","Dry","One-Way, Not Divided","None","T-Intersection","Smooth Asphalt","Piedmont","Urban","5 - 15 MPH","No Control Present","Clear","No","35.78336, -78.6669",-78.6669,35.78336
"858",59,60,"No","20-24",21,"No","Facing Traffic","C: Possible Injury","Sidewalk / Crosswalk / Driveway Crossing","White","Female","Wilmington","New Hanover","No","01-01-04","2012-02-09","Bicyclist Failed to Yield - Signalized Intersection",12,"Intersection","01-02-01","0001-01-01T07:24:58-04:56","Bicyclist Ride Through - Signalized Intersection",NA,2012,"C: Possible Injury","Residential","20-24",20,"No","6-10 mph","O: No Injury","White","Female","Passenger Car","No","No","Daylight","Urban (>70% Developed)","3 lanes",2,"Straight - Level","Local Street","Dry","Two-Way, Not Divided","None","Four-Way Intersection","Smooth Asphalt","Coastal","Urban","30 - 35  MPH","Stop And Go Signal","Clear","No","34.23476, -77.8694",-77.8694,34.23476
"859",65,66,"Yes","20-24",24,"No","With Traffic","B: Evident Injury","Travel Lane","White","Male","Chapel Hill","Orange","No","01-01-03","2012-02-15","Motorist Left Turn / Merge",16,"Non-Intersection","01-02-01","0001-01-01T11:26:58-04:56","Motorist Left Turn - Opposite Direction",NA,2012,"B: Evident Injury","Commercial","20-24",22,"No","6-10 mph","O: No Injury","White","Female","Passenger Car","No","No","Daylight","Urban (>70% Developed)","4 lanes",2,"Straight - Grade","Local Street","Dry","Two-Way, Not Divided","None","No Special Feature","Smooth Asphalt","Piedmont","Urban","20 - 25  MPH","No Control Present","Clear","No","35.91171, -79.0593",-79.0593,35.91171
"860",70,71,"No","40-49",49,"No","With Traffic","C: Possible Injury","Other","Black","Male","Mooresville","Iredell","No","01-01-05","2012-02-03","Motorist Overtaking Bicyclist",17,"Non-Intersection","01-02-01","0001-01-01T12:39:58-04:56","Motorist Overtaking - Bicyclist Swerved",NA,2012,"C: Possible Injury","Residential","70",70,"No","26-30 mph","O: No Injury","White","Male","Passenger Car","No","No","Daylight","Urban (>70% Developed)","2 lanes",2,"Straight - Grade","NC Route","Dry","Two-Way, Not Divided","None","No Special Feature","Coarse Asphalt","Piedmont","Urban","30 - 35  MPH","No Control Present","Clear","No","35.59634, -80.808",-80.808,35.59634
"861",71,72,"Yes","50-59",50,"No","With Traffic","C: Possible Injury","Travel Lane","Black","Male","Gastonia","Gaston","No","01-01-06","2012-02-11","Motorist Right Turn / Merge",11,"Non-Intersection","01-02-01","0001-01-01T07:00:58-04:56","Motorist Right Turn - Same Direction",NA,2012,"C: Possible Injury","Institutional","50-59",52,"No","","O: No Injury","White","Female","Single Unit Truck (2-Axle, 6-Tire)","No","No","Daylight","Urban (>70% Developed)","3 lanes",2,"Straight - Grade","Local Street","Dry","Two-Way, Not Divided","None","Driveway, Public","Coarse Asphalt","Piedmont","Urban","30 - 35  MPH","No Control Present","Clear","No","35.24171, -81.2061",-81.2061,35.24171
"862",76,77,"No","20-24",24,"No","With Traffic","C: Possible Injury","Travel Lane","White","Male","None - Rural Crash","Orange","No","01-01-02","2012-02-14","Motorist Left Turn / Merge",17,"Non-Intersection","01-02-01","0001-01-01T12:14:58-04:56","Motorist Left Turn - Opposite Direction",NA,2012,"C: Possible Injury","Farms, Woods, Pastures","",NA,"Missing","6-10 mph","Injury","/Missing","","Passenger Car","No","Yes","Daylight","Rural (<30% Developed)","2 lanes",3,"Straight - Level","State Secondary Route","Dry","Two-Way, Not Divided","None","Driveway, Private","Coarse Asphalt","Piedmont","Rural","40 - 45  MPH","Double Yellow Line, No Passing Zone","Clear","No","36.01511, -79.0306",-79.0306,36.01511
"863",97,98,"Yes","15-Nov",14,"No","Facing Traffic","B: Evident Injury","Travel Lane","White","Male","Raleigh","Wake","No","01-01-04","2012-03-15","Bicyclist Failed to Yield - Signalized Intersection",16,"Intersection","01-03-01","0001-01-01T11:21:58-04:56","Bicyclist Ride Through - Signalized Intersection",NA,2012,"B: Evident Injury","Residential","50-59",55,"No","0-5 mph","O: No Injury","White","Male","Sport Utility","No","No","Daylight","Urban (>70% Developed)","5 lanes",2,"Straight - Grade","Local Street","Dry","Two-Way, Not Divided","None","No Special Feature","Smooth Asphalt","Piedmont","Urban","40 - 45  MPH","Stop And Go Signal","Clear","No","35.90242, -78.6628",-78.6628,35.90242
"864",105,106,"Yes","40-49",48,"Yes","Facing Traffic","B: Evident Injury","Travel Lane","Black","Male","None - Rural Crash","Johnston","Yes","01-01-06","2012-03-17","Bicyclist Failed to Yield - Sign-Controlled Intersection",18,"Intersection","01-03-01","0001-01-01T13:43:58-04:56","Bicyclist Ride Through - Sign-Controlled Intersection",NA,2012,"B: Evident Injury","Residential","30-39",30,"No","6-10 mph","O: No Injury","Black","Female","Passenger Car","No","No","Daylight","Urban (>70% Developed)","2 lanes",2,"Straight - Level","NC Route","Dry","Two-Way, Not Divided","None","T-Intersection","Coarse Asphalt","Coastal","Rural","50 - 55  MPH","Stop Sign","Clear","No","35.51127, -78.3966",-78.3966,35.51127
"865",106,107,"Yes","40-49",45,"No","With Traffic","C: Possible Injury","Bike Lane / Paved Shoulder","Black","Male","Mount Olive","Wayne","No","01-01-03","2012-02-29","Loss of Control / Turning Error",10,"Intersection","01-02-01","0001-01-01T05:03:58-04:56","Motorist Lost Control - Other /",NA,2012,"C: Possible Injury","Residential","50-59",54,"No","36-40 mph","O: No Injury","Black","Female","Passenger Car","No","No","Daylight","Mixed (30% To 70% Developed)","2 lanes",2,"Straight - Level","US Route","Dry","Two-Way, Not Divided","None","No Special Feature","Smooth Asphalt","Coastal","Rural","30 - 35  MPH","Double Yellow Line, No Passing Zone","Clear","No","35.18698, -78.0769",-78.0769,35.18698
"866",108,109,"No","60-69",62,"No","Facing Traffic","C: Possible Injury","Travel Lane","Black","Male","None - Rural Crash","Harnett","No","01-01-05","2012-03-09","Head-On",16,"Non-Intersection","01-03-01","0001-01-01T11:32:58-04:56","Head-On - Bicyclist",NA,2012,"C: Possible Injury","Farms, Woods, Pastures","20-24",23,"No","11-15 mph","O: No Injury","Other","Female","Sport Utility","No","No","Daylight","Rural (<30% Developed)","2 lanes",2,"Straight - Grade","State Secondary Route","Dry","Two-Way, Not Divided","None","No Special Feature","Coarse Asphalt","Coastal","Rural","40 - 45  MPH","Double Yellow Line, No Passing Zone","Clear","No","35.25725, -78.9686",-78.9686,35.25725
"867",109,110,"Yes","25-29",28,"Missing","Facing Traffic","B: Evident Injury","Sidewalk / Crosswalk / Driveway Crossing","White","Male","Charlotte","Mecklenburg","No","01-01-02","2012-03-20","Motorist Failed to Yield - Sign-Controlled Intersection",11,"Intersection","01-03-01","0001-01-01T06:36:58-04:56","Motorist Drive Out - Sign-Controlled Intersection",NA,2012,"B: Evident Injury","Commercial","50-59",55,"No","0-5 mph","O: No Injury","White","Male","Passenger Car","No","No","Daylight","Urban (>70% Developed)","2 lanes",2,"Straight - Level","Local Street","Dry","Two-Way, Divided, Unprotected Median","None","T-Intersection","Smooth Asphalt","Piedmont","Urban","30 - 35  MPH","Stop Sign","Clear","No","35.14881, -80.8325",-80.8325,35.14881
"868",111,112,"Yes","60-69",69,"No","With Traffic","A: Disabling Injury","Travel Lane","White","Male","None - Rural Crash","Guilford","No","","2012-03-19","Motorist Overtaking Bicyclist",18,"Non-Intersection","01-03-01","0001-01-01T13:33:58-04:56","Motorist Overtaking - Other /",NA,2012,"A: Disabling Injury","Farms, Woods, Pastures","30-39",36,"No","41-45 mph","O: No Injury","White","Male","Pickup","No","No","Daylight","Mixed (30% To 70% Developed)","2 lanes",2,"Straight - Level","NC Route","Dry","Two-Way, Not Divided","None","No Special Feature","Coarse Asphalt","Piedmont","Rural","40 - 45  MPH","Double Yellow Line, No Passing Zone","Clear","No","36.23011, -79.7554",-79.7554,36.23011
"869",112,113,"Yes","16-19",19,"No","With Traffic","B: Evident Injury","Sidewalk / Crosswalk / Driveway Crossing","Black","Female","Charlotte","Mecklenburg","No","01-01-03","2012-03-21","Parallel Paths - Other Circumstances",16,"Intersection-Related","01-03-01","0001-01-01T11:40:58-04:56","Bicyclist Ride Out - Parallel Path",NA,2012,"B: Evident Injury","Commercial","50-59",55,"No","41-45 mph","O: No Injury","White","Female","Passenger Car","No","No","Daylight","Urban (>70% Developed)","2 lanes",2,"Curve - Level","Local Street","Dry","Two-Way, Divided, Unprotected Median","None","No Special Feature","Smooth Asphalt","Piedmont","Urban","40 - 45  MPH","No Control Present","Clear","No","35.30447, -80.7231",-80.7231,35.30447
"870",113,114,"Yes","20-24",21,"Yes","With Traffic","A: Disabling Injury","Travel Lane","White","Male","Raleigh","Wake","Yes","01-01-07","2012-02-19","Motorist Left Turn / Merge",2,"Intersection","01-02-01","0000-12-31T21:52:58-04:56","Motorist Left Turn - Opposite Direction",NA,2012,"A: Disabling Injury","Institutional","0-19",19,"No","11-15 mph","O: No Injury","White","Male","Passenger Car","No","No","Dark - Lighted Roadway","Urban (>70% Developed)","3 lanes",2,"Straight - Grade","Local Street","Wet","Two-Way, Not Divided","None","Four-Way Intersection","Smooth Asphalt","Piedmont","Urban","20 - 25  MPH","No Control Present","Rain","No","35.78692, -78.6747",-78.6747,35.78692
"871",115,116,"Yes","15-Nov",12,"No","With Traffic","B: Evident Injury","Bike Lane / Paved Shoulder","White","Male","None - Rural Crash","Dare","No","01-01-05","2012-03-23","Loss of Control / Turning Error",7,"Non-Intersection","01-03-01","0001-01-01T02:45:58-04:56","Bicyclist Lost Control - Other /",NA,2012,"B: Evident Injury","Residential","70",70,"No","21-25 mph","O: No Injury","White","Male","Passenger Car","No","No","Daylight","Urban (>70% Developed)","2 lanes",2,"Straight - Level","US Route","Dry","Two-Way, Not Divided","None","No Special Feature","Coarse Asphalt","Coastal","Rural","20 - 25  MPH","Double Yellow Line, No Passing Zone","Clear","No","35.26761, -75.5321",-75.5321,35.26761
"872",124,125,"Yes","30-39",30,"Missing","With Traffic","B: Evident Injury","Travel Lane","White","Male","Charlotte","Mecklenburg","No","01-01-07","2012-03-25","Motorist Failed to Yield - Sign-Controlled Intersection",13,"Intersection","01-03-01","0001-01-01T08:53:58-04:56","Motorist Drive Out - Sign-Controlled Intersection",NA,2012,"B: Evident Injury","Residential","60-69",60,"No","","O: No Injury","White","Female","Passenger Car","No","No","Daylight","Urban (>70% Developed)","2 lanes",2,"Straight - Level","Local Street","Dry","Two-Way, Not Divided","None","Four-Way Intersection","Smooth Asphalt","Piedmont","Urban","20 - 25  MPH","Stop Sign","Cloudy","No","35.18697, -80.8331",-80.8331,35.18697
"873",129,130,"Yes","0-5",5,"No","With Traffic","B: Evident Injury","Travel Lane","White","Male","None - Rural Crash","Cabarrus","No","01-01-03","2012-03-28","Head-On",18,"Non-Intersection","01-03-01","0001-01-01T13:36:58-04:56","Head-On - Bicyclist",NA,2012,"B: Evident Injury","Residential","30-39",36,"No","6-10 mph","O: No Injury","White","Female","Passenger Car","No","No","Daylight","Rural (<30% Developed)","2 lanes",2,"Straight - Grade","Local Street","Dry","Two-Way, Not Divided","None","No Special Feature","Smooth Asphalt","Piedmont","Rural","5 - 15 MPH","No Control Present","Clear","No","35.35041, -80.5295",-80.5295,35.35041
"874",133,134,"No","40-49",43,"No","With Traffic","C: Possible Injury","Travel Lane","White","Female","Durham","Durham","No","","2012-04-02","Motorist Overtaking Bicyclist",19,"Non-Intersection","01-04-01","0001-01-01T14:25:58-04:56","Motorist Overtaking - Undetected Bicyclist",NA,2012,"C: Possible Injury","Residential","25-29",28,"No","31-35 mph","O: No Injury","Other","Male","Passenger Car","No","No","Daylight","Urban (>70% Developed)","4 lanes",2,"Straight - Hillcrest","Local Street","Dry","Two-Way, Divided, Unprotected Median","None","No Special Feature","Smooth Asphalt","Piedmont","Urban","40 - 45  MPH","No Control Present","Clear","No","36.01685, -78.9019",-78.9019,36.01685
"875",136,137,"Yes","50-59",51,"No","With Traffic","B: Evident Injury","Travel Lane","Black","Male","Rocky Mount","Edgecombe","No","01-01-06","2012-03-10","Motorist Left Turn / Merge",16,"Intersection","01-03-01","0001-01-01T11:04:58-04:56","Motorist Left Turn - Opposite Direction",NA,2012,"B: Evident Injury","Commercial","30-39",30,"No","16-20 mph","O: No Injury","Black","Female","Passenger Car","No","No","Daylight","Urban (>70% Developed)","5 lanes",2,"Straight - Level","Local Street","Dry","Two-Way, Not Divided","None","Four-Way Intersection","Smooth Asphalt","Coastal","Urban","30 - 35  MPH","No Control Present","Clear","No","35.93211, -77.7745",-77.7745,35.93211
"876",137,138,"Yes","20-24",24,"No","Facing Traffic","B: Evident Injury","Travel Lane","White","Female","Carrboro","Orange","No","01-01-02","2012-03-20","Crossing Paths - Other Circumstances",22,"Intersection","01-03-01","0001-01-01T17:47:58-04:56","Signalized Intersection - Other /",NA,2012,"B: Evident Injury","Commercial","25-29",26,"No","0-5 mph","O: No Injury","White","Male","Sport Utility","No","No","Dark - Lighted Roadway","Urban (>70% Developed)","2 lanes",2,"Straight - Level","Local Street","Wet","Two-Way, Not Divided","None","Related To Intersection","Coarse Asphalt","Piedmont","Urban","20 - 25  MPH","Stop And Go Signal","Rain","No","35.91076, -79.0691",-79.0691,35.91076
"877",138,139,"Yes","10-Jun",10,"No","Facing Traffic","O: No Injury","Multi-use Path","Black","Male","Charlotte","Mecklenburg","No","01-01-04","2012-04-05","Crossing Paths - Other Circumstances",13,"Intersection","01-04-01","0001-01-01T08:03:58-04:56","Signalized Intersection - Other /",NA,2012,"O: No Injury","Commercial","25-29",26,"No","0-5 mph","O: No Injury","White","Female","Passenger Car","No","No","Daylight","Mixed (30% To 70% Developed)","3 lanes",2,"Straight - Hillcrest","Local Street","Dry","Two-Way, Not Divided","None","No Special Feature","Coarse Asphalt","Piedmont","Urban","30 - 35  MPH","Stop And Go Signal","Clear","No","35.13783, -80.8793",-80.8793,35.13783
"878",140,141,"Yes","20-24",20,"No","With Traffic","C: Possible Injury","Travel Lane","White","Male","Jacksonville","Onslow","No","01-01-02","2012-02-28","Motorist Failed to Yield - Sign-Controlled Intersection",6,"Intersection","01-02-01","0001-01-01T01:56:58-04:56","Motorist Drive Out - Sign-Controlled Intersection",NA,2012,"C: Possible Injury","Residential","60-69",61,"No","0-5 mph","O: No Injury","Black","Male","School Bus","No","No","Daylight","Urban (>70% Developed)","2 lanes",2,"Straight - Level","Local Street","Dry","Two-Way, Divided, Unprotected Median","None","No Special Feature","Smooth Asphalt","Coastal","Urban","20 - 25  MPH","Stop Sign","Clear","No","34.79131, -77.4002",-77.4002,34.79131
"879",147,148,"Yes","40-49",47,"No","Facing Traffic","C: Possible Injury","Sidewalk / Crosswalk / Driveway Crossing","Black","Male","Washington","Beaufort","No","01-01-05","2012-03-16","Motorist Failed to Yield - Midblock",8,"Non-Intersection","01-03-01","0001-01-01T03:27:58-04:56","Motorist Drive Out - Commercial Driveway / Alley",NA,2012,"C: Possible Injury","Commercial","25-29",26,"No","0-5 mph","O: No Injury","Black","Female","Passenger Car","No","No","Daylight","Urban (>70% Developed)","5 lanes",2,"Straight - Level","US Route","Wet","Two-Way, Not Divided","None","No Special Feature","Coarse Asphalt","Coastal","Urban","","No Control Present","Cloudy","No","35.54655, -77.0327",-77.0327,35.54655
"880",152,153,"Yes","20-24",21,"No","With Traffic","B: Evident Injury","Travel Lane","White","Male","Greensboro","Guilford","No","","2012-03-26","Motorist Left Turn / Merge",16,"Intersection","01-03-01","0001-01-01T11:59:58-04:56","Motorist Left Turn - Opposite Direction",NA,2012,"B: Evident Injury","Residential","60-69",61,"No","16-20 mph","O: No Injury","White","Female","Passenger Car","No","No","Daylight","Urban (>70% Developed)","2 lanes",2,"Straight - Level","Local Street","Dry","Two-Way, Not Divided","None","Four-Way Intersection","Smooth Asphalt","Piedmont","Urban","30 - 35  MPH","No Control Present","Clear","No","36.10612, -79.8505",-79.8505,36.10612
"881",160,161,"Yes","50-59",52,"No","With Traffic","C: Possible Injury","Travel Lane","White","Male","None - Rural Crash","Wake","No","01-01-04","2012-04-12","Motorist Overtaking Bicyclist",19,"Non-Intersection","01-04-01","0001-01-01T14:28:58-04:56","Motorist Overtaking - Other /",NA,2012,"C: Possible Injury","Farms, Woods, Pastures","40-49",40,"No","41-45 mph","O: No Injury","White","Male","Pickup","No","No","Daylight","Rural (<30% Developed)","4 lanes",2,"Curve - Level","State Secondary Route","Dry","Two-Way, Not Divided","None","No Special Feature","Smooth Asphalt","Piedmont","Rural","40 - 45  MPH","No Control Present","Clear","No","35.91286, -78.7284",-78.7284,35.91286