"","FID","OBJECTID","AmbulanceR","BikeAge_Gr","Bike_Age","Bike_Alc_D","Bike_Dir","Bike_Injur","Bike_Pos","Bike_Race","Bike_Sex","City","County","CrashAlcoh","CrashDay","Crash_Date","Crash_Grp","Crash_Hour","Crash_Loc","Crash_Mont","Crash_Time","Crash_Type","Crash_Ty_1","Crash_Year","Crsh_Sevri","Developmen","DrvrAge_Gr","Drvr_Age","Drvr_Alc_D","Drvr_EstSp","Drvr_Injur","Drvr_Race","Drvr_Sex","Drvr_VehTy","ExcsSpdInd","Hit_Run","Light_Cond","Locality","Num_Lanes","Num_Units","Rd_Charact","Rd_Class","Rd_Conditi","Rd_Config","Rd_Defects","Rd_Feature","Rd_Surface","Region","Rural_Urba","Speed_Limi","Traff_Cntr","Weather","Workzone_I","Location","locx","locy"
"882",161,162,"Yes","15-Nov",14,"No","With Traffic","C: Possible Injury","Travel Lane","Black","Female","Gastonia","Gaston","No","01-01-06","2012-04-07","Bicyclist Left Turn / Merge",18,"Intersection-Related","01-04-01","0001-01-01T13:40:58-04:56","Bicyclist Left Turn - Same Direction",NA,2012,"C: Possible Injury","Commercial","30-39",33,"No","31-35 mph","O: No Injury","Black","Female","Sport Utility","No","No","Daylight","Urban (>70% Developed)","5 lanes",2,"Straight - Grade","State Secondary Route","Dry","Two-Way, Not Divided","None","No Special Feature","Smooth Asphalt","Piedmont","Urban","40 - 45  MPH","No Control Present","Clear","No","35.25324, -81.1669",-81.1669,35.25324
"883",177,178,"Yes","15-Nov",11,"No","With Traffic","C: Possible Injury","Travel Lane","Black","Male","Durham","Durham","No","","2012-04-16","Bicyclist Failed to Yield - Signalized Intersection",17,"Intersection","01-04-01","0001-01-01T12:24:58-04:56","Bicyclist Failed to Clear - Trapped",NA,2012,"C: Possible Injury","Residential","25-29",27,"No","11-15 mph","O: No Injury","Black","Male","Passenger Car","No","No","Daylight","Urban (>70% Developed)","2 lanes",2,"Straight - Level","Local Street","Dry","Two-Way, Divided, Unprotected Median","None","No Special Feature","Coarse Asphalt","Piedmont","Urban","30 - 35  MPH","No Control Present","Clear","No","36.03573, -78.8899",-78.8899,36.03573
"884",180,181,"Yes","50-59",53,"No","With Traffic","C: Possible Injury","Travel Lane","Black","Male","Monroe","Union","No","01-01-03","2012-04-04","Motorist Left Turn / Merge",17,"Intersection","01-04-01","0001-01-01T12:35:58-04:56","Motorist Left Turn - Opposite Direction",NA,2012,"C: Possible Injury","Residential","0-19",19,"No","21-25 mph","O: No Injury","Black","Female","Passenger Car","No","No","Daylight","Urban (>70% Developed)","2 lanes",2,"Straight - Level","Local Street","Dry","Two-Way, Not Divided","None","Four-Way Intersection","Smooth Asphalt","Piedmont","Urban","30 - 35  MPH","Stop Sign","Clear","No","34.9787, -80.5377",-80.5377,34.9787
"885",181,182,"Yes","16-19",16,"No","With Traffic","C: Possible Injury","Travel Lane","Black","Female","None - Rural Crash","Hertford","No","01-01-04","2012-03-22","Bicyclist Left Turn / Merge",20,"Non-Intersection","01-03-01","0001-01-01T15:11:58-04:56","Bicyclist Left Turn - Same Direction",NA,2012,"C: Possible Injury","Farms, Woods, Pastures","40-49",42,"No","51-55 mph","O: No Injury","Black","Male","Passenger Car","No","No","Dark - Roadway Not Lighted","Rural (<30% Developed)","2 lanes",2,"Straight - Level","NC Route","Dry","Two-Way, Not Divided","None","No Special Feature","Coarse Asphalt","Coastal","Rural","50 - 55  MPH","No Control Present","Clear","No","36.38533, -76.9402",-76.9402,36.38533
"886",195,196,"Yes","50-59",53,"Yes","With Traffic","C: Possible Injury","Travel Lane","Black","Male","None - Rural Crash","Duplin","Yes","01-01-06","2012-04-14","Motorist Overtaking Bicyclist",16,"Non-Intersection","01-04-01","0001-01-01T11:57:58-04:56","Motorist Overtaking - Misjudged Space",NA,2012,"C: Possible Injury","Farms, Woods, Pastures","70",70,"No","51-55 mph","O: No Injury","White","Male","Pickup","No","No","Daylight","Rural (<30% Developed)","2 lanes",2,"Straight - Level","US Route","Dry","Two-Way, Not Divided","None","No Special Feature","Coarse Asphalt","Coastal","Rural","50 - 55  MPH","No Control Present","Clear","No","35.16693, -78.0935",-78.0935,35.16693
"887",202,203,"Yes","25-29",29,"No","Facing Traffic","C: Possible Injury","Sidewalk / Crosswalk / Driveway Crossing","Black","Male","Charlotte","Mecklenburg","No","01-01-05","2012-04-13","Motorist Failed to Yield - Midblock",13,"Non-Intersection","01-04-01","0001-01-01T08:43:58-04:56","Motorist Drive Out - Commercial Driveway / Alley",NA,2012,"C: Possible Injury","Commercial","40-49",48,"No","0-5 mph","O: No Injury","White","Female","Passenger Car","No","No","Daylight","Urban (>70% Developed)","2 lanes",2,"Straight - Level","Local Street","Dry","Two-Way, Not Divided","None","T-Intersection","Smooth Asphalt","Piedmont","Urban","40 - 45  MPH","Stop Sign","Clear","No","35.21177, -80.6896",-80.6896,35.21177
"888",221,222,"No","20-24",24,"No","Facing Traffic","O: No Injury","Travel Lane","White","Male","Raleigh","Wake","No","","2012-04-16","Crossing Paths - Other Circumstances",20,"Intersection","01-04-01","0001-01-01T15:28:58-04:56","Signalized Intersection - Other /",NA,2012,"O: No Injury","Commercial","25-29",27,"No","0-5 mph","O: No Injury","Hispanic","Male","Passenger Car","No","No","Dark - Lighted Roadway","Urban (>70% Developed)","4 lanes",2,"Straight - Level","Local Street","Dry","Two-Way, Divided, Unprotected Median","None","T-Intersection","Smooth Asphalt","Piedmont","Urban","20 - 25  MPH","Stop And Go Signal","Clear","No","35.88494, -78.6272",-78.6272,35.88494
"889",223,224,"Yes","15-Nov",15,"No","With Traffic","B: Evident Injury","Sidewalk / Crosswalk / Driveway Crossing","/Missing","Male","Greensboro","Guilford","No","01-01-06","2012-04-21","Loss of Control / Turning Error",19,"Intersection","01-04-01","0001-01-01T15:00:58-04:56","Bicyclist Lost Control - Mechanical Problems",NA,2012,"B: Evident Injury","Residential","40-49",49,"No","31-35 mph","O: No Injury","Black","Female","Passenger Car","No","No","Dark - Lighted Roadway","Urban (>70% Developed)","2 lanes",2,"Straight - Grade","Local Street","Wet","Two-Way, Not Divided","None","Four-Way Intersection","Coarse Asphalt","Piedmont","Urban","30 - 35  MPH","Stop And Go Signal","Rain","No","36.04885, -79.7915",-79.7915,36.04885
"890",232,233,"No","",0,"No","With Traffic","Injury","Travel Lane","/Missing","","None - Rural Crash","Jones","No","01-01-04","2012-05-03","Motorist Overtaking Bicyclist",17,"Non-Intersection","01-05-01","0001-01-01T12:10:58-04:56","Motorist Overtaking - Bicyclist Swerved",NA,2012,"O: No Injury","Residential","30-39",38,"No","41-45 mph","O: No Injury","White","Female","Van","No","No","Daylight","Rural (<30% Developed)","2 lanes",2,"Straight - Level","NC Route","Dry","Two-Way, Not Divided","None","No Special Feature","Coarse Asphalt","Coastal","Rural","40 - 45  MPH","No Control Present","Clear","No","35.09679, -77.3432",-77.3432,35.09679
"891",246,247,"No","15-Nov",14,"No","With Traffic","B: Evident Injury","Travel Lane","Black","Female","Charlotte","Mecklenburg","No","01-01-02","2012-04-10","Loss of Control / Turning Error",18,"Intersection","01-04-01","0001-01-01T13:22:58-04:56","Bicyclist Lost Control - Mechanical Problems",NA,2012,"B: Evident Injury","Residential","50-59",51,"No","36-40 mph","O: No Injury","White","Female","Sport Utility","No","No","Daylight","Urban (>70% Developed)","2 lanes",2,"Straight - Level","Local Street","Dry","","None","No Special Feature","Smooth Asphalt","Piedmont","Urban","40 - 45  MPH","No Control Present","Clear","No","35.07876, -80.8303",-80.8303,35.07876
"892",255,256,"No","40-49",46,"Missing","With Traffic","C: Possible Injury","Travel Lane","White","Male","Charlotte","Mecklenburg","No","01-01-06","2012-05-05","Motorist Failed to Yield - Sign-Controlled Intersection",13,"Intersection","01-05-01","0001-01-01T08:09:58-04:56","Motorist Drive Out - Sign-Controlled Intersection",NA,2012,"C: Possible Injury","Residential","20-24",23,"No","","O: No Injury","White","Female","Passenger Car","No","No","Daylight","Urban (>70% Developed)","4 lanes",2,"Straight - Grade","Local Street","Dry","Two-Way, Divided, Unprotected Median","None","Four-Way Intersection","Smooth Asphalt","Piedmont","Urban","30 - 35  MPH","Stop Sign","Clear","No","35.18625, -80.8402",-80.8402,35.18625
"893",260,261,"No","30-39",32,"No","With Traffic","B: Evident Injury","Travel Lane","White","Male","Fayetteville","Cumberland","No","01-01-05","2012-04-27","Motorist Right Turn / Merge",12,"Intersection","01-04-01","0001-01-01T07:10:58-04:56","Motorist Right Turn - Same Direction",NA,2012,"B: Evident Injury","Commercial","20-24",21,"No","16-20 mph","O: No Injury","White","Female","Passenger Car","No","No","Daylight","Urban (>70% Developed)","4 lanes",2,"Straight - Level","State Secondary Route","Dry","Two-Way, Not Divided","None","T-Intersection","Coarse Asphalt","Coastal","Urban","30 - 35  MPH","Stop Sign","Clear","No","35.07206, -78.952",-78.952,35.07206
"894",262,263,"No","10-Jun",10,"No","Not Applicable","O: No Injury","Non-Roadway","Black","Male","Cary","Wake","No","01-01-06","2012-04-28","Non-Roadway",14,"Non-Roadway","01-04-01","0001-01-01T09:53:58-04:56","Non-Roadway",NA,2012,"O: No Injury","Residential","",NA,"Missing","0-5 mph","Injury","/Missing","","Pickup","No","No","Daylight","Urban (>70% Developed)","",2,"Straight - Grade","Public Vehicular Area","Dry","Two-Way, Not Divided","None","Driveway, Public","Smooth Asphalt","Piedmont","Urban","","No Control Present","Cloudy","No","35.80093, -78.7741",-78.7741,35.80093
"895",293,294,"Yes","16-19",16,"No","With Traffic","B: Evident Injury","Travel Lane","White","Male","None - Rural Crash","Wake","No","01-01-06","2012-05-19","Bicyclist Overtaking Motorist",9,"Non-Intersection","01-05-01","0001-01-01T05:01:58-04:56","Bicyclist Overtaking - Other /",NA,2012,"B: Evident Injury","Farms, Woods, Pastures","60-69",61,"No","41-45 mph","O: No Injury","White","Female","Passenger Car","No","No","Daylight","Rural (<30% Developed)","2 lanes",2,"Straight - Level","NC Route","Dry","Two-Way, Not Divided","None","Driveway, Private","Smooth Asphalt","Piedmont","Rural","50 - 55  MPH","No Control Present","Clear","No","35.5682, -78.848",-78.848,35.5682
"896",296,297,"No","",0,"Missing","With Traffic","Injury","Travel Lane","/Missing","","Sanford","Lee","No","01-01-07","2012-05-06","Bicyclist Left Turn / Merge",20,"Non-Intersection","01-05-01","0001-01-01T16:00:58-04:56","Bicyclist Left Turn - Same Direction",NA,2012,"O: No Injury","Commercial","30-39",31,"No","31-35 mph","O: No Injury","Black","Male","Passenger Car","No","No","Dark - Roadway Not Lighted","Mixed (30% To 70% Developed)","2 lanes",2,"Straight - Level","Local Street","Dry","Two-Way, Not Divided","None","No Special Feature","Coarse Asphalt","Piedmont","Urban","40 - 45  MPH","No Control Present","Clear","No","35.44672, -79.1722",-79.1722,35.44672
"897",305,306,"No","60-69",60,"No","With Traffic","C: Possible Injury","Sidewalk / Crosswalk / Driveway Crossing","White","Male","Charlotte","Mecklenburg","No","01-01-05","2012-05-18","Motorist Failed to Yield - Midblock",13,"Non-Intersection","01-05-01","0001-01-01T08:23:58-04:56","Motorist Drive Out - Commercial Driveway / Alley",NA,2012,"C: Possible Injury","Residential","40-49",44,"No","6-10 mph","O: No Injury","Asian","Female","Van","No","No","Daylight","Urban (>70% Developed)","4 lanes",2,"Straight - Level","Local Street","Dry","Two-Way, Divided, Positive Median Barrier","None","No Special Feature","Smooth Asphalt","Piedmont","Urban","40 - 45  MPH","Stop Sign","Clear","No","35.08575, -80.8178",-80.8178,35.08575
"898",311,312,"No","25-29",29,"No","With Traffic","C: Possible Injury","Travel Lane","White","Female","Durham","Durham","No","01-01-07","2012-05-20","Crossing Paths - Other Circumstances",10,"Intersection","01-05-01","0001-01-01T05:54:58-04:56","Signalized Intersection - Other /",NA,2012,"C: Possible Injury","Residential","30-39",38,"No","6-10 mph","O: No Injury","Black","Female","Sport Utility","No","No","Daylight","Mixed (30% To 70% Developed)","2 lanes",2,"Straight - Level","NC Route","Dry","Two-Way, Divided, Unprotected Median","None","T-Intersection","Smooth Asphalt","Piedmont","Urban","30 - 35  MPH","Stop And Go Signal","Clear","No","35.93108, -78.8887",-78.8887,35.93108
"899",314,315,"Yes","50-59",58,"No","With Traffic","C: Possible Injury","Travel Lane","Black","Male","Wilson","Wilson","No","01-01-03","2012-05-02","Crossing Paths - Other Circumstances",14,"Intersection","01-05-01","0001-01-01T10:01:58-04:56","Signalized Intersection - Other /",NA,2012,"C: Possible Injury","Residential","70",70,"No","0-5 mph","O: No Injury","White","Female","Passenger Car","No","No","Daylight","Urban (>70% Developed)","5 lanes",2,"Straight - Level","Local Street","Dry","Two-Way, Not Divided","None","Four-Way Intersection","Smooth Asphalt","Coastal","Urban","40 - 45  MPH","Stop And Go Signal","Clear","No","35.72008, -77.9458",-77.9458,35.72008
"900",323,324,"Yes","60-69",60,"No","With Traffic","B: Evident Injury","Travel Lane","White","Female","None - Rural Crash","Catawba","No","","2012-05-28","Bicyclist Overtaking Motorist",9,"Non-Intersection","01-05-01","0001-01-01T04:08:58-04:56","Bicyclist Overtaking - Other /",NA,2012,"B: Evident Injury","Farms, Woods, Pastures","40-49",46,"No","0-5 mph","O: No Injury","White","Male","Single Unit Truck (3 Or More Axles)","No","No","Daylight","Mixed (30% To 70% Developed)","2 lanes",2,"Straight - Level","State Secondary Route","Dry","Two-Way, Not Divided","None","Driveway, Private","Coarse Asphalt","Piedmont","Rural","40 - 45  MPH","Double Yellow Line, No Passing Zone","Cloudy","No","35.78857, -81.2355",-81.2355,35.78857
"901",453,454,"No","30-39",38,"No","With Traffic","C: Possible Injury","Travel Lane","White","Male","None - Rural Crash","Wake","No","01-01-05","2009-05-15","Motorist Right Turn / Merge",19,"Intersection-Related","01-05-01","0001-01-01T14:03:58-04:56","Motorist Right Turn - Same Direction",211213,2009,"C: Possible Injury","Farms, Woods, Pastures","0-19",17,"No","41-45 mph","O: No Injury","White","Female","Passenger Car","No","No","Daylight","Rural (<30% Developed)","2 lanes",2,"Straight - Level","State Secondary Route","Dry","Two-Way, Not Divided","None","No Special Feature","Smooth Asphalt","Piedmont","Rural","40 - 45  MPH","Double Yellow Line, No Passing Zone","Clear","No","36.035152, -78.66405",-78.66405,36.035152
"902",456,457,"No","15-Nov",12,"No","With Traffic","C: Possible Injury","Sidewalk / Crosswalk / Driveway Crossing","Black","Male","Concord","Cabarrus","No","01-01-06","2009-08-22","Motorist Right Turn / Merge",19,"Non-Intersection","01-08-01","0001-01-01T14:33:58-04:56","Motorist Right Turn - Same Direction",331213,2009,"C: Possible Injury","Residential","30-39",34,"No","0-5 mph","O: No Injury","White","Female","Sport Utility","No","No","Daylight","Mixed (30% To 70% Developed)","1 lane",2,"Straight - Level","Private Road, Driveway","Dry","One-Way, Not Divided","None","No Special Feature","Coarse Asphalt","Piedmont","Urban","5 - 15 MPH","No Control Present","Clear","No","35.44016, -80.62723",-80.62723,35.44016
"903",457,458,"Yes","40-49",46,"No","With Traffic","K: Killed","Travel Lane","Black","Male","Charlotte","Mecklenburg","No","01-01-03","2009-07-29","Bicyclist Failed to Yield - Sign-Controlled Intersection",12,"Intersection","01-07-01","0001-01-01T07:49:58-04:56","Bicyclist Ride Through - Sign-Controlled Intersection",111144,2009,"K: Killed","Residential","20-24",20,"No","21-25 mph","O: No Injury","Black","Female","Passenger Car","No","No","Daylight","Urban (>70% Developed)","2 lanes",2,"Straight - Grade","Local Street","Dry","Two-Way, Not Divided","None","Four-Way Intersection","Smooth Asphalt","Piedmont","Urban","20 - 25  MPH","Stop Sign","Clear","No","35.244118, -80.87589",-80.87589,35.244118
"904",463,464,"Yes","40-49",49,"Yes","Facing Traffic","A: Disabling Injury","Travel Lane","Black","Male","Lumberton","Robeson","Yes","01-01-05","2009-08-21","Head-On",22,"Non-Intersection","01-08-01","0001-01-01T17:18:58-04:56","Head-On - Bicyclist",312250,2009,"A: Disabling Injury","Commercial","20-24",21,"No","51-55 mph","O: No Injury","Black","Male","Passenger Car","No","No","Dark - Lighted Roadway","Urban (>70% Developed)","5 lanes",2,"Straight - Level","NC Route","Dry","Two-Way, Not Divided","None","No Special Feature","Coarse Asphalt","Coastal","Urban","40 - 45  MPH","No Control Present","Clear","No","34.62064, -78.98119",-78.98119,34.62064
"905",465,466,"Yes","50-59",53,"No","With Traffic","B: Evident Injury","Travel Lane","White","Male","None - Rural Crash","Durham","No","01-01-03","2009-08-26","Other / Unusual Circumstances",17,"Non-Intersection","01-08-01","0001-01-01T12:44:58-04:56","Motorist Intentionally Caused",311510,2009,"B: Evident Injury","Residential","20-24",22,"No","41-45 mph","O: No Injury","Black","Male","Passenger Car","No","Yes","Daylight","Mixed (30% To 70% Developed)","2 lanes",2,"Straight - Level","State Secondary Route","Dry","Two-Way, Not Divided","None","No Special Feature","Smooth Asphalt","Piedmont","Rural","40 - 45  MPH","Double Yellow Line, No Passing Zone","Clear","No","35.880215, -78.99664",-78.99664,35.880215
"906",470,471,"No","50-59",51,"No","With Traffic","C: Possible Injury","Travel Lane","White","Male","Greensboro","Guilford","No","01-01-07","2009-08-23","Motorist Overtaking Bicyclist",17,"Non-Intersection","01-08-01","0001-01-01T12:33:58-04:56","Motorist Overtaking - Other /",311239,2009,"C: Possible Injury","Residential","40-49",43,"No","","Injury","White","Female","","No","Yes","Daylight","Urban (>70% Developed)","5 lanes",2,"Straight - Level","Local Street","Dry","Two-Way, Divided, Unprotected Median","None","No Special Feature","Smooth Asphalt","Piedmont","Urban","40 - 45  MPH","No Control Present","Clear","No","36.131153, -79.79857",-79.79857,36.131153
"907",471,472,"Yes","15-Nov",15,"No","With Traffic","C: Possible Injury","Travel Lane","White","Male","Durham","Durham","No","01-01-03","2009-09-02","Bicyclist Overtaking Motorist",20,"Intersection-Related","01-09-01","0001-01-01T15:28:58-04:56","Bicyclist Overtaking - Other /",211249,2009,"C: Possible Injury","Commercial","40-49",42,"No","0-5 mph","O: No Injury","Black","Male","Passenger Car","No","No","Dusk","Urban (>70% Developed)","4 lanes",2,"Straight - Grade","Local Street","Dry","One-Way, Not Divided","None","No Special Feature","Smooth Asphalt","Piedmont","Urban","20 - 25  MPH","No Control Present","Clear","No","35.99383, -78.90153",-78.90153,35.99383
"908",473,474,"No","20-24",20,"No","Facing Traffic","C: Possible Injury","Sidewalk / Crosswalk / Driveway Crossing","White","Male","Greensboro","Guilford","No","01-01-03","2009-08-12","Motorist Failed to Yield - Midblock",20,"Non-Intersection","01-08-01","0001-01-01T15:45:58-04:56","Motorist Drive Out - Other Midblock",332328,2009,"C: Possible Injury","Commercial","",NA,"Missing","6-10 mph","Injury","/Missing","","","No","Yes","Dusk","Urban (>70% Developed)","5 lanes",2,"Straight - Level","Local Street","Dry","Two-Way, Not Divided","None","Driveway, Public","Coarse Asphalt","Piedmont","Urban","30 - 35  MPH","No Control Present","Clear","No","36.07359, -79.88696",-79.88696,36.07359
"909",477,478,"Yes","10-Jun",6,"No","With Traffic","C: Possible Injury","Travel Lane","Black","Female","Oriental","Pamlico","No","01-01-06","2009-09-05","Crossing Paths - Other Circumstances",17,"Intersection","01-09-01","0001-01-01T12:43:58-04:56","Crossing Paths - Intersection - Other /",111180,2009,"C: Possible Injury","Residential","40-49",47,"No","21-25 mph","O: No Injury","White","Male","Sport Utility","No","No","Daylight","Mixed (30% To 70% Developed)","2 lanes",2,"Straight - Level","Local Street","Dry","Two-Way, Not Divided","None","T-Intersection","Coarse Asphalt","Coastal","Rural","20 - 25  MPH","Double Yellow Line, No Passing Zone","Clear","No","35.032227, -76.693954",-76.693954,35.032227
"910",479,480,"No","10-Jun",7,"No","Not Applicable","C: Possible Injury","","Black","Male","Spring Lake","Cumberland","No","01-01-07","2009-09-06","Bicyclist Failed to Yield - Midblock",13,"Non-Intersection","01-09-01","0001-01-01T08:17:58-04:56","Bicyclist Ride Out - Midblock -",393319,2009,"C: Possible Injury","Commercial","20-24",23,"No","41-45 mph","O: No Injury","White","Male","Pickup","No","No","Daylight","Mixed (30% To 70% Developed)","5 lanes",2,"Straight - Level","NC Route","Dry","Two-Way, Not Divided","None","No Special Feature","Coarse Asphalt","Coastal","Urban","40 - 45  MPH","No Control Present","Clear","No","35.199688, -78.989975",-78.989975,35.199688
"911",480,481,"Yes","60-69",64,"No","Facing Traffic","C: Possible Injury","Sidewalk / Crosswalk / Driveway Crossing","White","Female","Charlotte","Mecklenburg","No","01-01-07","2009-08-23","Motorist Failed to Yield - Signalized Intersection",10,"Intersection","01-08-01","0001-01-01T05:14:58-04:56","Motorist Drive Out - Right Turn on Red",132151,2009,"C: Possible Injury","Residential","50-59",54,"No","0-5 mph","O: No Injury","White","Male","Tractor/Semi-Trailer","No","No","Daylight","Urban (>70% Developed)","2 lanes",2,"Straight - Level","Local Street","Dry","Two-Way, Not Divided","None","Four-Way Intersection","Smooth Asphalt","Piedmont","Urban","20 - 25  MPH","Stop And Go Signal","Cloudy","No","35.17801, -80.80095",-80.80095,35.17801
"912",482,483,"Yes","50-59",53,"No","With Traffic","B: Evident Injury","Travel Lane","White","Female","High Point","Guilford","No","01-01-03","2009-08-12","Crossing Paths - Other Circumstances",17,"Intersection","01-08-01","0001-01-01T12:16:58-04:56","Sign-Controlled Intersection - Other /",111148,2009,"B: Evident Injury","Commercial","20-24",22,"No","41-45 mph","O: No Injury","White","Male","Pickup","No","No","Daylight","Urban (>70% Developed)","5 lanes",2,"Straight - Grade","NC Route","Dry","Two-Way, Not Divided","None","Four-Way Intersection","Smooth Asphalt","Piedmont","Urban","40 - 45  MPH","Stop Sign","Clear","No","35.984833, -80.006874",-80.006874,35.984833
"913",510,511,"No","60-69",68,"No","With Traffic","B: Evident Injury","Travel Lane","White","Male","Asheville","Buncombe","No","01-01-07","2009-08-30","Motorist Left Turn / Merge",12,"Intersection","01-08-01","0001-01-01T07:36:58-04:56","Motorist Left Turn - Opposite Direction",111212,2009,"B: Evident Injury","Commercial","0-19",19,"No","36-40 mph","O: No Injury","White","Male","Passenger Car","No","No","Daylight","Urban (>70% Developed)","2 lanes",2,"Straight - Level","Local Street","Dry","Two-Way, Not Divided","None","No Special Feature","Smooth Asphalt","Mountains","Urban","40 - 45  MPH","Stop Sign","Clear","No","35.60858, -82.577194",-82.577194,35.60858
"914",512,513,"Yes","40-49",46,"No","With Traffic","C: Possible Injury","Travel Lane","White","Male","Monroe","Union","No","","2009-08-31","Motorist Overtaking Bicyclist",6,"Non-Intersection","01-08-01","0001-01-01T01:35:58-04:56","Motorist Overtaking - Other /",311239,2009,"C: Possible Injury","Commercial","70+",NA,"No","26-30 mph","O: No Injury","White","Male","Pickup","No","No","Dark - Lighted Roadway","Mixed (30% To 70% Developed)","4 lanes",2,"Straight - Level","US Route","Wet","Two-Way, Not Divided","None","No Special Feature","Smooth Asphalt","Piedmont","Urban","30 - 35  MPH","No Control Present","Rain","No","34.988758, -80.5491",-80.5491,34.988758
"915",514,515,"No","10-Jun",7,"No","Not Applicable","C: Possible Injury","Travel Lane","White","Female","Greensboro","Guilford","No","01-01-03","2009-07-15","Non-Roadway",18,"Non-Roadway","01-07-01","0001-01-01T13:21:58-04:56","Non-Roadway",410910,2009,"C: Possible Injury","Residential","40-49",44,"No","0-5 mph","O: No Injury","Native American","Male","","No","Yes","Daylight","Urban (>70% Developed)","",2,"Straight - Level","Public Vehicular Area","Dry","Two-Way, Not Divided","None","No Special Feature","Smooth Asphalt","Piedmont","Urban","20 - 25  MPH","No Control Present","Clear","No","36.00946, -79.788315",-79.788315,36.00946
"916",525,526,"Yes","30-39",36,"No","Facing Traffic","C: Possible Injury","Sidewalk / Crosswalk / Driveway Crossing","White","Male","Fayetteville","Cumberland","No","01-01-02","2009-09-15","Motorist Failed to Yield - Sign-Controlled Intersection",15,"Intersection","01-09-01","0001-01-01T10:04:58-04:56","Motorist Drive Out - Sign-Controlled Intersection",132141,2009,"C: Possible Injury","Commercial","40-49",41,"No","0-5 mph","O: No Injury","White","Female","Sport Utility","No","No","Daylight","Urban (>70% Developed)","2 lanes",2,"Straight - Level","Local Street","Dry","Two-Way, Divided, Unprotected Median","None","T-Intersection","Coarse Asphalt","Coastal","Urban","5 - 15 MPH","Stop Sign","Clear","No","35.068718, -78.96613",-78.96613,35.068718
"917",535,536,"No","16-19",18,"No","Not Applicable","B: Evident Injury","Sidewalk / Crosswalk / Driveway Crossing","White","Male","Black Mountain","Buncombe","No","01-01-04","2009-09-10","Other /  - Insufficient Details",15,"Non-Intersection","01-09-01","0001-01-01T10:56:58-04:56","Approach Paths",333970,2009,"B: Evident Injury","Commercial","40-49",42,"No","","O: No Injury","White","Male","Pickup","No","Yes","Daylight","Mixed (30% To 70% Developed)","4 lanes",2,"Straight - Grade","NC Route","Dry","Two-Way, Not Divided","None","Four-Way Intersection","Smooth Asphalt","Mountains","Urban","30 - 35  MPH","Stop And Go Signal","Cloudy","No","35.614765, -82.31901",-82.31901,35.614765
"918",539,540,"Yes","16-19",19,"No","Facing Traffic","B: Evident Injury","Travel Lane","White","Male","None - Rural Crash","New Hanover","No","01-01-05","2009-09-25","Motorist Failed to Yield - Midblock",12,"Non-Intersection","01-09-01","0001-01-01T07:51:58-04:56","Motorist Drive Out - Commercial Driveway / Alley",312322,2009,"B: Evident Injury","Commercial","40-49",43,"No","0-5 mph","O: No Injury","White","Male","Sport Utility","No","No","Daylight","Mixed (30% To 70% Developed)","4 lanes",2,"Straight - Level","US Route","Dry","Two-Way, Divided, Unprotected Median","None","Driveway, Public","Coarse Asphalt","Coastal","Rural","40 - 45  MPH","No Control Present","Clear","No","34.15006, -77.90299",-77.90299,34.15006
"919",542,543,"Yes","30-39",38,"No","With Traffic","B: Evident Injury","Travel Lane","White","Male","Long View","Catawba","No","01-01-07","2009-09-13","Motorist Left Turn / Merge",10,"Non-Intersection","01-09-01","0001-01-01T05:53:58-04:56","Motorist Left Turn - Opposite Direction",311212,2009,"B: Evident Injury","Residential","70+",NA,"No","16-20 mph","O: No Injury","White","Female","Passenger Car","No","No","Daylight","Urban (>70% Developed)","2 lanes",2,"Straight - Level","Local Street","Dry","Two-Way, Divided, Unprotected Median","None","No Special Feature","Coarse Asphalt","Piedmont","Rural","30 - 35  MPH","No Control Present","Clear","No","35.717358, -81.389496",-81.389496,35.717358
"920",543,544,"No","50-59",50,"No","With Traffic","B: Evident Injury","Travel Lane","White","Male","None - Rural Crash","New Hanover","No","","2009-09-14","Motorist Failed to Yield - Sign-Controlled Intersection",7,"Intersection","01-09-01","0001-01-01T02:03:58-04:56","Motorist Drive Out - Sign-Controlled Intersection",111141,2009,"B: Evident Injury","Institutional","0-19",17,"No","0-5 mph","O: No Injury","Other","Female","Passenger Car","No","No","Daylight","Urban (>70% Developed)","3 lanes",2,"Curve - Level","State Secondary Route","Dry","Two-Way, Not Divided","None","Driveway, Public","Smooth Asphalt","Coastal","Rural","30 - 35  MPH","Stop Sign","Clear","No","34.103592, -77.90374",-77.90374,34.103592
"921",547,548,"Yes","40-49",44,"No","With Traffic","O: No Injury","Travel Lane","White","Male","Monroe","Union","No","","2009-09-14","Crossing Paths - Other Circumstances",19,"Intersection","01-09-01","0001-01-01T14:28:58-04:56","Sign-Controlled Intersection - Other /",111148,2009,"B: Evident Injury","Commercial","20-24",20,"No","0-5 mph","B: Evident Injury","White","Male","Passenger Car","No","No","Dusk","Urban (>70% Developed)","2 lanes",2,"Straight - Level","Public Vehicular Area","Dry","Two-Way, Not Divided","None","Four-Way Intersection","Smooth Asphalt","Piedmont","Urban","5 - 15 MPH","Stop Sign","Clear","No","35.005917, -80.56077",-80.56077,35.005917