"","FID","OBJECTID","AmbulanceR","BikeAge_Gr","Bike_Age","Bike_Alc_D","Bike_Dir","Bike_Injur","Bike_Pos","Bike_Race","Bike_Sex","City","County","CrashAlcoh","CrashDay","Crash_Date","Crash_Grp","Crash_Hour","Crash_Loc","Crash_Mont","Crash_Time","Crash_Type","Crash_Ty_1","Crash_Year","Crsh_Sevri","Developmen","DrvrAge_Gr","Drvr_Age","Drvr_Alc_D","Drvr_EstSp","Drvr_Injur","Drvr_Race","Drvr_Sex","Drvr_VehTy","ExcsSpdInd","Hit_Run","Light_Cond","Locality","Num_Lanes","Num_Units","Rd_Charact","Rd_Class","Rd_Conditi","Rd_Config","Rd_Defects","Rd_Feature","Rd_Surface","Region","Rural_Urba","Speed_Limi","Traff_Cntr","Weather","Workzone_I","Location","locx","locy"
"1002",91,92,"No","30-39",38,"Yes","With Traffic","C: Possible Injury","Travel Lane","White","Male","Bayboro","Pamlico","Yes","01-01-03","2008-04-09","Bicyclist Left Turn / Merge",20,"Non-Intersection","01-04-01","0001-01-01T15:21:58-04:56","Bicyclist Left Turn - Opposite Direction",311222,2008,"C: Possible Injury","Farms, Woods, Pastures","60-69",64,"No","21-25 mph","O: No Injury","White","Male","Van","No","No","Dark - Roadway Not Lighted","Mixed (30% To 70% Developed)","3 lanes",2,"Straight - Level","NC Route","Dry","Two-Way, Divided, Unprotected Median","None","No Special Feature","Smooth Asphalt","Coastal","Rural","30 - 35  MPH","No Control Present","Clear","No","0.0, 0.0",0,0
"1003",92,93,"Yes","40-49",45,"No","Facing Traffic","B: Evident Injury","Other","White","Male","Cary","Wake","No","01-01-06","2008-04-19","Motorist Failed to Yield - Sign-Controlled Intersection",9,"Intersection","01-04-01","0001-01-01T04:03:58-04:56","Motorist Drive Out - Sign-Controlled Intersection",182141,2008,"B: Evident Injury","Residential","25-29",25,"No","0-5 mph","O: No Injury","White","Female","Passenger Car","No","No","Daylight","Urban (>70% Developed)","2 lanes",2,"Straight - Level","Local Street","Dry","Two-Way, Divided, Unprotected Median","None","T-Intersection","Smooth Asphalt","Piedmont","Urban","20 - 25  MPH","Stop Sign","Clear","Yes","0.0, 0.0",0,0
"1004",99,100,"Yes","60-69",67,"No","Facing Traffic","B: Evident Injury","Sidewalk / Crosswalk / Driveway Crossing","White","Male","Hickory","Catawba","No","01-01-04","2008-02-07","Motorist Failed to Yield - Sign-Controlled Intersection",7,"Intersection","01-02-01","0001-01-01T02:33:58-04:56","Motorist Drive Out - Sign-Controlled Intersection",132141,2008,"B: Evident Injury","Commercial","60-69",64,"No","0-5 mph","O: No Injury","White","Male","Passenger Car","No","No","Daylight","Urban (>70% Developed)","2 lanes",2,"Straight - Level","Local Street","Dry","Two-Way, Not Divided","None","No Special Feature","Coarse Asphalt","Piedmont","Urban","30 - 35  MPH","Stop Sign","Clear","No","0.0, 0.0",0,0
"1005",103,104,"Yes","40-49",40,"No","Facing Traffic","C: Possible Injury","Sidewalk / Crosswalk / Driveway Crossing","White","Male","Charlotte","Mecklenburg","No","01-01-02","2008-04-22","Crossing Paths - Other Circumstances",20,"Intersection","01-04-01","0001-01-01T15:41:58-04:56","Signalized Intersection - Other /",132158,2008,"C: Possible Injury","Commercial","40-49",40,"No","6-10 mph","Injury","/Missing","","Sport Utility","No","Yes","Dark - Lighted Roadway","Mixed (30% To 70% Developed)","5 lanes",2,"Straight - Level","Local Street","Dry","Two-Way, Divided, Positive Median Barrier","None","Four-Way Intersection","Coarse Asphalt","Piedmont","Urban","40 - 45  MPH","Stop And Go Signal","Cloudy","No","0.0, 0.0",0,0
"1006",107,108,"Yes","25-29",29,"No","With Traffic","A: Disabling Injury","Travel Lane","White","Male","None - Rural Crash","Brunswick","No","01-01-04","2008-04-24","Motorist Overtaking Bicyclist",16,"Non-Intersection","01-04-01","0001-01-01T11:32:58-04:56","Motorist Overtaking - Misjudged Space",311232,2008,"A: Disabling Injury","Commercial","40-49",48,"No","41-45 mph","O: No Injury","White","Male","Pickup","No","No","Daylight","Mixed (30% To 70% Developed)","2 lanes",2,"Straight - Level","NC Route","Dry","Two-Way, Not Divided","None","No Special Feature","Smooth Asphalt","Coastal","Rural","50 - 55  MPH","Double Yellow Line, No Passing Zone","Clear","No","0.0, 0.0",0,0
"1007",109,110,"Yes","40-49",49,"No","With Traffic","C: Possible Injury","Travel Lane","Black","Male","Elizabeth City","Pasquotank","No","01-01-05","2008-02-15","Bicyclist Left Turn / Merge",14,"Intersection","01-02-01","0001-01-01T09:26:58-04:56","Bicyclist Left Turn - Opposite Direction",111222,2008,"C: Possible Injury","Residential","30-39",31,"No","6-10 mph","O: No Injury","White","Female","Passenger Car","No","No","Daylight","Urban (>70% Developed)","8 lanes",2,"Straight - Level","Local Street","Wet","Two-Way, Not Divided","None","No Special Feature","Smooth Asphalt","Coastal","Urban","50 - 55  MPH","Stop And Go Signal","Cloudy","No","0.0, 0.0",0,0
"1008",113,114,"No","30-39",32,"No","Facing Traffic","B: Evident Injury","Sidewalk / Crosswalk / Driveway Crossing","White","Male","Wilmington","New Hanover","No","01-01-06","2008-02-16","Bicyclist Failed to Yield - Signalized Intersection",8,"Intersection","01-02-01","0001-01-01T03:40:58-04:56","Bicyclist Ride Through - Signalized Intersection",132155,2008,"B: Evident Injury","Residential","40-49",46,"No","0-5 mph","O: No Injury","White","Female","Passenger Car","No","No","Daylight","Urban (>70% Developed)","2 lanes",2,"Straight - Level","Local Street","Dry","Two-Way, Not Divided","None","Related To Intersection","Smooth Asphalt","Coastal","Urban","30 - 35  MPH","Stop And Go Signal","Clear","No","0.0, 0.0",0,0
"1009",115,116,"Yes","70+",NA,"No","Facing Traffic","B: Evident Injury","Travel Lane","White","Male","Graham","Alamance","No","","2008-02-18","Motorist Failed to Yield - Signalized Intersection",12,"Intersection","01-02-01","0001-01-01T07:38:58-04:56","Motorist Drive Out - Signalized Intersection",112152,2008,"B: Evident Injury","Commercial","25-29",28,"No","0-5 mph","O: No Injury","White","Female","Sport Utility","No","No","Daylight","Urban (>70% Developed)","5 lanes",2,"Straight - Grade","NC Route","Dry","Two-Way, Not Divided","None","On or Off Ramp","Smooth Asphalt","Piedmont","Urban","30 - 35  MPH","Stop And Go Signal","Clear","No","0.0, 0.0",0,0
"1010",117,118,"Yes","40-49",43,"No","With Traffic","B: Evident Injury","Travel Lane","White","Male","Wilmington","New Hanover","No","","2008-02-18","Motorist Overtaking Bicyclist",6,"Non-Intersection","01-02-01","0001-01-01T01:46:58-04:56","Motorist Overtaking - Undetected Bicyclist",311231,2008,"B: Evident Injury","Commercial","40-49",47,"No","16-20 mph","O: No Injury","White","Female","Passenger Car","No","No","Dark -  Lighting","Urban (>70% Developed)","5 lanes",2,"Straight - Level","Local Street","Wet","Two-Way, Divided, Positive Median Barrier","","No Special Feature","Coarse Asphalt","Coastal","Urban","40 - 45  MPH","No Control Present","Rain","No","0.0, 0.0",0,0
"1011",122,123,"No","40-49",47,"No","","B: Evident Injury","","Black","Male","Fayetteville","Cumberland","No","01-01-05","2008-02-22","Other /  - Insufficient Details",15,"Intersection-Related","01-02-01","0001-01-01T10:58:58-04:56","Approach Paths",2990970,2008,"B: Evident Injury","Commercial","30-39",39,"No","","O: No Injury","White","Male","Heavy Truck","No","No","Daylight","Urban (>70% Developed)","",2,"","Local Street","Dry","","None","No Special Feature","","Coastal","Urban","","Missing","Cloudy","No","0.0, 0.0",0,0
"1012",127,128,"Yes","15-Nov",14,"No","With Traffic","C: Possible Injury","Travel Lane","White","Female","None - Rural Crash","Pender","No","01-01-07","2008-02-17","Motorist Overtaking Bicyclist",11,"Non-Intersection","01-02-01","0001-01-01T06:33:58-04:56","Motorist Overtaking - Misjudged Space",311232,2008,"C: Possible Injury","Residential","70+",NA,"No","31-35 mph","O: No Injury","White","Male","Passenger Car","No","No","Daylight","Rural (<30% Developed)","2 lanes",2,"Straight - Level","State Secondary Route","Dry","Two-Way, Not Divided","None","No Special Feature","Smooth Asphalt","Coastal","Rural","40 - 45  MPH","No Control Present","Clear","No","0.0, 0.0",0,0
"1013",141,142,"No","15-Nov",15,"No","","O: No Injury","","White","Male","Grantsboro","Pamlico","No","01-01-07","2008-03-02","Other /  - Insufficient Details",15,"Non-Intersection","01-03-01","0001-01-01T10:43:58-04:56","Approach Paths",3990970,2008,"O: No Injury","Commercial","40-49",49,"No","16-20 mph","O: No Injury","Black","Female","Passenger Car","No","No","Daylight","Urban (>70% Developed)","3 lanes",2,"Straight - Level","NC Route","Dry","Two-Way, Not Divided","None","No Special Feature","Coarse Asphalt","Coastal","Rural","40 - 45  MPH","Double Yellow Line, No Passing Zone","Clear","No","0.0, 0.0",0,0
"1014",148,149,"Yes","20-24",24,"No","With Traffic","B: Evident Injury","Bike Lane / Paved Shoulder","White","Male","Mooresville","Iredell","No","01-01-06","2008-03-01","Parallel Paths - Other Circumstances",14,"Non-Intersection","01-03-01","0001-01-01T10:02:58-04:56","Parallel Paths - Other /",321280,2008,"B: Evident Injury","Commercial","70+",NA,"No","36-40 mph","O: No Injury","White","Female","Light Truck (Mini-Van, Panel)","No","No","Daylight","Rural (<30% Developed)","2 lanes",2,"Straight - Hillcrest","Local Street","Dry","Two-Way, Not Divided","None","No Special Feature","Smooth Asphalt","Piedmont","Urban","40 - 45  MPH","No Control Present","Clear","No","0.0, 0.0",0,0
"1015",150,151,"Yes","60-69",65,"No","With Traffic","A: Disabling Injury","Travel Lane","White","Male","Chapel Hill","Orange","No","01-01-04","2008-03-06","Bicyclist Left Turn / Merge",17,"Non-Intersection","01-03-01","0001-01-01T12:28:58-04:56","Bicyclist Left Turn - Same Direction",311221,2008,"A: Disabling Injury","Residential","60-69",65,"No","31-35 mph","O: No Injury","White","Female","Passenger Car","No","No","Daylight","Urban (>70% Developed)","5 lanes",2,"Straight - Level","Local Street","Dry","Two-Way, Not Divided","None","No Special Feature","Smooth Asphalt","Piedmont","Urban","30 - 35  MPH","No Control Present","Clear","No","0.0, 0.0",0,0
"1016",154,155,"Yes","15-Nov",13,"No","With Traffic","B: Evident Injury","Travel Lane","White","Female","Kitty Hawk","Dare","No","01-01-06","2008-03-08","Bicyclist Failed to Yield - Signalized Intersection",11,"Intersection","01-03-01","0001-01-01T06:33:58-04:56","Bicyclist Ride Through - Signalized Intersection",111155,2008,"B: Evident Injury","Commercial","30-39",31,"No","41-45 mph","O: No Injury","White","Male","Pickup","No","No","Daylight","Urban (>70% Developed)","5 lanes",2,"Straight - Hillcrest","Local Street","Wet","Two-Way, Not Divided","None","Four-Way Intersection","Coarse Asphalt","Coastal","Rural","50 - 55  MPH","Stop And Go Signal","Rain","No","0.0, 0.0",0,0
"1017",160,161,"No","15-Nov",15,"No","With Traffic","C: Possible Injury","Travel Lane","White","Male","None - Rural Crash","Transylvania","No","01-01-02","2008-03-11","Bicyclist Left Turn / Merge",17,"Non-Intersection","01-03-01","0001-01-01T12:59:58-04:56","Bicyclist Left Turn - Opposite Direction",311222,2008,"C: Possible Injury","Farms, Woods, Pastures","50-59",52,"No","41-45 mph","O: No Injury","White","Female","Sport Utility","No","No","Daylight","Rural (<30% Developed)","3 lanes",2,"Straight - Level","US Route","Dry","Two-Way, Not Divided","None","No Special Feature","Smooth Asphalt","Mountains","Rural","40 - 45  MPH","Double Yellow Line, No Passing Zone","Clear","No","0.0, 0.0",0,0
"1018",164,165,"Yes","16-19",17,"No","With Traffic","B: Evident Injury","Travel Lane","Black","Male","Raleigh","Wake","No","01-01-06","2008-01-12","Bicyclist Failed to Yield - Sign-Controlled Intersection",23,"Intersection","","0001-01-01T18:28:58-04:56","Bicyclist Ride Through - Sign-Controlled Intersection",111144,2008,"B: Evident Injury","Residential","50-59",50,"No","21-25 mph","O: No Injury","Black","Female","Passenger Car","No","No","Dark - Lighted Roadway","Urban (>70% Developed)","2 lanes",2,"Straight - Bottom","Local Street","Dry","Two-Way, Not Divided","None","Four-Way Intersection","Smooth Asphalt","Piedmont","Urban","30 - 35  MPH","Stop Sign","Clear","No","0.0, 0.0",0,0
"1019",170,171,"Yes","0-5",5,"No","With Traffic","C: Possible Injury","Travel Lane","Black","Male","Salisbury","Rowan","No","01-01-05","2008-05-09","Bicyclist Failed to Yield - Sign-Controlled Intersection",18,"Intersection","01-05-01","0001-01-01T13:31:58-04:56","Bicyclist Ride Through - Sign-Controlled Intersection",111144,2008,"C: Possible Injury","Residential","50-59",52,"No","16-20 mph","O: No Injury","White","Female","Passenger Car","No","No","Daylight","Urban (>70% Developed)","2 lanes",2,"Straight - Grade","Local Street","Dry","Two-Way, Not Divided","None","T-Intersection","Smooth Asphalt","Piedmont","Urban","20 - 25  MPH","Stop Sign","Clear","No","0.0, 0.0",0,0
"1020",174,175,"Yes","25-29",25,"No","With Traffic","C: Possible Injury","Travel Lane","Black","Male","Huntersville","Mecklenburg","No","01-01-07","2008-03-16","Motorist Overtaking Bicyclist",6,"Non-Intersection","01-03-01","0001-01-01T01:23:58-04:56","Motorist Overtaking - Undetected Bicyclist",311231,2008,"C: Possible Injury","Residential","",NA,"Missing","41-45 mph","Injury","/Missing","","","No","Yes","Dark - Roadway Not Lighted","Rural (<30% Developed)","2 lanes",2,"Curve - Level","Local Street","Wet","Two-Way, Divided, Unprotected Median","No Shoulders","No Special Feature","Smooth Asphalt","Piedmont","Urban","40 - 45  MPH","Double Yellow Line, No Passing Zone","Cloudy","No","0.0, 0.0",0,0
"1021",179,180,"Yes","10-Jun",7,"No","Not Applicable","C: Possible Injury","Sidewalk / Crosswalk / Driveway Crossing","Hispanic","Female","None - Rural Crash","New Hanover","No","01-01-03","2008-03-19","Bicyclist Failed to Yield - Midblock",7,"Non-Intersection","01-03-01","0001-01-01T02:38:58-04:56","Bicyclist Ride Out - Other Midblock",333318,2008,"C: Possible Injury","Institutional","25-29",29,"No","0-5 mph","O: No Injury","Native American","Female","Sport Utility","No","No","Daylight","Urban (>70% Developed)","2 lanes",2,"Straight - Level","State Secondary Route","Dry","Two-Way, Not Divided","None","Other","Smooth Asphalt","Coastal","Rural","30 - 35  MPH","No Control Present","Clear","No","0.0, 0.0",0,0
"1022",181,182,"Yes","15-Nov",13,"No","","B: Evident Injury","","Black","Male","Charlotte","Mecklenburg","No","01-01-05","2008-05-09","Other /  - Insufficient Details",18,"Non-Intersection","01-05-01","0001-01-01T13:50:58-04:56","Approach Paths",3990970,2008,"B: Evident Injury","Commercial","30-39",36,"No","26-30 mph","O: No Injury","Black","Female","Passenger Car","No","No","Daylight","Urban (>70% Developed)","1 lane",2,"Straight - Level","Local Street","Dry","Two-Way, Not Divided","None","No Special Feature","Coarse Asphalt","Piedmont","Urban","30 - 35  MPH","No Control Present","Clear","No","0.0, 0.0",0,0
"1023",182,183,"No","25-29",26,"No","With Traffic","C: Possible Injury","Travel Lane","White","Male","Chapel Hill","Orange","No","01-01-07","2008-04-06","Motorist Overtaking Bicyclist",3,"Non-Intersection","01-04-01","0000-12-31T22:23:58-04:56","Motorist Overtaking - Undetected Bicyclist",311231,2008,"C: Possible Injury","Commercial","30-39",34,"No","36-40 mph","O: No Injury","White","Male","Passenger Car","No","No","Dark - Roadway Not Lighted","Urban (>70% Developed)","4 lanes",2,"Straight - Level","US Route","Wet","Two-Way, Divided, Unprotected Median","None","No Special Feature","Coarse Asphalt","Piedmont","Urban","40 - 45  MPH","No Control Present","Rain","No","0.0, 0.0",0,0
"1024",184,185,"No","50-59",55,"No","With Traffic","C: Possible Injury","Bike Lane / Paved Shoulder","White","Male","Pine Knoll Shores","Carteret","No","01-01-05","2008-03-21","Motorist Failed to Yield - Midblock",19,"Non-Intersection","01-03-01","0001-01-01T14:18:58-04:56","Motorist Drive Out - Commercial Driveway / Alley",321322,2008,"C: Possible Injury","Commercial","30-39",30,"No","","O: No Injury","White","Female","Passenger Car","No","No","Dusk","Urban (>70% Developed)","2 lanes",2,"Straight - Level","NC Route","Dry","Two-Way, Not Divided","None","Driveway, Private","Smooth Asphalt","Coastal","Rural","","Yield Sign","Clear","No","0.0, 0.0",0,0
"1025",187,188,"Yes","16-19",18,"No","With Traffic","C: Possible Injury","Bike Lane / Paved Shoulder","White","Male","Durham","Durham","No","01-01-03","2008-05-14","Parallel Paths - Other Circumstances",8,"Non-Intersection","01-05-01","0001-01-01T03:53:58-04:56","Bicyclist Ride Out - Parallel Path",321225,2008,"C: Possible Injury","Commercial","30-39",38,"No","56-60 mph","O: No Injury","Black","Male","Passenger Car","No","No","Daylight","Urban (>70% Developed)","7 lanes",2,"Straight - Level","Interstate","Dry","Two-Way, Divided, Positive Median Barrier","None","On or Off Ramp","Concrete","Piedmont","Urban","60 - 75 MPH","No Control Present","Clear","No","0.0, 0.0",0,0
"1026",188,189,"Yes","40-49",47,"No","","B: Evident Injury","","Black","Male","Fayetteville","Cumberland","No","01-01-02","2008-03-25","Other /  - Insufficient Details",7,"Non-Intersection","01-03-01","0001-01-01T02:03:58-04:56","Approach Paths",3990970,2008,"B: Evident Injury","Commercial","50-59",58,"No","41-45 mph","C: Possible Injury","Black","Female","Sport Utility","No","No","Dawn","Urban (>70% Developed)","7 lanes",2,"Straight - Level","Local Street","Dry","Two-Way, Divided, Unprotected Median","None","No Special Feature","Coarse Asphalt","Coastal","Urban","40 - 45  MPH","Stop And Go Signal","Clear","No","0.0, 0.0",0,0
"1027",192,193,"Yes","50-59",53,"No","With Traffic","B: Evident Injury","Travel Lane","White","Male","Greensboro","Guilford","No","01-01-03","2008-03-26","Motorist Overtaking Bicyclist",22,"Non-Intersection","01-03-01","0001-01-01T17:32:58-04:56","Motorist Overtaking - Other /",311239,2008,"B: Evident Injury","Residential","20-24",23,"No","31-35 mph","O: No Injury","White","Female","Sport Utility","No","No","Dark - Lighted Roadway","Urban (>70% Developed)","4 lanes",2,"Straight - Grade","Local Street","Dry","Two-Way, Not Divided","None","No Special Feature","Coarse Asphalt","Piedmont","Urban","30 - 35  MPH","No Control Present","Clear","No","0.0, 0.0",0,0
"1028",194,195,"Yes","15-Nov",13,"No","Facing Traffic","C: Possible Injury","Travel Lane","Black","Male","Wilmington","New Hanover","No","01-01-03","2008-03-26","Motorist Failed to Yield - Midblock",17,"Non-Intersection","01-03-01","0001-01-01T12:19:58-04:56","Motorist Drive Out - Commercial Driveway / Alley",312322,2008,"C: Possible Injury","Commercial","40-49",40,"No","0-5 mph","O: No Injury","White","Male","Pickup","No","No","Daylight","Urban (>70% Developed)","1 lane",2,"Straight - Level","Local Street","Dry","One-Way, Not Divided","None","No Special Feature","Smooth Asphalt","Coastal","Urban","40 - 45  MPH","Missing","Clear","No","0.0, 0.0",0,0
"1029",203,204,"Yes","15-Nov",13,"No","Facing Traffic","B: Evident Injury","Travel Lane","Black","Female","Raleigh","Wake","No","01-01-06","2008-03-29","Bicyclist Failed to Yield - Sign-Controlled Intersection",19,"Intersection","01-03-01","0001-01-01T14:09:58-04:56","Bicyclist Ride Through - Sign-Controlled Intersection",112144,2008,"B: Evident Injury","Residential","30-39",35,"No","11-15 mph","O: No Injury","Black","Male","Van","No","No","Daylight","Urban (>70% Developed)","4 lanes",2,"Straight - Bottom","Local Street","Wet","Two-Way, Not Divided","None","T-Intersection","Smooth Asphalt","Piedmont","Urban","20 - 25  MPH","Stop Sign","Cloudy","No","0.0, 0.0",0,0
"1030",205,206,"Yes","40-49",48,"No","With Traffic","C: Possible Injury","Travel Lane","Black","Male","Jacksonville","Onslow","No","01-01-07","2008-03-30","Motorist Overtaking Bicyclist",4,"Non-Intersection","01-03-01","0000-12-31T23:52:58-04:56","Motorist Overtaking - Other /",311239,2008,"C: Possible Injury","Commercial","30-39",35,"No","31-35 mph","O: No Injury","White","Male","Pickup","No","No","Dark - Lighted Roadway","Urban (>70% Developed)","6 lanes",2,"Straight - Level","US Route","Wet","Two-Way, Not Divided","None","No Special Feature","Smooth Asphalt","Coastal","Urban","40 - 45  MPH","Missing","Cloudy","No","0.0, 0.0",0,0
"1031",207,208,"Yes","40-49",49,"Yes","With Traffic","Injury","Travel Lane","Native American","Male","Laurinburg","Scotland","Yes","01-01-02","2008-04-01","Bicyclist Failed to Yield - Signalized Intersection",22,"Intersection","01-04-01","0001-01-01T17:59:58-04:56","Bicyclist Ride Through - Signalized Intersection",111155,2008,"O: No Injury","Residential","30-39",35,"No","26-30 mph","O: No Injury","Black","Female","Passenger Car","No","No","Dark - Lighted Roadway","Urban (>70% Developed)","2 lanes",2,"Straight - Level","US Route","Dry","Two-Way, Not Divided","","No Special Feature","Smooth Asphalt","Coastal","Urban","30 - 35  MPH","Flashing Signal With Stop Sign","Clear","No","0.0, 0.0",0,0
"1032",219,220,"Yes","30-39",34,"Yes","Not Applicable","A: Disabling Injury","Non-Roadway","Black","Male","Sharpsburg","Nash","Yes","01-01-06","2008-04-05","Bicyclist Failed to Yield - Midblock",18,"Non-Intersection","01-04-01","0001-01-01T13:42:58-04:56","Bicyclist Ride Out - Other Midblock",363318,2008,"A: Disabling Injury","Commercial","30-39",39,"No","36-40 mph","O: No Injury","Black","Male","Passenger Car","No","No","Daylight","Urban (>70% Developed)","5 lanes",2,"Straight - Level","US Route","Wet","Two-Way, Not Divided","None","No Special Feature","Smooth Asphalt","Coastal","Rural","40 - 45  MPH","No Control Present","Cloudy","No","0.0, 0.0",0,0
"1033",317,318,"Yes","40-49",47,"Yes","Facing Traffic","B: Evident Injury","","White","Male","Charlotte","Mecklenburg","Yes","01-01-03","2007-05-16","Crossing Paths - Other Circumstances",22,"Intersection","01-05-01","0001-01-01T17:54:58-04:56","Signalized Intersection - Other /",192158,2007,"B: Evident Injury","Commercial","30-39",32,"No","31-35 mph","O: No Injury","Black","Male","Passenger Car","No","No","Dark - Lighted Roadway","Urban (>70% Developed)","4 lanes",2,"Straight - Level","Local Street","Dry","Two-Way, Divided, Unprotected Median","None","No Special Feature","Smooth Asphalt","Piedmont","Urban","30 - 35  MPH","Stop And Go Signal","Clear","No","35.19742, -80.88172",-80.88172,35.19742
"1034",326,327,"Yes","10-Jun",9,"No","With Traffic","O: No Injury","","Black","Male","Rocky Mount","Edgecombe","No","01-01-07","2007-05-20","Crossing Paths - Other Circumstances",14,"Intersection","01-05-01","0001-01-01T09:52:58-04:56","Crossing Paths - Intersection - Other /",191180,2007,"O: No Injury","Residential","25-29",29,"No","26-30 mph","O: No Injury","Black","Female","Passenger Car","No","No","Daylight","Urban (>70% Developed)","3 lanes",2,"Straight - Hillcrest","Local Street","Dry","One-Way, Not Divided","None","No Special Feature","Smooth Asphalt","Coastal","Urban","30 - 35  MPH","No Control Present","Clear","No","35.938892, -77.79233",-77.79233,35.938892
"1035",345,346,"No","50-59",56,"No","With Traffic","C: Possible Injury","Travel Lane","White","Male","Lewisville","Forsyth","No","01-01-04","2007-05-24","Motorist Overtaking Bicyclist",16,"Non-Intersection","01-05-01","0001-01-01T11:32:58-04:56","Motorist Overtaking - Other /",311239,2007,"C: Possible Injury","Residential","25-29",26,"No","21-25 mph","O: No Injury","White","Male","Passenger Car","No","No","Daylight","Rural (<30% Developed)","2 lanes",2,"Straight - Level","State Secondary Route","Dry","Two-Way, Not Divided","None","No Special Feature","Smooth Asphalt","Piedmont","Urban","40 - 45  MPH","Double Yellow Line, No Passing Zone","Clear","No","36.145, -80.41267",-80.41267,36.145
"1036",347,348,"Yes","50-59",52,"No","With Traffic","B: Evident Injury","Travel Lane","White","Male","None - Rural Crash","Wayne","No","01-01-04","2007-05-24","Motorist Overtaking Bicyclist",18,"Non-Intersection","01-05-01","0001-01-01T13:46:58-04:56","Motorist Overtaking - Other /",311239,2007,"B: Evident Injury","Residential","25-29",28,"No","31-35 mph","O: No Injury","White","Male","Pickup","No","No","Daylight","Urban (>70% Developed)","2 lanes",2,"Straight - Level","State Secondary Route","Dry","Two-Way, Not Divided","None","No Special Feature","Coarse Asphalt","Coastal","Rural","30 - 35  MPH","No Control Present","Clear","No","35.32669, -77.93412",-77.93412,35.32669
"1037",349,350,"Yes","10-Jun",7,"No","With Traffic","B: Evident Injury","Bike Lane / Paved Shoulder","White","Male","None - Rural Crash","Clay","No","01-01-05","2007-05-25","Bicyclist Left Turn / Merge",19,"Non-Intersection","01-05-01","0001-01-01T14:35:58-04:56","Bicyclist Left Turn - Same Direction",321221,2007,"B: Evident Injury","Residential","20-24",24,"No","21-25 mph","O: No Injury","White","Female","Sport Utility","No","No","Daylight","Mixed (30% To 70% Developed)","2 lanes",2,"Curve - Grade","State Secondary Route","Dry","Two-Way, Not Divided","None","Driveway, Private","Smooth Asphalt","Mountains","Rural","20 - 25  MPH","Double Yellow Line, No Passing Zone","Clear","No","35.038822, -83.755104",-83.755104,35.038822
"1038",354,355,"Yes","16-19",18,"No","With Traffic","A: Disabling Injury","","Black","Male","Sanford","Lee","No","01-01-06","2007-05-26","Bicyclist Left Turn / Merge",15,"Intersection","01-05-01","0001-01-01T10:40:58-04:56","Bicyclist Left Turn - Same Direction",191221,2007,"A: Disabling Injury","Residential","50-59",54,"No","41-45 mph","O: No Injury","White","Male","Passenger Car","No","No","Daylight","Rural (<30% Developed)","2 lanes",2,"Straight - Grade","Local Street","Dry","Two-Way, Not Divided","None","T-Intersection","Coarse Asphalt","Piedmont","Urban","40 - 45  MPH","Stop Sign","Clear","No","35.479645, -79.20367",-79.20367,35.479645
"1039",355,356,"Yes","10-Jun",7,"No","Not Applicable","C: Possible Injury","Driveway / Alley","Hispanic","Male","None - Rural Crash","New Hanover","No","01-01-06","2007-05-26","Bicyclist Failed to Yield - Midblock",20,"Non-Intersection","01-05-01","0001-01-01T15:23:58-04:56","Bicyclist Ride Out - Residential Driveway",353311,2007,"C: Possible Injury","Residential","25-29",28,"No","26-30 mph","O: No Injury","White","Female","Sport Utility","No","No","Dark - Roadway Not Lighted","Urban (>70% Developed)","2 lanes",2,"Straight - Grade","State Secondary Route","Dry","Two-Way, Not Divided","None","Driveway, Private","Smooth Asphalt","Coastal","Rural","30 - 35  MPH","No Control Present","Clear","No","34.277496, -77.83893",-77.83893,34.277496
"1040",364,365,"Yes","30-39",36,"No","With Traffic","B: Evident Injury","Travel Lane","White","Male","Durham","Durham","No","01-01-03","2007-08-29","Motorist Right Turn / Merge",13,"Intersection","01-08-01","0001-01-01T09:00:58-04:56","Motorist Right Turn - Same Direction",111213,2007,"B: Evident Injury","Residential","25-29",27,"No","31-35 mph","O: No Injury","White","Male","Single Unit Truck (2-Axle, 6-Tire)","No","No","Daylight","Urban (>70% Developed)","3 lanes",2,"Straight - Grade","Local Street","Dry","Two-Way, Not Divided","None","No Special Feature","Smooth Asphalt","Piedmont","Urban","30 - 35  MPH","No Control Present","Clear","No","35.927017, -78.82637",-78.82637,35.927017
"1041",372,373,"No","30-39",31,"No","With Traffic","B: Evident Injury","Travel Lane","White","Female","Asheville","Buncombe","No","01-01-04","2007-05-31","Motorist Right Turn / Merge",21,"Intersection","01-05-01","0001-01-01T16:17:58-04:56","Motorist Right Turn - Same Direction",111213,2007,"B: Evident Injury","Commercial","0-19",16,"No","6-10 mph","O: No Injury","Black","Male","Van","No","No","Dusk","Urban (>70% Developed)","5 lanes",2,"Straight - Level","Local Street","Dry","Two-Way, Not Divided","None","Five-Point, Or More","Smooth Asphalt","Mountains","Urban","30 - 35  MPH","Stop And Go Signal","Clear","No","35.603363, -82.55748",-82.55748,35.603363
"1042",378,379,"Yes","20-24",22,"No","Facing Traffic","C: Possible Injury","Sidewalk / Crosswalk / Driveway Crossing","Black","Male","Charlotte","Mecklenburg","No","01-01-03","2007-05-30","Motorist Failed to Yield - Midblock",7,"Non-Intersection","01-05-01","0001-01-01T03:00:58-04:56","Motorist Drive Out - Commercial Driveway / Alley",332322,2007,"C: Possible Injury","Commercial","25-29",28,"No","","O: No Injury","White","Female","Passenger Car","No","No","Daylight","Urban (>70% Developed)","4 lanes",2,"Straight - Level","Local Street","Dry","Two-Way, Divided, Positive Median Barrier","None","Driveway, Public","Smooth Asphalt","Piedmont","Urban","30 - 35  MPH","Stop Sign","Clear","No","35.24888, -80.78098",-80.78098,35.24888