"","FID","OBJECTID","AmbulanceR","BikeAge_Gr","Bike_Age","Bike_Alc_D","Bike_Dir","Bike_Injur","Bike_Pos","Bike_Race","Bike_Sex","City","County","CrashAlcoh","CrashDay","Crash_Date","Crash_Grp","Crash_Hour","Crash_Loc","Crash_Mont","Crash_Time","Crash_Type","Crash_Ty_1","Crash_Year","Crsh_Sevri","Developmen","DrvrAge_Gr","Drvr_Age","Drvr_Alc_D","Drvr_EstSp","Drvr_Injur","Drvr_Race","Drvr_Sex","Drvr_VehTy","ExcsSpdInd","Hit_Run","Light_Cond","Locality","Num_Lanes","Num_Units","Rd_Charact","Rd_Class","Rd_Conditi","Rd_Config","Rd_Defects","Rd_Feature","Rd_Surface","Region","Rural_Urba","Speed_Limi","Traff_Cntr","Weather","Workzone_I","Location","locx","locy"
"1043",393,394,"Yes","30-39",36,"No","With Traffic","B: Evident Injury","Travel Lane","White","Male","Rockingham","Richmond","No","01-01-04","2007-06-07","Motorist Overtaking Bicyclist",20,"Non-Intersection","01-06-01","0001-01-01T15:52:58-04:56","Motorist Overtaking - Other /",311239,2007,"B: Evident Injury","Residential","",NA,"Missing","","Injury","/Missing","","Passenger Car","No","Yes","Dark - Lighted Roadway","Urban (>70% Developed)","2 lanes",2,"Straight - Level","Local Street","Dry","Two-Way, Not Divided","None","No Special Feature","Smooth Asphalt","Piedmont","Urban","30 - 35  MPH","No Control Present","Clear","No","34.922966, -79.755196",-79.755196,34.922966
"1044",396,397,"Yes","25-29",28,"No","Facing Traffic","C: Possible Injury","Sidewalk / Crosswalk / Driveway Crossing","White","Male","Charlotte","Mecklenburg","No","01-01-04","2007-09-13","Motorist Failed to Yield - Midblock",16,"Non-Intersection","01-09-01","0001-01-01T11:40:58-04:56","Motorist Drive Out - Commercial Driveway / Alley",332322,2007,"C: Possible Injury","Commercial","40-49",43,"No","0-5 mph","O: No Injury","Black","Male","Sport Utility","No","No","Daylight","Urban (>70% Developed)","4 lanes",2,"Straight - Level","NC Route","Dry","Two-Way, Divided, Positive Median Barrier","None","No Special Feature","Smooth Asphalt","Piedmont","Urban","5 - 15 MPH","Stop Sign","Clear","No","35.12533, -80.9435",-80.9435,35.12533
"1045",401,402,"No","30-39",38,"No","With Traffic","B: Evident Injury","Travel Lane","White","Male","Asheville","Buncombe","No","01-01-06","2007-06-09","Motorist Left Turn / Merge",18,"Intersection","01-06-01","0001-01-01T13:47:58-04:56","Motorist Left Turn - Opposite Direction",111212,2007,"B: Evident Injury","Commercial","70+",NA,"No","0-5 mph","O: No Injury","White","Female","Passenger Car","No","No","Daylight","Urban (>70% Developed)","4 lanes",2,"Straight - Grade","US Route","Dry","Two-Way, Not Divided","None","Related To Intersection","Smooth Asphalt","Mountains","Urban","30 - 35  MPH","Stop And Go Signal","Clear","No","35.58842, -82.55179",-82.55179,35.58842
"1046",402,403,"Yes","40-49",47,"No","With Traffic","C: Possible Injury","Travel Lane","Black","Male","Rocky Mount","Nash","No","01-01-06","2007-06-09","Bicyclist Overtaking Motorist",15,"Non-Intersection","01-06-01","0001-01-01T10:07:58-04:56","Bicyclist Overtaking - Parked Vehicle",311243,2007,"C: Possible Injury","Residential","",NA,"Missing","","Injury","/Missing","","Van","No","No","Daylight","Urban (>70% Developed)","2 lanes",2,"Straight - Level","Local Street","Dry","Two-Way, Not Divided","None","No Special Feature","Smooth Asphalt","Coastal","Urban","20 - 25  MPH","No Control Present","Clear","No","35.93954, -77.80198",-77.80198,35.93954
"1047",404,405,"Yes","25-29",29,"No","Facing Traffic","B: Evident Injury","Bike Lane / Paved Shoulder","White","Male","Charlotte","Mecklenburg","No","01-01-05","2007-09-14","Loss of Control / Turning Error",15,"Non-Intersection","01-09-01","0001-01-01T10:48:58-04:56","Motorist Turning Error - Right Turn",322112,2007,"B: Evident Injury","Commercial","40-49",42,"No","6-10 mph","O: No Injury","White","Male","Passenger Car","No","No","Daylight","Urban (>70% Developed)","3 lanes",2,"Straight - Level","Local Street","Dry","Two-Way, Divided, Positive Median Barrier","None","Driveway, Public","Smooth Asphalt","Piedmont","Urban","40 - 45  MPH","No Control Present","Cloudy","No","35.340282, -80.766045",-80.766045,35.340282
"1048",407,408,"Yes","25-29",29,"No","","B: Evident Injury","Travel Lane","Black","Male","High Point","Guilford","No","01-01-07","2007-06-10","Bicyclist Failed to Yield - Sign-Controlled Intersection",15,"Intersection","01-06-01","0001-01-01T10:54:58-04:56","Bicyclist Ride Through - Sign-Controlled Intersection",119144,2007,"B: Evident Injury","Residential","50-59",53,"No","31-35 mph","Injury","Black","Female","Pickup","No","No","Daylight","Urban (>70% Developed)","2 lanes",2,"Straight - Grade","Local Street","Dry","Two-Way, Not Divided","None","Four-Way Intersection","Smooth Asphalt","Piedmont","Urban","30 - 35  MPH","Stop Sign","Clear","No","35.95269, -79.98966",-79.98966,35.95269
"1049",408,409,"Yes","50-59",51,"No","With Traffic","C: Possible Injury","","White","Male","Salisbury","Rowan","No","","2007-09-17","Motorist Left Turn / Merge",10,"Intersection","01-09-01","0001-01-01T06:00:58-04:56","Motorist Left Turn - Opposite Direction",191212,2007,"C: Possible Injury","Residential","60-69",64,"No","0-5 mph","O: No Injury","Black","Female","Passenger Car","No","No","Daylight","Urban (>70% Developed)","2 lanes",2,"Straight - Hillcrest","Local Street","Dry","Two-Way, Not Divided","None","Four-Way Intersection","Smooth Asphalt","Piedmont","Urban","30 - 35  MPH","Stop And Go Signal","Clear","No","35.672695, -80.46983",-80.46983,35.672695
"1050",415,416,"No","30-39",32,"No","With Traffic","C: Possible Injury","Bike Lane / Paved Shoulder","White","Male","None - Rural Crash","Rockingham","No","01-01-02","2007-06-12","Motorist Overtaking Bicyclist",21,"Non-Intersection","01-06-01","0001-01-01T16:03:58-04:56","Motorist Overtaking - Misjudged Space",321232,2007,"C: Possible Injury","Farms, Woods, Pastures","",NA,"Missing","","Injury","/Missing","","","No","Yes","Dark - Roadway Not Lighted","Rural (<30% Developed)","5 lanes",2,"Straight - Grade","NC Route","Dry","Two-Way, Not Divided","None","No Special Feature","Smooth Asphalt","Piedmont","Rural","50 - 55  MPH","No Control Present","Clear","No","36.41708, -79.68694",-79.68694,36.41708
"1051",422,423,"No","15-Nov",13,"No","","C: Possible Injury","Non-Roadway","White","Male","Rocky Mount","Nash","No","01-01-04","2007-06-14","Non-Roadway",15,"Non-Roadway","01-06-01","0001-01-01T10:58:58-04:56","Non-Roadway",460910,2007,"C: Possible Injury","Commercial","70+",NA,"No","0-5 mph","O: No Injury","White","Male","Passenger Car","No","No","Daylight","Urban (>70% Developed)","",2,"Straight - Level","Public Vehicular Area","Dry","Two-Way, Not Divided","None","No Special Feature","Smooth Asphalt","Coastal","Urban","30 - 35  MPH","No Control Present","Clear","No","35.96307, -77.8497",-77.8497,35.96307
"1052",426,427,"Yes","15-Nov",14,"No","","B: Evident Injury","Travel Lane","Hispanic","Male","Charlotte","Mecklenburg","No","01-01-02","2007-09-18","Motorist Failed to Yield - Sign-Controlled Intersection",17,"Intersection","01-09-01","0001-01-01T13:01:58-04:56","Motorist Drive Through - Sign-Controlled Intersection",119143,2007,"B: Evident Injury","Residential","50-59",57,"No","26-30 mph","O: No Injury","Black","Female","Passenger Car","No","No","Daylight","Urban (>70% Developed)","1 lane",2,"Straight - Level","Local Street","Dry","Two-Way, Not Divided","None","No Special Feature","Smooth Asphalt","Piedmont","Urban","30 - 35  MPH","No Control Present","Clear","No","35.277252, -80.778206",-80.778206,35.277252
"1053",428,429,"Yes","16-19",16,"No","Facing Traffic","C: Possible Injury","","Black","Male","Wilson","Wilson","No","01-01-05","2007-06-15","Bicyclist Failed to Yield - Signalized Intersection",14,"Intersection","01-06-01","0001-01-01T09:43:58-04:56","Bicyclist Ride Through - Signalized Intersection",192155,2007,"C: Possible Injury","Commercial","0-19",18,"No","31-35 mph","O: No Injury","Hispanic","Male","Passenger Car","No","No","Daylight","Mixed (30% To 70% Developed)","2 lanes",2,"Straight - Level","Local Street","Dry","Two-Way, Not Divided","None","Four-Way Intersection","Smooth Asphalt","Coastal","Urban","30 - 35  MPH","Stop And Go Signal","Clear","No","35.72504, -77.91017",-77.91017,35.72504
"1054",429,430,"No","20-24",20,"No","Facing Traffic","O: No Injury","Travel Lane","White","Female","Atlantic Beach","Carteret","No","01-01-06","2007-06-16","Motorist Failed to Yield - Midblock",8,"Non-Intersection","01-06-01","0001-01-01T03:58:58-04:56","Motorist Drive Out - Commercial Driveway / Alley",312322,2007,"O: No Injury","Commercial","40-49",41,"No","0-5 mph","O: No Injury","White","Female","Passenger Car","No","No","Daylight","Urban (>70% Developed)","",2,"Straight - Level","NC Route","Dry","Two-Way, Not Divided","None","No Special Feature","Smooth Asphalt","Coastal","Rural","30 - 35  MPH","No Control Present","Clear","No","34.701176, -76.742256",-76.742256,34.701176
"1055",430,431,"Yes","40-49",41,"No","With Traffic","O: No Injury","Travel Lane","White","Male","Charlotte","Mecklenburg","No","01-01-05","2007-09-14","Motorist Right Turn / Merge",14,"Intersection","01-09-01","0001-01-01T09:53:58-04:56","Motorist Right Turn - Same Direction",111213,2007,"O: No Injury","Residential","40-49",45,"No","11-15 mph","O: No Injury","White","Female","Sport Utility","No","No","Daylight","Urban (>70% Developed)","4 lanes",2,"Straight - Level","Local Street","Wet","Two-Way, Divided, Positive Median Barrier","None","Four-Way Intersection","Smooth Asphalt","Piedmont","Urban","30 - 35  MPH","Stop And Go Signal","Rain","No","35.189297, -80.8304",-80.8304,35.189297
"1056",432,433,"No","15-Nov",15,"No","Facing Traffic","Injury","","/Missing","","Raleigh","Wake","No","01-01-07","2007-06-17","Motorist Failed to Yield - Signalized Intersection",16,"Intersection","01-06-01","0001-01-01T11:50:58-04:56","Motorist Drive Out - Right Turn on Red",192151,2007,"O: No Injury","Commercial","50-59",54,"No","","O: No Injury","White","Female","Light Truck (Mini-Van, Panel)","No","No","Daylight","Urban (>70% Developed)","1 lane",2,"Straight - Hillcrest","Local Street","Dry","One-Way, Not Divided","None","On or Off Ramp","Smooth Asphalt","Piedmont","Urban","40 - 45  MPH","Stop And Go Signal","Clear","No","35.75647, -78.61254",-78.61254,35.75647
"1057",434,435,"Yes","15-Nov",13,"No","With Traffic","B: Evident Injury","Travel Lane","White","Male","Durham","Durham","No","01-01-04","2007-09-20","Bicyclist Failed to Yield - Sign-Controlled Intersection",12,"Intersection","01-09-01","0001-01-01T07:14:58-04:56","Bicyclist Ride Through - Sign-Controlled Intersection",111144,2007,"B: Evident Injury","Residential","20-24",21,"No","41-45 mph","O: No Injury","Black","Female","Van","No","No","Daylight","Mixed (30% To 70% Developed)","2 lanes",2,"Straight - Grade","Local Street","Dry","Two-Way, Not Divided","None","Four-Way Intersection","Smooth Asphalt","Piedmont","Urban","40 - 45  MPH","Stop Sign","Clear","No","36.082405, -78.891525",-78.891525,36.082405
"1058",437,438,"No","20-24",22,"No","With Traffic","B: Evident Injury","Travel Lane","White","Female","Jamestown","Guilford","No","01-01-04","2007-06-21","Bicyclist Left Turn / Merge",18,"Non-Intersection","01-06-01","0001-01-01T13:51:58-04:56","Bicyclist Left Turn - Same Direction",311221,2007,"B: Evident Injury","Farms, Woods, Pastures","30-39",39,"No","36-40 mph","O: No Injury","White","Female","Passenger Car","No","No","Daylight","Rural (<30% Developed)","2 lanes",2,"Straight - Grade","State Secondary Route","Dry","Two-Way, Not Divided","None","Shared-Use Paths Or Trails","Smooth Asphalt","Piedmont","Rural","40 - 45  MPH","Double Yellow Line, No Passing Zone","Clear","No","36.012764, -79.94786",-79.94786,36.012764
"1059",454,455,"No","20-24",23,"No","With Traffic","B: Evident Injury","Travel Lane","White","Male","Wilson","Wilson","No","01-01-07","2007-06-24","Motorist Failed to Yield - Signalized Intersection",12,"Intersection","01-06-01","0001-01-01T07:29:58-04:56","Motorist Drive Out - Signalized Intersection",111152,2007,"B: Evident Injury","Commercial","",NA,"Missing","0-5 mph","Injury","/Missing","","","No","Yes","Daylight","Urban (>70% Developed)","5 lanes",3,"Straight - Level","Local Street","Dry","Two-Way, Not Divided","None","Four-Way Intersection","Smooth Asphalt","Coastal","Urban","40 - 45  MPH","Stop And Go Signal","Clear","No","35.721245, -77.91585",-77.91585,35.721245
"1060",459,460,"No","20-24",22,"No","With Traffic","B: Evident Injury","Travel Lane","White","Male","Boone","Watauga","No","","2007-06-25","Bicyclist Failed to Yield - Signalized Intersection",19,"Intersection","01-06-01","0001-01-01T14:58:58-04:56","Bicyclist Ride Through - Signalized Intersection",111155,2007,"B: Evident Injury","Commercial","70+",NA,"No","6-10 mph","O: No Injury","White","Female","Sport Utility","No","No","Daylight","Urban (>70% Developed)","2 lanes",2,"Straight - Grade","Local Street","Dry","Two-Way, Not Divided","None","Four-Way Intersection","Smooth Asphalt","Mountains","Urban","30 - 35  MPH","Stop And Go Signal","Clear","No","36.216473, -81.674736",-81.674736,36.216473
"1061",460,461,"Yes","20-24",24,"No","Facing Traffic","O: No Injury","Travel Lane","White","Male","Hickory","Catawba","No","","2007-06-25","Motorist Failed to Yield - Sign-Controlled Intersection",19,"Intersection","01-06-01","0001-01-01T14:15:58-04:56","Motorist Drive Out - Sign-Controlled Intersection",112141,2007,"O: No Injury","Commercial","40-49",43,"No","0-5 mph","O: No Injury","White","Female","Passenger Car","No","No","Daylight","Urban (>70% Developed)","6 lanes",2,"Straight - Grade","Local Street","Dry","Two-Way, Divided, Positive Median Barrier","None","No Special Feature","Smooth Asphalt","Piedmont","Urban","40 - 45  MPH","Stop Sign","Cloudy","No","35.7105, -81.29479",-81.29479,35.7105
"1062",463,464,"Yes","50-59",53,"No","With Traffic","B: Evident Injury","Travel Lane","White","Male","Charlotte","Mecklenburg","No","01-01-06","2007-09-29","Motorist Failed to Yield - Sign-Controlled Intersection",11,"Intersection","01-09-01","0001-01-01T06:36:58-04:56","Motorist Drive Out - Sign-Controlled Intersection",111141,2007,"B: Evident Injury","Residential","70+",NA,"No","0-5 mph","O: No Injury","White","Female","Passenger Car","No","No","Daylight","Urban (>70% Developed)","4 lanes",2,"Straight - Level","Local Street","Dry","Two-Way, Divided, Unprotected Median","None","Four-Way Intersection","Coarse Asphalt","Piedmont","Urban","30 - 35  MPH","Stop Sign","Clear","No","35.18354, -80.83979",-80.83979,35.18354
"1063",468,469,"Yes","30-39",38,"No","With Traffic","B: Evident Injury","Bike Lane / Paved Shoulder","White","Male","None - Rural Crash","Currituck","No","","2007-06-18","Motorist Overtaking Bicyclist",11,"Non-Intersection","01-06-01","0001-01-01T06:03:58-04:56","Motorist Overtaking - Bicyclist Swerved",321235,2007,"B: Evident Injury","Residential","60-69",68,"No","36-40 mph","O: No Injury","Asian","Male","Sport Utility","No","No","Daylight","Mixed (30% To 70% Developed)","2 lanes",2,"Straight - Level","NC Route","Dry","Two-Way, Not Divided","None","No Special Feature","Smooth Asphalt","Coastal","Rural","40 - 45  MPH","No Control Present","Clear","No","36.323803, -75.8167",-75.8167,36.323803
"1064",470,471,"Yes","20-24",22,"No","Facing Traffic","B: Evident Injury","Travel Lane","White","Male","Southern Pines","Moore","No","01-01-03","2007-06-27","Motorist Right Turn / Merge",17,"Intersection","01-06-01","0001-01-01T12:43:58-04:56","Motorist Right Turn - Opposite Direction",112214,2007,"B: Evident Injury","Commercial","25-29",25,"No","6-10 mph","O: No Injury","White","Female","Passenger Car","No","No","Daylight","Urban (>70% Developed)","2 lanes",2,"Straight - Hillcrest","Local Street","Dry","Two-Way, Not Divided","None","Four-Way Intersection","Coarse Asphalt","Piedmont","Urban","40 - 45  MPH","Stop Sign","Clear","No","35.160316, -79.4112",-79.4112,35.160316
"1065",471,472,"Yes","",NA,"No","Facing Traffic","Injury","Travel Lane","/Missing","","Charlotte","Mecklenburg","No","01-01-02","2007-10-02","Motorist Failed to Yield - Sign-Controlled Intersection",18,"Intersection","01-10-01","0001-01-01T13:16:58-04:56","Motorist Drive Out - Sign-Controlled Intersection",112141,2007,"O: No Injury","Residential","40-49",49,"No","0-5 mph","O: No Injury","Black","Female","Sport Utility","No","No","Daylight","Urban (>70% Developed)","2 lanes",2,"Straight - Level","Local Street","Dry","Two-Way, Divided, Unprotected Median","None","No Special Feature","Smooth Asphalt","Piedmont","Urban","30 - 35  MPH","Stop Sign","Clear","No","35.341797, -80.75442",-80.75442,35.341797
"1066",483,484,"Yes","15-Nov",13,"No","Facing Traffic","B: Evident Injury","Travel Lane","Black","Female","Fayetteville","Cumberland","No","01-01-06","2007-06-30","Motorist Failed to Yield - Midblock",17,"Non-Intersection","01-06-01","0001-01-01T12:04:58-04:56","Motorist Drive Out - Commercial Driveway / Alley",312322,2007,"B: Evident Injury","Commercial","25-29",26,"No","0-5 mph","O: No Injury","Black","Female","Passenger Car","No","No","Daylight","Urban (>70% Developed)","2 lanes",2,"Straight - Level","Local Street","Wet","Two-Way, Not Divided","None","No Special Feature","Coarse Asphalt","Coastal","Urban","30 - 35  MPH","Stop Sign","Cloudy","No","35.04646, -78.92196",-78.92196,35.04646
"1067",484,485,"No","40-49",48,"No","With Traffic","B: Evident Injury","Travel Lane","White","Male","Salisbury","Rowan","No","01-01-04","2007-10-04","Bicyclist Failed to Yield - Sign-Controlled Intersection",17,"Intersection","01-10-01","0001-01-01T12:33:58-04:56","Bicyclist Ride Through - Sign-Controlled Intersection",111144,2007,"B: Evident Injury","Residential","30-39",32,"No","11-15 mph","O: No Injury","White","Female","Passenger Car","No","No","Daylight","Urban (>70% Developed)","2 lanes",2,"Straight - Level","Local Street","Dry","Two-Way, Not Divided","None","T-Intersection","Smooth Asphalt","Piedmont","Urban","30 - 35  MPH","Stop Sign","Cloudy","No","35.66177, -80.47948",-80.47948,35.66177
"1068",486,487,"Yes","15-Nov",13,"No","With Traffic","C: Possible Injury","Bike Lane / Paved Shoulder","Black","Male","Durham","Durham","No","01-01-04","2007-10-04","Motorist Overtaking Bicyclist",7,"Non-Intersection","01-10-01","0001-01-01T02:19:58-04:56","Motorist Overtaking - Other /",321239,2007,"C: Possible Injury","Commercial","60-69",64,"No","41-45 mph","O: No Injury","Black","Male","Light Truck (Mini-Van, Panel)","No","No","Dawn","Mixed (30% To 70% Developed)","4 lanes",2,"Straight - Level","NC Route","Dry","Two-Way, Divided, Positive Median Barrier","None","No Special Feature","Smooth Asphalt","Piedmont","Urban","40 - 45  MPH","No Control Present","Clear","No","35.95124, -78.88977",-78.88977,35.95124
"1069",494,495,"Yes","10-Jun",7,"No","With Traffic","C: Possible Injury","Travel Lane","Hispanic","Male","Gastonia","Gaston","No","","2007-07-02","Bicyclist Left Turn / Merge",19,"Non-Intersection","01-07-01","0001-01-01T14:47:58-04:56","Bicyclist Left Turn - Same Direction",311221,2007,"C: Possible Injury","Residential","20-24",20,"No","26-30 mph","O: No Injury","White","Female","Passenger Car","No","No","Daylight","Urban (>70% Developed)","2 lanes",2,"Straight - Level","Local Street","Dry","Two-Way, Not Divided","None","No Special Feature","Smooth Asphalt","Piedmont","Urban","30 - 35  MPH","No Control Present","Clear","No","35.269833, -81.21446",-81.21446,35.269833
"1070",328,329,"No","0-5",3,"No","Not Applicable","O: No Injury","Non-Roadway","Black","Male","Kinston","Lenoir","No","01-01-05","2012-05-25","Non-Roadway",18,"Non-Roadway","01-05-01","0001-01-01T13:23:58-04:56","Non-Roadway",NA,2012,"O: No Injury","Residential","30-39",34,"No","6-10 mph","O: No Injury","Black","Male","Passenger Car","No","No","Daylight","Urban (>70% Developed)","",2,"Straight - Level","Public Vehicular Area","Dry","Two-Way, Not Divided","None","No Special Feature","Smooth Asphalt","Coastal","Urban","5 - 15 MPH","No Control Present","Clear","No","35.27932, -77.5663",-77.5663,35.27932
"1071",338,339,"Yes","50-59",54,"No","With Traffic","C: Possible Injury","Travel Lane","White","Female","None - Rural Crash","Iredell","No","","2012-06-04","Bicyclist Left Turn / Merge",18,"Intersection","01-06-01","0001-01-01T13:32:58-04:56","Bicyclist Left Turn - Same Direction",NA,2012,"C: Possible Injury","Residential","25-29",28,"No","26-30 mph","O: No Injury","White","Female","Passenger Car","No","No","Daylight","Rural (<30% Developed)","2 lanes",2,"Straight - Level","State Secondary Route","Dry","Two-Way, Not Divided","None","T-Intersection","Smooth Asphalt","Piedmont","Rural","40 - 45  MPH","Double Yellow Line, No Passing Zone","Cloudy","No","35.5697, -80.9342",-80.9342,35.5697
"1072",339,340,"Yes","16-19",19,"No","With Traffic","B: Evident Injury","Travel Lane","White","Male","Wilmington","New Hanover","No","01-01-05","2012-05-25","Bicyclist Failed to Yield - Signalized Intersection",14,"Intersection","01-05-01","0001-01-01T09:47:58-04:56","Bicyclist Ride Through - Signalized Intersection",NA,2012,"B: Evident Injury","Residential","30-39",34,"No","21-25 mph","O: No Injury","Black","Male","Pickup","No","No","Daylight","Urban (>70% Developed)","6 lanes",2,"Straight - Level","US Route","Wet","Two-Way, Not Divided","None","Four-Way Intersection","Coarse Asphalt","Coastal","Urban","20 - 25  MPH","Stop And Go Signal","Rain","No","34.22485, -77.9354",-77.9354,34.22485
"1073",341,342,"Yes","40-49",43,"No","With Traffic","B: Evident Injury","Travel Lane","White","Male","None - Rural Crash","Guilford","No","01-01-07","2012-06-03","Motorist Overtaking Bicyclist",18,"Non-Intersection","01-06-01","0001-01-01T13:29:58-04:56","Motorist Overtaking - Other /",NA,2012,"B: Evident Injury","Farms, Woods, Pastures","40-49",41,"No","","O: No Injury","White","Female","Passenger Car","No","No","Daylight","Rural (<30% Developed)","2 lanes",2,"Curve - Grade","State Secondary Route","Dry","Two-Way, Not Divided","None","No Special Feature","Smooth Asphalt","Piedmont","Rural","","Double Yellow Line, No Passing Zone","Clear","No","36.21822, -79.846",-79.846,36.21822
"1074",359,360,"No","30-39",31,"No","With Traffic","B: Evident Injury","Travel Lane","White","Female","Charlotte","Mecklenburg","No","01-01-05","2012-06-08","Motorist Overtaking Bicyclist",17,"Non-Intersection","01-06-01","0001-01-01T12:54:58-04:56","Motorist Overtaking - Other /",NA,2012,"B: Evident Injury","Commercial","",NA,"Missing","11-15 mph","Injury","/Missing","","","No","Yes","Daylight","Urban (>70% Developed)","2 lanes",2,"Straight - Level","Local Street","Dry","Two-Way, Not Divided","None","No Special Feature","Concrete","Piedmont","Urban","30 - 35  MPH","No Control Present","Clear","No","35.23297, -80.85",-80.85,35.23297
"1075",367,368,"Yes","25-29",27,"No","Facing Traffic","C: Possible Injury","Sidewalk / Crosswalk / Driveway Crossing","White","Female","Durham","Durham","No","01-01-02","2012-06-12","Crossing Paths - Other Circumstances",15,"Intersection","01-06-01","0001-01-01T10:24:58-04:56","Signalized Intersection - Other /",NA,2012,"C: Possible Injury","Commercial","50-59",59,"No","0-5 mph","O: No Injury","Black","Male","Passenger Car","No","No","Daylight","Urban (>70% Developed)","4 lanes",2,"Straight - Level","Local Street","Dry","Two-Way, Not Divided","None","No Special Feature","Coarse Asphalt","Piedmont","Urban","30 - 35  MPH","Stop And Go Signal","Cloudy","No","36.00242, -78.9129",-78.9129,36.00242
"1076",373,374,"Yes","20-24",21,"No","With Traffic","B: Evident Injury","Travel Lane","White","Male","None - Rural Crash","Watauga","No","01-01-05","2012-06-15","Motorist Overtaking Bicyclist",7,"Non-Intersection","01-06-01","0001-01-01T02:33:58-04:56","Motorist Overtaking - Misjudged Space",NA,2012,"B: Evident Injury","Farms, Woods, Pastures","",NA,"Missing","16-20 mph","Injury","/Missing","","Passenger Car","No","Yes","Daylight","Rural (<30% Developed)","2 lanes",2,"Straight - Grade","State Secondary Route","Dry","Two-Way, Not Divided","None","No Special Feature","Coarse Asphalt","Mountains","Rural","50 - 55  MPH","Double Yellow Line, No Passing Zone","Cloudy","No","36.20561, -81.6142",-81.6142,36.20561
"1077",374,375,"No","15-Nov",13,"No","With Traffic","O: No Injury","Travel Lane","White","Male","Granite Quarry","Rowan","No","01-01-03","2012-06-06","Bicyclist Failed to Yield - Sign-Controlled Intersection",18,"Intersection","01-06-01","0001-01-01T13:10:58-04:56","Bicyclist Ride Through - Sign-Controlled Intersection",NA,2012,"O: No Injury","Residential","50-59",56,"No","31-35 mph","O: No Injury","White","Female","Sport Utility","No","No","Daylight","Urban (>70% Developed)","2 lanes",2,"Straight - Level","Local Street","Dry","Two-Way, Not Divided","None","Four-Way Intersection","Smooth Asphalt","Piedmont","Rural","30 - 35  MPH","Stop Sign","Clear","No","35.61316, -80.4465",-80.4465,35.61316
"1078",375,376,"Yes","60-69",60,"No","With Traffic","K: Killed","Travel Lane","White","Male","None - Rural Crash","Onslow","No","01-01-07","2012-06-10","Motorist Left Turn / Merge",10,"Intersection","01-06-01","0001-01-01T05:50:58-04:56","Motorist Left Turn - Opposite Direction",NA,2012,"K: Killed","Residential","60-69",65,"No","11-15 mph","O: No Injury","White","Male","Passenger Car","No","No","Daylight","Mixed (30% To 70% Developed)","2 lanes",2,"Straight - Level","Public Vehicular Area","Dry","Two-Way, Not Divided","None","Driveway, Public","Coarse Asphalt","Coastal","Rural","40 - 45  MPH","No Control Present","Clear","No","34.50988, -77.4338",-77.4338,34.50988
"1079",382,383,"Yes","30-39",34,"No","With Traffic","C: Possible Injury","Travel Lane","White","Male","Asheville","Buncombe","No","01-01-04","2012-06-07","Motorist Overtaking Bicyclist",20,"Intersection","01-06-01","0001-01-01T15:25:58-04:56","Motorist Overtaking - Misjudged Space",NA,2012,"C: Possible Injury","Commercial","",NA,"Missing","36-40 mph","Injury","/Missing","","","No","Yes","Daylight","Urban (>70% Developed)","5 lanes",2,"Straight - Level","Local Street","Dry","Two-Way, Divided, Unprotected Median","None","No Special Feature","Coarse Asphalt","Mountains","Urban","40 - 45  MPH","Stop Sign","Clear","No","35.58956, -82.5502",-82.5502,35.58956
"1080",383,384,"No","15-Nov",14,"No","Not Applicable","B: Evident Injury","Driveway / Alley","Hispanic","Male","Siler City","Chatham","No","01-01-06","2012-05-26","Bicyclist Failed to Yield - Midblock",18,"Non-Intersection","01-05-01","0001-01-01T13:42:58-04:56","Bicyclist Ride Out - Residential Driveway",NA,2012,"B: Evident Injury","Residential","70",70,"No","16-20 mph","O: No Injury","Black","Female","Passenger Car","No","No","Daylight","Urban (>70% Developed)","2 lanes",2,"Straight - Level","Local Street","Dry","Two-Way, Not Divided","None","No Special Feature","Coarse Asphalt","Piedmont","Urban","5 - 15 MPH","No Control Present","Clear","No","35.73079, -79.4416",-79.4416,35.73079
"1081",387,388,"Yes","50-59",59,"Yes","With Traffic","B: Evident Injury","Travel Lane","Black","Male","Plymouth","Washington","Yes","01-01-02","2012-05-29","Bicyclist Right Turn / Merge",22,"Intersection-Related","01-05-01","0001-01-01T17:10:58-04:56","Bicyclist Right Turn - Same Direction",NA,2012,"B: Evident Injury","Commercial","40-49",41,"No","41-45 mph","O: No Injury","Black","Female","Passenger Car","No","No","Dark - Lighted Roadway","Urban (>70% Developed)","5 lanes",2,"Straight - Level","US Route","Dry","Two-Way, Divided, Unprotected Median","None","No Special Feature","Coarse Asphalt","Coastal","Rural","40 - 45  MPH","No Control Present","Clear","No","35.85689, -76.7484",-76.7484,35.85689
"1082",396,397,"Yes","15-Nov",15,"No","Not Applicable","B: Evident Injury","","Black","Male","Oak Island","Brunswick","No","01-01-05","2012-06-08","Bicyclist Failed to Yield - Midblock",14,"Non-Intersection","01-06-01","0001-01-01T09:03:58-04:56","Bicyclist Ride Out - Other Midblock",NA,2012,"B: Evident Injury","Residential","0-19",17,"No","31-35 mph","O: No Injury","White","Male","Passenger Car","No","No","Daylight","Urban (>70% Developed)","2 lanes",2,"Straight - Level","Local Street","Dry","Two-Way, Not Divided","None","No Special Feature","Smooth Asphalt","Coastal","Urban","30 - 35  MPH","No Control Present","Clear","No","33.91029, -78.117",-78.117,33.91029