"","FID","OBJECTID","AmbulanceR","BikeAge_Gr","Bike_Age","Bike_Alc_D","Bike_Dir","Bike_Injur","Bike_Pos","Bike_Race","Bike_Sex","City","County","CrashAlcoh","CrashDay","Crash_Date","Crash_Grp","Crash_Hour","Crash_Loc","Crash_Mont","Crash_Time","Crash_Type","Crash_Ty_1","Crash_Year","Crsh_Sevri","Developmen","DrvrAge_Gr","Drvr_Age","Drvr_Alc_D","Drvr_EstSp","Drvr_Injur","Drvr_Race","Drvr_Sex","Drvr_VehTy","ExcsSpdInd","Hit_Run","Light_Cond","Locality","Num_Lanes","Num_Units","Rd_Charact","Rd_Class","Rd_Conditi","Rd_Config","Rd_Defects","Rd_Feature","Rd_Surface","Region","Rural_Urba","Speed_Limi","Traff_Cntr","Weather","Workzone_I","Location","locx","locy"
"1123",753,754,"Yes","10-Jun",9,"No","With Traffic","B: Evident Injury","Travel Lane","Black","Male","Greensboro","Guilford","No","01-01-06","2007-09-08","Loss of Control / Turning Error",14,"Intersection","01-09-01","0001-01-01T09:06:58-04:56","Bicyclist Lost Control - Mechanical Problems",111121,2007,"B: Evident Injury","Residential","20-24",20,"No","26-30 mph","O: No Injury","Black","Male","Passenger Car","No","No","Daylight","Urban (>70% Developed)","2 lanes",2,"Straight - Level","Local Street","Dry","Two-Way, Not Divided","None","T-Intersection","Smooth Asphalt","Piedmont","Urban","30 - 35  MPH","Stop Sign","Clear","No","36.05889, -79.80635",-79.80635,36.05889
"1124",758,759,"No","30-39",38,"Yes","","C: Possible Injury","Travel Lane","White","Male","Dunn","Harnett","Yes","01-01-02","2007-09-11","Bicyclist Failed to Yield - Sign-Controlled Intersection",20,"Intersection","01-09-01","0001-01-01T15:13:58-04:56","Bicyclist Ride Through - Sign-Controlled Intersection",119144,2007,"C: Possible Injury","Industrial","70+",NA,"No","6-10 mph","O: No Injury","White","Male","Pickup","No","No","Dark - Roadway Not Lighted","Mixed (30% To 70% Developed)","2 lanes",2,"Straight - Level","Local Street","Dry","Two-Way, Not Divided","None","Four-Way Intersection","Coarse Asphalt","Coastal","Urban","30 - 35  MPH","Stop Sign","Clear","No","35.326004, -78.63051",-78.63051,35.326004
"1125",772,773,"Yes","20-24",24,"No","With Traffic","B: Evident Injury","Travel Lane","White","Male","None - Rural Crash","Wake","Yes","","2007-12-24","Motorist Overtaking Bicyclist",9,"Non-Intersection","01-12-01","0001-01-01T04:45:58-04:56","Motorist Overtaking - Bicyclist Swerved",311235,2007,"B: Evident Injury","Farms, Woods, Pastures","50-59",58,"Yes","31-35 mph","O: No Injury","White","Female","Passenger Car","No","No","Daylight","Rural (<30% Developed)","2 lanes",2,"Straight - Level","State Secondary Route","Dry","Two-Way, Not Divided","None","No Special Feature","Coarse Asphalt","Piedmont","Rural","50 - 55  MPH","Double Yellow Line, No Passing Zone","Clear","No","35.58743, -78.71219",-78.71219,35.58743
"1126",779,780,"Yes","40-49",43,"No","With Traffic","B: Evident Injury","Travel Lane","Black","Male","Greensboro","Guilford","No","01-01-06","2007-09-15","Bicyclist Left Turn / Merge",15,"Intersection","01-09-01","0001-01-01T10:26:58-04:56","Bicyclist Left Turn - Opposite Direction",111222,2007,"B: Evident Injury","Commercial","40-49",41,"No","16-20 mph","O: No Injury","White","Female","Passenger Car","No","No","Daylight","Urban (>70% Developed)","2 lanes",2,"Straight - Level","Local Street","Dry","Two-Way, Not Divided","None","Four-Way Intersection","Smooth Asphalt","Piedmont","Urban","20 - 25  MPH","Stop And Go Signal","Clear","No","36.070274, -79.79041",-79.79041,36.070274
"1127",782,783,"No","10-Jun",7,"No","","B: Evident Injury","Travel Lane","White","Male","None - Rural Crash","Buncombe","No","","2007-09-17","Loss of Control / Turning Error",17,"Intersection-Related","01-09-01","0001-01-01T12:49:58-04:56","Bicyclist Turning Error - Left Turn",219114,2007,"B: Evident Injury","Residential","40-49",46,"No","16-20 mph","O: No Injury","White","Female","Passenger Car","No","No","Daylight","Mixed (30% To 70% Developed)","2 lanes",2,"Straight - Grade","Public Vehicular Area","Dry","Two-Way, Not Divided","None","T-Intersection","Coarse Asphalt","Mountains","Rural","","No Control Present","Clear","No","35.62123, -82.29145",-82.29145,35.62123
"1128",785,786,"No","25-29",26,"Yes","With Traffic","O: No Injury","Sidewalk / Crosswalk / Driveway Crossing","Black","Male","Charlotte","Mecklenburg","Yes","01-01-06","2007-12-29","Motorist Failed to Yield - Sign-Controlled Intersection",21,"Intersection","01-12-01","0001-01-01T16:04:58-04:56","Motorist Drive Out - Sign-Controlled Intersection",131141,2007,"O: No Injury","Commercial","25-29",27,"No","0-5 mph","O: No Injury","White","Male","Passenger Car","No","No","Dark - Lighted Roadway","Urban (>70% Developed)","3 lanes",2,"Straight - Grade","US Route","Dry","Two-Way, Divided, Unprotected Median","None","On or Off Ramp","Smooth Asphalt","Piedmont","Urban","20 - 25  MPH","Yield Sign","Clear","No","35.208168, -80.79628",-80.79628,35.208168
"1129",786,787,"Yes","50-59",54,"No","With Traffic","C: Possible Injury","Travel Lane","White","Male","None - Rural Crash","Lincoln","No","","2007-09-17","Motorist Overtaking Bicyclist",5,"Non-Intersection","01-09-01","0001-01-01T00:45:58-04:56","Motorist Overtaking - Undetected Bicyclist",311231,2007,"C: Possible Injury","Residential","40-49",48,"No","36-40 mph","O: No Injury","White","Female","Passenger Car","No","No","Dark - Roadway Not Lighted","Mixed (30% To 70% Developed)","2 lanes",2,"Straight - Level","NC Route","Dry","Two-Way, Not Divided","None","No Special Feature","Coarse Asphalt","Piedmont","Rural","40 - 45  MPH","No Control Present","Clear","No","35.42642, -81.30907",-81.30907,35.42642
"1130",789,790,"Yes","25-29",27,"No","Not Applicable","B: Evident Injury","Sidewalk / Crosswalk / Driveway Crossing","White","Male","Greenville","Pitt","No","","2007-09-17","Other / Unusual Circumstances",11,"Intersection","01-09-01","0001-01-01T06:39:58-04:56","Unusual Circumstances",133800,2007,"B: Evident Injury","Commercial","20-24",22,"No","26-30 mph","O: No Injury","White","Male","Sport Utility","No","No","Daylight","Urban (>70% Developed)","3 lanes",3,"Straight - Level","Local Street","Dry","Two-Way, Not Divided","None","Four-Way Intersection","Smooth Asphalt","Coastal","Urban","30 - 35  MPH","Stop And Go Signal","Clear","No","35.61084, -77.370804",-77.370804,35.61084
"1131",796,797,"Yes","25-29",25,"No","With Traffic","C: Possible Injury","Travel Lane","White","Male","Raleigh","Wake","No","01-01-03","2007-09-19","Motorist Left Turn / Merge",23,"Intersection","01-09-01","0001-01-01T18:15:58-04:56","Motorist Left Turn - Opposite Direction",111212,2007,"C: Possible Injury","Residential","50-59",54,"No","31-35 mph","O: No Injury","White","Male","Passenger Car","No","No","Dark - Lighted Roadway","Urban (>70% Developed)","4 lanes",2,"Straight - Grade","Local Street","Dry","Two-Way, Divided, Unprotected Median","None","Four-Way Intersection","Coarse Asphalt","Piedmont","Urban","30 - 35  MPH","Stop And Go Signal","Clear","No","35.779865, -78.649155",-78.649155,35.779865
"1132",809,810,"Yes","40-49",41,"No","Facing Traffic","C: Possible Injury","Travel Lane","Black","Male","Gastonia","Gaston","No","","2007-09-24","Head-On",4,"Non-Intersection","01-09-01","0000-12-31T23:03:58-04:56","Head-On - Bicyclist",312250,2007,"C: Possible Injury","Residential","",NA,"Missing","31-35 mph","Injury","/Missing","","","No","Yes","Dark - Lighted Roadway","Urban (>70% Developed)","2 lanes",2,"Straight - Level","Local Street","Dry","Two-Way, Not Divided","None","No Special Feature","Smooth Asphalt","Piedmont","Urban","30 - 35  MPH","No Control Present","Clear","No","35.26388, -81.20801",-81.20801,35.26388
"1133",819,820,"Yes","20-24",24,"No","With Traffic","C: Possible Injury","Travel Lane","White","Female","High Point","Guilford","No","01-01-05","2007-09-28","Bicyclist Failed to Yield - Signalized Intersection",15,"Intersection","01-09-01","0001-01-01T10:06:58-04:56","Bicyclist Ride Through - Signalized Intersection",111155,2007,"C: Possible Injury","Commercial","30-39",38,"No","16-20 mph","O: No Injury","Asian","Male","Passenger Car","No","No","Daylight","Urban (>70% Developed)","3 lanes",2,"Straight - Grade","Local Street","Dry","One-Way, Not Divided","None","Four-Way Intersection","Smooth Asphalt","Piedmont","Urban","30 - 35  MPH","Stop And Go Signal","Clear","No","35.955048, -80.01426",-80.01426,35.955048
"1134",821,822,"Yes","60-69",65,"No","Facing Traffic","C: Possible Injury","","White","Male","Matthews","Mecklenburg","No","01-01-04","2007-09-27","Motorist Failed to Yield - Sign-Controlled Intersection",1,"Intersection","01-09-01","0000-12-31T20:14:58-04:56","Motorist Drive Out - Sign-Controlled Intersection",192141,2007,"C: Possible Injury","Residential","50-59",59,"No","","O: No Injury","White","Female","Passenger Car","No","No","Daylight","Urban (>70% Developed)","2 lanes",2,"Straight - Bottom","Local Street","Dry","Two-Way, Divided, Unprotected Median","None","T-Intersection","Smooth Asphalt","Piedmont","Urban","20 - 25  MPH","Stop Sign","Clear","No","35.11237, -80.758064",-80.758064,35.11237
"1135",829,830,"No","15-Nov",14,"No","With Traffic","C: Possible Injury","Travel Lane","Black","Male","Wilmington","New Hanover","No","01-01-06","2007-06-02","Head-On",22,"Non-Intersection","01-06-01","0001-01-01T17:13:58-04:56","Head-On - Motorist",311255,2007,"C: Possible Injury","Residential","",NA,"Missing","","Injury","/Missing","","","No","Yes","Dark - Lighted Roadway","Urban (>70% Developed)","2 lanes",2,"Straight - Level","Local Street","Water (Standing, Moving)","Two-Way, Not Divided","None","No Special Feature","Gravel","Coastal","Urban","30 - 35  MPH","Stop Sign","Cloudy","No","34.223938, -77.932495",-77.932495,34.223938
"1136",834,835,"Yes","15-Nov",14,"No","Not Applicable","B: Evident Injury","","Black","Male","Winston-Salem","Forsyth","No","01-01-03","2007-10-03","Bicyclist Failed to Yield - Signalized Intersection",17,"Intersection-Related","01-10-01","0001-01-01T12:38:58-04:56","Bicyclist Ride Out - Signalized  Intersection",293153,2007,"B: Evident Injury","Industrial","30-39",36,"No","0-5 mph","O: No Injury","Black","Male","Pickup","No","No","Daylight","Urban (>70% Developed)","3 lanes",2,"Straight - Level","Local Street","Dry","Two-Way, Not Divided","None","T-Intersection","Smooth Asphalt","Piedmont","Urban","30 - 35  MPH","Stop And Go Signal","Clear","No","36.131588, -80.23167",-80.23167,36.131588
"1137",838,839,"Yes","40-49",44,"No","With Traffic","A: Disabling Injury","Travel Lane","Black","Male","Charlotte","Mecklenburg","No","01-01-03","2007-09-12","Motorist Left Turn / Merge",6,"Intersection","01-09-01","0001-01-01T01:29:58-04:56","Motorist Left Turn - Opposite Direction",111212,2007,"A: Disabling Injury","Residential","",NA,"Missing","11-15 mph","Injury","/Missing","","Passenger Car","No","Yes","Dark - Lighted Roadway","Urban (>70% Developed)","4 lanes",2,"Straight - Grade","Local Street","Dry","Two-Way, Divided, Positive Median Barrier","None","Bridge","Coarse Asphalt","Piedmont","Urban","40 - 45  MPH","No Control Present","Clear","No","35.331818, -80.742516",-80.742516,35.331818
"1138",843,844,"Yes","16-19",16,"No","","C: Possible Injury","Travel Lane","Black","Male","Gastonia","Gaston","No","01-01-02","2007-10-09","Motorist Left Turn / Merge",20,"Non-Intersection","01-10-01","0001-01-01T15:32:58-04:56","Motorist Left Turn - Same Direction",319211,2007,"C: Possible Injury","Residential","25-29",26,"No","26-30 mph","O: No Injury","White","Male","Passenger Car","No","No","Dark - Lighted Roadway","Urban (>70% Developed)","2 lanes",2,"Straight - Grade","Local Street","Wet","Two-Way, Not Divided","None","No Special Feature","Smooth Asphalt","Piedmont","Urban","30 - 35  MPH","No Control Present","Cloudy","No","35.241547, -81.18739",-81.18739,35.241547
"1139",856,857,"Yes","40-49",42,"No","With Traffic","C: Possible Injury","Travel Lane","White","Male","None - Rural Crash","Guilford","No","01-01-03","2007-10-10","Motorist Right Turn / Merge",7,"Intersection","01-10-01","0001-01-01T02:33:58-04:56","Motorist Right Turn - Same Direction",111213,2007,"C: Possible Injury","Commercial","30-39",30,"No","11-15 mph","O: No Injury","White","Female","Passenger Car","No","No","Daylight","Urban (>70% Developed)","5 lanes",2,"Straight - Level","Public Vehicular Area","Dry","Two-Way, Not Divided","None","No Special Feature","Smooth Asphalt","Piedmont","Rural","30 - 35  MPH","Stop And Go Signal","Clear","No","36.075737, -79.91272",-79.91272,36.075737
"1140",857,858,"No","50-59",50,"No","With Traffic","B: Evident Injury","Travel Lane","White","Male","None - Rural Crash","Johnston","No","01-01-07","2007-10-14","Bicyclist Left Turn / Merge",12,"Non-Intersection","01-10-01","0001-01-01T07:33:58-04:56","Bicyclist Left Turn - Same Direction",311221,2007,"B: Evident Injury","Farms, Woods, Pastures","30-39",34,"No","16-20 mph","O: No Injury","White","Male","Sport Utility","No","No","Daylight","Rural (<30% Developed)","2 lanes",2,"Straight - Level","NC Route","Dry","Two-Way, Not Divided","None","Driveway, Private","Smooth Asphalt","Coastal","Rural","50 - 55  MPH","Double Yellow Line, No Passing Zone","Clear","No","35.26058, -78.38963",-78.38963,35.26058
"1141",861,862,"Yes","20-24",20,"No","With Traffic","C: Possible Injury","Bike Lane / Paved Shoulder","White","Male","Emerald Isle","Carteret","No","01-01-02","2007-10-16","Crossing Paths - Other Circumstances",11,"Intersection","01-10-01","0001-01-01T06:47:58-04:56","Crossing Paths - Intersection - Other /",121180,2007,"B: Evident Injury","Commercial","40-49",42,"No","6-10 mph","O: No Injury","White","Male","Pickup","No","No","Daylight","Urban (>70% Developed)","2 lanes",2,"Straight - Level","Local Street","Dry","Two-Way, Not Divided","None","Driveway, Public","Smooth Asphalt","Coastal","Rural","20 - 25  MPH","Stop Sign","Clear","No","34.665737, -77.03112",-77.03112,34.665737
"1142",862,863,"No","30-39",32,"No","","B: Evident Injury","Travel Lane","Hispanic","Male","Hendersonville","Henderson","No","01-01-07","2007-09-16","Head-On",18,"Non-Intersection","01-09-01","0001-01-01T13:33:58-04:56","Head-On - Bicyclist",319250,2007,"B: Evident Injury","Residential","",NA,"Missing","16-20 mph","Injury","/Missing","","Passenger Car","No","Yes","Daylight","Mixed (30% To 70% Developed)","1 lane",2,"Curve - Grade","Local Street","Dry","Two-Way, Not Divided","None","No Special Feature","Coarse Asphalt","Mountains","Urban","30 - 35  MPH","No Control Present","Other","No","35.294586, -82.43405",-82.43405,35.294586
"1143",864,865,"No","15-Nov",14,"No","With Traffic","O: No Injury","Travel Lane","Black","Male","Kannapolis","Cabarrus","No","01-01-03","2007-10-17","Bicyclist Failed to Yield - Sign-Controlled Intersection",18,"Intersection","01-10-01","0001-01-01T13:58:58-04:56","Bicyclist Ride Through - Sign-Controlled Intersection",111144,2007,"O: No Injury","Residential","40-49",42,"No","21-25 mph","O: No Injury","Native American","Male","Sport Utility","No","No","Dusk","Mixed (30% To 70% Developed)","2 lanes",2,"Straight - Grade","Local Street","Dry","Two-Way, Not Divided","None","No Special Feature","Smooth Asphalt","Piedmont","Urban","30 - 35  MPH","Stop Sign","Clear","No","35.486828, -80.616745",-80.616745,35.486828
"1144",866,867,"No","",NA,"Missing","With Traffic","Injury","Travel Lane","/Missing","","None - Rural Crash","Pitt","No","01-01-05","2007-10-19","Motorist Overtaking Bicyclist",19,"Non-Intersection","01-10-01","0001-01-01T14:03:58-04:56","Motorist Overtaking - Other /",311239,2007,"O: No Injury","Residential","0-19",16,"No","6-10 mph","O: No Injury","Black","Female","Passenger Car","No","No","Dark - Roadway Not Lighted","Urban (>70% Developed)","2 lanes",2,"Straight - Level","Public Vehicular Area","Dry","Two-Way, Not Divided","None","Driveway, Public","Coarse Asphalt","Coastal","Rural","20 - 25  MPH","No Control Present","Clear","No","35.67268, -77.5185",-77.5185,35.67268
"1145",867,868,"No","16-19",19,"No","Not Applicable","B: Evident Injury","Non-Roadway","White","Male","Dudley","Wayne","No","01-01-05","2007-10-19","Bicyclist Failed to Yield - Midblock",13,"Non-Intersection","01-10-01","0001-01-01T08:56:58-04:56","Bicyclist Ride Out - Commercial Driveway / Alley",363312,2007,"B: Evident Injury","Commercial","50-59",54,"No","41-45 mph","O: No Injury","White","Female","Passenger Car","No","No","Daylight","Mixed (30% To 70% Developed)","2 lanes",2,"Straight - Level","US Route","Dry","Two-Way, Not Divided","None","No Special Feature","Smooth Asphalt","Coastal","Rural","40 - 45  MPH","Double Yellow Line, No Passing Zone","Cloudy","No","35.26771, -78.04223",-78.04223,35.26771
"1146",878,879,"No","15-Nov",15,"No","Not Applicable","B: Evident Injury","Non-Roadway","Black","Male","Winterville","Pitt","No","01-01-02","2007-10-23","Parallel Paths - Other Circumstances",12,"Non-Intersection","01-10-01","0001-01-01T07:18:58-04:56","Motorist Turn / Merge - Other /",363219,2007,"B: Evident Injury","Commercial","",NA,"No","0-5 mph","Injury","/Missing","","Passenger Car","No","Yes","Daylight","Urban (>70% Developed)","2 lanes",2,"Straight - Level","Local Street","Dry","Two-Way, Not Divided","None","Driveway, Public","Smooth Asphalt","Coastal","Urban","30 - 35  MPH","No Control Present","Clear","No","35.52881, -77.40321",-77.40321,35.52881
"1147",879,880,"Yes","25-29",28,"No","With Traffic","C: Possible Injury","Travel Lane","White","Female","Asheville","Buncombe","No","01-01-03","2007-10-24","Parallel Paths - Other Circumstances",8,"Non-Intersection","01-10-01","0001-01-01T03:07:58-04:56","Parallel Paths - Other /",311280,2007,"C: Possible Injury","Commercial","",NA,"Missing","21-25 mph","Injury","/Missing","","","No","Yes","Daylight","Urban (>70% Developed)","2 lanes",2,"Straight - Grade","Local Street","Wet","One-Way, Not Divided","None","No Special Feature","Smooth Asphalt","Mountains","Urban","30 - 35  MPH","No Control Present","Rain","No","35.609737, -82.565254",-82.565254,35.609737
"1148",888,889,"No","15-Nov",12,"No","Not Applicable","B: Evident Injury","","Black","Male","Burlington","Alamance","No","","2007-10-29","Bicyclist Failed to Yield - Midblock",15,"Non-Intersection","01-10-01","0001-01-01T10:07:58-04:56","Bicyclist Ride Out - Midblock -",393319,2007,"B: Evident Injury","Commercial","0-19",17,"No","6-10 mph","O: No Injury","Black","Male","Passenger Car","No","No","Daylight","Urban (>70% Developed)","5 lanes",2,"Straight - Level","US Route","Dry","Two-Way, Not Divided","None","No Special Feature","Smooth Asphalt","Piedmont","Urban","40 - 45  MPH","No Control Present","Clear","No","36.093678, -79.398575",-79.398575,36.093678
"1149",903,904,"Yes","10-Jun",10,"No","Facing Traffic","B: Evident Injury","Travel Lane","White","Male","None - Rural Crash","Catawba","No","01-01-07","2007-11-04","Bicyclist Right Turn / Merge",18,"Non-Intersection","01-11-01","0001-01-01T13:03:58-04:56","Bicyclist Right Turn - Same Direction",312223,2007,"B: Evident Injury","Residential","20-24",22,"No","26-30 mph","O: No Injury","White","Female","Passenger Car","No","No","Daylight","Mixed (30% To 70% Developed)","2 lanes",2,"Straight - Level","State Secondary Route","Dry","Two-Way, Not Divided","None","No Special Feature","Smooth Asphalt","Piedmont","Rural","30 - 35  MPH","No Control Present","Clear","No","35.679188, -81.36237",-81.36237,35.679188
"1150",905,906,"Yes","30-39",32,"No","Not Applicable","C: Possible Injury","","White","Male","Gastonia","Gaston","No","","2007-11-05","Bicyclist Failed to Yield - Midblock",8,"Non-Intersection","01-11-01","0001-01-01T03:04:58-04:56","Bicyclist Ride Out - Midblock -",393319,2007,"C: Possible Injury","Residential","25-29",27,"No","26-30 mph","O: No Injury","White","Female","Passenger Car","No","No","Daylight","Urban (>70% Developed)","4 lanes",2,"Straight - Level","Local Street","Dry","Two-Way, Not Divided","None","No Special Feature","Smooth Asphalt","Piedmont","Urban","30 - 35  MPH","No Control Present","Clear","No","35.2492, -81.17493",-81.17493,35.2492
"1151",912,913,"No","25-29",25,"No","With Traffic","O: No Injury","Travel Lane","White","Female","Raleigh","Wake","No","01-01-02","2007-11-06","Bicyclist Overtaking Motorist",12,"Non-Intersection","01-11-01","0001-01-01T07:32:58-04:56","Bicyclist Overtaking - Parked Vehicle",311243,2007,"O: No Injury","Commercial","",NA,"Missing","","Injury","/Missing","","Sport Utility","No","No","Daylight","Urban (>70% Developed)","2 lanes",2,"Straight - Level","Local Street","Dry","Two-Way, Not Divided","None","No Special Feature","Coarse Asphalt","Piedmont","Urban","30 - 35  MPH","No Control Present","Clear","No","35.794895, -78.70041",-78.70041,35.794895
"1152",916,917,"No","30-39",38,"No","Facing Traffic","C: Possible Injury","Sidewalk / Crosswalk / Driveway Crossing","Black","Male","High Point","Guilford","No","01-01-05","2007-11-09","Motorist Failed to Yield - Signalized Intersection",8,"Intersection","01-11-01","0001-01-01T03:25:58-04:56","Motorist Drive Out - Right Turn on Red",132151,2007,"C: Possible Injury","Commercial","60-69",65,"No","0-5 mph","O: No Injury","White","Female","Passenger Car","No","No","Daylight","Urban (>70% Developed)","2 lanes",2,"Straight - Grade","Local Street","Dry","Two-Way, Not Divided","None","Four-Way Intersection","Smooth Asphalt","Piedmont","Urban","30 - 35  MPH","Stop And Go Signal","Clear","No","35.93804, -79.995056",-79.995056,35.93804
"1153",918,919,"No","",NA,"Missing","With Traffic","Injury","Other","/Missing","","None - Rural Crash","Carteret","No","01-01-06","2007-11-10","Bicyclist Left Turn / Merge",21,"Non-Intersection","01-11-01","0001-01-01T16:59:58-04:56","Bicyclist Left Turn - Same Direction",381221,2007,"O: No Injury","Residential","0-19",18,"No","51-55 mph","O: No Injury","White","Female","Passenger Car","No","No","Dark - Roadway Not Lighted","Mixed (30% To 70% Developed)","2 lanes",2,"Straight - Level","State Secondary Route","Dry","Two-Way, Not Divided","None","No Special Feature","Smooth Asphalt","Coastal","Rural","50 - 55  MPH","No Control Present","Clear","No","34.818966, -76.87324",-76.87324,34.818966
"1154",933,934,"Yes","16-19",17,"No","With Traffic","B: Evident Injury","Travel Lane","White","Male","Apex","Wake","No","01-01-02","2007-11-20","Bicyclist Left Turn / Merge",18,"Intersection","01-11-01","0001-01-01T13:24:58-04:56","Bicyclist Left Turn - Opposite Direction",111222,2007,"B: Evident Injury","Commercial","25-29",28,"No","26-30 mph","O: No Injury","White","Female","Sport Utility","No","No","Dark - Lighted Roadway","Urban (>70% Developed)","6 lanes",2,"Straight - Grade","Local Street","Dry","Two-Way, Not Divided","None","Four-Way Intersection","Smooth Asphalt","Piedmont","Urban","40 - 45  MPH","Stop And Go Signal","Clear","No","35.738556, -78.86537",-78.86537,35.738556
"1155",939,940,"Yes","40-49",40,"Yes","With Traffic","C: Possible Injury","Travel Lane","White","Male","None - Rural Crash","Wayne","Yes","","2007-11-26","Motorist Overtaking Bicyclist",17,"Non-Intersection","01-11-01","0001-01-01T12:45:58-04:56","Motorist Overtaking - Misjudged Space",311232,2007,"C: Possible Injury","Residential","70+",NA,"No","36-40 mph","O: No Injury","White","Female","Passenger Car","No","No","Dark - Roadway Not Lighted","Urban (>70% Developed)","2 lanes",2,"Straight - Level","State Secondary Route","Wet","Two-Way, Not Divided","None","No Special Feature","Coarse Asphalt","Coastal","Rural","40 - 45  MPH","No Control Present","Cloudy","No","35.33215, -78.07824",-78.07824,35.33215
"1156",942,943,"No","15-Nov",13,"No","With Traffic","B: Evident Injury","Other","White","Male","High Point","Guilford","No","01-01-06","2007-12-01","Backing Vehicle",13,"Non-Intersection","01-12-01","0001-01-01T08:27:58-04:56","Backing Vehicle",381600,2007,"B: Evident Injury","Residential","0-19",17,"No","6-10 mph","O: No Injury","Asian","Male","Passenger Car","No","No","Daylight","Urban (>70% Developed)","1 lane",2,"Straight - Level","Local Street","Dry","Two-Way, Not Divided","None","No Special Feature","Coarse Asphalt","Piedmont","Urban","20 - 25  MPH","No Control Present","Clear","No","35.929546, -79.964134",-79.964134,35.929546
"1157",961,962,"No","",NA,"Missing","Facing Traffic","Injury","Travel Lane","/Missing","","Raleigh","Wake","No","01-01-03","2007-12-05","Motorist Failed to Yield - Sign-Controlled Intersection",18,"Intersection","01-12-01","0001-01-01T13:15:58-04:56","Motorist Drive Out - Sign-Controlled Intersection",112141,2007,"O: No Injury","Commercial","30-39",38,"No","11-15 mph","O: No Injury","Black","Female","Passenger Car","No","No","Dark - Lighted Roadway","Urban (>70% Developed)","6 lanes",2,"Straight - Level","Local Street","Dry","Two-Way, Divided, Unprotected Median","None","No Special Feature","Smooth Asphalt","Piedmont","Urban","40 - 45  MPH","Stop Sign","Clear","No","35.779778, -78.61804",-78.61804,35.779778
"1158",962,963,"Yes","70+",NA,"No","With Traffic","B: Evident Injury","Bike Lane / Paved Shoulder","White","Male","Roper","Washington","No","01-01-03","2007-12-05","Bicyclist Left Turn / Merge",17,"Non-Intersection","01-12-01","0001-01-01T12:13:58-04:56","Bicyclist Left Turn - Same Direction",321221,2007,"B: Evident Injury","Farms, Woods, Pastures","40-49",43,"No","31-35 mph","O: No Injury","Black","Male","Pickup","No","No","Dawn","Rural (<30% Developed)","2 lanes",2,"Straight - Level","NC Route","Dry","Two-Way, Not Divided","None","No Special Feature","Smooth Asphalt","Coastal","Rural","40 - 45  MPH","Double Yellow Line, No Passing Zone","Clear","No","35.882225, -76.61047",-76.61047,35.882225
"1159",963,964,"Yes","16-19",16,"No","With Traffic","C: Possible Injury","Sidewalk / Crosswalk / Driveway Crossing","Black","Male","Wilmington","New Hanover","No","01-01-03","2007-12-05","Motorist Right Turn / Merge",7,"Intersection","01-12-01","0001-01-01T02:26:58-04:56","Motorist Right Turn - Same Direction",131213,2007,"C: Possible Injury","Commercial","40-49",42,"No","6-10 mph","O: No Injury","White","Female","Pickup","No","No","Daylight","Urban (>70% Developed)","5 lanes",2,"Straight - Grade","Local Street","Dry","Two-Way, Not Divided","None","Four-Way Intersection","Smooth Asphalt","Coastal","Urban","30 - 35  MPH","Stop And Go Signal","Cloudy","No","34.235474, -77.94591",-77.94591,34.235474
"1160",966,967,"Yes","16-19",19,"No","","C: Possible Injury","","White","Male","Concord","Cabarrus","No","01-01-06","2007-06-02","Bicyclist Failed to Yield - Midblock",0,"Non-Intersection","01-06-01","0000-12-31T19:50:58-04:56","Bicyclist Ride Out - Midblock -",399319,2007,"C: Possible Injury","Commercial","25-29",27,"No","41-45 mph","O: No Injury","Black","Male","Van","No","No","Dark - Roadway Not Lighted","Urban (>70% Developed)","2 lanes",2,"Straight - Level","Local Street","Dry","Two-Way, Not Divided","None","No Special Feature","Smooth Asphalt","Piedmont","Urban","40 - 45  MPH","No Control Present","Clear","No","35.410606, -80.568214",-80.568214,35.410606
"1161",973,974,"No","10-Jun",8,"No","","C: Possible Injury","Non-Roadway","White","Male","Raleigh","Wake","No","01-01-02","2007-12-11","Non-Roadway",9,"Non-Roadway","01-12-01","0001-01-01T04:49:58-04:56","Non-Roadway",460910,2007,"C: Possible Injury","Residential","20-24",22,"No","0-5 mph","O: No Injury","Black","Female","Passenger Car","No","No","Daylight","Urban (>70% Developed)","",2,"Straight - Level","Public Vehicular Area","Dry","Two-Way, Not Divided","None","No Special Feature","Smooth Asphalt","Piedmont","Urban","5 - 15 MPH","No Control Present","Clear","No","35.84403, -78.57353",-78.57353,35.84403
"1162",974,975,"Yes","15-Nov",12,"No","Facing Traffic","C: Possible Injury","Sidewalk / Crosswalk / Driveway Crossing","Black","Male","Rocky Mount","Nash","No","01-01-04","2007-12-13","Bicyclist Failed to Yield - Sign-Controlled Intersection",19,"Intersection","01-12-01","0001-01-01T14:30:58-04:56","Bicyclist Ride Out - Sign-Controlled Intersection",132142,2007,"C: Possible Injury","Residential","50-59",52,"No","0-5 mph","O: No Injury","Black","Female","Passenger Car","No","No","Dark - Lighted Roadway","Urban (>70% Developed)","2 lanes",2,"Straight - Level","Local Street","Wet","One-Way, Not Divided","None","T-Intersection","Smooth Asphalt","Coastal","Urban","30 - 35  MPH","Stop Sign","Rain","No","35.943115, -77.808495",-77.808495,35.943115