"","FID","OBJECTID","AmbulanceR","BikeAge_Gr","Bike_Age","Bike_Alc_D","Bike_Dir","Bike_Injur","Bike_Pos","Bike_Race","Bike_Sex","City","County","CrashAlcoh","CrashDay","Crash_Date","Crash_Grp","Crash_Hour","Crash_Loc","Crash_Mont","Crash_Time","Crash_Type","Crash_Ty_1","Crash_Year","Crsh_Sevri","Developmen","DrvrAge_Gr","Drvr_Age","Drvr_Alc_D","Drvr_EstSp","Drvr_Injur","Drvr_Race","Drvr_Sex","Drvr_VehTy","ExcsSpdInd","Hit_Run","Light_Cond","Locality","Num_Lanes","Num_Units","Rd_Charact","Rd_Class","Rd_Conditi","Rd_Config","Rd_Defects","Rd_Feature","Rd_Surface","Region","Rural_Urba","Speed_Limi","Traff_Cntr","Weather","Workzone_I","Location","locx","locy"
"1203",165,166,"Yes","15-Nov",13,"No","Not Applicable","B: Evident Injury","Non-Roadway","Hispanic","Male","Charlotte","Mecklenburg","No","01-01-03","2008-05-07","Bicyclist Failed to Yield - Midblock",17,"Non-Intersection","01-05-01","0001-01-01T12:31:58-04:56","Bicyclist Ride Out - Other Midblock",363318,2008,"B: Evident Injury","Residential","20-24",21,"No","36-40 mph","O: No Injury","Black","Female","Passenger Car","Yes","No","Daylight","Urban (>70% Developed)","2 lanes",2,"Straight - Hillcrest","Local Street","Dry","Two-Way, Not Divided","None","No Special Feature","Smooth Asphalt","Piedmont","Urban","20 - 25  MPH","No Control Present","Clear","No","0.0, 0.0",0,0
"1204",169,170,"Yes","20-24",21,"No","With Traffic","B: Evident Injury","Travel Lane","White","Female","None - Rural Crash","Avery","No","01-01-04","2008-03-13","Motorist Overtaking Bicyclist",17,"Non-Intersection","01-03-01","0001-01-01T12:04:58-04:56","Motorist Overtaking - Misjudged Space",311232,2008,"B: Evident Injury","Residential","70+",NA,"No","41-45 mph","O: No Injury","White","Male","Pickup","No","No","Daylight","Mixed (30% To 70% Developed)","2 lanes",2,"Straight - Level","NC Route","Dry","One-Way, Not Divided","None","No Special Feature","Smooth Asphalt","Mountains","Rural","50 - 55  MPH","Double Yellow Line, No Passing Zone","Clear","No","0.0, 0.0",0,0
"1205",186,187,"Yes","40-49",45,"Yes","With Traffic","B: Evident Injury","Travel Lane","Black","Male","None - Rural Crash","Duplin","Yes","01-01-07","2008-03-23","Motorist Overtaking Bicyclist",20,"Non-Intersection","01-03-01","0001-01-01T15:03:58-04:56","Motorist Overtaking - Other /",311239,2008,"B: Evident Injury","Farms, Woods, Pastures","40-49",48,"No","41-45 mph","O: No Injury","Black","Male","Passenger Car","No","No","Dark - Roadway Not Lighted","Rural (<30% Developed)","2 lanes",2,"Straight - Level","State Secondary Route","Dry","Two-Way, Not Divided","None","No Special Feature","Coarse Asphalt","Coastal","Rural","50 - 55  MPH","No Control Present","Clear","No","0.0, 0.0",0,0
"1206",196,197,"Yes","60-69",61,"No","With Traffic","B: Evident Injury","Travel Lane","White","Female","Lewisville","Forsyth","No","01-01-04","2008-03-27","Motorist Failed to Yield - Sign-Controlled Intersection",16,"Intersection","01-03-01","0001-01-01T11:33:58-04:56","Motorist Drive Through - Sign-Controlled Intersection",111143,2008,"B: Evident Injury","Farms, Woods, Pastures","60-69",65,"No","0-5 mph","O: No Injury","White","Female","Passenger Car","No","No","Daylight","Rural (<30% Developed)","1 lane",2,"Straight - Level","State Secondary Route","Dry","One-Way, Not Divided","None","Traffic Circle/Roundabout","Smooth Asphalt","Piedmont","Urban","40 - 45  MPH","Yield Sign","Clear","No","0.0, 0.0",0,0
"1207",201,202,"Yes","20-24",22,"No","Facing Traffic","B: Evident Injury","Sidewalk / Crosswalk / Driveway Crossing","White","Male","Raleigh","Wake","No","01-01-05","2008-03-28","Motorist Failed to Yield - Midblock",16,"Non-Intersection","01-03-01","0001-01-01T11:59:58-04:56","Motorist Drive Out - Commercial Driveway / Alley",332322,2008,"B: Evident Injury","Commercial","25-29",26,"No","","O: No Injury","White","Male","Pickup","No","No","Daylight","Urban (>70% Developed)","2 lanes",2,"Straight - Grade","Local Street","Dry","Two-Way, Divided, Unprotected Median","None","No Special Feature","Smooth Asphalt","Piedmont","Urban","30 - 35  MPH","No Control Present","Clear","No","0.0, 0.0",0,0
"1208",210,211,"Yes","25-29",26,"No","With Traffic","B: Evident Injury","Travel Lane","Black","Male","High Point","Guilford","No","01-01-04","2008-04-03","Bicyclist Failed to Yield - Sign-Controlled Intersection",9,"Intersection","01-04-01","0001-01-01T04:35:58-04:56","Bicyclist Ride Through - Sign-Controlled Intersection",111144,2008,"B: Evident Injury","Residential","50-59",57,"No","26-30 mph","O: No Injury","Black","Female","Passenger Car","No","No","Daylight","Urban (>70% Developed)","2 lanes",2,"Straight - Level","Public Vehicular Area","Dry","Two-Way, Not Divided","None","Four-Way Intersection","Smooth Asphalt","Piedmont","Urban","30 - 35  MPH","Stop Sign","Clear","No","0.0, 0.0",0,0
"1209",216,217,"No","15-Nov",15,"No","With Traffic","B: Evident Injury","","Black","Male","Rocky Mount","Edgecombe","No","01-01-05","2008-04-11","Loss of Control / Turning Error",21,"Intersection","01-04-01","0001-01-01T16:21:58-04:56","Bicyclist Lost Control - Mechanical Problems",191121,2008,"B: Evident Injury","Residential","30-39",34,"No","","O: No Injury","Black","Female","Passenger Car","No","No","Daylight","Urban (>70% Developed)","2 lanes",2,"Straight - Level","Local Street","Dry","Two-Way, Not Divided","None","No Special Feature","Coarse Asphalt","Coastal","Urban","30 - 35  MPH","Stop Sign","Clear","No","0.0, 0.0",0,0
"1210",226,227,"Yes","20-24",20,"No","With Traffic","B: Evident Injury","Travel Lane","White","Male","Raleigh","Wake","No","01-01-04","2008-04-10","Bicyclist Left Turn / Merge",10,"Intersection","01-04-01","0001-01-01T05:10:58-04:56","Bicyclist Left Turn - Same Direction",111221,2008,"B: Evident Injury","Residential","20-24",23,"No","6-10 mph","O: No Injury","White","Male","Motorcycle","No","No","Daylight","Urban (>70% Developed)","2 lanes",2,"Straight - Level","Local Street","Dry","Two-Way, Not Divided","None","T-Intersection","Coarse Asphalt","Piedmont","Urban","40 - 45  MPH","Missing","Clear","No","0.0, 0.0",0,0
"1211",231,232,"No","0-5",3,"No","Not Applicable","C: Possible Injury","Sidewalk / Crosswalk / Driveway Crossing","White","Male","Mooresville","Iredell","No","01-01-06","2008-04-12","Non-Roadway",19,"Non-Roadway","01-04-01","0001-01-01T15:02:58-04:56","Non-Roadway",430910,2008,"C: Possible Injury","Residential","30-39",37,"No","","O: No Injury","White","Female","Passenger Car","No","No","Dusk","Urban (>70% Developed)","",2,"","Local Street","Dry","","None","No Special Feature","","Piedmont","Urban","","Missing","Clear","No","0.0, 0.0",0,0
"1212",234,235,"Yes","50-59",53,"No","With Traffic","B: Evident Injury","Travel Lane","White","Female","Huntersville","Mecklenburg","No","01-01-06","2008-05-31","Loss of Control / Turning Error",10,"Non-Intersection","01-05-01","0001-01-01T05:20:58-04:56","Bicyclist Lost Control - Other /",311129,2008,"B: Evident Injury","Residential","40-49",40,"No","21-25 mph","O: No Injury","Black","Male","Single Unit Truck (2-Axle, 6-Tire)","No","No","Daylight","Urban (>70% Developed)","2 lanes",2,"Straight - Level","Local Street","Dry","Two-Way, Not Divided","None","No Special Feature","Smooth Asphalt","Piedmont","Urban","40 - 45  MPH","No Control Present","Clear","No","0.0, 0.0",0,0
"1213",237,238,"No","50-59",52,"No","With Traffic","B: Evident Injury","Travel Lane","Hispanic","Male","Fayetteville","Cumberland","No","","2008-04-14","Bicyclist Failed to Yield - Sign-Controlled Intersection",15,"Intersection","01-04-01","0001-01-01T10:35:58-04:56","Bicyclist Ride Through - Sign-Controlled Intersection",111144,2008,"B: Evident Injury","Commercial","60-69",62,"No","31-35 mph","O: No Injury","White","Female","Passenger Car","No","No","Daylight","Urban (>70% Developed)","4 lanes",2,"Straight - Level","Local Street","Dry","Two-Way, Divided, Unprotected Median","None","Four-Way Intersection","Coarse Asphalt","Coastal","Urban","30 - 35  MPH","Stop Sign","Clear","No","0.0, 0.0",0,0
"1214",238,239,"Yes","60-69",60,"No","With Traffic","O: No Injury","Sidewalk / Crosswalk / Driveway Crossing","Black","Male","Goldsboro","Wayne","No","01-01-03","2008-04-16","Parallel Paths - Other Circumstances",10,"Non-Intersection","01-04-01","0001-01-01T05:23:58-04:56","Bicyclist Ride Out - Parallel Path",331225,2008,"B: Evident Injury","Commercial","60-69",62,"No","","B: Evident Injury","Black","Male","Pedestrian","No","No","Daylight","Urban (>70% Developed)","3 lanes",2,"Straight - Level","Local Street","Dry","Two-Way, Not Divided","None","No Special Feature","Coarse Asphalt","Coastal","Urban","","No Control Present","Clear","No","0.0, 0.0",0,0
"1215",254,255,"No","50-59",51,"No","With Traffic","B: Evident Injury","Travel Lane","White","Male","None - Rural Crash","Orange","No","01-01-04","2008-04-17","Motorist Overtaking Bicyclist",20,"Non-Intersection","01-04-01","0001-01-01T15:41:58-04:56","Motorist Overtaking - Undetected Bicyclist",311231,2008,"B: Evident Injury","Farms, Woods, Pastures","40-49",49,"No","41-45 mph","O: No Injury","Black","Male","Sport Utility","No","No","Dark - Roadway Not Lighted","Mixed (30% To 70% Developed)","2 lanes",2,"Straight - Level","State Secondary Route","Dry","Two-Way, Not Divided","None","No Special Feature","Smooth Asphalt","Piedmont","Rural","40 - 45  MPH","Double Yellow Line, No Passing Zone","Clear","No","0.0, 0.0",0,0
"1216",259,260,"No","20-24",24,"No","With Traffic","O: No Injury","Travel Lane","Hispanic","Male","Charlotte","Mecklenburg","No","01-01-04","2008-06-05","Motorist Right Turn / Merge",7,"Non-Intersection","01-06-01","0001-01-01T02:38:58-04:56","Motorist Right Turn - Same Direction",311213,2008,"O: No Injury","Commercial","30-39",31,"No","21-25 mph","O: No Injury","Hispanic","Male","Light Truck (Mini-Van, Panel)","No","No","Daylight","Urban (>70% Developed)","4 lanes",2,"Straight - Level","Local Street","Dry","Two-Way, Not Divided","None","No Special Feature","Smooth Asphalt","Piedmont","Urban","40 - 45  MPH","No Control Present","Clear","No","0.0, 0.0",0,0
"1217",263,264,"No","16-19",18,"No","","C: Possible Injury","","White","Female","Raleigh","Wake","No","01-01-02","2008-04-22","Crossing Paths - Other Circumstances",16,"Non-Intersection","01-04-01","0001-01-01T11:08:58-04:56","Crossing Paths - Midblock - Other /",399380,2008,"C: Possible Injury","Commercial","30-39",34,"No","31-35 mph","O: No Injury","Black","Female","Passenger Car","No","No","Daylight","Urban (>70% Developed)","4 lanes",2,"Straight - Grade","Local Street","Wet","Two-Way, Divided, Positive Median Barrier","None","No Special Feature","Smooth Asphalt","Piedmont","Urban","40 - 45  MPH","Missing","Cloudy","No","0.0, 0.0",0,0
"1218",268,269,"Yes","25-29",25,"No","With Traffic","B: Evident Injury","Sidewalk / Crosswalk / Driveway Crossing","White","Male","Gastonia","Gaston","No","01-01-05","2008-04-25","Motorist Left Turn / Merge",15,"Intersection","01-04-01","0001-01-01T10:44:58-04:56","Motorist Left Turn - Same Direction",131211,2008,"B: Evident Injury","Commercial","",NA,"Missing","16-20 mph","Injury","/Missing","","","No","Yes","Daylight","Urban (>70% Developed)","4 lanes",2,"Straight - Level","Local Street","Dry","Two-Way, Not Divided","None","Four-Way Intersection","Smooth Asphalt","Piedmont","Urban","30 - 35  MPH","Stop And Go Signal","Clear","No","0.0, 0.0",0,0
"1219",269,270,"No","10-Jun",10,"No","Not Applicable","O: No Injury","Driveway / Alley","Black","Male","Reidsville","Rockingham","No","01-01-07","2008-04-27","Bicyclist Failed to Yield - Midblock",10,"Non-Intersection","01-04-01","0001-01-01T05:59:58-04:56","Bicyclist Ride Out - Residential Driveway",353311,2008,"O: No Injury","Residential","30-39",31,"No","31-35 mph","O: No Injury","White","Male","Passenger Car","No","No","Daylight","Rural (<30% Developed)","2 lanes",2,"Straight - Level","Local Street","Dry","Two-Way, Not Divided","None","No Special Feature","Coarse Asphalt","Piedmont","Urban","30 - 35  MPH","No Control Present","Clear","No","0.0, 0.0",0,0
"1220",271,272,"No","30-39",34,"No","With Traffic","O: No Injury","Travel Lane","Hispanic","Male","Charlotte","Mecklenburg","No","01-01-06","2008-06-07","Motorist Failed to Yield - Midblock",19,"Non-Intersection","01-06-01","0001-01-01T14:39:58-04:56","Motorist Drive Out - Commercial Driveway / Alley",311322,2008,"O: No Injury","Residential","20-24",22,"No","36-40 mph","O: No Injury","Hispanic","Male","Passenger Car","No","No","Daylight","Urban (>70% Developed)","2 lanes",2,"Straight - Level","Local Street","Dry","Two-Way, Not Divided","None","No Special Feature","Concrete","Piedmont","Urban","20 - 25  MPH","No Control Present","Clear","No","0.0, 0.0",0,0
"1221",273,274,"Yes","60-69",61,"No","Facing Traffic","C: Possible Injury","Travel Lane","Hispanic","Male","Sanford","Lee","No","01-01-04","2008-04-24","Crossing Paths - Other Circumstances",11,"Intersection","01-04-01","0001-01-01T06:24:58-04:56","Signalized Intersection - Other /",112158,2008,"C: Possible Injury","Residential","40-49",44,"No","0-5 mph","O: No Injury","White","Male","Police","No","No","Daylight","Urban (>70% Developed)","2 lanes",2,"Straight - Level","Local Street","Dry","Two-Way, Not Divided","None","Four-Way Intersection","Smooth Asphalt","Piedmont","Urban","30 - 35  MPH","Stop And Go Signal","Clear","No","0.0, 0.0",0,0
"1222",276,277,"Yes","10-Jun",10,"No","Not Applicable","A: Disabling Injury","Driveway / Alley","White","Male","Cary","Wake","No","01-01-07","2008-06-08","Bicyclist Failed to Yield - Midblock",14,"Non-Intersection","01-06-01","0001-01-01T09:57:58-04:56","Bicyclist Ride Out - Residential Driveway",353311,2008,"A: Disabling Injury","Residential","50-59",54,"No","21-25 mph","O: No Injury","White","Male","Passenger Car","No","No","Daylight","Urban (>70% Developed)","2 lanes",2,"Straight - Level","Local Street","Dry","Two-Way, Not Divided","None","No Special Feature","Smooth Asphalt","Piedmont","Urban","20 - 25  MPH","No Control Present","Clear","No","0.0, 0.0",0,0
"1223",279,280,"No","40-49",45,"No","With Traffic","C: Possible Injury","Travel Lane","White","Male","Wilmington","New Hanover","No","01-01-07","2008-04-27","Motorist Overtaking Bicyclist",22,"Non-Intersection","01-04-01","0001-01-01T17:18:58-04:56","Motorist Overtaking - Other /",311239,2008,"C: Possible Injury","Commercial","",NA,"Missing","","Injury","/Missing","","","No","Yes","Dark - Lighted Roadway","Urban (>70% Developed)","4 lanes",2,"Straight - Level","Local Street","Dry","Two-Way, Divided, Unprotected Median","None","No Special Feature","Smooth Asphalt","Coastal","Urban","","Missing","Clear","No","0.0, 0.0",0,0
"1224",285,286,"No","15-Nov",15,"No","Facing Traffic","O: No Injury","Sidewalk / Crosswalk / Driveway Crossing","White","Male","Kannapolis","Cabarrus","No","01-01-04","2008-05-01","Motorist Failed to Yield - Midblock",20,"Non-Intersection","01-05-01","0001-01-01T15:14:58-04:56","Motorist Drive Out - Midblock -",332329,2008,"O: No Injury","Commercial","25-29",28,"No","0-5 mph","O: No Injury","White","Male","Passenger Car","No","No","Dusk","Urban (>70% Developed)","1 lane",2,"Straight - Level","Local Street","Dry","","None","Alley Intersection","Smooth Asphalt","Piedmont","Urban","5 - 15 MPH","No Control Present","Clear","No","0.0, 0.0",0,0
"1225",286,287,"Yes","40-49",46,"No","With Traffic","C: Possible Injury","Travel Lane","Hispanic","Male","Charlotte","Mecklenburg","No","01-01-03","2008-06-11","Motorist Right Turn / Merge",9,"Non-Intersection","01-06-01","0001-01-01T04:10:58-04:56","Motorist Right Turn - Same Direction",311213,2008,"C: Possible Injury","Commercial","40-49",48,"No","6-10 mph","O: No Injury","White","Male","Pickup","No","No","Daylight","Urban (>70% Developed)","4 lanes",2,"Straight - Level","Local Street","Dry","Two-Way, Divided, Unprotected Median","None","No Special Feature","Smooth Asphalt","Piedmont","Urban","30 - 35  MPH","Stop And Go Signal","Clear","No","0.0, 0.0",0,0
"1226",293,294,"No","40-49",45,"No","With Traffic","B: Evident Injury","Travel Lane","White","Male","Charlotte","Mecklenburg","No","01-01-04","2008-06-12","Motorist Failed to Yield - Sign-Controlled Intersection",7,"Intersection","01-06-01","0001-01-01T02:07:58-04:56","Motorist Drive Through - Sign-Controlled Intersection",111143,2008,"B: Evident Injury","Residential","30-39",39,"No","21-25 mph","O: No Injury","Black","Male","Passenger Car","No","No","Daylight","Urban (>70% Developed)","2 lanes",2,"Straight - Level","Local Street","Dry","Two-Way, Not Divided","None","T-Intersection","Smooth Asphalt","Piedmont","Urban","20 - 25  MPH","Stop Sign","Clear","No","0.0, 0.0",0,0
"1227",307,308,"No","20-24",23,"No","Facing Traffic","C: Possible Injury","Sidewalk / Crosswalk / Driveway Crossing","White","Female","Wilmington","New Hanover","No","01-01-03","2008-05-07","Motorist Failed to Yield - Sign-Controlled Intersection",12,"Intersection","01-05-01","0001-01-01T07:23:58-04:56","Motorist Drive Out - Sign-Controlled Intersection",132141,2008,"C: Possible Injury","Commercial","40-49",49,"No","0-5 mph","O: No Injury","White","Male","Van","No","No","Daylight","Urban (>70% Developed)","4 lanes",2,"Straight - Level","Local Street","Dry","Two-Way, Not Divided","None","T-Intersection","Smooth Asphalt","Coastal","Urban","30 - 35  MPH","Stop Sign","Clear","No","0.0, 0.0",0,0
"1228",324,325,"No","40-49",42,"No","With Traffic","B: Evident Injury","Bike Lane / Paved Shoulder","White","Male","Burlington","Alamance","No","","2008-05-12","Motorist Right Turn / Merge",11,"Intersection","01-05-01","0001-01-01T06:42:58-04:56","Motorist Right Turn - Same Direction",121213,2008,"B: Evident Injury","Residential","60-69",64,"No","0-5 mph","O: No Injury","White","Female","Passenger Car","No","No","Daylight","Urban (>70% Developed)","5 lanes",2,"Straight - Grade","NC Route","Dry","Two-Way, Not Divided","None","T-Intersection","Smooth Asphalt","Piedmont","Urban","30 - 35  MPH","Stop And Go Signal","Clear","No","0.0, 0.0",0,0
"1229",327,328,"No","30-39",31,"No","With Traffic","C: Possible Injury","Travel Lane","White","Male","Concord","Cabarrus","No","01-01-02","2008-05-13","Motorist Failed to Yield - Sign-Controlled Intersection",22,"Intersection","01-05-01","0001-01-01T17:44:58-04:56","Motorist Drive Through - Sign-Controlled Intersection",111143,2008,"C: Possible Injury","Residential","20-24",20,"No","0-5 mph","O: No Injury","White","Male","Pickup","No","No","Dark - Lighted Roadway","Urban (>70% Developed)","2 lanes",2,"Straight - Level","Local Street","Dry","Two-Way, Not Divided","None","T-Intersection","Smooth Asphalt","Piedmont","Urban","30 - 35  MPH","Missing","Clear","No","0.0, 0.0",0,0
"1230",328,329,"Yes","60-69",66,"Yes","Facing Traffic","C: Possible Injury","Travel Lane","White","Male","Wrightsville Beach","New Hanover","Yes","01-01-02","2008-05-13","Motorist Failed to Yield - Sign-Controlled Intersection",14,"Intersection","01-05-01","0001-01-01T09:36:58-04:56","Motorist Drive Out - Sign-Controlled Intersection",112141,2008,"C: Possible Injury","Residential","0-19",17,"No","0-5 mph","O: No Injury","White","Female","Sport Utility","No","No","Daylight","Urban (>70% Developed)","1 lane",2,"Straight - Level","Local Street","Dry","One-Way, Not Divided","None","T-Intersection","Coarse Asphalt","Coastal","Rural","5 - 15 MPH","Stop Sign","Clear","No","0.0, 0.0",0,0
"1231",339,340,"Yes","50-59",51,"No","With Traffic","C: Possible Injury","Travel Lane","Black","Male","None - Rural Crash","New Hanover","No","01-01-07","2008-05-18","Motorist Overtaking Bicyclist",15,"Non-Intersection","01-05-01","0001-01-01T10:34:58-04:56","Motorist Overtaking - Other /",311239,2008,"C: Possible Injury","Farms, Woods, Pastures","",NA,"Missing","","Injury","/Missing","","","No","Yes","Daylight","Rural (<30% Developed)","4 lanes",2,"Straight - Level","US Route","Dry","Two-Way, Divided, Unprotected Median","None","No Special Feature","Coarse Asphalt","Coastal","Rural","","Missing","Clear","No","0.0, 0.0",0,0
"1232",355,356,"Yes","60-69",67,"No","With Traffic","B: Evident Injury","Travel Lane","White","Male","Southern Pines","Moore","No","01-01-04","2008-05-22","Motorist Right Turn / Merge",13,"Intersection","01-05-01","0001-01-01T08:16:58-04:56","Motorist Right Turn - Same Direction",111213,2008,"B: Evident Injury","Residential","70+",NA,"No","41-45 mph","O: No Injury","White","Female","Passenger Car","No","No","Daylight","Urban (>70% Developed)","4 lanes",2,"Straight - Grade","NC Route","Dry","Two-Way, Divided, Unprotected Median","None","T-Intersection","Coarse Asphalt","Piedmont","Urban","40 - 45  MPH","Missing","Clear","No","0.0, 0.0",0,0
"1233",357,358,"No","30-39",30,"No","With Traffic","C: Possible Injury","Travel Lane","White","Male","Charlotte","Mecklenburg","No","01-01-02","2008-06-24","Motorist Right Turn / Merge",19,"Intersection","01-06-01","0001-01-01T14:48:58-04:56","Motorist Right Turn - Same Direction",111213,2008,"C: Possible Injury","Residential","30-39",32,"No","16-20 mph","O: No Injury","White","Male","Passenger Car","No","No","Daylight","Urban (>70% Developed)","4 lanes",2,"Straight - Level","Local Street","Dry","Two-Way, Divided, Unprotected Median","None","No Special Feature","Smooth Asphalt","Piedmont","Urban","30 - 35  MPH","No Control Present","Clear","No","0.0, 0.0",0,0
"1234",362,363,"No","40-49",40,"No","With Traffic","C: Possible Injury","Bike Lane / Paved Shoulder","White","Male","Charlotte","Mecklenburg","No","01-01-03","2008-06-25","Motorist Failed to Yield - Sign-Controlled Intersection",17,"Intersection","01-06-01","0001-01-01T12:38:58-04:56","Motorist Drive Out - Sign-Controlled Intersection",121141,2008,"C: Possible Injury","Residential","50-59",50,"No","21-25 mph","O: No Injury","White","Male","Sport Utility","No","No","Daylight","Mixed (30% To 70% Developed)","4 lanes",2,"Straight - Level","Local Street","Dry","Two-Way, Divided, Positive Median Barrier","None","No Special Feature","Smooth Asphalt","Piedmont","Urban","20 - 25  MPH","Stop Sign","Clear","No","0.0, 0.0",0,0
"1235",369,370,"Yes","50-59",56,"No","With Traffic","B: Evident Injury","Travel Lane","Black","Male","Chapel Hill","Orange","No","01-01-03","2008-05-28","Head-On",9,"Non-Intersection","01-05-01","0001-01-01T04:35:58-04:56","Head-On - Motorist",311255,2008,"B: Evident Injury","Commercial","",NA,"Missing","26-30 mph","Injury","/Missing","","","No","Yes","Daylight","Urban (>70% Developed)","4 lanes",2,"Straight - Level","Local Street","Wet","Two-Way, Not Divided","None","No Special Feature","Smooth Asphalt","Piedmont","Urban","20 - 25  MPH","Double Yellow Line, No Passing Zone","Rain","No","0.0, 0.0",0,0
"1236",370,371,"Yes","25-29",27,"No","Facing Traffic","O: No Injury","Sidewalk / Crosswalk / Driveway Crossing","Black","Male","Wilmington","New Hanover","No","01-01-03","2008-05-28","Motorist Failed to Yield - Sign-Controlled Intersection",16,"Intersection","01-05-01","0001-01-01T12:01:58-04:56","Motorist Drive Out - Sign-Controlled Intersection",132141,2008,"C: Possible Injury","Residential","40-49",42,"No","6-10 mph","C: Possible Injury","Black","Female","Passenger Car","No","No","Daylight","Urban (>70% Developed)","6 lanes",2,"Straight - Level","Local Street","Dry","One-Way, Not Divided","None","No Special Feature","Smooth Asphalt","Coastal","Urban","30 - 35  MPH","Stop Sign","Cloudy","No","0.0, 0.0",0,0
"1237",371,372,"Yes","20-24",20,"No","Facing Traffic","B: Evident Injury","Non-Roadway","Hispanic","Male","None - Rural Crash","Rowan","No","01-01-04","2008-05-29","Motorist Failed to Yield - Sign-Controlled Intersection",15,"Intersection","01-05-01","0001-01-01T10:33:58-04:56","Motorist Drive Out - Sign-Controlled Intersection",162141,2008,"B: Evident Injury","Commercial","20-24",22,"No","0-5 mph","O: No Injury","White","Female","Passenger Car","No","No","Daylight","Mixed (30% To 70% Developed)","2 lanes",2,"Straight - Grade","State Secondary Route","Dry","Two-Way, Not Divided","None","T-Intersection","Coarse Asphalt","Piedmont","Rural","40 - 45  MPH","Stop Sign","Clear","No","0.0, 0.0",0,0
"1238",375,376,"Yes","25-29",29,"No","Facing Traffic","C: Possible Injury","","Black","Female","Kinston","Lenoir","No","01-01-05","2008-06-27","Crossing Paths - Other Circumstances",14,"Intersection","01-06-01","0001-01-01T09:24:58-04:56","Signalized Intersection - Other /",192158,2008,"C: Possible Injury","Commercial","20-24",22,"No","0-5 mph","O: No Injury","White","Female","Sport Utility","No","No","Daylight","Urban (>70% Developed)","2 lanes",2,"Straight - Level","Local Street","Dry","Two-Way, Not Divided","None","Four-Way Intersection","Smooth Asphalt","Coastal","Urban","30 - 35  MPH","Stop And Go Signal","Clear","No","0.0, 0.0",0,0
"1239",377,378,"No","16-19",19,"No","With Traffic","B: Evident Injury","Travel Lane","White","Male","New Bern","Craven","Yes","01-01-05","2008-05-30","Bicyclist Right Turn / Merge",17,"Intersection","01-05-01","0001-01-01T12:56:58-04:56","Bicyclist Right Turn - Same Direction",111223,2008,"B: Evident Injury","Commercial","30-39",36,"Yes","","B: Evident Injury","White","Male","Pedalcycle","No","No","Daylight","Urban (>70% Developed)","4 lanes",2,"Straight - Level","Local Street","Dry","Two-Way, Not Divided","None","T-Intersection","Smooth Asphalt","Coastal","Urban","","Missing","Clear","No","0.0, 0.0",0,0
"1240",379,380,"Yes","30-39",30,"No","Facing Traffic","C: Possible Injury","Travel Lane","White","Male","Wilmington","New Hanover","No","01-01-05","2008-05-30","Motorist Failed to Yield - Midblock",7,"Non-Intersection","01-05-01","0001-01-01T02:20:58-04:56","Motorist Drive Out - Commercial Driveway / Alley",312322,2008,"C: Possible Injury","Commercial","25-29",29,"No","0-5 mph","O: No Injury","White","Female","Passenger Car","No","No","Daylight","Urban (>70% Developed)","5 lanes",2,"Straight - Level","Local Street","Dry","Two-Way, Not Divided","None","Driveway, Public","Coarse Asphalt","Coastal","Urban","30 - 35  MPH","No Control Present","Clear","No","0.0, 0.0",0,0
"1241",388,389,"Yes","10-Jun",9,"No","With Traffic","C: Possible Injury","Travel Lane","Black","Male","Greensboro","Guilford","No","01-01-07","2008-06-08","Loss of Control / Turning Error",18,"Intersection","01-06-01","0001-01-01T13:06:58-04:56","Bicyclist Lost Control - Mechanical Problems",111121,2008,"C: Possible Injury","Residential","50-59",59,"No","31-35 mph","O: No Injury","Black","Male","Passenger Car","No","No","Daylight","Mixed (30% To 70% Developed)","4 lanes",2,"Straight - Level","Local Street","Dry","Two-Way, Not Divided","None","No Special Feature","Coarse Asphalt","Piedmont","Urban","30 - 35  MPH","Missing","Clear","No","0.0, 0.0",0,0
"1242",394,395,"Yes","40-49",45,"No","Not Applicable","C: Possible Injury","Non-Roadway","White","Female","Sharpsburg","Nash","No","01-01-07","2008-02-10","Bicyclist Failed to Yield - Midblock",18,"Non-Intersection","01-02-01","0001-01-01T13:03:58-04:56","Bicyclist Ride Out - Commercial Driveway / Alley",363312,2008,"C: Possible Injury","Commercial","20-24",21,"No","41-45 mph","O: No Injury","Black","Female","Passenger Car","No","No","Dark - Roadway Not Lighted","Mixed (30% To 70% Developed)","4 lanes",2,"Straight - Level","Local Street","Dry","Two-Way, Divided, Unprotected Median","None","No Special Feature","Coarse Asphalt","Coastal","Rural","40 - 45  MPH","Missing","Clear","No","0.0, 0.0",0,0
"1243",396,397,"Yes","40-49",42,"No","With Traffic","B: Evident Injury","Travel Lane","White","Male","Cary","Wake","No","01-01-03","2008-07-02","Motorist Left Turn / Merge",6,"Non-Intersection","01-07-01","0001-01-01T01:51:58-04:56","Motorist Left Turn - Opposite Direction",311212,2008,"B: Evident Injury","Commercial","50-59",54,"No","0-5 mph","O: No Injury","Black","Male","Passenger Car","No","No","Daylight","Urban (>70% Developed)","2 lanes",2,"Straight - Grade","Local Street","Dry","Two-Way, Not Divided","None","No Special Feature","Smooth Asphalt","Piedmont","Urban","30 - 35  MPH","No Control Present","Clear","No","0.0, 0.0",0,0
"1244",399,400,"Yes","50-59",55,"No","With Traffic","B: Evident Injury","Sidewalk / Crosswalk / Driveway Crossing","White","Male","Durham","Durham","No","01-01-03","2008-07-02","Motorist Right Turn / Merge",12,"Intersection","01-07-01","0001-01-01T07:35:58-04:56","Motorist Right Turn - Same Direction",131213,2008,"B: Evident Injury","Commercial","40-49",47,"No","0-5 mph","O: No Injury","Black","Male","Commercial Bus","No","No","Daylight","Urban (>70% Developed)","2 lanes",2,"Straight - Level","Local Street","Dry","Two-Way, Not Divided","None","No Special Feature","Smooth Asphalt","Piedmont","Urban","20 - 25  MPH","Stop And Go Signal","Clear","No","0.0, 0.0",0,0