"","FID","OBJECTID","AmbulanceR","BikeAge_Gr","Bike_Age","Bike_Alc_D","Bike_Dir","Bike_Injur","Bike_Pos","Bike_Race","Bike_Sex","City","County","CrashAlcoh","CrashDay","Crash_Date","Crash_Grp","Crash_Hour","Crash_Loc","Crash_Mont","Crash_Time","Crash_Type","Crash_Ty_1","Crash_Year","Crsh_Sevri","Developmen","DrvrAge_Gr","Drvr_Age","Drvr_Alc_D","Drvr_EstSp","Drvr_Injur","Drvr_Race","Drvr_Sex","Drvr_VehTy","ExcsSpdInd","Hit_Run","Light_Cond","Locality","Num_Lanes","Num_Units","Rd_Charact","Rd_Class","Rd_Conditi","Rd_Config","Rd_Defects","Rd_Feature","Rd_Surface","Region","Rural_Urba","Speed_Limi","Traff_Cntr","Weather","Workzone_I","Location","locx","locy"
"1286",622,623,"Yes","16-19",18,"No","Facing Traffic","Injury","Travel Lane","Black","Male","Sanford","Lee","No","01-01-04","2008-08-14","Crossing Paths - Other Circumstances",23,"Intersection","01-08-01","0001-01-01T18:50:58-04:56","Sign-Controlled Intersection - Other /",112148,2008,"O: No Injury","Commercial","0-19",18,"No","","O: No Injury","White","Male","Pedalcycle","No","No","Dark - Lighted Roadway","Mixed (30% To 70% Developed)","6 lanes",3,"Straight - Level","Local Street","Dry","Two-Way, Not Divided","None","Y-Intersection","Smooth Asphalt","Piedmont","Urban","","Stop Sign","Clear","No","0.0, 0.0",0,0
"1287",629,630,"No","16-19",18,"No","With Traffic","B: Evident Injury","Travel Lane","Hispanic","Male","None - Rural Crash","Washington","No","01-01-05","2008-08-15","Motorist Overtaking Bicyclist",19,"Non-Intersection","01-08-01","0001-01-01T14:53:58-04:56","Motorist Overtaking - Other /",311239,2008,"B: Evident Injury","Farms, Woods, Pastures","25-29",27,"No","51-55 mph","O: No Injury","White","Female","Passenger Car","No","No","Dusk","Rural (<30% Developed)","2 lanes",2,"Straight - Level","NC Route","Dry","Two-Way, Not Divided","None","No Special Feature","Smooth Asphalt","Coastal","Rural","50 - 55  MPH","Double Yellow Line, No Passing Zone","Clear","No","0.0, 0.0",0,0
"1288",631,632,"Yes","15-Nov",15,"No","With Traffic","A: Disabling Injury","Travel Lane","White","Male","None - Rural Crash","Pender","No","","2008-08-11","Bicyclist Failed to Yield - Sign-Controlled Intersection",12,"Intersection","01-08-01","0001-01-01T07:16:58-04:56","Bicyclist Ride Out - Sign-Controlled Intersection",111142,2008,"A: Disabling Injury","Commercial","60-69",62,"No","46-50 mph","O: No Injury","White","Female","Van","No","No","Dusk","Mixed (30% To 70% Developed)","4 lanes",2,"Straight - Level","US Route","Dry","Two-Way, Divided, Unprotected Median","None","Four-Way Intersection","Coarse Asphalt","Coastal","Rural","50 - 55  MPH","Stop Sign","Clear","No","0.0, 0.0",0,0
"1289",632,633,"Yes","30-39",37,"No","Facing Traffic","C: Possible Injury","Multi-use Path","White","Male","Duck","Dare","No","01-01-06","2008-08-16","Motorist Failed to Yield - Midblock",17,"Non-Intersection","01-08-01","0001-01-01T12:32:58-04:56","Motorist Drive Out - Commercial Driveway / Alley",342322,2008,"B: Evident Injury","Commercial","25-29",25,"No","0-5 mph","O: No Injury","White","Male","Sport Utility","No","No","Daylight","Urban (>70% Developed)","1 lane",2,"Curve - Level","NC Route","Dry","Two-Way, Not Divided","None","Shared-Use Paths Or Trails","Smooth Asphalt","Coastal","Rural","20 - 25  MPH","Missing","Clear","No","0.0, 0.0",0,0
"1290",636,637,"No","15-Nov",13,"No","With Traffic","O: No Injury","Travel Lane","/Missing","","Fayetteville","Cumberland","No","01-01-07","2008-08-17","Crossing Paths - Other Circumstances",17,"Intersection","01-08-01","0001-01-01T12:09:58-04:56","Sign-Controlled Intersection - Other /",111148,2008,"O: No Injury","Residential","20-24",21,"No","16-20 mph","O: No Injury","Black","Female","Passenger Car","No","No","Dusk","Urban (>70% Developed)","2 lanes",2,"Curve - Grade","Local Street","Dry","Two-Way, Not Divided","None","T-Intersection","Coarse Asphalt","Coastal","Urban","20 - 25  MPH","Stop Sign","Clear","No","0.0, 0.0",0,0
"1291",637,638,"No","30-39",34,"No","With Traffic","C: Possible Injury","Travel Lane","White","Male","Asheville","Buncombe","No","01-01-07","2008-08-17","Bicyclist Failed to Yield - Signalized Intersection",19,"Intersection","01-08-01","0001-01-01T14:29:58-04:56","Bicyclist Ride Through - Signalized Intersection",111155,2008,"C: Possible Injury","Commercial","20-24",24,"No","11-15 mph","O: No Injury","Black","Female","Passenger Car","No","No","Daylight","Urban (>70% Developed)","4 lanes",2,"Straight - Level","Local Street","Dry","Two-Way, Not Divided","None","Bridge","Smooth Asphalt","Mountains","Urban","30 - 35  MPH","Stop And Go Signal","Clear","No","0.0, 0.0",0,0
"1292",639,640,"Yes","15-Nov",13,"No","With Traffic","C: Possible Injury","Travel Lane","Black","Male","None - Rural Crash","Edgecombe","No","","2008-08-18","Bicyclist Failed to Yield - Sign-Controlled Intersection",20,"Intersection","01-08-01","0001-01-01T15:25:58-04:56","Bicyclist Ride Through - Sign-Controlled Intersection",111144,2008,"C: Possible Injury","Farms, Woods, Pastures","70+",NA,"No","51-55 mph","O: No Injury","Black","Female","Passenger Car","No","No","Dark - Roadway Not Lighted","Rural (<30% Developed)","2 lanes",2,"Straight - Level","US Route","Dry","Two-Way, Not Divided","None","Driveway, Private","Coarse Asphalt","Coastal","Rural","50 - 55  MPH","Stop Sign","Clear","No","0.0, 0.0",0,0
"1293",654,655,"No","15-Nov",11,"No","Not Applicable","C: Possible Injury","","White","Male","Dunn","Harnett","No","01-01-06","2008-08-23","Crossing Paths - Other Circumstances",19,"Non-Intersection","01-08-01","0001-01-01T14:49:58-04:56","Crossing Paths - Midblock - Other /",393380,2008,"C: Possible Injury","Residential","25-29",27,"No","31-35 mph","O: No Injury","Black","Male","Passenger Car","No","No","Daylight","Urban (>70% Developed)","2 lanes",2,"Straight - Level","Local Street","Dry","Two-Way, Not Divided","None","No Special Feature","Coarse Asphalt","Coastal","Urban","30 - 35  MPH","No Control Present","Clear","No","0.0, 0.0",0,0
"1294",660,661,"Yes","30-39",31,"No","With Traffic","K: Killed","Travel Lane","White","Male","Tobaccoville","Forsyth","No","01-01-03","2008-08-20","Motorist Overtaking Bicyclist",12,"Non-Intersection","01-08-01","0001-01-01T07:35:58-04:56","Motorist Overtaking - Other /",311239,2008,"K: Killed","Residential","30-39",39,"No","36-40 mph","O: No Injury","White","Male","Sport Utility","No","No","Daylight","Mixed (30% To 70% Developed)","2 lanes",2,"Curve - Level","State Secondary Route","Dry","Two-Way, Not Divided","None","Driveway, Private","Coarse Asphalt","Piedmont","Rural","40 - 45  MPH","Double Yellow Line, No Passing Zone","Clear","No","0.0, 0.0",0,0
"1295",663,664,"Yes","10-Jun",10,"No","Facing Traffic","B: Evident Injury","Travel Lane","White","Male","None - Rural Crash","Hyde","No","01-01-07","2008-07-20","Bicyclist Failed to Yield - Sign-Controlled Intersection",17,"Intersection","01-07-01","0001-01-01T12:23:58-04:56","Bicyclist Ride Out - Sign-Controlled Intersection",112142,2008,"B: Evident Injury","Residential","0-19",16,"No","11-15 mph","O: No Injury","White","Male","Sport Utility","No","No","Daylight","Urban (>70% Developed)","2 lanes",2,"Straight - Level","Local Street","Dry","Two-Way, Not Divided","None","Four-Way Intersection","Smooth Asphalt","Coastal","Rural","20 - 25  MPH","Stop Sign","Clear","No","0.0, 0.0",0,0
"1296",664,665,"Yes","30-39",38,"No","Facing Traffic","B: Evident Injury","Travel Lane","White","Male","Sylva","Jackson","No","01-01-03","2008-08-20","Head-On",14,"Non-Intersection","01-08-01","0001-01-01T09:40:58-04:56","Head-On - Bicyclist",312250,2008,"B: Evident Injury","Residential","20-24",23,"No","21-25 mph","O: No Injury","White","Female","Pickup","No","No","Daylight","Mixed (30% To 70% Developed)","2 lanes",3,"Curve - Grade","Local Street","Dry","Two-Way, Not Divided","None","No Special Feature","Smooth Asphalt","Mountains","Rural","20 - 25  MPH","No Control Present","Cloudy","No","0.0, 0.0",0,0
"1297",667,668,"Yes","20-24",22,"No","With Traffic","C: Possible Injury","Sidewalk / Crosswalk / Driveway Crossing","Black","Female","Goldsboro","Wayne","No","","2008-08-25","Motorist Left Turn / Merge",21,"Non-Intersection","01-08-01","0001-01-01T16:16:58-04:56","Motorist Left Turn - Opposite Direction",331212,2008,"C: Possible Injury","Residential","0-19",19,"No","31-35 mph","O: No Injury","Black","Female","Passenger Car","No","No","Dark - Lighted Roadway","Urban (>70% Developed)","2 lanes",2,"Straight - Level","Local Street","Wet","Two-Way, Not Divided","None","No Special Feature","Coarse Asphalt","Coastal","Urban","20 - 25  MPH","No Control Present","Rain","No","0.0, 0.0",0,0
"1298",915,916,"Yes","50-59",53,"No","Facing Traffic","C: Possible Injury","Travel Lane","Black","Male","High Point","Guilford","No","01-01-04","2007-11-08","Motorist Failed to Yield - Midblock",11,"Non-Intersection","01-11-01","0001-01-01T06:04:58-04:56","Motorist Drive Out - Commercial Driveway / Alley",312322,2007,"C: Possible Injury","Commercial","30-39",35,"No","0-5 mph","O: No Injury","Other","Male","Passenger Car","No","No","Daylight","Urban (>70% Developed)","5 lanes",2,"Straight - Level","Public Vehicular Area","Dry","Two-Way, Not Divided","None","Driveway, Public","Coarse Asphalt","Piedmont","Urban","30 - 35  MPH","No Control Present","Clear","No","35.943962, -80.00275",-80.00275,35.943962
"1299",917,918,"Yes","15-Nov",12,"No","With Traffic","C: Possible Injury","Travel Lane","Black","Male","Albemarle","Stanly","No","01-01-05","2007-11-09","Bicyclist Failed to Yield - Sign-Controlled Intersection",16,"Intersection","01-11-01","0001-01-01T11:06:58-04:56","Bicyclist Ride Through - Sign-Controlled Intersection",111144,2007,"C: Possible Injury","Residential","0-19",18,"No","26-30 mph","O: No Injury","White","Male","Pickup","No","No","Daylight","Urban (>70% Developed)","2 lanes",2,"Straight - Level","Local Street","Dry","Two-Way, Not Divided","None","Four-Way Intersection","Coarse Asphalt","Piedmont","Urban","30 - 35  MPH","Stop Sign","Clear","No","35.36504, -80.20365",-80.20365,35.36504
"1300",919,920,"Yes","20-24",22,"No","With Traffic","B: Evident Injury","Travel Lane","White","Male","None - Rural Crash","New Hanover","No","01-01-06","2007-11-10","Motorist Overtaking Bicyclist",21,"Non-Intersection","01-11-01","0001-01-01T16:43:58-04:56","Motorist Overtaking - Misjudged Space",311232,2007,"B: Evident Injury","Residential","",NA,"Missing","41-45 mph","Injury","/Missing","","","No","Yes","Dark - Roadway Not Lighted","Mixed (30% To 70% Developed)","2 lanes",2,"Straight - Level","State Secondary Route","Dry","Two-Way, Not Divided","None","No Special Feature","Smooth Asphalt","Coastal","Rural","40 - 45  MPH","Double Yellow Line, No Passing Zone","Clear","No","34.12596, -77.87861",-77.87861,34.12596
"1301",324,325,"Yes","25-29",28,"No","Facing Traffic","C: Possible Injury","Sidewalk / Crosswalk / Driveway Crossing","Black","Male","Charlotte","Mecklenburg","No","01-01-02","2012-05-29","Motorist Failed to Yield - Midblock",14,"Non-Intersection","01-05-01","0001-01-01T09:03:58-04:56","Motorist Drive Out - Commercial Driveway / Alley",NA,2012,"C: Possible Injury","Commercial","70",70,"No","16-20 mph","O: No Injury","White","Female","Passenger Car","No","Yes","Daylight","Urban (>70% Developed)","2 lanes",2,"Straight - Level","Local Street","Dry","Two-Way, Not Divided","None","No Special Feature","Smooth Asphalt","Piedmont","Urban","40 - 45  MPH","Stop Sign","Clear","No","35.13813, -80.7388",-80.7388,35.13813
"1302",333,334,"No","25-29",25,"No","With Traffic","B: Evident Injury","Travel Lane","White","Male","Raleigh","Wake","No","01-01-04","2012-05-24","Motorist Overtaking Bicyclist",13,"Intersection-Related","01-05-01","0001-01-01T08:45:58-04:56","Motorist Overtaking - Other /",NA,2012,"B: Evident Injury","Residential","0-19",18,"No","21-25 mph","O: No Injury","White","Female","Passenger Car","No","No","Daylight","Urban (>70% Developed)","2 lanes",2,"Straight - Level","Local Street","Dry","Two-Way, Not Divided","None","No Special Feature","Coarse Asphalt","Piedmont","Urban","30 - 35  MPH","No Control Present","Clear","No","35.77707, -78.6829",-78.6829,35.77707
"1303",340,341,"Yes","25-29",29,"No","With Traffic","C: Possible Injury","Travel Lane","White","Male","Raleigh","Wake","No","01-01-03","2012-05-30","Bicyclist Overtaking Motorist",15,"Non-Intersection","01-05-01","0001-01-01T10:54:58-04:56","Bicyclist Overtaking - Extended Door",NA,2012,"C: Possible Injury","Industrial","30-39",39,"Missing","0-5 mph","O: No Injury","White","Male","Police","No","No","Daylight","Urban (>70% Developed)","2 lanes",2,"Straight - Level","Local Street","Dry","One-Way, Not Divided","None","No Special Feature","Smooth Asphalt","Piedmont","Urban","30 - 35  MPH","Stop And Go Signal","Clear","Yes","35.77608, -78.6404",-78.6404,35.77608
"1304",345,346,"Yes","40-49",49,"No","With Traffic","B: Evident Injury","Travel Lane","White","Male","Huntersville","Mecklenburg","No","01-01-05","2012-05-25","Motorist Overtaking Bicyclist",22,"Intersection-Related","01-05-01","0001-01-01T17:34:58-04:56","Motorist Overtaking - Undetected Bicyclist",NA,2012,"B: Evident Injury","Commercial","30-39",30,"No","41-45 mph","O: No Injury","White","Male","Passenger Car","No","No","Dark - Lighted Roadway","Urban (>70% Developed)","2 lanes",2,"Straight - Grade","NC Route","Dry","Two-Way, Not Divided","None","No Special Feature","Smooth Asphalt","Piedmont","Urban","40 - 45  MPH","Double Yellow Line, No Passing Zone","Clear","No","35.41599, -80.8568",-80.8568,35.41599
"1305",347,348,"No","25-29",25,"No","With Traffic","C: Possible Injury","Travel Lane","Black","Male","Winston-Salem","Forsyth","No","01-01-06","2012-06-02","Motorist Overtaking Bicyclist",23,"Non-Intersection","01-06-01","0001-01-01T18:08:58-04:56","Motorist Overtaking - Other /",NA,2012,"C: Possible Injury","Commercial","",NA,"No","6-10 mph","Injury","/Missing","","","No","Yes","Daylight","Urban (>70% Developed)","2 lanes",2,"Straight - Level","Local Street","Dry","Two-Way, Divided, Unprotected Median","None","No Special Feature","Smooth Asphalt","Piedmont","Urban","30 - 35  MPH","No Control Present","Clear","No","36.10796, -80.2477",-80.2477,36.10796
"1306",352,353,"Yes","50-59",51,"No","With Traffic","B: Evident Injury","Travel Lane","White","Female","Salter Path","Carteret","No","01-01-02","2012-05-29","Motorist Overtaking Bicyclist",18,"Non-Intersection","01-05-01","0001-01-01T13:48:58-04:56","Motorist Overtaking - Misjudged Space",NA,2012,"B: Evident Injury","Commercial","40-49",43,"No","0-5 mph","O: No Injury","White","Male","Single Unit Truck (3 Or More Axles)","No","No","Daylight","Mixed (30% To 70% Developed)","3 lanes",2,"Straight - Level","NC Route","Dry","Two-Way, Not Divided","None","Driveway, Public","Smooth Asphalt","Coastal","Rural","30 - 35  MPH","No Control Present","Clear","No","34.68877, -76.8817",-76.8817,34.68877
"1307",355,356,"No","50-59",53,"No","Facing Traffic","B: Evident Injury","Bike Lane / Paved Shoulder","White","Male","None - Rural Crash","Caldwell","No","01-01-05","2012-06-01","Motorist Failed to Yield - Sign-Controlled Intersection",15,"Intersection","01-06-01","0001-01-01T10:23:58-04:56","Motorist Drive Out - Sign-Controlled Intersection",NA,2012,"B: Evident Injury","Commercial","50-59",56,"No","6-10 mph","O: No Injury","White","Female","Sport Utility","No","No","Daylight","Mixed (30% To 70% Developed)","2 lanes",2,"Straight - Grade","US Route","Dry","Two-Way, Not Divided","None","Four-Way Intersection","Smooth Asphalt","Mountains","Rural","50 - 55  MPH","Stop Sign","Clear","No","35.85556, -81.608",-81.608,35.85556
"1308",363,364,"Yes","50-59",50,"No","Facing Traffic","C: Possible Injury","Sidewalk / Crosswalk / Driveway Crossing","Black","Male","Charlotte","Mecklenburg","No","01-01-02","2012-06-12","Bicyclist Failed to Yield - Signalized Intersection",22,"Intersection","01-06-01","0001-01-01T17:31:58-04:56","Bicyclist Ride Through - Signalized Intersection",NA,2012,"C: Possible Injury","Residential","40-49",44,"No","0-5 mph","O: No Injury","Black","Female","Sport Utility","No","No","Dark - Lighted Roadway","Rural (<30% Developed)","4 lanes",2,"Straight - Level","Local Street","Wet","Two-Way, Not Divided","None","Four-Way Intersection","Smooth Asphalt","Piedmont","Urban","30 - 35  MPH","Stop And Go Signal","Rain","No","35.26307, -80.8546",-80.8546,35.26307
"1309",364,365,"No","40-49",45,"No","With Traffic","B: Evident Injury","Travel Lane","White","Male","Harrisburg","Cabarrus","No","01-01-06","2012-05-26","Motorist Overtaking Bicyclist",11,"Non-Intersection","01-05-01","0001-01-01T07:00:58-04:56","Motorist Overtaking - Misjudged Space",NA,2012,"B: Evident Injury","Residential","40-49",46,"No","36-40 mph","O: No Injury","White","Female","Passenger Car","No","No","Daylight","Rural (<30% Developed)","2 lanes",2,"Straight - Grade","Local Street","Dry","Two-Way, Not Divided","None","No Special Feature","Smooth Asphalt","Piedmont","Urban","40 - 45  MPH","No Control Present","Clear","No","35.33086, -80.6183",-80.6183,35.33086
"1310",369,370,"Yes","50-59",51,"No","With Traffic","C: Possible Injury","Travel Lane","Black","Female","None - Rural Crash","Columbus","No","01-01-04","2012-06-07","Motorist Overtaking Bicyclist",6,"Non-Intersection","01-06-01","0001-01-01T01:41:58-04:56","Motorist Overtaking - Other /",NA,2012,"C: Possible Injury","Residential","",NA,"Missing","36-40 mph","Injury","/Missing","","Passenger Car","No","Yes","Daylight","Mixed (30% To 70% Developed)","2 lanes",2,"Straight - Level","State Secondary Route","Dry","Two-Way, Not Divided","None","No Special Feature","Coarse Asphalt","Coastal","Rural","50 - 55  MPH","No Control Present","Clear","No","34.42376, -78.8066",-78.8066,34.42376
"1311",371,372,"Yes","10-Jun",8,"No","Not Applicable","C: Possible Injury","Driveway / Alley","Black","Female","Ramseur","Randolph","No","01-01-07","2012-06-10","Bicyclist Failed to Yield - Midblock",18,"Non-Intersection","01-06-01","0001-01-01T13:03:58-04:56","Bicyclist Ride Out - Residential Driveway",NA,2012,"C: Possible Injury","Residential","60-69",64,"No","11-15 mph","O: No Injury","White","Male","Pickup","No","No","Daylight","Urban (>70% Developed)","2 lanes",2,"Straight - Grade","Local Street","Dry","Two-Way, Not Divided","None","No Special Feature","Coarse Asphalt","Piedmont","Rural","30 - 35  MPH","No Control Present","Clear","No","35.73743, -79.651",-79.651,35.73743
"1312",372,373,"No","20-24",24,"No","Facing Traffic","C: Possible Injury","Sidewalk / Crosswalk / Driveway Crossing","Black","Male","Wilson","Wilson","No","01-01-02","2012-05-29","Motorist Failed to Yield - Midblock",15,"Non-Intersection","01-05-01","0001-01-01T10:04:58-04:56","Motorist Drive Out - Commercial Driveway / Alley",NA,2012,"C: Possible Injury","Commercial","0-19",19,"No","0-5 mph","O: No Injury","White","Male","Passenger Car","No","No","Daylight","Urban (>70% Developed)","5 lanes",2,"Straight - Level","Local Street","Dry","Two-Way, Not Divided","None","T-Intersection","Smooth Asphalt","Coastal","Urban","40 - 45  MPH","No Control Present","Clear","No","35.75656, -77.9575",-77.9575,35.75656
"1313",379,380,"Yes","50-59",50,"No","Not Applicable","K: Killed","","White","Male","Havelock","Craven","No","01-01-05","2012-05-11","Crossing Paths - Other Circumstances",22,"Non-Intersection","01-05-01","0001-01-01T17:31:58-04:56","Crossing Paths - Midblock - Other /",NA,2012,"K: Killed","Commercial","40-49",49,"No","46-50 mph","C: Possible Injury","Black","Male","Passenger Car","No","No","Dark - Roadway Not Lighted","Urban (>70% Developed)","4 lanes",2,"Straight - Grade","US Route","Dry","Two-Way, Divided, Unprotected Median","None","No Special Feature","Smooth Asphalt","Coastal","Urban","50 - 55  MPH","No Control Present","Clear","No","34.89253, -76.924",-76.924,34.89253
"1314",388,389,"No","16-19",16,"No","With Traffic","B: Evident Injury","Travel Lane","White","Male","None - Rural Crash","Craven","No","01-01-04","2012-06-14","Bicyclist Left Turn / Merge",17,"Non-Intersection","01-06-01","0001-01-01T12:13:58-04:56","Bicyclist Left Turn - Same Direction",NA,2012,"B: Evident Injury","Residential","40-49",40,"No","26-30 mph","O: No Injury","White","Male","Pickup","No","No","Daylight","Urban (>70% Developed)","2 lanes",2,"Straight - Level","State Secondary Route","Dry","Two-Way, Not Divided","None","No Special Feature","Coarse Asphalt","Coastal","Rural","40 - 45  MPH","Double Yellow Line, No Passing Zone","Clear","No","34.90703, -76.9375",-76.9375,34.90703
"1315",389,390,"Yes","40-49",48,"No","","B: Evident Injury","Travel Lane","Hispanic","Male","Matthews","Mecklenburg","No","01-01-03","2012-06-13","Other /  - Insufficient Details",8,"Non-Intersection","01-06-01","0001-01-01T03:33:58-04:56","Approach Paths",NA,2012,"B: Evident Injury","Commercial","50-59",53,"No","41-45 mph","O: No Injury","White","Male","Passenger Car","No","No","Daylight","Urban (>70% Developed)","2 lanes",2,"Straight - Level","US Route","Dry","Two-Way, Divided, Unprotected Median","None","No Special Feature","Smooth Asphalt","Piedmont","Urban","40 - 45  MPH","No Control Present","Clear","No","35.14024, -80.7181",-80.7181,35.14024
"1316",391,392,"No","",0,"No","","C: Possible Injury","Travel Lane","White","Male","Emerald Isle","Carteret","No","01-01-06","2012-06-09","Crossing Paths - Other Circumstances",18,"Intersection-Related","01-06-01","0001-01-01T13:23:58-04:56","Crossing Paths - Uncontrolled Intersection",NA,2012,"C: Possible Injury","Commercial","40-49",40,"No","0-5 mph","O: No Injury","Black","Male","Van","No","No","Daylight","Urban (>70% Developed)","2 lanes",2,"Straight - Level","Local Street","Dry","Two-Way, Not Divided","None","No Special Feature","Smooth Asphalt","Coastal","Rural","20 - 25  MPH","No Control Present","Clear","No","34.66473, -77.0349",-77.0349,34.66473
"1317",392,393,"No","16-19",17,"No","Facing Traffic","C: Possible Injury","Travel Lane","White","Male","Salisbury","Rowan","No","01-01-03","2012-06-20","Motorist Failed to Yield - Sign-Controlled Intersection",11,"Intersection","01-06-01","0001-01-01T06:40:58-04:56","Motorist Drive Out - Sign-Controlled Intersection",NA,2012,"C: Possible Injury","Commercial","20-24",22,"No","","O: No Injury","Hispanic","Male","Passenger Car","No","No","Daylight","Urban (>70% Developed)","2 lanes",2,"Straight - Level","Local Street","Dry","Two-Way, Not Divided","None","T-Intersection","Smooth Asphalt","Piedmont","Urban","","Stop Sign","Clear","No","35.64114, -80.5098",-80.5098,35.64114
"1318",404,405,"Yes","15-Nov",15,"No","Facing Traffic","B: Evident Injury","Travel Lane","Black","Male","Henderson","Vance","No","01-01-05","2012-06-15","Motorist Left Turn / Merge",16,"Intersection","01-06-01","0001-01-01T11:05:58-04:56","Motorist Left Turn - Same Direction",NA,2012,"B: Evident Injury","Residential","60-69",61,"No","6-10 mph","O: No Injury","Black","Female","Passenger Car","No","No","Daylight","Urban (>70% Developed)","2 lanes",2,"Straight - Hillcrest","Local Street","Dry","Two-Way, Not Divided","None","T-Intersection","Smooth Asphalt","Piedmont","Urban","30 - 35  MPH","Stop Sign","Clear","No","36.33002, -78.4299",-78.4299,36.33002
"1319",406,407,"Yes","15-Nov",15,"No","With Traffic","B: Evident Injury","Travel Lane","Asian","Female","Huntersville","Mecklenburg","No","01-01-05","2012-06-15","Bicyclist Left Turn / Merge",12,"Non-Intersection","01-06-01","0001-01-01T07:59:58-04:56","Bicyclist Left Turn - Same Direction",NA,2012,"B: Evident Injury","Residential","50-59",52,"No","41-45 mph","O: No Injury","White","Male","Pickup","No","No","Daylight","Mixed (30% To 70% Developed)","2 lanes",2,"Straight - Level","NC Route","Dry","Two-Way, Not Divided","None","No Special Feature","Smooth Asphalt","Piedmont","Urban","40 - 45  MPH","Double Yellow Line, No Passing Zone","Clear","No","35.43469, -80.905",-80.905,35.43469
"1320",410,411,"Yes","15-Nov",15,"No","With Traffic","C: Possible Injury","Travel Lane","Black","Male","Winston-Salem","Forsyth","No","01-01-06","2012-06-16","Motorist Overtaking Bicyclist",20,"Non-Intersection","01-06-01","0001-01-01T15:35:58-04:56","Motorist Overtaking - Bicyclist Swerved",NA,2012,"C: Possible Injury","Residential","",NA,"Missing","31-35 mph","Injury","/Missing","","","No","Yes","Daylight","Urban (>70% Developed)","2 lanes",2,"Straight - Level","Local Street","Dry","Two-Way, Not Divided","None","No Special Feature","Smooth Asphalt","Piedmont","Urban","30 - 35  MPH","No Control Present","Clear","No","36.151, -80.2137",-80.2137,36.151
"1321",414,415,"Yes","50-59",51,"No","","A: Disabling Injury","","Black","Male","Smithfield","Johnston","No","01-01-06","2012-06-16","Other /  - Insufficient Details",14,"Intersection-Related","01-06-01","0001-01-01T09:49:58-04:56","Approach Paths",NA,2012,"A: Disabling Injury","Commercial","30-39",35,"No","31-35 mph","O: No Injury","Hispanic","Female","Passenger Car","No","No","Daylight","Urban (>70% Developed)","5 lanes",2,"Straight - Level","US Route","Dry","Two-Way, Not Divided","None","No Special Feature","Coarse Asphalt","Coastal","Urban","30 - 35  MPH","No Control Present","Clear","No","35.5134, -78.3326",-78.3326,35.5134
"1322",417,418,"Yes","40-49",47,"No","With Traffic","C: Possible Injury","Travel Lane","White","Female","Cary","Wake","No","01-01-04","2012-06-14","Motorist Failed to Yield - Midblock",13,"Non-Intersection","01-06-01","0001-01-01T08:36:58-04:56","Motorist Drive Out - Commercial Driveway / Alley",NA,2012,"C: Possible Injury","Commercial","25-29",29,"No","6-10 mph","O: No Injury","Black","Female","Passenger Car","No","No","Daylight","Urban (>70% Developed)","5 lanes",2,"Straight - Grade","State Secondary Route","Dry","Two-Way, Not Divided","None","No Special Feature","Coarse Asphalt","Piedmont","Urban","","No Control Present","Clear","No","35.76376, -78.7444",-78.7444,35.76376
"1323",422,423,"No","16-19",19,"No","With Traffic","O: No Injury","Sidewalk / Crosswalk / Driveway Crossing","White","Male","Raleigh","Wake","No","01-01-07","2012-06-24","Motorist Failed to Yield - Midblock",16,"Non-Intersection","01-06-01","0001-01-01T11:34:58-04:56","Motorist Drive Out - Midblock -",NA,2012,"O: No Injury","Residential","",NA,"Missing","0-5 mph","Injury","/Missing","","Passenger Car","No","Yes","Daylight","Mixed (30% To 70% Developed)","2 lanes",2,"Straight - Level","Local Street","Dry","Two-Way, Not Divided","None","No Special Feature","Smooth Asphalt","Piedmont","Urban","20 - 25  MPH","No Control Present","Clear","No","35.78393, -78.6606",-78.6606,35.78393
"1324",430,431,"Yes","20-24",21,"No","Facing Traffic","C: Possible Injury","Sidewalk / Crosswalk / Driveway Crossing","Black","Male","Raleigh","Wake","No","01-01-06","2012-06-23","Bicyclist Failed to Yield - Signalized Intersection",21,"Intersection","01-06-01","0001-01-01T16:41:58-04:56","Bicyclist Failed to Clear - Trapped",NA,2012,"C: Possible Injury","Commercial","40-49",48,"No","11-15 mph","O: No Injury","Other","Male","Taxicab","No","Yes","Dark - Lighted Roadway","Mixed (30% To 70% Developed)","4 lanes",2,"Straight - Level","Local Street","Dry","One-Way, Not Divided","None","Four-Way Intersection","Smooth Asphalt","Piedmont","Urban","30 - 35  MPH","Stop And Go Signal","Clear","No","35.77983, -78.6222",-78.6222,35.77983
"1325",436,437,"Yes","20-24",24,"No","Facing Traffic","C: Possible Injury","Sidewalk / Crosswalk / Driveway Crossing","White","Male","Raleigh","Wake","No","01-01-03","2012-06-27","Motorist Failed to Yield - Signalized Intersection",18,"Intersection","01-06-01","0001-01-01T13:52:58-04:56","Motorist Drive Out - Right Turn on Red",NA,2012,"C: Possible Injury","Institutional","50-59",59,"No","0-5 mph","O: No Injury","White","Male","Pickup","No","No","Daylight","Urban (>70% Developed)","2 lanes",2,"Straight - Level","Public Vehicular Area","Dry","Two-Way, Not Divided","None","Four-Way Intersection","Smooth Asphalt","Piedmont","Urban","5 - 15 MPH","Stop And Go Signal","Clear","No","35.77516, -78.6567",-78.6567,35.77516