"","FID","OBJECTID","AmbulanceR","BikeAge_Gr","Bike_Age","Bike_Alc_D","Bike_Dir","Bike_Injur","Bike_Pos","Bike_Race","Bike_Sex","City","County","CrashAlcoh","CrashDay","Crash_Date","Crash_Grp","Crash_Hour","Crash_Loc","Crash_Mont","Crash_Time","Crash_Type","Crash_Ty_1","Crash_Year","Crsh_Sevri","Developmen","DrvrAge_Gr","Drvr_Age","Drvr_Alc_D","Drvr_EstSp","Drvr_Injur","Drvr_Race","Drvr_Sex","Drvr_VehTy","ExcsSpdInd","Hit_Run","Light_Cond","Locality","Num_Lanes","Num_Units","Rd_Charact","Rd_Class","Rd_Conditi","Rd_Config","Rd_Defects","Rd_Feature","Rd_Surface","Region","Rural_Urba","Speed_Limi","Traff_Cntr","Weather","Workzone_I","Location","locx","locy"
"1367",678,679,"No","25-29",25,"No","Not Applicable","C: Possible Injury","Travel Lane","White","Male","Fayetteville","Cumberland","No","01-01-05","2012-09-07","Bicyclist Failed to Yield - Sign-Controlled Intersection",16,"Intersection","01-09-01","0001-01-01T11:48:58-04:56","Bicyclist Ride Through - Sign-Controlled Intersection",NA,2012,"C: Possible Injury","Commercial","0-19",19,"No","6-10 mph","O: No Injury","Black","Male","Passenger Car","No","No","Daylight","Urban (>70% Developed)","2 lanes",2,"Straight - Level","Local Street","Dry","Two-Way, Not Divided","None","No Special Feature","Coarse Asphalt","Coastal","Urban","5 - 15 MPH","Stop Sign","Clear","No","35.06414, -79.0139",-79.0139,35.06414
"1368",681,682,"Yes","50-59",54,"No","With Traffic","C: Possible Injury","Bike Lane / Paved Shoulder","Black","Male","Smithfield","Johnston","No","01-01-03","2012-09-12","Motorist Left Turn / Merge",11,"Non-Intersection","01-09-01","0001-01-01T07:01:58-04:56","Motorist Left Turn - Same Direction",NA,2012,"C: Possible Injury","Commercial","60-69",65,"No","6-10 mph","O: No Injury","White","Male","Sport Utility","No","No","Daylight","Urban (>70% Developed)","3 lanes",2,"Straight - Level","US Route","Dry","Two-Way, Not Divided","None","No Special Feature","Coarse Asphalt","Coastal","Urban","40 - 45  MPH","No Control Present","Clear","No","35.49447, -78.3563",-78.3563,35.49447
"1369",693,694,"Yes","25-29",28,"No","With Traffic","C: Possible Injury","Travel Lane","White","Female","Durham","Durham","No","01-01-07","2012-09-23","Motorist Left Turn / Merge",9,"Intersection","01-09-01","0001-01-01T04:46:58-04:56","Motorist Left Turn - Opposite Direction",NA,2012,"C: Possible Injury","Commercial","40-49",49,"No","6-10 mph","O: No Injury","Black","Female","Passenger Car","No","No","Daylight","Urban (>70% Developed)","2 lanes",2,"Curve - Grade","Local Street","Dry","Two-Way, Not Divided","None","T-Intersection","Smooth Asphalt","Piedmont","Urban","30 - 35  MPH","Stop And Go Signal","Clear","No","35.99152, -78.9406",-78.9406,35.99152
"1370",694,695,"Yes","20-24",21,"No","Facing Traffic","C: Possible Injury","Sidewalk / Crosswalk / Driveway Crossing","White","Male","Wilmington","New Hanover","No","01-01-05","2012-09-14","Head-On",15,"Non-Intersection","01-09-01","0001-01-01T10:05:58-04:56","Head-On - Bicyclist",NA,2012,"C: Possible Injury","Commercial","50-59",51,"No","0-5 mph","O: No Injury","White","Female","Sport Utility","No","No","Daylight","Urban (>70% Developed)","6 lanes",2,"Straight - Grade","US Route","Dry","Two-Way, Not Divided","None","No Special Feature","Smooth Asphalt","Coastal","Urban","40 - 45  MPH","No Control Present","Clear","No","34.20792, -77.8873",-77.8873,34.20792
"1371",695,696,"Yes","25-29",26,"No","Facing Traffic","C: Possible Injury","Sidewalk / Crosswalk / Driveway Crossing","White","Male","Greenville","Pitt","No","01-01-05","2012-09-21","Crossing Paths - Other Circumstances",14,"Intersection-Related","01-09-01","0001-01-01T09:41:58-04:56","Crossing Paths - Intersection - Other /",NA,2012,"C: Possible Injury","Commercial","0-19",18,"No","0-5 mph","O: No Injury","White","Female","Passenger Car","No","No","Daylight","Urban (>70% Developed)","4 lanes",2,"Straight - Level","Local Street","Dry","Two-Way, Divided, Unprotected Median","None","Four-Way Intersection","Coarse Asphalt","Coastal","Urban","20 - 25  MPH","Stop And Go Signal","Clear","No","35.61113, -77.3729",-77.3729,35.61113
"1372",699,700,"Yes","25-29",29,"No","Facing Traffic","B: Evident Injury","Travel Lane","White","Female","Raleigh","Wake","No","01-01-05","2012-09-21","Motorist Left Turn / Merge",6,"Non-Intersection","01-09-01","0001-01-01T01:22:58-04:56","Motorist Left Turn - Opposite Direction",NA,2012,"B: Evident Injury","Commercial","40-49",44,"No","6-10 mph","O: No Injury","Other","Male","Taxicab","No","No","Dusk","Urban (>70% Developed)","5 lanes",2,"Straight - Grade","Local Street","Dry","Two-Way, Not Divided","None","No Special Feature","Coarse Asphalt","Piedmont","Urban","30 - 35  MPH","No Control Present","Clear","No","35.7883, -78.6418",-78.6418,35.7883
"1373",716,717,"Yes","20-24",24,"No","With Traffic","C: Possible Injury","Travel Lane","White","Female","Raleigh","Wake","No","01-01-05","2012-09-21","Motorist Left Turn / Merge",20,"Intersection","01-09-01","0001-01-01T15:15:58-04:56","Motorist Left Turn - Opposite Direction",NA,2012,"C: Possible Injury","Residential","20-24",22,"No","0-5 mph","O: No Injury","Black","Male","Passenger Car","No","No","Dark - Lighted Roadway","Urban (>70% Developed)","7 lanes",2,"Straight - Level","Local Street","Dry","Two-Way, Not Divided","None","T-Intersection","Smooth Asphalt","Piedmont","Urban","30 - 35  MPH","No Control Present","Clear","No","35.79451, -78.6936",-78.6936,35.79451
"1374",718,719,"Yes","50-59",58,"Yes","Not Applicable","B: Evident Injury","Non-Roadway","Black","Male","Durham","Durham","Yes","01-01-07","2012-09-30","Non-Roadway",16,"Non-Roadway","01-09-01","0001-01-01T11:08:58-04:56","Non-Roadway",NA,2012,"B: Evident Injury","Commercial","",NA,"Missing","0-5 mph","Injury","/Missing","","Passenger Car","No","Yes","Daylight","Urban (>70% Developed)","2 lanes",2,"Straight - Level","Public Vehicular Area","Dry","Two-Way, Not Divided","None","No Special Feature","Coarse Asphalt","Piedmont","Urban","5 - 15 MPH","No Control Present","Clear","No","35.99038, -78.928",-78.928,35.99038
"1375",719,720,"Yes","15-Nov",14,"No","Facing Traffic","C: Possible Injury","Travel Lane","Black","Male","Wilson","Wilson","No","01-01-02","2012-09-11","Bicyclist Failed to Yield - Sign-Controlled Intersection",16,"Intersection","01-09-01","0001-01-01T11:14:58-04:56","Bicyclist Ride Through - Sign-Controlled Intersection",NA,2012,"C: Possible Injury","Residential","40-49",47,"No","21-25 mph","O: No Injury","Black","Female","Passenger Car","No","No","Daylight","Urban (>70% Developed)","2 lanes",2,"Straight - Level","Local Street","Dry","Two-Way, Not Divided","None","No Special Feature","Coarse Asphalt","Coastal","Urban","30 - 35  MPH","Stop Sign","Clear","No","35.71983, -77.898",-77.898,35.71983
"1376",732,733,"Yes","16-19",18,"No","With Traffic","C: Possible Injury","Travel Lane","White","Male","Gastonia","Gaston","No","01-01-06","2012-09-15","Bicyclist Failed to Yield - Sign-Controlled Intersection",13,"Intersection","01-09-01","0001-01-01T08:05:58-04:56","Bicyclist Ride Through - Sign-Controlled Intersection",NA,2012,"C: Possible Injury","Residential","25-29",29,"No","31-35 mph","O: No Injury","Black","Male","Passenger Car","No","No","Daylight","Urban (>70% Developed)","3 lanes",2,"Straight - Level","Local Street","Dry","Two-Way, Not Divided","None","T-Intersection","Smooth Asphalt","Piedmont","Urban","30 - 35  MPH","Double Yellow Line, No Passing Zone","Clear","No","35.25512, -81.2081",-81.2081,35.25512
"1377",735,736,"Yes","20-24",24,"No","With Traffic","B: Evident Injury","Bike Lane / Paved Shoulder","White","Male","None - Rural Crash","Rutherford","No","","2012-10-01","Motorist Overtaking Bicyclist",11,"Non-Intersection","01-10-01","0001-01-01T06:50:58-04:56","Motorist Overtaking - Other /",NA,2012,"B: Evident Injury","Farms, Woods, Pastures","30-39",37,"No","56-60 mph","O: No Injury","White","Male","Tractor/Semi-Trailer","No","No","Daylight","Rural (<30% Developed)","4 lanes",2,"Straight - Level","US Route","Wet","Two-Way, Divided, Positive Median Barrier","None","No Special Feature","Coarse Asphalt","Mountains","Rural","60 - 75 MPH","No Control Present","Rain","No","35.3095, -81.9457",-81.9457,35.3095
"1378",741,742,"No","40-49",42,"No","With Traffic","Injury","Travel Lane","White","Male","Asheville","Buncombe","No","01-01-04","2012-09-20","Motorist Left Turn / Merge",13,"Intersection","01-09-01","0001-01-01T08:05:58-04:56","Motorist Left Turn - Opposite Direction",NA,2012,"O: No Injury","Commercial","30-39",31,"No","0-5 mph","O: No Injury","White","Male","Pickup","No","No","Daylight","Urban (>70% Developed)","2 lanes",2,"Straight - Level","Local Street","Dry","Two-Way, Not Divided","None","Driveway, Private","Smooth Asphalt","Mountains","Urban","30 - 35  MPH","No Control Present","Clear","No","35.57001, -82.5456",-82.5456,35.57001
"1379",748,749,"No","40-49",46,"No","With Traffic","C: Possible Injury","Travel Lane","White","Male","Apex","Wake","No","01-01-07","2012-10-07","Motorist Overtaking Bicyclist",13,"Non-Intersection","01-10-01","0001-01-01T08:18:58-04:56","Motorist Overtaking - Other /",NA,2012,"C: Possible Injury","Farms, Woods, Pastures","",NA,"Missing","31-35 mph","Injury","/Missing","","Passenger Car","No","Yes","Daylight","Rural (<30% Developed)","2 lanes",2,"Straight - Level","Local Street","Wet","Two-Way, Not Divided","None","No Special Feature","Coarse Asphalt","Piedmont","Urban","40 - 45  MPH","No Control Present","Cloudy","No","35.75797, -78.8864",-78.8864,35.75797
"1380",750,751,"Yes","16-19",19,"No","Not Applicable","C: Possible Injury","Multi-use Path","White","Male","Raleigh","Wake","No","01-01-03","2012-09-26","Bicyclist Failed to Yield - Midblock",12,"Non-Intersection","01-09-01","0001-01-01T07:28:58-04:56","Bicyclist Ride Out - Other Midblock",NA,2012,"C: Possible Injury","Institutional","25-29",27,"No","0-5 mph","O: No Injury","White","Female","Passenger Car","No","No","Daylight","Urban (>70% Developed)","2 lanes",2,"Straight - Grade","Local Street","Dry","Two-Way, Not Divided","None","Other","Coarse Asphalt","Piedmont","Urban","20 - 25  MPH","No Control Present","Clear","No","35.78771, -78.6746",-78.6746,35.78771
"1381",756,757,"Yes","16-19",19,"No","Not Applicable","C: Possible Injury","Sidewalk / Crosswalk / Driveway Crossing","Black","Male","Charlotte","Mecklenburg","No","01-01-03","2012-10-10","Non-Roadway",9,"Non-Roadway","01-10-01","0001-01-01T04:03:58-04:56","Non-Roadway",NA,2012,"C: Possible Injury","Commercial","40-49",44,"No","0-5 mph","O: No Injury","White","Male","Light Truck (Mini-Van, Panel)","No","No","Daylight","Urban (>70% Developed)","2 lanes",2,"Straight - Level","Private Road, Driveway","Dry","Two-Way, Not Divided","None","Driveway, Private","Other","Piedmont","Urban","5 - 15 MPH","No Control Present","Clear","No","35.22799, -80.8381",-80.8381,35.22799
"1382",762,763,"No","15-Nov",12,"No","With Traffic","C: Possible Injury","Travel Lane","Black","Male","Charlotte","Mecklenburg","No","01-01-06","2012-10-13","Motorist Overtaking Bicyclist",17,"Non-Intersection","01-10-01","0001-01-01T12:18:58-04:56","Motorist Overtaking - Other /",NA,2012,"C: Possible Injury","Farms, Woods, Pastures","70",70,"No","6-10 mph","O: No Injury","White","Male","Passenger Car","No","No","Daylight","Rural (<30% Developed)","2 lanes",2,"Straight - Level","Local Street","Dry","Two-Way, Not Divided","None","No Special Feature","Smooth Asphalt","Piedmont","Urban","40 - 45  MPH","No Control Present","Clear","No","35.254, -80.7077",-80.7077,35.254
"1383",763,764,"Yes","50-59",51,"No","With Traffic","B: Evident Injury","Travel Lane","White","Male","None - Rural Crash","Moore","No","01-01-06","2012-10-13","Motorist Overtaking Bicyclist",17,"Non-Intersection","01-10-01","0001-01-01T12:31:58-04:56","Motorist Overtaking - Other /",NA,2012,"B: Evident Injury","Commercial","",NA,"Missing","","Injury","/Missing","","Sport Utility","No","Yes","Daylight","Rural (<30% Developed)","2 lanes",2,"Straight - Grade","US Route","Dry","Two-Way, Not Divided","None","No Special Feature","Smooth Asphalt","Piedmont","Rural","","Double Yellow Line, No Passing Zone","Clear","No","35.30195, -79.2515",-79.2515,35.30195
"1384",768,769,"Yes","16-19",16,"No","Facing Traffic","C: Possible Injury","Travel Lane","Black","Male","Fayetteville","Cumberland","No","01-01-05","2012-09-28","Head-On",18,"Intersection-Related","01-09-01","0001-01-01T13:28:58-04:56","Head-On - Bicyclist",NA,2012,"C: Possible Injury","Commercial","30-39",34,"No","31-35 mph","O: No Injury","White","Male","Motorcycle","No","No","Daylight","Urban (>70% Developed)","2 lanes",2,"Straight - Level","Local Street","Dry","Two-Way, Not Divided","None","No Special Feature","Coarse Asphalt","Coastal","Urban","40 - 45  MPH","No Control Present","Clear","No","35.03582, -78.8402",-78.8402,35.03582
"1385",777,778,"Yes","16-19",17,"No","Facing Traffic","B: Evident Injury","Sidewalk / Crosswalk / Driveway Crossing","White","Male","Raleigh","Wake","No","01-01-06","2012-10-13","Motorist Failed to Yield - Signalized Intersection",12,"Intersection","01-10-01","0001-01-01T07:36:58-04:56","Motorist Drive Out - Right Turn on Red",NA,2012,"B: Evident Injury","Commercial","20-24",22,"No","0-5 mph","O: No Injury","White","Female","Sport Utility","No","No","Daylight","Urban (>70% Developed)","3 lanes",2,"Straight - Level","Local Street","Dry","Two-Way, Not Divided","None","T-Intersection","Smooth Asphalt","Piedmont","Urban","40 - 45  MPH","Stop And Go Signal","Clear","No","35.87953, -78.6252",-78.6252,35.87953
"1386",779,780,"Yes","30-39",35,"Yes","With Traffic","C: Possible Injury","Travel Lane","White","Male","Goldsboro","Wayne","Yes","01-01-06","2012-10-06","Motorist Overtaking Bicyclist",1,"Intersection","01-10-01","0000-12-31T20:18:58-04:56","Motorist Overtaking - Bicyclist Swerved",NA,2012,"C: Possible Injury","Residential","40-49",47,"No","31-35 mph","O: No Injury","Black","Male","Passenger Car","No","No","Dark - Lighted Roadway","Urban (>70% Developed)","5 lanes",2,"Straight - Level","Local Street","Dry","Two-Way, Not Divided","None","T-Intersection","Coarse Asphalt","Coastal","Urban","40 - 45  MPH","No Control Present","Clear","No","35.38438, -77.9266",-77.9266,35.38438
"1387",783,784,"Yes","30-39",31,"No","Not Applicable","B: Evident Injury","Sidewalk / Crosswalk / Driveway Crossing","White","Male","Jacksonville","Onslow","No","01-01-03","2012-09-26","Bicyclist Failed to Yield - Midblock",15,"Non-Intersection","01-09-01","0001-01-01T10:27:58-04:56","Bicyclist Ride Out - Other Midblock",NA,2012,"B: Evident Injury","Residential","40-49",48,"No","31-35 mph","O: No Injury","Other","Female","Passenger Car","No","No","Daylight","Urban (>70% Developed)","4 lanes",2,"Straight - Level","Local Street","Dry","Two-Way, Divided, Unprotected Median","None","No Special Feature","Smooth Asphalt","Coastal","Urban","30 - 35  MPH","Other","Clear","No","34.76049, -77.4011",-77.4011,34.76049
"1388",785,786,"Yes","16-19",19,"No","With Traffic","B: Evident Injury","Travel Lane","White","Male","Rockwell","Rowan","No","01-01-05","2012-10-05","Motorist Overtaking Bicyclist",18,"Non-Intersection","01-10-01","0001-01-01T13:08:58-04:56","Motorist Overtaking - Bicyclist Swerved",NA,2012,"B: Evident Injury","Commercial","40-49",48,"No","26-30 mph","B: Evident Injury","White","Male","Motorcycle","No","No","Daylight","Urban (>70% Developed)","3 lanes",2,"Curve - Level","US Route","Dry","Two-Way, Not Divided","None","No Special Feature","Smooth Asphalt","Piedmont","Rural","30 - 35  MPH","No Control Present","Clear","No","35.55568, -80.4136",-80.4136,35.55568
"1389",786,787,"Yes","30-39",32,"No","Not Applicable","B: Evident Injury","Non-Roadway","White","Male","Gastonia","Gaston","No","01-01-05","2012-09-28","Crossing Paths - Other Circumstances",21,"Intersection-Related","01-09-01","0001-01-01T16:24:58-04:56","Crossing Paths - Uncontrolled Intersection",NA,2012,"B: Evident Injury","Residential","",NA,"Missing","6-10 mph","Injury","/Missing","","","No","Yes","Dark - Lighted Roadway","Urban (>70% Developed)","2 lanes",2,"Straight - Level","Local Street","Dry","Two-Way, Not Divided","None","No Special Feature","Coarse Asphalt","Piedmont","Urban","30 - 35  MPH","No Control Present","Clear","No","35.26307, -81.2055",-81.2055,35.26307
"1390",792,793,"Yes","40-49",46,"Yes","With Traffic","C: Possible Injury","Travel Lane","Black","Male","Kinston","Lenoir","Yes","01-01-02","2012-10-16","Motorist Failed to Yield - Sign-Controlled Intersection",21,"Intersection","01-10-01","0001-01-01T16:52:58-04:56","Motorist Drive Out - Sign-Controlled Intersection",NA,2012,"C: Possible Injury","Residential","40-49",40,"No","0-5 mph","O: No Injury","Black","Male","Sport Utility","No","No","Dark - Lighted Roadway","Urban (>70% Developed)","4 lanes",2,"Straight - Level","Local Street","Dry","Two-Way, Not Divided","None","Four-Way Intersection","Coarse Asphalt","Coastal","Urban","30 - 35  MPH","Stop Sign","Clear","No","35.26508, -77.5666",-77.5666,35.26508
"1391",801,802,"Yes","25-29",25,"Yes","With Traffic","B: Evident Injury","Travel Lane","White","Female","Raleigh","Wake","Yes","01-01-05","2012-10-19","Head-On",18,"Non-Intersection","01-10-01","0001-01-01T13:50:58-04:56","Head-On - Motorist",NA,2012,"B: Evident Injury","Residential","",NA,"Missing","21-25 mph","Injury","/Missing","","Passenger Car","No","Yes","Dusk","Urban (>70% Developed)","2 lanes",2,"Straight - Level","Local Street","Dry","Two-Way, Not Divided","None","No Special Feature","Smooth Asphalt","Piedmont","Urban","20 - 25  MPH","No Control Present","Clear","No","35.83068, -78.5941",-78.5941,35.83068
"1392",811,812,"Yes","20-24",22,"No","With Traffic","C: Possible Injury","Travel Lane","White","Female","Durham","Durham","No","01-01-06","2012-09-01","Motorist Left Turn / Merge",11,"Non-Intersection","01-09-01","0001-01-01T06:04:58-04:56","Motorist Left Turn - Opposite Direction",NA,2012,"C: Possible Injury","Commercial","30-39",31,"No","11-15 mph","O: No Injury","Black","Male","Passenger Car","No","No","Daylight","Urban (>70% Developed)","2 lanes",2,"Straight - Level","Local Street","Dry","Two-Way, Not Divided","None","No Special Feature","Smooth Asphalt","Piedmont","Urban","30 - 35  MPH","No Control Present","Clear","No","35.99966, -78.9015",-78.9015,35.99966
"1393",814,815,"No","25-29",25,"No","Not Applicable","O: No Injury","Non-Roadway","White","Male","Raleigh","Wake","No","01-01-05","2012-10-19","Non-Roadway",15,"Non-Roadway","01-10-01","0001-01-01T10:53:58-04:56","Non-Roadway",NA,2012,"O: No Injury","Commercial","40-49",48,"No","0-5 mph","O: No Injury","Black","Female","Passenger Car","No","No","Daylight","Urban (>70% Developed)","",2,"Straight - Grade","Public Vehicular Area","Dry","Two-Way, Not Divided","None","Driveway, Public","Coarse Asphalt","Piedmont","Urban","5 - 15 MPH","No Control Present","Clear","No","35.83843, -78.6129",-78.6129,35.83843
"1394",828,829,"No","25-29",27,"No","With Traffic","C: Possible Injury","Travel Lane","White","Male","Durham","Durham","No","01-01-04","2012-10-18","Motorist Failed to Yield - Sign-Controlled Intersection",7,"Intersection","01-10-01","0001-01-01T02:33:58-04:56","Motorist Drive Out - Sign-Controlled Intersection",NA,2012,"C: Possible Injury","Residential","25-29",26,"No","0-5 mph","O: No Injury","White","Female","Passenger Car","No","No","Daylight","Urban (>70% Developed)","2 lanes",2,"Straight - Level","Local Street","Dry","Two-Way, Not Divided","None","No Special Feature","Smooth Asphalt","Piedmont","Urban","30 - 35  MPH","Stop Sign","Cloudy","No","35.9968, -78.9143",-78.9143,35.9968
"1395",829,830,"Yes","40-49",40,"No","With Traffic","K: Killed","Travel Lane","Black","Male","None - Rural Crash","Bertie","No","01-01-02","2012-10-16","Motorist Overtaking Bicyclist",17,"Non-Intersection","01-10-01","0001-01-01T12:30:58-04:56","Motorist Overtaking - Other /",NA,2012,"K: Killed","Farms, Woods, Pastures","25-29",28,"No","61-65 mph","O: No Injury","White","Male","Pickup","No","No","Daylight","Rural (<30% Developed)","4 lanes",2,"Straight - Level","US Route","Dry","Two-Way, Divided, Unprotected Median","None","No Special Feature","Coarse Asphalt","Coastal","Rural","50 - 55  MPH","No Control Present","Clear","No","35.88306, -77.0256",-77.0256,35.88306
"1396",840,841,"Yes","50-59",53,"No","With Traffic","A: Disabling Injury","Travel Lane","Black","Male","None - Rural Crash","Person","No","01-01-06","2012-11-03","Motorist Overtaking Bicyclist",19,"Non-Intersection","01-11-01","0001-01-01T14:20:58-04:56","Motorist Overtaking - Other /",NA,2012,"A: Disabling Injury","Farms, Woods, Pastures","",NA,"Missing","41-45 mph","Injury","/Missing","","","No","Yes","Dark - Roadway Not Lighted","Rural (<30% Developed)","2 lanes",2,"Curve - Grade","State Secondary Route","Dry","Two-Way, Not Divided","None","No Special Feature","Smooth Asphalt","Piedmont","Rural","40 - 45  MPH","Double Yellow Line, No Passing Zone","Clear","No","36.45796, -79.0062",-79.0062,36.45796
"1397",845,846,"Yes","15-Nov",11,"No","With Traffic","C: Possible Injury","Travel Lane","Black","Male","Charlotte","Mecklenburg","No","","2012-11-05","Bicyclist Failed to Yield - Sign-Controlled Intersection",16,"Intersection","01-11-01","0001-01-01T11:38:58-04:56","Bicyclist Ride Through - Sign-Controlled Intersection",NA,2012,"C: Possible Injury","Residential","30-39",38,"No","16-20 mph","C: Possible Injury","White","Female","Passenger Car","No","No","Daylight","Urban (>70% Developed)","2 lanes",2,"Straight - Level","Local Street","Dry","Two-Way, Not Divided","None","No Special Feature","Smooth Asphalt","Piedmont","Urban","20 - 25  MPH","No Control Present","Clear","No","35.22987, -80.8134",-80.8134,35.22987
"1398",846,847,"Yes","60-69",61,"Yes","With Traffic","K: Killed","Travel Lane","Black","Male","None - Rural Crash","Duplin","Yes","01-01-02","2012-10-09","Motorist Overtaking Bicyclist",19,"Non-Intersection","01-10-01","0001-01-01T14:05:58-04:56","Motorist Overtaking - Undetected Bicyclist",NA,2012,"K: Killed","Farms, Woods, Pastures","30-39",35,"Yes","51-55 mph","O: No Injury","White","Male","","No","Yes","Dawn","Rural (<30% Developed)","2 lanes",2,"Straight - Level","NC Route","Wet","Two-Way, Not Divided","None","No Special Feature","Coarse Asphalt","Coastal","Rural","50 - 55  MPH","No Control Present","Rain","No","34.80977, -77.9433",-77.9433,34.80977
"1399",854,855,"Yes","25-29",25,"No","With Traffic","O: No Injury","Bike Lane / Paved Shoulder","White","Male","Raleigh","Wake","No","01-01-05","2012-11-02","Parking / Bus-Related",15,"Intersection-Related","01-11-01","0001-01-01T10:13:58-04:56","Motorist Drive In / Out - Parking",NA,2012,"O: No Injury","Commercial","30-39",39,"No","16-20 mph","O: No Injury","White","Male","Passenger Car","No","No","Daylight","Urban (>70% Developed)","2 lanes",2,"Straight - Level","Local Street","Dry","Two-Way, Divided, Unprotected Median","None","No Special Feature","Smooth Asphalt","Piedmont","Urban","20 - 25  MPH","No Control Present","Clear","No","35.78551, -78.6607",-78.6607,35.78551
"1400",856,857,"Yes","25-29",28,"No","With Traffic","C: Possible Injury","Travel Lane","White","Male","Raleigh","Wake","No","01-01-06","2012-11-03","Motorist Left Turn / Merge",13,"Intersection","01-11-01","0001-01-01T08:54:58-04:56","Motorist Left Turn - Opposite Direction",NA,2012,"C: Possible Injury","Commercial","0-19",17,"No","16-20 mph","O: No Injury","White","Female","Sport Utility","No","No","Daylight","Mixed (30% To 70% Developed)","3 lanes",2,"Straight - Level","Local Street","Dry","Two-Way, Not Divided","None","Four-Way Intersection","Coarse Asphalt","Piedmont","Urban","30 - 35  MPH","Stop And Go Signal","Clear","No","35.78864, -78.651",-78.651,35.78864
"1401",523,524,"Yes","16-19",17,"No","With Traffic","B: Evident Injury","Travel Lane","Black","Male","Garland","Sampson","No","01-01-06","2008-07-19","Bicyclist Left Turn / Merge",21,"Non-Intersection","01-07-01","0001-01-01T17:02:58-04:56","Bicyclist Left Turn - Same Direction",311221,2008,"B: Evident Injury","Residential","50-59",57,"No","31-35 mph","O: No Injury","White","Female","Passenger Car","No","No","Dark - Roadway Not Lighted","Urban (>70% Developed)","2 lanes",2,"Straight - Level","NC Route","Dry","Two-Way, Not Divided","None","T-Intersection","Coarse Asphalt","Coastal","Rural","30 - 35  MPH","Double Yellow Line, No Passing Zone","Clear","No","0.0, 0.0",0,0
"1402",525,526,"Yes","40-49",44,"Yes","With Traffic","K: Killed","Travel Lane","Hispanic","Male","Charlotte","Mecklenburg","Yes","01-01-05","2008-08-08","Bicyclist Failed to Yield - Sign-Controlled Intersection",23,"Intersection","01-08-01","0001-01-01T18:09:58-04:56","Bicyclist Ride Out - Sign-Controlled Intersection",111142,2008,"K: Killed","Commercial","20-24",24,"Yes","31-35 mph","O: No Injury","Black","Male","Passenger Car","No","No","Dark - Lighted Roadway","Urban (>70% Developed)","4 lanes",2,"Straight - Level","Local Street","Dry","Two-Way, Divided, Unprotected Median","None","T-Intersection","Coarse Asphalt","Piedmont","Urban","30 - 35  MPH","No Control Present","Clear","No","0.0, 0.0",0,0
"1403",527,528,"Yes","50-59",54,"No","With Traffic","B: Evident Injury","Travel Lane","White","Male","Charlotte","Mecklenburg","No","01-01-05","2008-08-15","Motorist Overtaking Bicyclist",19,"Non-Intersection","01-08-01","0001-01-01T14:07:58-04:56","Motorist Overtaking - Undetected Bicyclist",311231,2008,"B: Evident Injury","Farms, Woods, Pastures","30-39",38,"No","36-40 mph","O: No Injury","Black","Male","Passenger Car","No","No","Daylight","Rural (<30% Developed)","2 lanes",2,"Straight - Level","Local Street","Dry","Two-Way, Not Divided","None","No Special Feature","Coarse Asphalt","Piedmont","Urban","40 - 45  MPH","No Control Present","Cloudy","No","0.0, 0.0",0,0
"1404",533,534,"No","50-59",59,"No","With Traffic","B: Evident Injury","Travel Lane","Black","Male","Wilmington","New Hanover","No","01-01-04","2008-07-17","Motorist Left Turn / Merge",20,"Intersection","01-07-01","0001-01-01T15:55:58-04:56","Motorist Left Turn - Opposite Direction",111212,2008,"B: Evident Injury","Commercial","0-19",18,"No","31-35 mph","O: No Injury","White","Male","Pickup","No","No","Dark - Roadway Not Lighted","Urban (>70% Developed)","6 lanes",2,"Straight - Level","Local Street","Dry","Two-Way, Not Divided","None","Four-Way Intersection","Coarse Asphalt","Coastal","Urban","40 - 45  MPH","Stop Sign","Clear","No","0.0, 0.0",0,0
"1405",543,544,"Yes","60-69",67,"No","With Traffic","B: Evident Injury","Travel Lane","White","Male","Winston-Salem","Forsyth","No","01-01-07","2008-07-20","Motorist Failed to Yield - Sign-Controlled Intersection",15,"Intersection","01-07-01","0001-01-01T10:27:58-04:56","Motorist Drive Out - Sign-Controlled Intersection",111141,2008,"B: Evident Injury","Residential","",NA,"Missing","26-30 mph","Injury","/Missing","","Sport Utility","No","Yes","Daylight","Urban (>70% Developed)","",2,"Straight - Level","Local Street","Dry","Two-Way, Not Divided","None","Four-Way Intersection","Smooth Asphalt","Piedmont","Urban","30 - 35  MPH","Stop Sign","Clear","No","0.0, 0.0",0,0
"1406",547,548,"No","30-39",34,"No","With Traffic","O: No Injury","Travel Lane","Black","Male","Fayetteville","Cumberland","No","01-01-05","2008-06-20","Motorist Failed to Yield - Sign-Controlled Intersection",15,"Intersection","01-06-01","0001-01-01T10:55:58-04:56","Motorist Drive Out - Sign-Controlled Intersection",111141,2008,"O: No Injury","Commercial","0-19",16,"No","0-5 mph","O: No Injury","White","Female","Sport Utility","No","No","Daylight","Urban (>70% Developed)","4 lanes",2,"Straight - Level","Local Street","Dry","Two-Way, Divided, Unprotected Median","None","T-Intersection","Coarse Asphalt","Coastal","Urban","20 - 25  MPH","Stop Sign","Clear","No","0.0, 0.0",0,0
"1407",549,550,"Yes","60-69",64,"No","With Traffic","B: Evident Injury","Travel Lane","White","Female","Sunset Beach","Brunswick","No","01-01-04","2008-07-24","Motorist Left Turn / Merge",8,"Non-Intersection","01-07-01","0001-01-01T03:33:58-04:56","Motorist Left Turn - Opposite Direction",311212,2008,"B: Evident Injury","Residential","50-59",57,"No","0-5 mph","O: No Injury","White","Female","Van","No","No","Daylight","Rural (<30% Developed)","2 lanes",2,"Straight - Level","Local Street","Wet","Two-Way, Not Divided","None","No Special Feature","Coarse Asphalt","Coastal","Rural","30 - 35  MPH","Missing","Cloudy","No","0.0, 0.0",0,0