"","FID","OBJECTID","AmbulanceR","BikeAge_Gr","Bike_Age","Bike_Alc_D","Bike_Dir","Bike_Injur","Bike_Pos","Bike_Race","Bike_Sex","City","County","CrashAlcoh","CrashDay","Crash_Date","Crash_Grp","Crash_Hour","Crash_Loc","Crash_Mont","Crash_Time","Crash_Type","Crash_Ty_1","Crash_Year","Crsh_Sevri","Developmen","DrvrAge_Gr","Drvr_Age","Drvr_Alc_D","Drvr_EstSp","Drvr_Injur","Drvr_Race","Drvr_Sex","Drvr_VehTy","ExcsSpdInd","Hit_Run","Light_Cond","Locality","Num_Lanes","Num_Units","Rd_Charact","Rd_Class","Rd_Conditi","Rd_Config","Rd_Defects","Rd_Feature","Rd_Surface","Region","Rural_Urba","Speed_Limi","Traff_Cntr","Weather","Workzone_I","Location","locx","locy"
"1408",552,553,"Yes","25-29",26,"No","Facing Traffic","C: Possible Injury","Sidewalk / Crosswalk / Driveway Crossing","Hispanic","Male","Charlotte","Mecklenburg","No","01-01-03","2008-08-20","Motorist Failed to Yield - Sign-Controlled Intersection",14,"Intersection","01-08-01","0001-01-01T09:16:58-04:56","Motorist Drive Out - Sign-Controlled Intersection",132141,2008,"C: Possible Injury","Residential","70+",NA,"No","0-5 mph","O: No Injury","White","Female","Passenger Car","No","No","Daylight","Urban (>70% Developed)","2 lanes",2,"Curve - Bottom","Local Street","Dry","Two-Way, Not Divided","None","T-Intersection","Smooth Asphalt","Piedmont","Urban","20 - 25  MPH","Stop Sign","Clear","No","0.0, 0.0",0,0
"1409",556,557,"Yes","50-59",52,"Yes","Facing Traffic","C: Possible Injury","Travel Lane","White","Male","None - Rural Crash","New Hanover","Yes","01-01-03","2008-07-23","Motorist Failed to Yield - Midblock",17,"Non-Intersection","01-07-01","0001-01-01T12:50:58-04:56","Motorist Drive Out - Residential Driveway",312321,2008,"C: Possible Injury","Commercial","40-49",40,"Yes","0-5 mph","O: No Injury","White","Male","Sport Utility","No","No","Daylight","Mixed (30% To 70% Developed)","5 lanes",2,"Straight - Level","US Route","Dry","Two-Way, Divided, Unprotected Median","None","Driveway, Private","Coarse Asphalt","Coastal","Rural","50 - 55  MPH","Missing","Cloudy","No","0.0, 0.0",0,0
"1410",559,560,"Yes","60-69",62,"No","With Traffic","C: Possible Injury","Travel Lane","White","Male","None - Rural Crash","Rutherford","No","01-01-05","2008-07-25","Bicyclist Left Turn / Merge",8,"Intersection","01-07-01","0001-01-01T03:33:58-04:56","Bicyclist Left Turn - Same Direction",111221,2008,"C: Possible Injury","Residential","60-69",68,"No","41-45 mph","O: No Injury","White","Female","Van","No","No","Daylight","Mixed (30% To 70% Developed)","2 lanes",2,"Straight - Grade","US Route","Dry","Two-Way, Not Divided","None","T-Intersection","Smooth Asphalt","Mountains","Rural","40 - 45  MPH","Missing","Clear","No","0.0, 0.0",0,0
"1411",567,568,"Yes","30-39",34,"No","With Traffic","B: Evident Injury","Travel Lane","White","Male","None - Rural Crash","Moore","No","01-01-06","2008-08-23","Motorist Overtaking Bicyclist",19,"Non-Intersection","01-08-01","0001-01-01T14:48:58-04:56","Motorist Overtaking - Other /",311239,2008,"B: Evident Injury","Farms, Woods, Pastures","30-39",36,"No","51-55 mph","O: No Injury","White","Male","Pickup","No","No","Dusk","Rural (<30% Developed)","2 lanes",2,"Straight - Level","NC Route","Dry","Two-Way, Not Divided","None","No Special Feature","Smooth Asphalt","Piedmont","Rural","50 - 55  MPH","Double Yellow Line, No Passing Zone","Cloudy","No","0.0, 0.0",0,0
"1412",577,578,"Yes","10-Jun",10,"No","With Traffic","B: Evident Injury","Travel Lane","Black","Male","Greensboro","Guilford","No","01-01-06","2008-07-19","Loss of Control / Turning Error",17,"Intersection","01-07-01","0001-01-01T12:52:58-04:56","Bicyclist Lost Control - Oversteering, Improper Braking, Speed",111122,2008,"B: Evident Injury","Residential","20-24",24,"No","16-20 mph","O: No Injury","Black","Female","Passenger Car","No","No","Daylight","Urban (>70% Developed)","1 lane",2,"Straight - Level","Local Street","Dry","Two-Way, Not Divided","None","T-Intersection","Smooth Asphalt","Piedmont","Urban","30 - 35  MPH","Stop Sign","Cloudy","No","0.0, 0.0",0,0
"1413",603,604,"Yes","60-69",63,"No","Facing Traffic","C: Possible Injury","Sidewalk / Crosswalk / Driveway Crossing","Black","Male","Smithfield","Johnston","No","01-01-06","2008-08-09","Motorist Failed to Yield - Signalized Intersection",12,"Intersection","01-08-01","0001-01-01T07:54:58-04:56","Motorist Drive Out - Right Turn on Red",132151,2008,"C: Possible Injury","Commercial","50-59",58,"No","0-5 mph","O: No Injury","White","Male","Passenger Car","No","No","Daylight","Urban (>70% Developed)","5 lanes",2,"Straight - Level","Local Street","Dry","Two-Way, Not Divided","None","No Special Feature","Coarse Asphalt","Coastal","Urban","30 - 35  MPH","Stop And Go Signal","Clear","No","0.0, 0.0",0,0
"1414",605,606,"Yes","20-24",20,"No","With Traffic","B: Evident Injury","Travel Lane","White","Female","Asheville","Buncombe","No","01-01-05","2008-08-08","Motorist Right Turn / Merge",13,"Intersection","01-08-01","0001-01-01T08:41:58-04:56","Motorist Right Turn - Same Direction",111213,2008,"B: Evident Injury","Commercial","",NA,"No","","Injury","/Missing","","Pickup","No","Yes","Daylight","Urban (>70% Developed)","5 lanes",2,"Straight - Grade","Local Street","Dry","Two-Way, Not Divided","","Related To Intersection","Smooth Asphalt","Mountains","Urban","30 - 35  MPH","No Control Present","Clear","No","0.0, 0.0",0,0
"1415",610,611,"No","50-59",54,"No","With Traffic","B: Evident Injury","Travel Lane","White","Male","None - Rural Crash","Davie","No","01-01-07","2008-08-10","Motorist Overtaking Bicyclist",11,"Non-Intersection","01-08-01","0001-01-01T06:53:58-04:56","Motorist Overtaking - Misjudged Space",311232,2008,"B: Evident Injury","Commercial","50-59",59,"No","16-20 mph","O: No Injury","White","Female","Passenger Car","No","No","Daylight","Mixed (30% To 70% Developed)","4 lanes",3,"Straight - Level","US Route","Dry","Two-Way, Not Divided","None","On or Off Ramp","Coarse Asphalt","Piedmont","Rural","40 - 45  MPH","Double Yellow Line, No Passing Zone","Clear","No","0.0, 0.0",0,0
"1416",614,615,"Yes","16-19",18,"No","With Traffic","A: Disabling Injury","Travel Lane","White","Male","None - Rural Crash","Burke","No","01-01-04","2008-07-31","Motorist Overtaking Bicyclist",21,"Non-Intersection","01-07-01","0001-01-01T16:33:58-04:56","Motorist Overtaking - Other /",311239,2008,"A: Disabling Injury","Residential","",NA,"Missing","41-45 mph","Injury","/Missing","","","No","Yes","Dark - Roadway Not Lighted","Mixed (30% To 70% Developed)","2 lanes",2,"Straight - Level","State Secondary Route","Wet","Two-Way, Not Divided","None","No Special Feature","Smooth Asphalt","Mountains","Rural","40 - 45  MPH","Double Yellow Line, No Passing Zone","Cloudy","No","0.0, 0.0",0,0
"1417",633,634,"No","30-39",30,"No","Facing Traffic","O: No Injury","Sidewalk / Crosswalk / Driveway Crossing","Black","Male","Rocky Mount","Nash","No","01-01-05","2008-08-08","Motorist Failed to Yield - Sign-Controlled Intersection",14,"Intersection","01-08-01","0001-01-01T09:24:58-04:56","Motorist Drive Out - Sign-Controlled Intersection",132141,2008,"O: No Injury","Commercial","50-59",51,"No","0-5 mph","O: No Injury","Black","Female","Sport Utility","No","No","Daylight","Urban (>70% Developed)","3 lanes",2,"Straight - Level","Local Street","Dry","One-Way, Not Divided","None","Driveway, Public","Coarse Asphalt","Coastal","Urban","30 - 35  MPH","Stop Sign","Clear","No","0.0, 0.0",0,0
"1418",635,636,"Yes","15-Nov",11,"No","Not Applicable","B: Evident Injury","Non-Roadway","White","Male","Hickory","Catawba","No","01-01-02","2008-08-12","Non-Roadway",19,"Non-Roadway","01-08-01","0001-01-01T14:33:58-04:56","Non-Roadway",460910,2008,"B: Evident Injury","Residential","",NA,"Missing","0-5 mph","Injury","/Missing","","","No","Yes","Daylight","Urban (>70% Developed)","2 lanes",2,"Straight - Level","Public Vehicular Area","Dry","Two-Way, Not Divided","None","No Special Feature","Coarse Asphalt","Piedmont","Urban","","Missing","Clear","No","0.0, 0.0",0,0
"1419",638,639,"No","40-49",45,"No","With Traffic","O: No Injury","Travel Lane","White","Male","None - Rural Crash","Davidson","No","","2008-08-18","Motorist Overtaking Bicyclist",13,"Non-Intersection","01-08-01","0001-01-01T08:48:58-04:56","Motorist Overtaking - Bicyclist Swerved",311235,2008,"B: Evident Injury","Farms, Woods, Pastures","20-24",20,"No","","B: Evident Injury","White","Male","Pedalcycle","No","No","Daylight","Rural (<30% Developed)","2 lanes",2,"Straight - Grade","State Secondary Route","Dry","Two-Way, Not Divided","None","No Special Feature","Smooth Asphalt","Piedmont","Rural","","Double Yellow Line, No Passing Zone","Clear","No","0.0, 0.0",0,0
"1420",646,647,"No","40-49",48,"No","With Traffic","C: Possible Injury","Travel Lane","White","Female","Charlotte","Mecklenburg","No","01-01-04","2008-09-04","Motorist Left Turn / Merge",17,"Intersection","01-09-01","0001-01-01T12:03:58-04:56","Motorist Left Turn - Opposite Direction",111212,2008,"C: Possible Injury","Commercial","",NA,"Missing","","Injury","/Missing","","Passenger Car","No","Yes","Daylight","Urban (>70% Developed)","4 lanes",2,"Straight - Level","Local Street","Dry","Two-Way, Not Divided","None","Four-Way Intersection","Smooth Asphalt","Piedmont","Urban","","Stop And Go Signal","Clear","No","0.0, 0.0",0,0
"1421",647,648,"Yes","40-49",48,"No","With Traffic","B: Evident Injury","Travel Lane","Black","Male","Concord","Cabarrus","No","01-01-05","2008-08-22","Loss of Control / Turning Error",23,"Intersection","01-08-01","0001-01-01T18:10:58-04:56","Motorist Turning Error - Right Turn",111112,2008,"B: Evident Injury","Residential","",NA,"No","6-10 mph","Injury","/Missing","","Pickup","No","Yes","Dark - Lighted Roadway","Urban (>70% Developed)","2 lanes",2,"Straight - Hillcrest","Local Street","Dry","Two-Way, Not Divided","None","T-Intersection","Smooth Asphalt","Piedmont","Urban","30 - 35  MPH","Stop Sign","Clear","No","0.0, 0.0",0,0
"1422",649,650,"No","30-39",35,"No","","B: Evident Injury","","Black","Female","Fayetteville","Cumberland","No","01-01-05","2008-08-22","Loss of Control / Turning Error",18,"Intersection-Related","01-08-01","0001-01-01T13:18:58-04:56","Bicyclist Lost Control - Mechanical Problems",299121,2008,"B: Evident Injury","Commercial","50-59",57,"No","6-10 mph","O: No Injury","Black","Female","Sport Utility","No","No","Daylight","Urban (>70% Developed)","1 lane",2,"Straight - Grade","Local Street","Dry","Two-Way, Not Divided","None","Four-Way Intersection","Coarse Asphalt","Coastal","Urban","30 - 35  MPH","Stop Sign","Cloudy","No","0.0, 0.0",0,0
"1423",653,654,"Yes","40-49",40,"Yes","With Traffic","B: Evident Injury","Travel Lane","White","Male","Charlotte","Mecklenburg","Yes","01-01-07","2008-09-14","Crossing Paths - Other Circumstances",13,"Intersection","01-09-01","0001-01-01T08:37:58-04:56","Signalized Intersection - Other /",111158,2008,"B: Evident Injury","Commercial","20-24",24,"No","51-55 mph","O: No Injury","White","Female","Passenger Car","No","No","Daylight","Urban (>70% Developed)","4 lanes",2,"Straight - Level","Local Street","Dry","Two-Way, Divided, Unprotected Median","None","Four-Way Intersection","Smooth Asphalt","Piedmont","Urban","50 - 55  MPH","Stop And Go Signal","Clear","No","0.0, 0.0",0,0
"1424",661,662,"Yes","50-59",53,"Yes","Facing Traffic","C: Possible Injury","Other","White","Female","Asheboro","Randolph","Yes","","2008-08-25","Motorist Failed to Yield - Midblock",13,"Non-Intersection","01-08-01","0001-01-01T08:31:58-04:56","Motorist Drive Out - Commercial Driveway / Alley",382322,2008,"C: Possible Injury","Commercial","50-59",55,"No","0-5 mph","O: No Injury","White","Male","Pickup","No","No","Daylight","Urban (>70% Developed)","",2,"Straight - Grade","Public Vehicular Area","Dry","Two-Way, Not Divided","None","Driveway, Public","Smooth Asphalt","Piedmont","Urban","","No Control Present","Cloudy","No","0.0, 0.0",0,0
"1425",665,666,"Yes","20-24",21,"No","With Traffic","B: Evident Injury","Travel Lane","White","Male","Blowing Rock","Watauga","No","01-01-06","2008-08-23","Motorist Left Turn / Merge",18,"Non-Intersection","01-08-01","0001-01-01T13:37:58-04:56","Motorist Left Turn - Opposite Direction",311212,2008,"B: Evident Injury","Residential","25-29",25,"No","6-10 mph","O: No Injury","White","Male","Sport Utility","No","No","Daylight","Urban (>70% Developed)","2 lanes",2,"Straight - Grade","Local Street","Dry","Two-Way, Not Divided","None","No Special Feature","Coarse Asphalt","Mountains","Rural","20 - 25  MPH","No Control Present","Cloudy","No","0.0, 0.0",0,0
"1426",670,671,"No","30-39",35,"No","With Traffic","O: No Injury","Travel Lane","White","Male","Rocky Mount","Nash","No","01-01-07","2008-07-13","Loss of Control / Turning Error",12,"Intersection","01-07-01","0001-01-01T07:13:58-04:56","Motorist Turning Error - Left Turn",111111,2008,"O: No Injury","Residential","",NA,"Missing","0-5 mph","Injury","/Missing","","","No","Yes","Dark -  Lighting","Urban (>70% Developed)","2 lanes",2,"Straight - Level","Local Street","Dry","Two-Way, Not Divided","None","No Special Feature","Smooth Asphalt","Coastal","Urban","30 - 35  MPH","Stop Sign","Clear","No","0.0, 0.0",0,0
"1427",671,672,"Yes","16-19",16,"No","Facing Traffic","C: Possible Injury","Travel Lane","Black","Male","Raleigh","Wake","No","01-01-02","2008-06-24","Motorist Failed to Yield - Sign-Controlled Intersection",21,"Intersection","01-06-01","0001-01-01T16:09:58-04:56","Motorist Drive Out - Sign-Controlled Intersection",112141,2008,"C: Possible Injury","Residential","20-24",21,"No","0-5 mph","O: No Injury","White","Male","Sport Utility","No","No","Dark - Lighted Roadway","Urban (>70% Developed)","2 lanes",2,"Straight - Level","Local Street","Dry","Two-Way, Divided, Unprotected Median","None","No Special Feature","Smooth Asphalt","Piedmont","Urban","30 - 35  MPH","Stop Sign","Clear","No","0.0, 0.0",0,0
"1428",680,681,"Yes","15-Nov",14,"No","Facing Traffic","C: Possible Injury","Sidewalk / Crosswalk / Driveway Crossing","Black","Male","High Point","Guilford","No","01-01-07","2008-08-31","Loss of Control / Turning Error",18,"Intersection","01-08-01","0001-01-01T13:23:58-04:56","Bicyclist Lost Control - Other /",132129,2008,"C: Possible Injury","Commercial","70+",NA,"No","0-5 mph","O: No Injury","White","Male","Van","No","No","Daylight","Urban (>70% Developed)","5 lanes",2,"Straight - Level","Public Vehicular Area","Dry","Two-Way, Not Divided","None","Related To Intersection","Smooth Asphalt","Piedmont","Urban","30 - 35  MPH","Stop And Go Signal","Clear","No","0.0, 0.0",0,0
"1429",683,684,"No","16-19",16,"No","Facing Traffic","C: Possible Injury","Sidewalk / Crosswalk / Driveway Crossing","White","Male","Greensboro","Guilford","No","01-01-02","2008-09-02","Motorist Failed to Yield - Signalized Intersection",18,"Intersection","01-09-01","0001-01-01T13:41:58-04:56","Motorist Drive Out - Right Turn on Red",132151,2008,"C: Possible Injury","Residential","50-59",53,"No","","O: No Injury","White","Female","Van","No","No","Daylight","Urban (>70% Developed)","5 lanes",2,"Straight - Level","Local Street","Dry","Two-Way, Divided, Unprotected Median","None","Four-Way Intersection","Smooth Asphalt","Piedmont","Urban","30 - 35  MPH","Stop And Go Signal","Clear","No","0.0, 0.0",0,0
"1430",685,686,"Yes","40-49",45,"No","With Traffic","A: Disabling Injury","Travel Lane","White","Male","None - Rural Crash","Lincoln","No","","2008-09-22","Motorist Overtaking Bicyclist",17,"Non-Intersection","01-09-01","0001-01-01T12:53:58-04:56","Motorist Overtaking - Other /",311239,2008,"A: Disabling Injury","Farms, Woods, Pastures","30-39",37,"No","51-55 mph","O: No Injury","White","Male","Passenger Car","No","No","Daylight","Rural (<30% Developed)","2 lanes",2,"Straight - Grade","State Secondary Route","Dry","Two-Way, Not Divided","None","No Special Feature","Coarse Asphalt","Piedmont","Rural","50 - 55  MPH","Double Yellow Line, No Passing Zone","Clear","No","0.0, 0.0",0,0
"1431",686,687,"Yes","30-39",37,"No","With Traffic","B: Evident Injury","Travel Lane","Black","Female","None - Rural Crash","Duplin","Yes","01-01-04","2008-08-21","Head-On",22,"Non-Intersection","01-08-01","0001-01-01T17:38:58-04:56","Head-On - Bicyclist",311250,2008,"K: Killed","Farms, Woods, Pastures","50-59",57,"Yes","","K: Killed","Black","Male","Pedalcycle","No","No","Dark - Roadway Not Lighted","Rural (<30% Developed)","2 lanes",2,"Straight - Level","NC Route","Dry","Two-Way, Not Divided","None","No Special Feature","Coarse Asphalt","Coastal","Rural","","No Control Present","Clear","No","0.0, 0.0",0,0
"1432",691,692,"No","40-49",44,"No","Facing Traffic","C: Possible Injury","Sidewalk / Crosswalk / Driveway Crossing","Black","Male","Asheville","Buncombe","No","01-01-07","2008-08-31","Motorist Failed to Yield - Midblock",13,"Non-Intersection","01-08-01","0001-01-01T08:40:58-04:56","Motorist Drive Out - Commercial Driveway / Alley",332322,2008,"C: Possible Injury","Commercial","60-69",61,"No","0-5 mph","O: No Injury","White","Female","Passenger Car","No","No","Daylight","Urban (>70% Developed)","",2,"Straight - Grade","Public Vehicular Area","Dry","Two-Way, Divided, Positive Median Barrier","None","No Special Feature","Concrete","Mountains","Urban","5 - 15 MPH","No Control Present","Clear","No","0.0, 0.0",0,0
"1433",697,698,"Yes","40-49",47,"No","With Traffic","B: Evident Injury","Bike Lane / Paved Shoulder","White","Male","Durham","Durham","No","","2008-09-15","Motorist Right Turn / Merge",8,"Intersection","01-09-01","0001-01-01T03:17:58-04:56","Motorist Right Turn - Same Direction",121213,2008,"B: Evident Injury","Commercial","30-39",32,"No","0-5 mph","O: No Injury","Black","Female","Sport Utility","No","No","Daylight","Urban (>70% Developed)","3 lanes",2,"Straight - Level","Local Street","Dry","Two-Way, Not Divided","None","No Special Feature","Smooth Asphalt","Piedmont","Urban","40 - 45  MPH","Stop And Go Signal","Clear","No","0.0, 0.0",0,0
"1434",702,703,"Yes","40-49",40,"Yes","With Traffic","B: Evident Injury","Travel Lane","Black","Male","Wilmington","New Hanover","Yes","01-01-06","2008-09-06","Loss of Control / Turning Error",21,"Intersection","01-09-01","0001-01-01T16:42:58-04:56","Motorist Turning Error - Left Turn",111111,2008,"B: Evident Injury","Residential","25-29",26,"Yes","11-15 mph","O: No Injury","White","Female","Passenger Car","No","No","Daylight","Urban (>70% Developed)","4 lanes",2,"Straight - Level","Local Street","Dry","Two-Way, Not Divided","None","Four-Way Intersection","Smooth Asphalt","Coastal","Urban","30 - 35  MPH","Flashing Stop And Go Signal","Clear","No","0.0, 0.0",0,0
"1435",707,708,"Yes","15-Nov",13,"No","Facing Traffic","C: Possible Injury","Travel Lane","White","Male","Charlotte","Mecklenburg","No","01-01-07","2008-09-14","Loss of Control / Turning Error",13,"Intersection","01-09-01","0001-01-01T08:20:58-04:56","Bicyclist Turning Error - Left Turn",112114,2008,"C: Possible Injury","Residential","40-49",45,"No","16-20 mph","O: No Injury","White","Female","Passenger Car","No","No","Daylight","Urban (>70% Developed)","2 lanes",2,"Curve - Hillcrest","Local Street","Dry","Two-Way, Not Divided","None","T-Intersection","Smooth Asphalt","Piedmont","Urban","30 - 35  MPH","Stop Sign","Clear","No","0.0, 0.0",0,0
"1436",712,713,"Yes","30-39",33,"No","With Traffic","B: Evident Injury","Travel Lane","White","Male","Boone","Watauga","No","01-01-02","2008-09-09","Motorist Left Turn / Merge",9,"Non-Intersection","01-09-01","0001-01-01T05:00:58-04:56","Motorist Left Turn - Opposite Direction",311212,2008,"B: Evident Injury","Institutional","20-24",21,"No","11-15 mph","O: No Injury","White","Male","Pickup","No","No","Daylight","Urban (>70% Developed)","",2,"","Local Street","Dry","","None","No Special Feature","","Mountains","Urban","20 - 25  MPH","Missing","Cloudy","No","0.0, 0.0",0,0
"1437",724,725,"Yes","30-39",33,"No","Facing Traffic","B: Evident Injury","Sidewalk / Crosswalk / Driveway Crossing","White","Male","Chapel Hill","Orange","No","01-01-05","2008-09-12","Crossing Paths - Other Circumstances",20,"Intersection","01-09-01","0001-01-01T15:42:58-04:56","Signalized Intersection - Other /",132158,2008,"B: Evident Injury","Residential","30-39",31,"No","","O: No Injury","White","Female","Passenger Car","No","No","Dark - Roadway Not Lighted","Urban (>70% Developed)","5 lanes",2,"Straight - Level","Local Street","Water (Standing, Moving)","Two-Way, Divided, Unprotected Median","None","Four-Way Intersection","Smooth Asphalt","Piedmont","Urban","30 - 35  MPH","Stop And Go Signal","Rain","No","0.0, 0.0",0,0
"1438",726,727,"Yes","50-59",51,"No","With Traffic","B: Evident Injury","Travel Lane","Black","Male","Lexington","Davidson","No","01-01-06","2008-09-13","Motorist Overtaking Bicyclist",19,"Non-Intersection","01-09-01","0001-01-01T14:05:58-04:56","Motorist Overtaking - Undetected Bicyclist",311231,2008,"B: Evident Injury","Residential","20-24",23,"No","31-35 mph","O: No Injury","Black","Female","Passenger Car","No","No","Dusk","Mixed (30% To 70% Developed)","2 lanes",2,"Straight - Level","Local Street","Dry","Two-Way, Not Divided","None","No Special Feature","Coarse Asphalt","Piedmont","Urban","30 - 35  MPH","No Control Present","Clear","No","0.0, 0.0",0,0
"1439",727,728,"Yes","50-59",55,"No","Facing Traffic","C: Possible Injury","Travel Lane","Black","Male","Lumberton","Robeson","No","01-01-02","2008-09-16","Motorist Failed to Yield - Sign-Controlled Intersection",14,"Intersection","01-09-01","0001-01-01T09:13:58-04:56","Motorist Drive Out - Sign-Controlled Intersection",112141,2008,"C: Possible Injury","Residential","20-24",24,"No","0-5 mph","O: No Injury","Hispanic","Male","Passenger Car","No","No","Daylight","Mixed (30% To 70% Developed)","2 lanes",2,"Straight - Level","Local Street","Dry","Two-Way, Not Divided","None","T-Intersection","Coarse Asphalt","Coastal","Urban","30 - 35  MPH","Stop Sign","Cloudy","No","0.0, 0.0",0,0
"1440",729,730,"Yes","16-19",17,"No","Facing Traffic","B: Evident Injury","Travel Lane","Black","Male","Garner","Wake","No","01-01-02","2008-09-09","Crossing Paths - Other Circumstances",19,"Intersection","01-09-01","0001-01-01T14:18:58-04:56","Sign-Controlled Intersection - Other /",112148,2008,"B: Evident Injury","Residential","",NA,"Missing","","Injury","/Missing","","","No","Yes","Daylight","Urban (>70% Developed)","2 lanes",2,"Straight - Level","Local Street","Wet","Two-Way, Not Divided","None","Four-Way Intersection","Concrete","Piedmont","Urban","20 - 25  MPH","Stop Sign","Rain","No","0.0, 0.0",0,0
"1441",737,738,"Yes","40-49",48,"No","With Traffic","O: No Injury","Travel Lane","Black","Female","Statesville","Iredell","No","01-01-06","2008-09-20","Bicyclist Failed to Yield - Sign-Controlled Intersection",16,"Intersection","01-09-01","0001-01-01T11:18:58-04:56","Bicyclist Ride Through - Sign-Controlled Intersection",111144,2008,"B: Evident Injury","Residential","20-24",20,"No","","B: Evident Injury","Hispanic","Male","Pedalcycle","No","No","Daylight","Urban (>70% Developed)","2 lanes",2,"Straight - Hillcrest","Local Street","Dry","Two-Way, Not Divided","None","No Special Feature","Coarse Asphalt","Piedmont","Urban","","Stop Sign","Clear","No","0.0, 0.0",0,0
"1442",741,742,"Yes","16-19",19,"No","With Traffic","O: No Injury","Travel Lane","White","Male","None - Rural Crash","Rowan","No","01-01-05","2008-09-26","Motorist Overtaking Bicyclist",23,"Non-Intersection","01-09-01","0001-01-01T18:14:58-04:56","Motorist Overtaking - Other /",311239,2008,"C: Possible Injury","Farms, Woods, Pastures","20-24",24,"No","","C: Possible Injury","White","Male","Pedalcycle","No","No","Dark - Roadway Not Lighted","Rural (<30% Developed)","2 lanes",2,"Straight - Level","US Route","Wet","Two-Way, Not Divided","None","No Special Feature","Smooth Asphalt","Piedmont","Rural","","Double Yellow Line, No Passing Zone","Rain","No","0.0, 0.0",0,0
"1443",742,743,"No","15-Nov",12,"No","Not Applicable","C: Possible Injury","Travel Lane","White","Female","Jacksonville","Onslow","No","01-01-06","2008-09-13","Bicyclist Failed to Yield - Midblock",13,"Non-Intersection","01-09-01","0001-01-01T09:01:58-04:56","Bicyclist Ride Out - Other Midblock",313318,2008,"C: Possible Injury","Commercial","",NA,"Missing","0-5 mph","Injury","/Missing","","","No","Yes","Daylight","Urban (>70% Developed)","5 lanes",2,"Straight - Level","Local Street","Dry","Two-Way, Divided, Unprotected Median","None","No Special Feature","Smooth Asphalt","Coastal","Urban","40 - 45  MPH","No Control Present","Clear","No","0.0, 0.0",0,0
"1444",751,752,"Yes","40-49",46,"No","With Traffic","C: Possible Injury","Travel Lane","Black","Male","None - Rural Crash","Lee","No","01-01-03","2008-09-24","Motorist Overtaking Bicyclist",17,"Non-Intersection","01-09-01","0001-01-01T12:33:58-04:56","Motorist Overtaking - Undetected Bicyclist",311231,2008,"C: Possible Injury","Farms, Woods, Pastures","50-59",53,"No","31-35 mph","O: No Injury","White","Female","Sport Utility","No","No","Daylight","Rural (<30% Developed)","2 lanes",2,"Straight - Level","State Secondary Route","Dry","Two-Way, Not Divided","None","No Special Feature","Smooth Asphalt","Piedmont","Rural","50 - 55  MPH","Missing","Cloudy","No","0.0, 0.0",0,0
"1445",753,754,"Yes","",NA,"No","With Traffic","B: Evident Injury","Travel Lane","Black","Male","Greensboro","Guilford","No","","2008-09-15","Motorist Overtaking Bicyclist",21,"Non-Intersection","01-09-01","0001-01-01T16:16:58-04:56","Motorist Overtaking - Undetected Bicyclist",311231,2008,"B: Evident Injury","Residential","25-29",25,"No","21-25 mph","O: No Injury","White","Female","Passenger Car","No","No","Dusk","Urban (>70% Developed)","4 lanes",2,"Straight - Grade","Local Street","Dry","Two-Way, Not Divided","None","No Special Feature","Smooth Asphalt","Piedmont","Urban","30 - 35  MPH","Stop Sign","Clear","No","0.0, 0.0",0,0
"1446",763,764,"Yes","15-Nov",11,"No","With Traffic","B: Evident Injury","Travel Lane","Black","Male","High Point","Guilford","No","01-01-02","2008-09-30","Bicyclist Failed to Yield - Sign-Controlled Intersection",16,"Intersection","01-09-01","0001-01-01T11:19:58-04:56","Bicyclist Ride Out - Sign-Controlled Intersection",111142,2008,"B: Evident Injury","Residential","30-39",39,"No","31-35 mph","O: No Injury","White","Female","Pickup","No","No","Daylight","Urban (>70% Developed)","2 lanes",2,"Straight - Level","Local Street","Dry","Two-Way, Not Divided","None","Related To Intersection","Smooth Asphalt","Piedmont","Urban","30 - 35  MPH","Yield Sign","Clear","No","0.0, 0.0",0,0
"1447",767,768,"No","16-19",16,"No","With Traffic","C: Possible Injury","Travel Lane","Black","Male","Statesville","Iredell","No","01-01-06","2008-10-04","Motorist Overtaking Bicyclist",20,"Non-Intersection","01-10-01","0001-01-01T15:06:58-04:56","Motorist Overtaking - Undetected Bicyclist",311231,2008,"C: Possible Injury","Institutional","60-69",65,"No","26-30 mph","O: No Injury","White","Male","Van","No","No","Dark - Lighted Roadway","Urban (>70% Developed)","2 lanes",2,"Straight - Level","Local Street","Dry","Two-Way, Not Divided","None","No Special Feature","Smooth Asphalt","Piedmont","Urban","30 - 35  MPH","No Control Present","Clear","No","0.0, 0.0",0,0
"1448",773,774,"Yes","50-59",53,"No","With Traffic","C: Possible Injury","Travel Lane","Black","Male","Charlotte","Mecklenburg","No","01-01-02","2008-10-14","Motorist Overtaking Bicyclist",5,"Non-Intersection","01-10-01","0001-01-01T00:04:58-04:56","Motorist Overtaking - Undetected Bicyclist",311231,2008,"C: Possible Injury","Residential","50-59",50,"No","26-30 mph","O: No Injury","White","Male","Passenger Car","No","No","Dark - Roadway Not Lighted","Mixed (30% To 70% Developed)","2 lanes",2,"Straight - Level","Local Street","Dry","Two-Way, Not Divided","None","No Special Feature","Smooth Asphalt","Piedmont","Urban","40 - 45  MPH","No Control Present","Clear","No","0.0, 0.0",0,0