"","FID","OBJECTID","AmbulanceR","BikeAge_Gr","Bike_Age","Bike_Alc_D","Bike_Dir","Bike_Injur","Bike_Pos","Bike_Race","Bike_Sex","City","County","CrashAlcoh","CrashDay","Crash_Date","Crash_Grp","Crash_Hour","Crash_Loc","Crash_Mont","Crash_Time","Crash_Type","Crash_Ty_1","Crash_Year","Crsh_Sevri","Developmen","DrvrAge_Gr","Drvr_Age","Drvr_Alc_D","Drvr_EstSp","Drvr_Injur","Drvr_Race","Drvr_Sex","Drvr_VehTy","ExcsSpdInd","Hit_Run","Light_Cond","Locality","Num_Lanes","Num_Units","Rd_Charact","Rd_Class","Rd_Conditi","Rd_Config","Rd_Defects","Rd_Feature","Rd_Surface","Region","Rural_Urba","Speed_Limi","Traff_Cntr","Weather","Workzone_I","Location","locx","locy"
"1611",299,300,"Yes","15-Nov",13,"No","With Traffic","C: Possible Injury","Travel Lane","White","Male","None - Rural Crash","Pender","No","01-01-05","2007-05-11","Bicyclist Left Turn / Merge",16,"Intersection","01-05-01","0001-01-01T11:28:58-04:56","Bicyclist Left Turn - Opposite Direction",111222,2007,"C: Possible Injury","Residential","20-24",20,"No","41-45 mph","O: No Injury","White","Male","Passenger Car","No","No","Daylight","Mixed (30% To 70% Developed)","2 lanes",2,"Straight - Level","State Secondary Route","Dry","Two-Way, Not Divided","None","Four-Way Intersection","Smooth Asphalt","Coastal","Rural","40 - 45  MPH","No Control Present","Clear","No","34.396053, -77.6546",-77.6546,34.396053
"1612",302,303,"Yes","20-24",21,"No","Facing Traffic","A: Disabling Injury","Sidewalk / Crosswalk / Driveway Crossing","White","Male","High Point","Guilford","No","01-01-05","2007-05-11","Crossing Paths - Other Circumstances",22,"Intersection","01-05-01","0001-01-01T17:23:58-04:56","Crossing Paths - Intersection - Other /",132180,2007,"A: Disabling Injury","Commercial","20-24",22,"No","6-10 mph","O: No Injury","White","Female","Sport Utility","No","No","Dark - Lighted Roadway","Urban (>70% Developed)","4 lanes",2,"Straight - Level","Local Street","Dry","Two-Way, Not Divided","None","On or Off Ramp","Smooth Asphalt","Piedmont","Urban","30 - 35  MPH","No Control Present","Clear","No","35.935772, -79.992195",-79.992195,35.935772
"1613",313,314,"Yes","0-5",5,"No","","C: Possible Injury","Travel Lane","Hispanic","Male","None - Rural Crash","Henderson","No","01-01-03","2007-05-16","Non-Roadway",18,"Non-Roadway","01-05-01","0001-01-01T13:33:58-04:56","Non-Roadway",410910,2007,"C: Possible Injury","Residential","40-49",48,"No","0-5 mph","O: No Injury","Hispanic","Female","Passenger Car","No","No","Daylight","Mixed (30% To 70% Developed)","2 lanes",2,"Straight - Level","Public Vehicular Area","Dry","Two-Way, Not Divided","None","Driveway, Public","Coarse Asphalt","Mountains","Rural","","No Control Present","Clear","No","35.2911, -82.41271",-82.41271,35.2911
"1614",316,317,"No","16-19",17,"No","Facing Traffic","B: Evident Injury","Sidewalk / Crosswalk / Driveway Crossing","White","Male","Waynesville","Haywood","No","01-01-03","2007-05-16","Motorist Failed to Yield - Signalized Intersection",13,"Intersection","01-05-01","0001-01-01T08:18:58-04:56","Motorist Drive Out - Right Turn on Red",132151,2007,"B: Evident Injury","Commercial","70+",NA,"No","","O: No Injury","/Missing","Male","Passenger Car","No","No","Daylight","Urban (>70% Developed)","2 lanes",2,"Straight - Level","Local Street","Dry","Two-Way, Not Divided","None","T-Intersection","Smooth Asphalt","Mountains","Urban","","Stop And Go Signal","Cloudy","No","35.500076, -82.98707",-82.98707,35.500076
"1615",318,319,"Yes","40-49",45,"No","With Traffic","B: Evident Injury","Travel Lane","White","Male","Kernersville","Forsyth","No","01-01-04","2007-05-17","Motorist Left Turn / Merge",16,"Non-Intersection","01-05-01","0001-01-01T11:51:58-04:56","Motorist Left Turn - Opposite Direction",311212,2007,"B: Evident Injury","Commercial","30-39",31,"No","0-5 mph","O: No Injury","White","Female","Passenger Car","No","No","Daylight","Urban (>70% Developed)","3 lanes",2,"Straight - Level","Local Street","Dry","Two-Way, Divided, Unprotected Median","None","T-Intersection","Coarse Asphalt","Piedmont","Urban","30 - 35  MPH","No Control Present","Clear","No","36.126545, -80.067566",-80.067566,36.126545
"1616",324,325,"Yes","15-Nov",13,"No","Facing Traffic","C: Possible Injury","Travel Lane","White","Female","Kill Devil Hills","Dare","No","01-01-06","2007-05-19","Motorist Failed to Yield - Sign-Controlled Intersection",16,"Intersection","01-05-01","0001-01-01T11:15:58-04:56","Motorist Drive Out - Sign-Controlled Intersection",112141,2007,"C: Possible Injury","Commercial","20-24",24,"No","0-5 mph","O: No Injury","White","Male","Pickup","No","No","Daylight","Urban (>70% Developed)","2 lanes",2,"Straight - Level","Local Street","Dry","Two-Way, Divided, Unprotected Median","None","T-Intersection","Coarse Asphalt","Coastal","Urban","20 - 25  MPH","Stop Sign","Clear","No","36.01028, -75.658806",-75.658806,36.01028
"1617",325,326,"Yes","16-19",18,"No","Not Applicable","C: Possible Injury","Non-Roadway","Black","Female","High Point","Guilford","No","01-01-06","2007-05-19","Bicyclist Failed to Yield - Midblock",19,"Non-Intersection","01-05-01","0001-01-01T14:39:58-04:56","Bicyclist Ride Out - Other Midblock",363318,2007,"C: Possible Injury","Residential","0-19",16,"No","11-15 mph","O: No Injury","Black","Female","Passenger Car","No","No","Daylight","Urban (>70% Developed)","2 lanes",2,"Straight - Level","Local Street","Dry","Two-Way, Not Divided","None","No Special Feature","Smooth Asphalt","Piedmont","Urban","20 - 25  MPH","No Control Present","Clear","No","35.94435, -79.99211",-79.99211,35.94435
"1618",339,340,"Yes","15-Nov",15,"No","With Traffic","C: Possible Injury","Travel Lane","White","Male","None - Rural Crash","Guilford","No","01-01-03","2007-05-23","Motorist Overtaking Bicyclist",19,"Intersection","01-05-01","0001-01-01T14:23:58-04:56","Motorist Overtaking - Bicyclist Swerved",111235,2007,"C: Possible Injury","Residential","20-24",20,"No","41-45 mph","O: No Injury","White","Female","Passenger Car","No","No","Daylight","Mixed (30% To 70% Developed)","2 lanes",2,"Straight - Grade","NC Route","Dry","Two-Way, Not Divided","None","T-Intersection","Coarse Asphalt","Piedmont","Rural","40 - 45  MPH","Double Yellow Line, No Passing Zone","Clear","No","35.92175, -79.931404",-79.931404,35.92175
"1619",342,343,"Yes","25-29",25,"No","Facing Traffic","O: No Injury","Travel Lane","Black","Male","Cary","Wake","No","01-01-03","2007-08-22","Crossing Paths - Other Circumstances",16,"Intersection","01-08-01","0001-01-01T11:53:58-04:56","Crossing Paths - Intersection - Other /",112180,2007,"O: No Injury","Commercial","40-49",49,"No","6-10 mph","O: No Injury","White","Female","Light Truck (Mini-Van, Panel)","No","No","Daylight","Urban (>70% Developed)","2 lanes",2,"Straight - Level","Local Street","Dry","Two-Way, Not Divided","None","T-Intersection","Smooth Asphalt","Piedmont","Urban","5 - 15 MPH","No Control Present","Clear","No","35.786594, -78.781265",-78.781265,35.786594
"1620",353,354,"Yes","25-29",29,"No","Facing Traffic","A: Disabling Injury","Travel Lane","Black","Male","Charlotte","Mecklenburg","No","01-01-06","2007-05-26","Head-On",1,"Non-Intersection","01-05-01","0000-12-31T20:26:58-04:56","Head-On - Bicyclist",312250,2007,"A: Disabling Injury","Commercial","",NA,"Missing","21-25 mph","Injury","/Missing","","","No","Yes","Dark - Lighted Roadway","Urban (>70% Developed)","3 lanes",2,"Straight - Level","Local Street","Dry","One-Way, Not Divided","None","No Special Feature","Smooth Asphalt","Piedmont","Urban","30 - 35  MPH","No Control Present","Clear","No","35.230537, -80.844795",-80.844795,35.230537
"1621",356,357,"Yes","10-Jun",8,"No","","B: Evident Injury","Travel Lane","Black","Male","High Point","Guilford","No","01-01-07","2007-04-29","Bicyclist Failed to Yield - Sign-Controlled Intersection",19,"Intersection","01-04-01","0001-01-01T14:42:58-04:56","Bicyclist Ride Through - Sign-Controlled Intersection",119144,2007,"B: Evident Injury","Residential","50-59",55,"No","21-25 mph","O: No Injury","Black","Female","Passenger Car","No","No","Daylight","Mixed (30% To 70% Developed)","2 lanes",2,"Straight - Hillcrest","Local Street","Dry","Two-Way, Not Divided","None","No Special Feature","Coarse Asphalt","Piedmont","Urban","20 - 25  MPH","Stop Sign","Clear","No","35.958134, -79.99489",-79.99489,35.958134
"1622",365,366,"No","20-24",23,"No","Facing Traffic","C: Possible Injury","Travel Lane","White","Female","Wilmington","New Hanover","No","01-01-02","2007-05-29","Bicyclist Failed to Yield - Signalized Intersection",14,"Intersection","01-05-01","0001-01-01T09:46:58-04:56","Bicyclist Ride Through - Signalized Intersection",112155,2007,"C: Possible Injury","Residential","60-69",67,"No","6-10 mph","O: No Injury","White","Female","Passenger Car","No","No","Daylight","Urban (>70% Developed)","3 lanes",2,"Straight - Level","Local Street","Dry","Two-Way, Not Divided","None","Driveway, Public","Smooth Asphalt","Coastal","Urban","30 - 35  MPH","Stop And Go Signal","Clear","No","34.23159, -77.87963",-77.87963,34.23159
"1623",366,367,"No","",NA,"Missing","","Injury","Non-Roadway","/Missing","","Raleigh","Wake","No","01-01-03","2007-05-30","Non-Roadway",21,"Non-Roadway","01-05-01","0001-01-01T16:45:58-04:56","Non-Roadway",460910,2007,"Injury","Residential","",NA,"Missing","","Injury","/Missing","","Passenger Car","No","No","Dusk","Urban (>70% Developed)","2 lanes",2,"Curve - Grade","Local Street","Dry","Two-Way, Not Divided","None","Driveway, Public","Coarse Asphalt","Piedmont","Urban","5 - 15 MPH","No Control Present","Clear","No","35.882755, -78.56039",-78.56039,35.882755
"1624",370,371,"Yes","30-39",33,"No","","B: Evident Injury","","White","Male","Smithfield","Johnston","No","01-01-02","2007-05-29","Other /  - Insufficient Details",17,"Location","01-05-01","0001-01-01T12:04:58-04:56","Location",999980,2007,"B: Evident Injury","Commercial","50-59",56,"No","0-5 mph","O: No Injury","White","Male","Pickup","No","Yes","Daylight","Urban (>70% Developed)","4 lanes",2,"Straight - Level","US Route","Dry","Two-Way, Not Divided","None","No Special Feature","Coarse Asphalt","Coastal","Urban","20 - 25  MPH","Stop And Go Signal","Clear","No","35.5119, -78.3478",-78.3478,35.5119
"1625",373,374,"No","16-19",16,"No","With Traffic","C: Possible Injury","Travel Lane","Black","Female","Charlotte","Mecklenburg","No","01-01-07","2007-09-02","Motorist Overtaking Bicyclist",20,"Non-Intersection","01-09-01","0001-01-01T15:07:58-04:56","Motorist Overtaking - Misjudged Space",311232,2007,"C: Possible Injury","Commercial","",NA,"Missing","","Injury","/Missing","","","No","Yes","Daylight","Mixed (30% To 70% Developed)","2 lanes",2,"Straight - Level","Local Street","Dry","Two-Way, Not Divided","None","No Special Feature","Concrete","Piedmont","Urban","","No Control Present","Clear","No","35.25503, -80.89756",-80.89756,35.25503
"1626",382,383,"No","10-Jun",10,"No","With Traffic","O: No Injury","Bike Lane / Paved Shoulder","Black","Male","Durham","Durham","No","01-01-06","2007-09-08","Bicyclist Left Turn / Merge",19,"Non-Intersection","01-09-01","0001-01-01T14:30:58-04:56","Bicyclist Left Turn - Same Direction",321221,2007,"O: No Injury","Residential","30-39",35,"No","0-5 mph","O: No Injury","Black","Female","Passenger Car","No","No","Daylight","Urban (>70% Developed)","2 lanes",2,"Straight - Level","Local Street","Dry","Two-Way, Not Divided","None","No Special Feature","Smooth Asphalt","Piedmont","Urban","5 - 15 MPH","No Control Present","Clear","No","35.987988, -78.826965",-78.826965,35.987988
"1627",385,386,"Yes","60-69",66,"No","Not Applicable","C: Possible Injury","","White","Male","Fayetteville","Cumberland","No","01-01-02","2007-06-05","Bicyclist Failed to Yield - Midblock",20,"Non-Intersection","01-06-01","0001-01-01T15:23:58-04:56","Bicyclist Ride Out - Midblock -",393319,2007,"C: Possible Injury","Commercial","30-39",39,"No","36-40 mph","O: No Injury","Black","Female","Passenger Car","No","No","Dark - Lighted Roadway","Urban (>70% Developed)","3 lanes",2,"Straight - Level","Local Street","Dry","Two-Way, Divided, Unprotected Median","None","No Special Feature","Coarse Asphalt","Coastal","Urban","40 - 45  MPH","No Control Present","Clear","No","35.029808, -78.933716",-78.933716,35.029808
"1628",387,388,"No","10-Jun",7,"No","With Traffic","B: Evident Injury","Travel Lane","White","Male","Hickory","Catawba","No","01-01-02","2007-06-05","Bicyclist Failed to Yield - Sign-Controlled Intersection",20,"Intersection","01-06-01","0001-01-01T15:06:58-04:56","Bicyclist Ride Through - Sign-Controlled Intersection",111144,2007,"B: Evident Injury","Residential","70+",NA,"No","21-25 mph","O: No Injury","White","Female","Passenger Car","No","No","Daylight","Urban (>70% Developed)","2 lanes",2,"Straight - Level","Local Street","Dry","Two-Way, Not Divided","None","Four-Way Intersection","Smooth Asphalt","Piedmont","Urban","20 - 25  MPH","Stop Sign","Clear","No","35.737984, -81.35198",-81.35198,35.737984
"1629",389,390,"Yes","16-19",19,"No","With Traffic","C: Possible Injury","Travel Lane","Black","Male","Charlotte","Mecklenburg","No","01-01-03","2007-08-01","Motorist Overtaking Bicyclist",19,"Non-Intersection","01-08-01","0001-01-01T14:20:58-04:56","Motorist Overtaking - Other /",311239,2007,"C: Possible Injury","Residential","",NA,"Missing","","Injury","/Missing","","","No","Yes","Dusk","Urban (>70% Developed)","2 lanes",2,"Curve - Level","Local Street","Dry","Two-Way, Not Divided","None","No Special Feature","Smooth Asphalt","Piedmont","Urban","","No Control Present","Clear","No","35.242146, -80.88327",-80.88327,35.242146
"1630",394,395,"Yes","30-39",32,"Yes","With Traffic","B: Evident Injury","Travel Lane","White","Female","Asheville","Buncombe","Yes","01-01-04","2007-06-07","Motorist Left Turn / Merge",1,"Intersection","01-06-01","0000-12-31T20:58:58-04:56","Motorist Left Turn - Opposite Direction",111212,2007,"B: Evident Injury","Commercial","25-29",26,"No","16-20 mph","O: No Injury","White","Male","Passenger Car","No","No","Dark - Lighted Roadway","Urban (>70% Developed)","3 lanes",2,"Curve - Grade","Interstate","Dry","Two-Way, Not Divided","None","On or Off Ramp","Smooth Asphalt","Mountains","Urban","30 - 35  MPH","Stop And Go Signal","Clear","No","35.59895, -82.553505",-82.553505,35.59895
"1631",395,396,"Yes","25-29",26,"No","With Traffic","B: Evident Injury","Travel Lane","White","Male","Asheville","Buncombe","No","01-01-05","2007-06-08","Bicyclist Overtaking Motorist",13,"Non-Intersection","01-06-01","0001-01-01T08:14:58-04:56","Bicyclist Overtaking - Passing on Left",311242,2007,"B: Evident Injury","Commercial","60-69",60,"No","6-10 mph","O: No Injury","White","Female","Passenger Car","No","No","Daylight","Urban (>70% Developed)","2 lanes",2,"Straight - Level","Local Street","Dry","Two-Way, Not Divided","None","T-Intersection","Coarse Asphalt","Mountains","Urban","20 - 25  MPH","Double Yellow Line, No Passing Zone","Clear","No","35.584328, -82.56653",-82.56653,35.584328
"1632",416,417,"No","25-29",29,"No","With Traffic","C: Possible Injury","Travel Lane","White","Female","Durham","Durham","No","","2007-09-17","Motorist Left Turn / Merge",19,"Intersection","01-09-01","0001-01-01T14:18:58-04:56","Motorist Left Turn - Opposite Direction",111212,2007,"C: Possible Injury","Residential","20-24",23,"No","26-30 mph","O: No Injury","Hispanic","Female","Passenger Car","No","No","Dusk","Urban (>70% Developed)","2 lanes",2,"Straight - Grade","Local Street","Dry","Two-Way, Not Divided","None","Four-Way Intersection","Smooth Asphalt","Piedmont","Urban","30 - 35  MPH","Stop Sign","Clear","No","35.996624, -78.921196",-78.921196,35.996624
"1633",419,420,"Yes","10-Jun",9,"No","","C: Possible Injury","Non-Roadway","Black","Male","Greensboro","Guilford","No","01-01-02","2007-06-12","Non-Roadway",17,"Non-Roadway","01-06-01","0001-01-01T12:47:58-04:56","Non-Roadway",460910,2007,"C: Possible Injury","Residential","20-24",24,"No","","O: No Injury","Black","Female","Passenger Car","No","No","Daylight","Urban (>70% Developed)","2 lanes",2,"Straight - Level","Local Street","Dry","Two-Way, Not Divided","None","No Special Feature","Smooth Asphalt","Piedmont","Urban","","No Control Present","Clear","No","36.08717, -79.75323",-79.75323,36.08717
"1634",433,434,"Yes","70+",NA,"No","Facing Traffic","B: Evident Injury","Bike Lane / Paved Shoulder","White","Female","None - Rural Crash","Hyde","No","","2007-06-18","Motorist Failed to Yield - Midblock",13,"Non-Intersection","01-06-01","0001-01-01T09:00:58-04:56","Motorist Drive Out - Commercial Driveway / Alley",322322,2007,"B: Evident Injury","Commercial","25-29",29,"No","0-5 mph","O: No Injury","White","Male","Pickup","No","No","Daylight","Urban (>70% Developed)","2 lanes",2,"Straight - Level","NC Route","Sand, Mud, Dirt, Gravel","Two-Way, Not Divided","None","Driveway, Public","Gravel","Coastal","Rural","5 - 15 MPH","Double Yellow Line, No Passing Zone","Clear","No","35.10717, -75.97264",-75.97264,35.10717
"1635",438,439,"Yes","10-Jun",7,"No","Not Applicable","B: Evident Injury","Driveway / Alley","Black","Female","Roanoke Rapids","Halifax","No","01-01-04","2007-06-21","Bicyclist Failed to Yield - Midblock",19,"Non-Intersection","01-06-01","0001-01-01T14:34:58-04:56","Bicyclist Ride Out - Commercial Driveway / Alley",353312,2007,"B: Evident Injury","Commercial","25-29",28,"No","16-20 mph","O: No Injury","Black","Male","Passenger Car","No","No","Daylight","Urban (>70% Developed)","2 lanes",2,"Straight - Level","Local Street","Dry","Two-Way, Not Divided","None","Alley Intersection","Concrete","Coastal","Urban","20 - 25  MPH","No Control Present","Clear","No","36.46802, -77.65189",-77.65189,36.46802
"1636",446,447,"Yes","16-19",17,"No","With Traffic","A: Disabling Injury","Travel Lane","Hispanic","Male","None - Rural Crash","Wilson","No","01-01-05","2007-06-22","Bicyclist Left Turn / Merge",12,"Non-Intersection","01-06-01","0001-01-01T07:15:58-04:56","Bicyclist Left Turn - Same Direction",311221,2007,"A: Disabling Injury","Farms, Woods, Pastures","30-39",34,"No","41-45 mph","O: No Injury","Black","Male","Passenger Car","No","No","Daylight","Rural (<30% Developed)","1 lane",2,"Straight - Level","State Secondary Route","Dry","One-Way, Not Divided","None","No Special Feature","Coarse Asphalt","Coastal","Rural","50 - 55  MPH","No Control Present","Clear","No","35.825718, -77.856865",-77.856865,35.825718
"1637",447,448,"No","20-24",22,"No","With Traffic","O: No Injury","Travel Lane","White","Male","None - Rural Crash","Iredell","No","01-01-06","2007-06-23","Motorist Overtaking Bicyclist",21,"Non-Intersection","01-06-01","0001-01-01T16:13:58-04:56","Motorist Overtaking - Undetected Bicyclist",311231,2007,"O: No Injury","Farms, Woods, Pastures","50-59",50,"No","51-55 mph","O: No Injury","White","Female","Van","No","No","Dark - Roadway Not Lighted","Rural (<30% Developed)","2 lanes",2,"Straight - Level","State Secondary Route","Dry","Two-Way, Not Divided","None","No Special Feature","Coarse Asphalt","Piedmont","Rural","50 - 55  MPH","Double Yellow Line, No Passing Zone","Clear","No","35.659843, -80.80211",-80.80211,35.659843
"1638",449,450,"Yes","40-49",46,"No","With Traffic","B: Evident Injury","Sidewalk / Crosswalk / Driveway Crossing","Black","Male","Charlotte","Mecklenburg","No","01-01-03","2007-09-26","Motorist Failed to Yield - Sign-Controlled Intersection",19,"Intersection","01-09-01","0001-01-01T14:59:58-04:56","Motorist Drive Out - Sign-Controlled Intersection",131141,2007,"B: Evident Injury","Residential","50-59",56,"No","26-30 mph","O: No Injury","Black","Male","Passenger Car","No","No","Dark - Lighted Roadway","Urban (>70% Developed)","2 lanes",2,"Straight - Level","Local Street","Dry","Two-Way, Not Divided","None","No Special Feature","Concrete","Piedmont","Urban","20 - 25  MPH","No Control Present","Clear","No","35.209763, -80.874054",-80.874054,35.209763
"1639",456,457,"Yes","20-24",23,"No","With Traffic","B: Evident Injury","Travel Lane","Hispanic","Male","Wilson","Wilson","No","01-01-07","2007-06-24","Motorist Failed to Yield - Signalized Intersection",12,"Intersection","01-06-01","0001-01-01T07:33:58-04:56","Motorist Drive Out - Right Turn on Red",111151,2007,"B: Evident Injury","Commercial","70+",NA,"No","0-5 mph","O: No Injury","Black","Male","Taxicab","No","No","Daylight","Urban (>70% Developed)","3 lanes",2,"Straight - Level","Local Street","Dry","Two-Way, Not Divided","None","Four-Way Intersection","Coarse Asphalt","Coastal","Urban","30 - 35  MPH","Stop And Go Signal","Clear","No","35.724144, -77.91144",-77.91144,35.724144
"1640",458,459,"No","15-Nov",12,"No","With Traffic","B: Evident Injury","Travel Lane","Black","Female","Raleigh","Wake","No","","2007-06-25","Bicyclist Failed to Yield - Sign-Controlled Intersection",15,"Intersection","01-06-01","0001-01-01T10:45:58-04:56","Bicyclist Ride Out - Sign-Controlled Intersection",111142,2007,"B: Evident Injury","Residential","20-24",21,"No","31-35 mph","O: No Injury","Black","Female","Passenger Car","No","No","Daylight","Urban (>70% Developed)","8 lanes",2,"Straight - Level","Local Street","Dry","Two-Way, Not Divided","None","Four-Way Intersection","Concrete","Piedmont","Urban","30 - 35  MPH","Stop Sign","Clear","No","35.78253, -78.62061",-78.62061,35.78253
"1641",461,462,"Yes","16-19",16,"No","With Traffic","B: Evident Injury","Travel Lane","White","Male","None - Rural Crash","Onslow","No","01-01-02","2007-06-26","Bicyclist Left Turn / Merge",17,"Non-Intersection","01-06-01","0001-01-01T12:18:58-04:56","Bicyclist Left Turn - Opposite Direction",311222,2007,"B: Evident Injury","Farms, Woods, Pastures","20-24",23,"No","41-45 mph","O: No Injury","White","Male","Pickup","No","No","Daylight","Rural (<30% Developed)","2 lanes",2,"Straight - Level","NC Route","Dry","Two-Way, Not Divided","None","No Special Feature","Smooth Asphalt","Coastal","Rural","50 - 55  MPH","No Control Present","Clear","No","34.698425, -77.23439",-77.23439,34.698425
"1642",466,467,"Yes","40-49",49,"No","With Traffic","K: Killed","Travel Lane","White","Female","Raleigh","Wake","No","","2007-06-25","Motorist Failed to Yield - Sign-Controlled Intersection",16,"Intersection","01-06-01","0001-01-01T11:57:58-04:56","Motorist Drive Out - Sign-Controlled Intersection",111141,2007,"K: Killed","Residential","60-69",65,"No","0-5 mph","O: No Injury","White","Female","Passenger Car","No","No","Daylight","Urban (>70% Developed)","2 lanes",2,"Straight - Grade","Local Street","Dry","Two-Way, Not Divided","None","T-Intersection","Coarse Asphalt","Piedmont","Urban","30 - 35  MPH","Stop Sign","Clear","No","35.773453, -78.73626",-78.73626,35.773453
"1643",472,473,"Yes","15-Nov",13,"No","Not Applicable","B: Evident Injury","Non-Roadway","White","Male","Wilmington","New Hanover","No","01-01-03","2007-06-27","Bicyclist Failed to Yield - Midblock",12,"Non-Intersection","01-06-01","0001-01-01T07:54:58-04:56","Bicyclist Ride Out - Commercial Driveway / Alley",363312,2007,"B: Evident Injury","Commercial","20-24",20,"No","16-20 mph","O: No Injury","White","Female","Passenger Car","No","No","Daylight","Urban (>70% Developed)","5 lanes",2,"Straight - Level","Local Street","Dry","Two-Way, Not Divided","None","No Special Feature","Coarse Asphalt","Coastal","Urban","40 - 45  MPH","No Control Present","Clear","No","34.26139, -77.830086",-77.830086,34.26139
"1644",476,477,"No","15-Nov",14,"No","","B: Evident Injury","Non-Roadway","Black","Male","Burlington","Alamance","No","01-01-05","2007-06-29","Non-Roadway",14,"Non-Roadway","01-06-01","0001-01-01T09:40:58-04:56","Non-Roadway",460910,2007,"B: Evident Injury","Commercial","30-39",35,"No","6-10 mph","O: No Injury","White","Female","Passenger Car","No","No","Daylight","Urban (>70% Developed)","",2,"Straight - Level","Public Vehicular Area","Dry","One-Way, Not Divided","None","No Special Feature","Smooth Asphalt","Piedmont","Urban","","No Control Present","Clear","No","36.091724, -79.390274",-79.390274,36.091724
"1645",481,482,"Yes","30-39",37,"No","With Traffic","B: Evident Injury","Travel Lane","White","Male","Huntersville","Mecklenburg","No","01-01-03","2007-08-22","Loss of Control / Turning Error",7,"Non-Intersection","01-08-01","0001-01-01T02:47:58-04:56","Bicyclist Lost Control - Mechanical Problems",311121,2007,"B: Evident Injury","Commercial","50-59",58,"No","6-10 mph","O: No Injury","White","Male","Single Unit Truck (3 Or More Axles)","No","No","Daylight","Urban (>70% Developed)","2 lanes",2,"Straight - Level","Local Street","Dry","Two-Way, Not Divided","None","Four-Way Intersection","Smooth Asphalt","Piedmont","Urban","20 - 25  MPH","Stop And Go Signal","Clear","No","35.410664, -80.842896",-80.842896,35.410664
"1646",485,486,"No","60-69",63,"No","With Traffic","B: Evident Injury","Travel Lane","White","Male","Eden","Rockingham","No","01-01-02","2007-08-28","Other / Unusual Circumstances",14,"Non-Intersection","01-08-01","0001-01-01T09:44:58-04:56","Unusual Circumstances",311800,2007,"B: Evident Injury","Commercial","60-69",67,"No","41-45 mph","O: No Injury","White","Male","Single Unit Truck (2-Axle, 6-Tire)","No","No","Daylight","Urban (>70% Developed)","2 lanes",2,"Straight - Grade","Local Street","Dry","Two-Way, Not Divided","None","No Special Feature","Smooth Asphalt","Piedmont","Urban","40 - 45  MPH","No Control Present","Cloudy","No","36.516785, -79.74948",-79.74948,36.516785
"1647",496,497,"Yes","20-24",20,"No","Facing Traffic","B: Evident Injury","Travel Lane","White","Female","Kill Devil Hills","Dare","No","","2007-07-02","Motorist Failed to Yield - Midblock",11,"Non-Intersection","01-07-01","0001-01-01T06:51:58-04:56","Motorist Drive Out - Commercial Driveway / Alley",312322,2007,"B: Evident Injury","Commercial","40-49",49,"No","0-5 mph","O: No Injury","Asian","Male","Passenger Car","No","No","Daylight","Urban (>70% Developed)","5 lanes",2,"Straight - Level","US Route","Dry","Two-Way, Not Divided","None","No Special Feature","Coarse Asphalt","Coastal","Urban","","No Control Present","Clear","No","35.99272, -75.6485",-75.6485,35.99272
"1648",10,11,"Yes","50-59",58,"No","With Traffic","K: Killed","Travel Lane","White","Male","Charlotte","Mecklenburg","No","01-01-05","2008-02-08","Motorist Left Turn / Merge",15,"Intersection","01-02-01","0001-01-01T10:55:58-04:56","Motorist Left Turn - Opposite Direction",111212,2008,"K: Killed","Commercial","50-59",50,"No","21-25 mph","O: No Injury","Black","Female","Passenger Car","No","No","Daylight","Urban (>70% Developed)","3 lanes",2,"Curve - Hillcrest","Local Street","Dry","Two-Way, Divided, Positive Median Barrier","None","Four-Way Intersection","Smooth Asphalt","Piedmont","Urban","30 - 35  MPH","Stop And Go Signal","Clear","No","0.0, 0.0",0,0
"1649",35,36,"Yes","25-29",29,"No","With Traffic","B: Evident Injury","Travel Lane","White","Male","Charlotte","Mecklenburg","No","01-01-03","2008-04-02","Loss of Control / Turning Error",10,"Intersection-Related","01-04-01","0001-01-01T05:31:58-04:56","Motorist Lost Control - Other /",211139,2008,"B: Evident Injury","Residential","0-19",19,"No","6-10 mph","O: No Injury","White","Male","Passenger Car","No","No","Daylight","Mixed (30% To 70% Developed)","2 lanes",3,"Straight - Level","Local Street","Dry","Two-Way, Not Divided","None","T-Intersection","Smooth Asphalt","Piedmont","Urban","40 - 45  MPH","Stop Sign","Clear","No","0.0, 0.0",0,0
"1650",37,38,"No","10-Jun",10,"No","With Traffic","C: Possible Injury","Travel Lane","Black","Male","Gastonia","Gaston","No","01-01-03","2008-01-09","Bicyclist Failed to Yield - Sign-Controlled Intersection",16,"Intersection","","0001-01-01T11:09:58-04:56","Bicyclist Ride Through - Sign-Controlled Intersection",111144,2008,"C: Possible Injury","Residential","30-39",33,"No","16-20 mph","O: No Injury","White","Male","Pickup","No","No","Daylight","Urban (>70% Developed)","2 lanes",2,"Straight - Level","Local Street","Dry","Two-Way, Not Divided","None","Four-Way Intersection","Coarse Asphalt","Piedmont","Urban","20 - 25  MPH","Stop Sign","Clear","No","0.0, 0.0",0,0
"1651",42,43,"No","10-Jun",8,"No","With Traffic","O: No Injury","Travel Lane","Black","Male","Durham","Durham","No","01-01-04","2008-04-03","Bicyclist Failed to Yield - Sign-Controlled Intersection",17,"Intersection","01-04-01","0001-01-01T12:32:58-04:56","Bicyclist Ride Out - Sign-Controlled Intersection",111142,2008,"O: No Injury","Residential","70+",NA,"No","31-35 mph","O: No Injury","Black","Female","Passenger Car","No","No","Daylight","Urban (>70% Developed)","2 lanes",2,"Straight - Level","Local Street","Wet","Two-Way, Divided, Unprotected Median","None","Four-Way Intersection","Smooth Asphalt","Piedmont","Urban","30 - 35  MPH","Stop Sign","Rain","No","0.0, 0.0",0,0