"","FID","OBJECTID","AmbulanceR","BikeAge_Gr","Bike_Age","Bike_Alc_D","Bike_Dir","Bike_Injur","Bike_Pos","Bike_Race","Bike_Sex","City","County","CrashAlcoh","CrashDay","Crash_Date","Crash_Grp","Crash_Hour","Crash_Loc","Crash_Mont","Crash_Time","Crash_Type","Crash_Ty_1","Crash_Year","Crsh_Sevri","Developmen","DrvrAge_Gr","Drvr_Age","Drvr_Alc_D","Drvr_EstSp","Drvr_Injur","Drvr_Race","Drvr_Sex","Drvr_VehTy","ExcsSpdInd","Hit_Run","Light_Cond","Locality","Num_Lanes","Num_Units","Rd_Charact","Rd_Class","Rd_Conditi","Rd_Config","Rd_Defects","Rd_Feature","Rd_Surface","Region","Rural_Urba","Speed_Limi","Traff_Cntr","Weather","Workzone_I","Location","locx","locy"
"1693",272,273,"Yes","15-Nov",12,"No","Not Applicable","C: Possible Injury","","Black","Male","Rocky Mount","Nash","No","01-01-02","2008-05-06","Bicyclist Failed to Yield - Midblock",17,"Non-Intersection","01-05-01","0001-01-01T12:10:58-04:56","Multiple Threat - Midblock",393357,2008,"C: Possible Injury","Commercial","20-24",24,"No","16-20 mph","O: No Injury","Black","Male","Passenger Car","No","No","Daylight","Urban (>70% Developed)","4 lanes",2,"Straight - Level","Local Street","Dry","Two-Way, Not Divided","None","Four-Way Intersection","Smooth Asphalt","Coastal","Urban","30 - 35  MPH","Double Yellow Line, No Passing Zone","Clear","No","0.0, 0.0",0,0
"1694",274,275,"No","60-69",63,"No","Facing Traffic","B: Evident Injury","Travel Lane","White","Male","None - Rural Crash","Rowan","No","01-01-05","2008-04-25","Head-On",17,"Non-Intersection","01-04-01","0001-01-01T12:10:58-04:56","Head-On - Bicyclist",312250,2008,"B: Evident Injury","Residential","0-19",9,"No","","O: No Injury","White","Female","Pedalcycle","No","No","Daylight","Mixed (30% To 70% Developed)","2 lanes",2,"Straight - Level","State Secondary Route","Dry","Two-Way, Not Divided","None","No Special Feature","Smooth Asphalt","Piedmont","Rural","","Double Yellow Line, No Passing Zone","Clear","No","0.0, 0.0",0,0
"1695",288,289,"Yes","20-24",24,"No","With Traffic","B: Evident Injury","Travel Lane","White","Male","Raleigh","Wake","No","01-01-05","2008-05-02","Motorist Left Turn / Merge",22,"Intersection","01-05-01","0001-01-01T17:09:58-04:56","Motorist Left Turn - Opposite Direction",111212,2008,"B: Evident Injury","Commercial","20-24",21,"No","16-20 mph","Injury","White","Female","Passenger Car","No","No","Dark - Lighted Roadway","Urban (>70% Developed)","4 lanes",2,"Straight - Level","Local Street","Dry","Two-Way, Divided, Unprotected Median","None","No Special Feature","Smooth Asphalt","Piedmont","Urban","30 - 35  MPH","Stop And Go Signal","Clear","No","0.0, 0.0",0,0
"1696",290,291,"Yes","60-69",62,"No","With Traffic","B: Evident Injury","Bike Lane / Paved Shoulder","White","Male","None - Rural Crash","Duplin","No","01-01-06","2008-05-03","Motorist Right Turn / Merge",13,"Non-Intersection","01-05-01","0001-01-01T08:03:58-04:56","Motorist Right Turn - Same Direction",321213,2008,"B: Evident Injury","Farms, Woods, Pastures","",NA,"Missing","51-55 mph","Injury","/Missing","","","No","Yes","Daylight","Rural (<30% Developed)","2 lanes",2,"Straight - Level","NC Route","Dry","Two-Way, Not Divided","None","No Special Feature","Coarse Asphalt","Coastal","Rural","50 - 55  MPH","No Control Present","Clear","No","0.0, 0.0",0,0
"1697",294,295,"Yes","15-Nov",12,"No","With Traffic","B: Evident Injury","Travel Lane","Hispanic","Male","Durham","Durham","No","01-01-03","2008-06-11","Motorist Failed to Yield - Signalized Intersection",21,"Intersection","01-06-01","0001-01-01T16:21:58-04:56","Motorist Drive Through - Signalized Intersection",111154,2008,"B: Evident Injury","Commercial","",NA,"Missing","31-35 mph","Injury","/Missing","","Passenger Car","No","Yes","Dark - Lighted Roadway","Urban (>70% Developed)","2 lanes",2,"Straight - Level","Local Street","Dry","Two-Way, Not Divided","None","T-Intersection","Smooth Asphalt","Piedmont","Urban","30 - 35  MPH","Stop And Go Signal","Clear","No","0.0, 0.0",0,0
"1698",295,296,"No","30-39",32,"No","With Traffic","B: Evident Injury","Travel Lane","Black","Male","Durham","Durham","No","01-01-03","2008-06-11","Bicyclist Failed to Yield - Sign-Controlled Intersection",18,"Intersection","01-06-01","0001-01-01T13:15:58-04:56","Bicyclist Ride Out - Sign-Controlled Intersection",111142,2008,"B: Evident Injury","Residential","50-59",50,"No","31-35 mph","O: No Injury","Black","Male","Passenger Car","No","No","Daylight","Urban (>70% Developed)","2 lanes",2,"Straight - Level","Local Street","Dry","Two-Way, Not Divided","None","No Special Feature","Smooth Asphalt","Piedmont","Urban","30 - 35  MPH","No Control Present","Clear","No","0.0, 0.0",0,0
"1699",300,301,"Yes","15-Nov",14,"No","With Traffic","B: Evident Injury","Bike Lane / Paved Shoulder","Black","Male","Kinston","Lenoir","No","01-01-02","2008-06-10","Bicyclist Left Turn / Merge",17,"Non-Intersection","01-06-01","0001-01-01T12:59:58-04:56","Bicyclist Left Turn - Same Direction",321221,2008,"B: Evident Injury","Residential","25-29",28,"No","31-35 mph","O: No Injury","Black","Female","Passenger Car","No","No","Daylight","Urban (>70% Developed)","4 lanes",2,"Straight - Level","NC Route","Dry","Two-Way, Divided, Unprotected Median","None","No Special Feature","Smooth Asphalt","Coastal","Urban","30 - 35  MPH","No Control Present","Clear","No","0.0, 0.0",0,0
"1700",302,303,"Yes","15-Nov",15,"No","","B: Evident Injury","Non-Roadway","Black","Male","Cary","Wake","No","01-01-06","2008-06-14","Crossing Paths - Other Circumstances",14,"Intersection","01-06-01","0001-01-01T09:12:58-04:56","Signalized Intersection - Other /",169158,2008,"B: Evident Injury","Commercial","25-29",25,"No","26-30 mph","O: No Injury","Black","Female","Passenger Car","No","No","Daylight","Urban (>70% Developed)","4 lanes",2,"Straight - Level","State Secondary Route","Dry","Two-Way, Divided, Unprotected Median","None","Four-Way Intersection","Smooth Asphalt","Piedmont","Urban","30 - 35  MPH","Stop And Go Signal","Clear","No","0.0, 0.0",0,0
"1701",922,923,"Yes","30-39",34,"No","Facing Traffic","O: No Injury","Travel Lane","White","Male","Raleigh","Wake","No","01-01-02","2007-11-13","Head-On",18,"Non-Intersection","01-11-01","0001-01-01T13:13:58-04:56","Head-On - Bicyclist",312250,2007,"O: No Injury","Residential","40-49",47,"No","6-10 mph","O: No Injury","Asian","Male","Passenger Car","No","No","Dark - Lighted Roadway","Urban (>70% Developed)","2 lanes",2,"Straight - Level","Local Street","Dry","Two-Way, Divided, Unprotected Median","None","No Special Feature","Concrete","Piedmont","Urban","20 - 25  MPH","No Control Present","Clear","No","35.786217, -78.662285",-78.662285,35.786217
"1702",924,925,"No","30-39",33,"No","With Traffic","B: Evident Injury","Travel Lane","Black","Male","Charlotte","Mecklenburg","No","01-01-05","2007-12-14","Motorist Left Turn / Merge",8,"Intersection","01-12-01","0001-01-01T03:36:58-04:56","Motorist Left Turn - Opposite Direction",111212,2007,"B: Evident Injury","Commercial","25-29",26,"No","6-10 mph","O: No Injury","Black","Male","Passenger Car","No","No","Daylight","Urban (>70% Developed)","4 lanes",2,"Straight - Grade","Local Street","Dry","Two-Way, Not Divided","None","Four-Way Intersection","Smooth Asphalt","Piedmont","Urban","30 - 35  MPH","Stop Sign","Clear","No","35.21477, -80.82793",-80.82793,35.21477
"1703",925,926,"No","30-39",36,"No","With Traffic","C: Possible Injury","Travel Lane","White","Male","Asheville","Buncombe","No","01-01-03","2007-11-14","Motorist Left Turn / Merge",20,"Non-Intersection","01-11-01","0001-01-01T15:17:58-04:56","Motorist Left Turn - Opposite Direction",311212,2007,"C: Possible Injury","Residential","40-49",44,"No","","O: No Injury","Black","Male","Passenger Car","No","No","Dark - Lighted Roadway","Urban (>70% Developed)","2 lanes",2,"Straight - Level","Local Street","Dry","Two-Way, Not Divided","None","No Special Feature","Smooth Asphalt","Mountains","Urban","20 - 25  MPH","No Control Present","Clear","No","35.603233, -82.55251",-82.55251,35.603233
"1704",927,928,"No","15-Nov",14,"No","Facing Traffic","C: Possible Injury","Travel Lane","Black","Female","Whiteville","Columbus","No","01-01-05","2007-11-16","Motorist Failed to Yield - Sign-Controlled Intersection",17,"Intersection","01-11-01","0001-01-01T13:02:58-04:56","Motorist Drive Out - Sign-Controlled Intersection",112141,2007,"C: Possible Injury","Commercial","",NA,"Missing","","Injury","/Missing","","","No","Yes","Dark - Lighted Roadway","Urban (>70% Developed)","2 lanes",2,"Straight - Level","US Route","Dry","Two-Way, Divided, Unprotected Median","None","On or Off Ramp","Smooth Asphalt","Coastal","Urban","","Stop Sign","Clear","No","34.348667, -78.7097",-78.7097,34.348667
"1705",929,930,"Yes","15-Nov",12,"No","Facing Traffic","C: Possible Injury","Travel Lane","White","Female","None - Rural Crash","Carteret","No","","2007-11-19","Motorist Left Turn / Merge",16,"Non-Intersection","01-11-01","0001-01-01T11:48:58-04:56","Motorist Left Turn - Same Direction",312211,2007,"C: Possible Injury","Farms, Woods, Pastures","",NA,"Missing","","Injury","/Missing","","","No","Yes","Dusk","Rural (<30% Developed)","2 lanes",2,"Curve - Level","State Secondary Route","Dry","Two-Way, Not Divided","None","No Special Feature","Coarse Asphalt","Coastal","Rural","30 - 35  MPH","Double Yellow Line, No Passing Zone","Clear","No","34.796757, -76.84858",-76.84858,34.796757
"1706",935,936,"No","15-Nov",15,"No","With Traffic","Injury","Travel Lane","/Missing","Male","Erwin","Harnett","No","01-01-04","2007-11-22","Motorist Overtaking Bicyclist",1,"Non-Intersection","01-11-01","0000-12-31T20:04:58-04:56","Motorist Overtaking - Undetected Bicyclist",311231,2007,"Injury","Commercial","",NA,"Missing","51-55 mph","Injury","/Missing","","","No","Yes","Dark - Roadway Not Lighted","Urban (>70% Developed)","4 lanes",2,"Straight - Level","Local Street","Dry","Two-Way, Divided, Unprotected Median","None","No Special Feature","Smooth Asphalt","Coastal","Rural","50 - 55  MPH","No Control Present","Clear","No","35.32502, -78.65053",-78.65053,35.32502
"1707",944,945,"Yes","10-Jun",8,"No","With Traffic","B: Evident Injury","Travel Lane","White","Male","None - Rural Crash","Rockingham","No","01-01-03","2007-11-28","Bicyclist Left Turn / Merge",19,"Non-Intersection","01-11-01","0001-01-01T14:03:58-04:56","Bicyclist Left Turn - Same Direction",311221,2007,"B: Evident Injury","Farms, Woods, Pastures","60-69",60,"No","16-20 mph","O: No Injury","White","Female","Passenger Car","No","No","Dark - Roadway Not Lighted","Rural (<30% Developed)","2 lanes",2,"Curve - Grade","State Secondary Route","Dry","Two-Way, Not Divided","None","Driveway, Private","Smooth Asphalt","Piedmont","Rural","50 - 55  MPH","Double Yellow Line, No Passing Zone","Clear","No","36.44683, -79.64449",-79.64449,36.44683
"1708",947,948,"No","",NA,"Missing","With Traffic","Injury","Travel Lane","/Missing","","None - Rural Crash","Pitt","No","01-01-04","2007-11-29","Motorist Overtaking Bicyclist",18,"Non-Intersection","01-11-01","0001-01-01T13:38:58-04:56","Motorist Overtaking - Other /",311239,2007,"O: No Injury","Farms, Woods, Pastures","40-49",41,"No","51-55 mph","O: No Injury","White","Female","Passenger Car","No","No","Dark - Roadway Not Lighted","Rural (<30% Developed)","2 lanes",2,"Straight - Level","State Secondary Route","Dry","Two-Way, Not Divided","None","No Special Feature","Smooth Asphalt","Coastal","Rural","50 - 55  MPH","Double Yellow Line, No Passing Zone","Clear","No","35.492966, -77.35381",-77.35381,35.492966
"1709",953,954,"Yes","40-49",45,"No","","B: Evident Injury","Travel Lane","White","Male","None - Rural Crash","Brunswick","No","01-01-06","2007-12-01","Non-Roadway",19,"Non-Roadway","01-12-01","0001-01-01T14:45:58-04:56","Non-Roadway",410910,2007,"B: Evident Injury","Commercial","30-39",39,"No","0-5 mph","O: No Injury","White","Male","Sport Utility","No","No","Dark - Lighted Roadway","Urban (>70% Developed)","",2,"Straight - Level","Public Vehicular Area","Dry","Two-Way, Not Divided","None","Driveway, Public","Smooth Asphalt","Coastal","Rural","5 - 15 MPH","No Control Present","Clear","No","33.9515, -78.0494",-78.0494,33.9515
"1710",958,959,"Yes","40-49",44,"No","With Traffic","B: Evident Injury","Travel Lane","Black","Male","Wilmington","New Hanover","No","","2007-12-03","Motorist Overtaking Bicyclist",17,"Non-Intersection","01-12-01","0001-01-01T12:34:58-04:56","Motorist Overtaking - Other /",311239,2007,"B: Evident Injury","Commercial","50-59",52,"No","31-35 mph","O: No Injury","Black","Female","Sport Utility","No","No","Dark - Lighted Roadway","Urban (>70% Developed)","5 lanes",2,"Straight - Level","Local Street","Dry","Two-Way, Divided, Unprotected Median","None","No Special Feature","Smooth Asphalt","Coastal","Urban","30 - 35  MPH","No Control Present","Clear","No","34.224167, -77.92188",-77.92188,34.224167
"1711",959,960,"Yes","10-Jun",8,"No","","B: Evident Injury","","Black","Female","Rocky Mount","Nash","No","01-01-02","2007-12-04","Bicyclist Failed to Yield - Midblock",16,"Non-Intersection","01-12-01","0001-01-01T11:51:58-04:56","Bicyclist Ride Out - Midblock -",399319,2007,"B: Evident Injury","Residential","50-59",56,"No","26-30 mph","O: No Injury","Black","Female","Passenger Car","No","No","Dusk","Urban (>70% Developed)","2 lanes",2,"Straight - Level","Local Street","Dry","Two-Way, Not Divided","None","Driveway, Private","Smooth Asphalt","Coastal","Urban","40 - 45  MPH","No Control Present","Clear","No","35.967342, -77.87576",-77.87576,35.967342
"1712",968,969,"Yes","",NA,"No","Facing Traffic","B: Evident Injury","Travel Lane","White","Female","Manteo","Dare","No","01-01-07","2007-12-09","Crossing Paths - Other Circumstances",10,"Intersection","01-12-01","0001-01-01T05:52:58-04:56","Signalized Intersection - Other /",112158,2007,"B: Evident Injury","Industrial","40-49",48,"No","","O: No Injury","White","Female","Passenger Car","No","No","Daylight","Urban (>70% Developed)","2 lanes",2,"Straight - Level","Local Street","Dry","Two-Way, Not Divided","None","Four-Way Intersection","Coarse Asphalt","Coastal","Rural","20 - 25  MPH","Stop And Go Signal","Clear","No","35.902058, -75.67151",-75.67151,35.902058
"1713",971,972,"No","30-39",31,"No","With Traffic","C: Possible Injury","Travel Lane","White","Male","Raleigh","Wake","No","","2007-12-10","Motorist Failed to Yield - Sign-Controlled Intersection",20,"Intersection","01-12-01","0001-01-01T15:56:58-04:56","Motorist Drive Out - Sign-Controlled Intersection",111141,2007,"C: Possible Injury","Commercial","20-24",21,"No","0-5 mph","O: No Injury","Asian","Male","Passenger Car","No","No","Dark - Lighted Roadway","Urban (>70% Developed)","2 lanes",2,"Straight - Level","Local Street","Dry","Two-Way, Divided, Positive Median Barrier","None","Traffic Circle/Roundabout","Smooth Asphalt","Piedmont","Urban","20 - 25  MPH","Yield Sign","Clear","No","35.784557, -78.664345",-78.664345,35.784557
"1714",977,978,"No","60-69",65,"No","Not Applicable","B: Evident Injury","Non-Roadway","Black","Male","Wilson","Wilson","No","01-01-05","2007-12-14","Bicyclist Failed to Yield - Midblock",18,"Non-Intersection","01-12-01","0001-01-01T13:20:58-04:56","Bicyclist Ride Out - Commercial Driveway / Alley",363312,2007,"B: Evident Injury","Commercial","50-59",51,"No","21-25 mph","B: Evident Injury","Black","Male","Passenger Car","No","No","Dark - Lighted Roadway","Urban (>70% Developed)","2 lanes",2,"Straight - Level","Public Vehicular Area","Dry","Two-Way, Not Divided","None","No Special Feature","Smooth Asphalt","Coastal","Urban","30 - 35  MPH","No Control Present","Clear","No","35.713203, -77.898224",-77.898224,35.713203
"1715",978,979,"Yes","50-59",51,"No","With Traffic","B: Evident Injury","Travel Lane","White","Male","Greensboro","Guilford","No","01-01-05","2007-12-14","Loss of Control / Turning Error",18,"Intersection-Related","01-12-01","0001-01-01T13:27:58-04:56","Motorist Turning Error - Right Turn",211112,2007,"B: Evident Injury","Commercial","40-49",49,"No","11-15 mph","O: No Injury","Black","Male","Passenger Car","No","No","Dark - Lighted Roadway","Urban (>70% Developed)","3 lanes",2,"Straight - Level","Local Street","Dry","Two-Way, Divided, Unprotected Median","None","No Special Feature","Smooth Asphalt","Piedmont","Urban","30 - 35  MPH","Stop And Go Signal","Clear","No","36.075527, -79.794014",-79.794014,36.075527
"1716",990,991,"No","30-39",33,"No","","B: Evident Injury","Non-Roadway","White","Male","Winston-Salem","Forsyth","No","01-01-06","2007-12-29","Non-Roadway",13,"Non-Roadway","01-12-01","0001-01-01T08:35:58-04:56","Non-Roadway",460910,2007,"B: Evident Injury","Commercial","40-49",45,"No","0-5 mph","O: No Injury","White","Male","Passenger Car","No","No","Daylight","Urban (>70% Developed)","",3,"Straight - Grade","Public Vehicular Area","Wet","Two-Way, Not Divided","None","Driveway, Public","Smooth Asphalt","Piedmont","Urban","40 - 45  MPH","No Control Present","Rain","No","36.069984, -80.26951",-80.26951,36.069984
"1717",995,996,"Yes","40-49",40,"No","With Traffic","C: Possible Injury","Bike Lane / Paved Shoulder","Black","Male","Greensboro","Guilford","No","01-01-07","2007-11-25","Motorist Overtaking Bicyclist",0,"Non-Intersection","01-11-01","0000-12-31T19:13:58-04:56","Motorist Overtaking - Bicyclist Swerved",321235,2007,"C: Possible Injury","Commercial","",NA,"Missing","","Injury","/Missing","","","No","Yes","Dark - Lighted Roadway","Urban (>70% Developed)","7 lanes",2,"Straight - Level","Local Street","Dry","Two-Way, Divided, Unprotected Median","None","No Special Feature","Smooth Asphalt","Piedmont","Urban","","No Control Present","Cloudy","No","36.06206, -79.8157",-79.8157,36.06206
"1718",486,487,"No","16-19",17,"No","With Traffic","B: Evident Injury","Travel Lane","White","Male","Huntersville","Mecklenburg","No","01-01-02","2009-08-25","Crossing Paths - Other Circumstances",17,"Intersection","01-08-01","0001-01-01T13:02:58-04:56","Crossing Paths - Intersection - Other /",111180,2009,"B: Evident Injury","Residential","",NA,"Missing","6-10 mph","Injury","/Missing","","","No","Yes","Daylight","Urban (>70% Developed)","2 lanes",2,"Straight - Level","Local Street","Dry","Two-Way, Not Divided","None","No Special Feature","Smooth Asphalt","Piedmont","Urban","20 - 25  MPH","Double Yellow Line, No Passing Zone","Clear","No","35.410957, -80.84065",-80.84065,35.410957
"1719",493,494,"Yes","10-Jun",9,"No","With Traffic","C: Possible Injury","Sidewalk / Crosswalk / Driveway Crossing","White","Male","Chapel Hill","Orange","No","01-01-03","2009-09-02","Motorist Right Turn / Merge",7,"Intersection","01-09-01","0001-01-01T02:38:58-04:56","Motorist Right Turn - Same Direction",131213,2009,"C: Possible Injury","Residential","40-49",43,"No","0-5 mph","O: No Injury","Asian","Female","Light Truck (Mini-Van, Panel)","No","No","Daylight","Urban (>70% Developed)","2 lanes",2,"Straight - Level","Local Street","Dry","Two-Way, Not Divided","None","Y-Intersection","Smooth Asphalt","Piedmont","Urban","20 - 25  MPH","Stop Sign","Clear","No","35.883, -79.069824",-79.069824,35.883
"1720",511,512,"Yes","15-Nov",15,"No","With Traffic","B: Evident Injury","Travel Lane","Black","Male","Charlotte","Mecklenburg","No","01-01-07","2009-08-30","Bicyclist Failed to Yield - Sign-Controlled Intersection",11,"Intersection","01-08-01","0001-01-01T06:39:58-04:56","Bicyclist Ride Through - Sign-Controlled Intersection",111144,2009,"B: Evident Injury","Residential","60-69",62,"No","11-15 mph","O: No Injury","Black","Male","Passenger Car","No","No","Daylight","Urban (>70% Developed)","4 lanes",2,"Straight - Level","Local Street","Dry","Two-Way, Not Divided","None","T-Intersection","Smooth Asphalt","Piedmont","Urban","20 - 25  MPH","Stop Sign","Clear","No","35.206905, -80.899",-80.899,35.206905
"1721",516,517,"No","30-39",35,"No","With Traffic","B: Evident Injury","Travel Lane","White","Female","None - Rural Crash","Durham","No","01-01-07","2009-08-30","Bicyclist Failed to Yield - Sign-Controlled Intersection",18,"Intersection","01-08-01","0001-01-01T13:35:58-04:56","Bicyclist Ride Through - Sign-Controlled Intersection",111144,2009,"B: Evident Injury","Farms, Woods, Pastures","50-59",54,"No","6-10 mph","O: No Injury","White","Male","Sport Utility","No","No","Daylight","Rural (<30% Developed)","2 lanes",2,"Straight - Level","State Secondary Route","Dry","Two-Way, Not Divided","None","Four-Way Intersection","Smooth Asphalt","Piedmont","Rural","40 - 45  MPH","Stop Sign","Clear","No","35.95418, -78.73124",-78.73124,35.95418
"1722",522,523,"Yes","15-Nov",12,"No","With Traffic","C: Possible Injury","Travel Lane","White","Female","None - Rural Crash","Cleveland","No","","2009-09-21","Bicyclist Failed to Yield - Sign-Controlled Intersection",19,"Intersection","01-09-01","0001-01-01T14:51:58-04:56","Bicyclist Ride Through - Sign-Controlled Intersection",111144,2009,"C: Possible Injury","Residential","20-24",22,"No","21-25 mph","O: No Injury","Black","Male","Passenger Car","No","No","Dark - Roadway Not Lighted","Mixed (30% To 70% Developed)","2 lanes",2,"Straight - Level","State Secondary Route","Dry","Two-Way, Not Divided","None","Four-Way Intersection","Coarse Asphalt","Mountains","Rural","20 - 25  MPH","Stop Sign","Cloudy","No","35.326443, -81.502174",-81.502174,35.326443
"1723",527,528,"Yes","50-59",52,"No","With Traffic","B: Evident Injury","Travel Lane","White","Male","Nags Head","Dare","No","01-01-02","2009-03-03","Loss of Control / Turning Error",8,"Intersection","01-03-01","0001-01-01T03:25:58-04:56","Motorist Turning Error - Left Turn",111111,2009,"B: Evident Injury","Commercial","25-29",29,"No","6-10 mph","O: No Injury","White","Female","Van","No","No","Daylight","Urban (>70% Developed)","3 lanes",2,"Straight - Level","Local Street","Dry","Two-Way, Not Divided","None","Four-Way Intersection","Coarse Asphalt","Coastal","Rural","20 - 25  MPH","Stop And Go Signal","Clear","No","35.97756, -75.64069",-75.64069,35.97756
"1724",528,529,"Yes","30-39",30,"No","With Traffic","B: Evident Injury","Travel Lane","White","Male","Marvin","Union","No","01-01-06","2009-09-19","Motorist Failed to Yield - Sign-Controlled Intersection",15,"Intersection","01-09-01","0001-01-01T10:23:58-04:56","Motorist Drive Out - Sign-Controlled Intersection",111141,2009,"B: Evident Injury","Residential","30-39",35,"No","0-5 mph","O: No Injury","White","Female","Van","No","No","Daylight","Urban (>70% Developed)","2 lanes",2,"Straight - Level","State Secondary Route","Dry","Two-Way, Not Divided","None","Four-Way Intersection","Smooth Asphalt","Piedmont","Rural","30 - 35  MPH","Stop Sign","Clear","No","35.009598, -80.81499",-80.81499,35.009598
"1725",532,533,"Yes","20-24",22,"No","","B: Evident Injury","Other","White","Male","Nags Head","Dare","No","01-01-03","2009-06-10","Motorist Overtaking Bicyclist",0,"Non-Intersection","01-06-01","0000-12-31T19:03:58-04:56","Motorist Overtaking - Bicyclist Swerved",389235,2009,"B: Evident Injury","Residential","70+",NA,"No","46-50 mph","O: No Injury","White","Female","Sport Utility","No","No","Dark - Roadway Not Lighted","Mixed (30% To 70% Developed)","5 lanes",2,"Straight - Level","US Route","Wet","Two-Way, Divided, Unprotected Median","None","No Special Feature","Smooth Asphalt","Coastal","Rural","50 - 55  MPH","No Control Present","Cloudy","No","35.92227, -75.60642",-75.60642,35.92227
"1726",537,538,"Yes","50-59",54,"No","With Traffic","B: Evident Injury","Travel Lane","White","Male","Chapel Hill","Orange","No","01-01-04","2009-09-10","Motorist Overtaking Bicyclist",7,"Non-Intersection","01-09-01","0001-01-01T02:49:58-04:56","Motorist Overtaking - Misjudged Space",311232,2009,"B: Evident Injury","Institutional","60-69",67,"No","0-5 mph","O: No Injury","Black","Male","Commercial Bus","No","No","Daylight","Urban (>70% Developed)","4 lanes",2,"Straight - Grade","Local Street","Dry","Two-Way, Not Divided","None","No Special Feature","Coarse Asphalt","Piedmont","Urban","20 - 25  MPH","Stop And Go Signal","Cloudy","No","35.912994, -79.04783",-79.04783,35.912994
"1727",544,545,"No","25-29",28,"No","With Traffic","B: Evident Injury","Travel Lane","White","Male","Durham","Durham","No","","2009-09-28","Motorist Left Turn / Merge",8,"Intersection","01-09-01","0001-01-01T03:24:58-04:56","Motorist Left Turn - Opposite Direction",111212,2009,"B: Evident Injury","Residential","70+",NA,"No","6-10 mph","O: No Injury","White","Male","Pickup","No","No","Daylight","Urban (>70% Developed)","3 lanes",2,"Straight - Hillcrest","Local Street","Dry","Two-Way, Not Divided","None","Four-Way Intersection","Smooth Asphalt","Piedmont","Urban","30 - 35  MPH","Stop And Go Signal","Clear","No","35.99235, -78.932884",-78.932884,35.99235
"1728",545,546,"Yes","60-69",66,"No","With Traffic","B: Evident Injury","Travel Lane","Black","Male","Asheboro","Randolph","No","01-01-03","2009-09-09","Bicyclist Failed to Yield - Sign-Controlled Intersection",18,"Intersection","01-09-01","0001-01-01T13:15:58-04:56","Bicyclist Ride Through - Sign-Controlled Intersection",111144,2009,"B: Evident Injury","Residential","50-59",53,"No","21-25 mph","O: No Injury","Black","Male","Passenger Car","No","No","Daylight","Urban (>70% Developed)","2 lanes",2,"Straight - Grade","Local Street","Dry","Two-Way, Not Divided","None","Four-Way Intersection","Coarse Asphalt","Piedmont","Urban","30 - 35  MPH","Stop Sign","Clear","No","35.71125, -79.800705",-79.800705,35.71125
"1729",551,552,"Yes","30-39",37,"No","With Traffic","B: Evident Injury","Travel Lane","White","Female","Morganton","Burke","No","","2009-09-14","Bicyclist Failed to Yield - Sign-Controlled Intersection",16,"Intersection","01-09-01","0001-01-01T11:51:58-04:56","Bicyclist Ride Through - Sign-Controlled Intersection",111144,2009,"B: Evident Injury","Commercial","30-39",30,"No","11-15 mph","O: No Injury","White","Male","Pickup","No","No","Daylight","Urban (>70% Developed)","2 lanes",2,"Straight - Grade","Local Street","Dry","Two-Way, Not Divided","None","T-Intersection","Smooth Asphalt","Mountains","Urban","30 - 35  MPH","Stop Sign","Clear","No","35.749935, -81.682434",-81.682434,35.749935
"1730",552,553,"Yes","20-24",21,"No","Facing Traffic","B: Evident Injury","Travel Lane","Black","Male","Goldsboro","Wayne","No","01-01-05","2009-09-18","Bicyclist Right Turn / Merge",16,"Non-Intersection","01-09-01","0001-01-01T11:55:58-04:56","Bicyclist Right Turn - Same Direction",312223,2009,"B: Evident Injury","Residential","30-39",32,"No","31-35 mph","O: No Injury","Black","Male","Passenger Car","Yes","No","Daylight","Urban (>70% Developed)","2 lanes",2,"Straight - Grade","Local Street","Dry","Two-Way, Not Divided","None","No Special Feature","Coarse Asphalt","Coastal","Urban","20 - 25  MPH","No Control Present","Clear","No","35.37068, -77.98289",-77.98289,35.37068
"1731",569,570,"Yes","20-24",20,"No","Facing Traffic","Injury","Travel Lane","/Missing","","Fayetteville","Cumberland","No","01-01-03","2009-09-23","Motorist Failed to Yield - Signalized Intersection",10,"Intersection","01-09-01","0001-01-01T05:35:58-04:56","Motorist Drive Out - Right Turn on Red",112151,2009,"Injury","Commercial","",NA,"Missing","0-5 mph","Injury","/Missing","","","No","Yes","Daylight","Urban (>70% Developed)","4 lanes",2,"Straight - Level","Local Street","Dry","Two-Way, Not Divided","None","No Special Feature","Coarse Asphalt","Coastal","Urban","30 - 35  MPH","Stop And Go Signal","Cloudy","No","35.11708, -78.88004",-78.88004,35.11708
"1732",576,577,"Yes","50-59",57,"No","With Traffic","C: Possible Injury","Travel Lane","Black","Male","Durham","Durham","No","","2009-10-05","Motorist Overtaking Bicyclist",18,"Non-Intersection","01-10-01","0001-01-01T13:59:58-04:56","Motorist Overtaking - Misjudged Space",311232,2009,"C: Possible Injury","Residential","50-59",56,"No","26-30 mph","O: No Injury","White","Female","Passenger Car","No","No","Dark - Lighted Roadway","Mixed (30% To 70% Developed)","4 lanes",2,"Straight - Level","Local Street","Dry","Two-Way, Divided, Unprotected Median","None","No Special Feature","Coarse Asphalt","Piedmont","Urban","30 - 35  MPH","Stop And Go Signal","Clear","No","35.98697, -78.84472",-78.84472,35.98697
"1733",579,580,"No","40-49",43,"No","With Traffic","O: No Injury","Travel Lane","White","Male","Raleigh","Wake","No","01-01-06","2009-09-05","Crossing Paths - Other Circumstances",12,"Intersection","01-09-01","0001-01-01T07:11:58-04:56","Crossing Paths - Uncontrolled Intersection",111160,2009,"O: No Injury","Residential","30-39",36,"No","6-10 mph","O: No Injury","Black","Male","Truck/Trailer","No","No","Daylight","Urban (>70% Developed)","4 lanes",2,"Straight - Level","Local Street","Dry","Two-Way, Not Divided","Traffic Control Device Inoperative, Not Visible Or Missing","No Special Feature","Coarse Asphalt","Piedmont","Urban","20 - 25  MPH","No Control Present","Clear","No","35.925423, -78.559685",-78.559685,35.925423