"","FID","OBJECTID","AmbulanceR","BikeAge_Gr","Bike_Age","Bike_Alc_D","Bike_Dir","Bike_Injur","Bike_Pos","Bike_Race","Bike_Sex","City","County","CrashAlcoh","CrashDay","Crash_Date","Crash_Grp","Crash_Hour","Crash_Loc","Crash_Mont","Crash_Time","Crash_Type","Crash_Ty_1","Crash_Year","Crsh_Sevri","Developmen","DrvrAge_Gr","Drvr_Age","Drvr_Alc_D","Drvr_EstSp","Drvr_Injur","Drvr_Race","Drvr_Sex","Drvr_VehTy","ExcsSpdInd","Hit_Run","Light_Cond","Locality","Num_Lanes","Num_Units","Rd_Charact","Rd_Class","Rd_Conditi","Rd_Config","Rd_Defects","Rd_Feature","Rd_Surface","Region","Rural_Urba","Speed_Limi","Traff_Cntr","Weather","Workzone_I","Location","locx","locy"
"1773",775,776,"Yes","60-69",61,"No","Facing Traffic","C: Possible Injury","Travel Lane","Black","Male","Wilson","Wilson","No","01-01-05","2009-06-26","Head-On",14,"Intersection-Related","01-06-01","0001-01-01T09:08:58-04:56","Head-On - Bicyclist",212250,2009,"C: Possible Injury","Commercial","30-39",30,"No","","O: No Injury","Black","Female","Passenger Car","No","No","Daylight","Urban (>70% Developed)","3 lanes",2,"Straight - Grade","Local Street","Dry","Two-Way, Not Divided","None","No Special Feature","Coarse Asphalt","Coastal","Urban","30 - 35  MPH","Stop And Go Signal","Clear","No","35.71335, -77.93196",-77.93196,35.71335
"1774",781,782,"Yes","30-39",30,"No","Facing Traffic","C: Possible Injury","Sidewalk / Crosswalk / Driveway Crossing","Hispanic","Male","Charlotte","Mecklenburg","No","01-01-07","2009-10-04","Motorist Failed to Yield - Sign-Controlled Intersection",12,"Intersection","01-10-01","0001-01-01T07:32:58-04:56","Motorist Drive Out - Sign-Controlled Intersection",132141,2009,"C: Possible Injury","Residential","30-39",37,"No","0-5 mph","O: No Injury","Hispanic","Female","Sport Utility","No","No","Daylight","Urban (>70% Developed)","2 lanes",2,"Straight - Bottom","Local Street","Dry","Two-Way, Not Divided","None","Four-Way Intersection","Smooth Asphalt","Piedmont","Urban","30 - 35  MPH","Stop Sign","Cloudy","No","35.136948, -80.886024",-80.886024,35.136948
"1775",784,785,"No","60-69",69,"No","With Traffic","B: Evident Injury","Travel Lane","White","Male","Charlotte","Mecklenburg","No","01-01-07","2009-09-27","Motorist Failed to Yield - Sign-Controlled Intersection",14,"Intersection","01-09-01","0001-01-01T09:28:58-04:56","Motorist Drive Out - Sign-Controlled Intersection",111141,2009,"B: Evident Injury","Residential","50-59",57,"No","11-15 mph","O: No Injury","White","Male","Passenger Car","No","No","Daylight","Urban (>70% Developed)","4 lanes",2,"Straight - Level","Local Street","Dry","Two-Way, Not Divided","None","Four-Way Intersection","Smooth Asphalt","Piedmont","Urban","30 - 35  MPH","Stop Sign","Clear","No","35.179424, -80.837006",-80.837006,35.179424
"1776",785,786,"No","40-49",49,"No","Facing Traffic","C: Possible Injury","Sidewalk / Crosswalk / Driveway Crossing","Hispanic","Male","Charlotte","Mecklenburg","No","01-01-02","2009-09-22","Motorist Failed to Yield - Signalized Intersection",18,"Intersection","01-09-01","0001-01-01T13:48:58-04:56","Motorist Drive Out - Signalized Intersection",132152,2009,"C: Possible Injury","Commercial","30-39",39,"No","0-5 mph","O: No Injury","Black","Male","Passenger Car","No","No","Daylight","Urban (>70% Developed)","3 lanes",2,"Straight - Level","Local Street","Dry","Two-Way, Not Divided","None","Four-Way Intersection","Smooth Asphalt","Piedmont","Urban","20 - 25  MPH","Stop And Go Signal","Cloudy","No","35.13771, -80.879234",-80.879234,35.13771
"1777",788,789,"Yes","50-59",51,"No","With Traffic","B: Evident Injury","Travel Lane","Black","Male","Elizabeth City","Pasquotank","No","01-01-03","2009-09-09","Bicyclist Failed to Yield - Signalized Intersection",17,"Intersection","01-09-01","0001-01-01T12:58:58-04:56","Bicyclist Ride Out - Signalized  Intersection",111153,2009,"B: Evident Injury","Residential","30-39",37,"No","31-35 mph","O: No Injury","/Missing","","Passenger Car","No","No","Daylight","Rural (<30% Developed)","4 lanes",2,"Straight - Level","Local Street","Dry","Two-Way, Divided, Unprotected Median","None","Four-Way Intersection","Grooved Concrete","Coastal","Urban","30 - 35  MPH","Stop And Go Signal","Clear","No","36.29647, -76.22368",-76.22368,36.29647
"1778",793,794,"No","30-39",36,"No","With Traffic","O: No Injury","Travel Lane","/Missing","Male","Charlotte","Mecklenburg","No","01-01-03","2009-08-05","Motorist Overtaking Bicyclist",14,"Intersection-Related","01-08-01","0001-01-01T09:37:58-04:56","Motorist Overtaking - Other /",211239,2009,"O: No Injury","Residential","",NA,"Missing","0-5 mph","Injury","/Missing","","","No","Yes","Daylight","Urban (>70% Developed)","2 lanes",2,"Straight - Level","Local Street","Dry","Two-Way, Not Divided","None","No Special Feature","Smooth Asphalt","Piedmont","Urban","30 - 35  MPH","Stop And Go Signal","Clear","No","35.221214, -80.81859",-80.81859,35.221214
"1779",794,795,"Yes","20-24",21,"No","Facing Traffic","B: Evident Injury","Travel Lane","Hispanic","Male","Charlotte","Mecklenburg","No","01-01-04","2009-07-02","Motorist Failed to Yield - Signalized Intersection",22,"Intersection","01-07-01","0001-01-01T17:17:58-04:56","Motorist Drive Out - Signalized Intersection",112152,2009,"B: Evident Injury","Commercial","40-49",47,"No","0-5 mph","O: No Injury","White","Male","Pickup","No","No","Dark - Lighted Roadway","Urban (>70% Developed)","5 lanes",2,"Straight - Level","Local Street","Wet","Two-Way, Divided, Unprotected Median","None","T-Intersection","Smooth Asphalt","Piedmont","Urban","30 - 35  MPH","Stop And Go Signal","Clear","No","35.1469, -80.72436",-80.72436,35.1469
"1780",797,798,"Yes","10-Jun",10,"No","Not Applicable","C: Possible Injury","","Black","Male","Charlotte","Mecklenburg","No","01-01-05","2009-06-19","Other /  - Insufficient Details",21,"Intersection-Related","01-06-01","0001-01-01T16:28:58-04:56","Approach Paths",293970,2009,"C: Possible Injury","Residential","30-39",39,"No","6-10 mph","O: No Injury","Black","Male","Van","No","No","Dark - Roadway Not Lighted","Urban (>70% Developed)","4 lanes",2,"Straight - Level","Local Street","Dry","Two-Way, Not Divided","None","Traffic Circle/Roundabout","Smooth Asphalt","Piedmont","Urban","30 - 35  MPH","No Control Present","Clear","No","35.185867, -80.74691",-80.74691,35.185867
"1781",804,805,"Yes","10-Jun",8,"No","","C: Possible Injury","","Black","Male","Charlotte","Mecklenburg","No","01-01-05","2009-04-03","Bicyclist Failed to Yield - Midblock",19,"Non-Intersection","01-04-01","0001-01-01T14:36:58-04:56","Bicyclist Ride Out - Midblock -",399319,2009,"C: Possible Injury","Residential","60-69",68,"No","11-15 mph","O: No Injury","Black","Male","Pickup","No","No","Daylight","Urban (>70% Developed)","2 lanes",2,"Straight - Level","Local Street","Dry","Two-Way, Not Divided","None","Driveway, Public","Smooth Asphalt","Piedmont","Urban","20 - 25  MPH","No Control Present","Clear","No","35.135017, -80.94292",-80.94292,35.135017
"1782",9,10,"Yes","30-39",39,"No","Facing Traffic","C: Possible Injury","Sidewalk / Crosswalk / Driveway Crossing","Hispanic","Female","Cary","Wake","No","01-01-04","2010-01-21","Motorist Left Turn / Merge",20,"Intersection","","0001-01-01T15:10:58-04:56","Motorist Left Turn - Opposite Direction",0,2010,"C: Possible Injury","Residential","40-49",47,"No","0-5 mph","O: No Injury","White","Female","Passenger Car","No","No","Dark - Roadway Not Lighted","Urban (>70% Developed)","2 lanes",2,"Straight - Level","Local Street","Wet","Two-Way, Not Divided","None","Four-Way Intersection","Smooth Asphalt","Piedmont","Urban","30 - 35  MPH","Stop And Go Signal","Rain","No","35.783123, -78.78329",-78.78329,35.783123
"1783",16,17,"Yes","15-Nov",14,"No","With Traffic","B: Evident Injury","Travel Lane","Hispanic","Male","Statesville","Iredell","No","01-01-03","2010-01-13","Crossing Paths - Other Circumstances",16,"Intersection","","0001-01-01T11:03:58-04:56","Crossing Paths - Intersection - Other /",0,2010,"B: Evident Injury","Residential","50-59",58,"No","26-30 mph","O: No Injury","White","Male","Pickup","No","No","Daylight","Urban (>70% Developed)","2 lanes",2,"Curve - Level","Local Street","Dry","Two-Way, Divided, Unprotected Median","None","No Special Feature","Smooth Asphalt","Piedmont","Urban","30 - 35  MPH","No Control Present","Clear","No","35.804813, -80.881996",-80.881996,35.804813
"1784",18,19,"Yes","30-39",36,"No","With Traffic","B: Evident Injury","Bike Lane / Paved Shoulder","White","Male","Charlotte","Mecklenburg","No","01-01-05","2010-01-15","Crossing Paths - Other Circumstances",16,"Intersection","","0001-01-01T11:07:58-04:56","Crossing Paths - Intersection - Other /",0,2010,"B: Evident Injury","Residential","40-49",46,"No","21-25 mph","O: No Injury","White","Female","Passenger Car","No","No","Daylight","Urban (>70% Developed)","5 lanes",2,"Straight - Level","Local Street","Dry","Two-Way, Divided, Unprotected Median","None","No Special Feature","Coarse Asphalt","Piedmont","Urban","30 - 35  MPH","No Control Present","Clear","No","35.351997, -80.778595",-80.778595,35.351997
"1785",19,20,"Yes","15-Nov",14,"No","With Traffic","C: Possible Injury","Travel Lane","White","Male","Eden","Rockingham","No","","2010-01-25","Head-On",12,"Non-Intersection","","0001-01-01T07:39:58-04:56","Head-On - Bicyclist",0,2010,"C: Possible Injury","Residential","25-29",27,"No","0-5 mph","O: No Injury","White","Female","Passenger Car","No","No","Daylight","Urban (>70% Developed)","2 lanes",2,"Straight - Level","Local Street","Dry","Two-Way, Not Divided","None","No Special Feature","Smooth Asphalt","Piedmont","Urban","20 - 25  MPH","No Control Present","Clear","No","36.48855, -79.75311",-79.75311,36.48855
"1786",23,24,"No","15-Nov",15,"No","With Traffic","O: No Injury","Travel Lane","Black","Male","Raleigh","Wake","No","","2010-01-18","Bicyclist Failed to Yield - Signalized Intersection",14,"Intersection","","0001-01-01T09:33:58-04:56","Bicyclist Failed to Clear - Trapped",0,2010,"O: No Injury","Commercial","50-59",55,"No","0-5 mph","O: No Injury","Black","Female","Passenger Car","No","No","Daylight","Mixed (30% To 70% Developed)","5 lanes",2,"Straight - Level","Local Street","Dry","Two-Way, Not Divided","None","No Special Feature","Smooth Asphalt","Piedmont","Urban","30 - 35  MPH","Stop And Go Signal","Clear","No","35.834713, -78.60203",-78.60203,35.834713
"1787",29,30,"Yes","16-19",19,"No","With Traffic","B: Evident Injury","Travel Lane","Black","Male","Goldsboro","Wayne","No","01-01-05","2010-01-29","Motorist Overtaking Bicyclist",21,"Intersection","","0001-01-01T16:43:58-04:56","Motorist Overtaking - Other /",0,2010,"B: Evident Injury","Residential","",NA,"Missing","","Injury","/Missing","","","No","Yes","Dark - Roadway Not Lighted","Urban (>70% Developed)","2 lanes",2,"Straight - Level","Local Street","Dry","Two-Way, Not Divided","None","Four-Way Intersection","Smooth Asphalt","Coastal","Urban","20 - 25  MPH","Stop Sign","Cloudy","No","35.387653, -77.98242",-77.98242,35.387653
"1788",32,33,"No","30-39",30,"No","Facing Traffic","O: No Injury","","White","Male","Greenville","Pitt","No","01-01-05","2010-01-22","Crossing Paths - Other Circumstances",13,"Non-Intersection","","0001-01-01T08:48:58-04:56","Crossing Paths - Midblock - Other /",0,2010,"O: No Injury","Institutional","50-59",58,"No","0-5 mph","O: No Injury","White","Male","Truck/Trailer","No","No","Daylight","Urban (>70% Developed)","",2,"Straight - Level","Public Vehicular Area","Wet","Two-Way, Not Divided","None","No Special Feature","Smooth Asphalt","Coastal","Urban","","Stop Sign","Rain","No","35.590477, -77.36796",-77.36796,35.590477
"1789",35,36,"Yes","25-29",29,"No","Facing Traffic","B: Evident Injury","Travel Lane","Black","Male","Enfield","Halifax","No","01-01-03","2010-01-27","Motorist Left Turn / Merge",0,"Non-Intersection","","0000-12-31T19:14:58-04:56","Motorist Left Turn - Same Direction",0,2010,"B: Evident Injury","Residential","",NA,"Missing","6-10 mph","Injury","/Missing","","","No","Yes","Dark - Lighted Roadway","Urban (>70% Developed)","2 lanes",2,"Straight - Level","Local Street","Dry","Two-Way, Not Divided","None","No Special Feature","Smooth Asphalt","Coastal","Rural","20 - 25  MPH","Stop Sign","Clear","No","36.17794, -77.665695",-77.665695,36.17794
"1790",46,47,"Yes","50-59",53,"No","With Traffic","B: Evident Injury","Travel Lane","White","Male","None - Rural Crash","Alexander","No","01-01-05","2010-02-26","Motorist Overtaking Bicyclist",18,"Non-Intersection","01-02-01","0001-01-01T13:47:58-04:56","Motorist Overtaking - Other /",0,2010,"B: Evident Injury","Residential","70+",NA,"No","31-35 mph","O: No Injury","White","Female","Sport Utility","No","No","Dusk","Mixed (30% To 70% Developed)","2 lanes",2,"Straight - Grade","State Secondary Route","Dry","Two-Way, Not Divided","None","Driveway, Private","Coarse Asphalt","Piedmont","Rural","40 - 45  MPH","Double Yellow Line, No Passing Zone","Clear","No","35.932907, -81.1366",-81.1366,35.932907
"1791",57,58,"Yes","40-49",40,"No","With Traffic","C: Possible Injury","Travel Lane","White","Male","None - Rural Crash","Pitt","No","01-01-06","2010-03-06","Motorist Overtaking Bicyclist",15,"Non-Intersection","01-03-01","0001-01-01T10:29:58-04:56","Motorist Overtaking - Undetected Bicyclist",0,2010,"C: Possible Injury","Farms, Woods, Pastures","70+",NA,"No","16-20 mph","O: No Injury","White","Male","Pickup","No","No","Daylight","Rural (<30% Developed)","2 lanes",2,"Straight - Grade","State Secondary Route","Dry","Two-Way, Not Divided","None","No Special Feature","Coarse Asphalt","Coastal","Rural","50 - 55  MPH","Double Yellow Line, No Passing Zone","Clear","No","35.5682, -77.24802",-77.24802,35.5682
"1792",61,62,"Yes","15-Nov",11,"No","With Traffic","B: Evident Injury","Sidewalk / Crosswalk / Driveway Crossing","Black","Male","High Point","Guilford","No","01-01-02","2010-02-23","Motorist Right Turn / Merge",19,"Intersection","01-02-01","0001-01-01T14:15:58-04:56","Motorist Right Turn - Same Direction",0,2010,"B: Evident Injury","Commercial","",NA,"Missing","","Injury","/Missing","","","No","Yes","Dark - Lighted Roadway","Urban (>70% Developed)","2 lanes",2,"Straight - Level","Local Street","Wet","Two-Way, Not Divided","None","Four-Way Intersection","Smooth Asphalt","Piedmont","Urban","","Stop And Go Signal","Clear","No","35.95613, -80.00018",-80.00018,35.95613
"1793",62,63,"Yes","60-69",61,"No","Facing Traffic","C: Possible Injury","Sidewalk / Crosswalk / Driveway Crossing","White","Male","Cary","Wake","No","01-01-03","2010-03-10","Motorist Failed to Yield - Sign-Controlled Intersection",11,"Intersection","01-03-01","0001-01-01T06:54:58-04:56","Motorist Drive Out - Sign-Controlled Intersection",0,2010,"C: Possible Injury","Residential","60-69",65,"No","0-5 mph","O: No Injury","White","Male","Pickup","No","No","Daylight","Urban (>70% Developed)","2 lanes",2,"Straight - Level","Local Street","Dry","Two-Way, Not Divided","None","Four-Way Intersection","Smooth Asphalt","Piedmont","Urban","20 - 25  MPH","Stop Sign","Cloudy","No","35.733044, -78.77765",-78.77765,35.733044
"1794",65,66,"Yes","50-59",51,"No","With Traffic","B: Evident Injury","Travel Lane","White","Female","Durham","Durham","No","01-01-03","2010-03-17","Motorist Overtaking Bicyclist",8,"Non-Intersection","01-03-01","0001-01-01T03:19:58-04:56","Motorist Overtaking - Undetected Bicyclist",0,2010,"B: Evident Injury","Commercial","20-24",21,"No","41-45 mph","O: No Injury","Hispanic","Male","Passenger Car","No","No","Daylight","Urban (>70% Developed)","2 lanes",2,"Straight - Level","Local Street","Dry","Two-Way, Not Divided","None","No Special Feature","Smooth Asphalt","Piedmont","Urban","40 - 45  MPH","No Control Present","Clear","No","35.943623, -78.87088",-78.87088,35.943623
"1795",69,70,"Yes","40-49",47,"No","With Traffic","C: Possible Injury","Travel Lane","Black","Male","Winterville","Pitt","No","01-01-02","2010-02-02","Crossing Paths - Other Circumstances",18,"Intersection","01-02-01","0001-01-01T13:45:58-04:56","Sign-Controlled Intersection - Other /",0,2010,"C: Possible Injury","Residential","0-19",16,"No","0-5 mph","O: No Injury","Black","Male","Passenger Car","No","No","Dark - Lighted Roadway","Urban (>70% Developed)","2 lanes",3,"Straight - Level","Local Street","Wet","Two-Way, Divided, Positive Median Barrier","None","Four-Way Intersection","Smooth Asphalt","Coastal","Urban","5 - 15 MPH","Stop Sign","Snow, Sleet, Hail, Freezing Rain/Drizzle","No","35.533905, -77.40009",-77.40009,35.533905
"1796",75,76,"Yes","16-19",18,"No","With Traffic","B: Evident Injury","Travel Lane","Black","Male","None - Rural Crash","Durham","No","01-01-03","2010-03-17","Motorist Overtaking Bicyclist",23,"Non-Intersection","01-03-01","0001-01-01T18:05:58-04:56","Motorist Overtaking - Other /",0,2010,"B: Evident Injury","Residential","",NA,"No","46-50 mph","Injury","/Missing","","Sport Utility","No","Yes","Dark - Roadway Not Lighted","Mixed (30% To 70% Developed)","3 lanes",2,"Straight - Grade","State Secondary Route","Dry","Two-Way, Not Divided","None","No Special Feature","Coarse Asphalt","Piedmont","Rural","40 - 45  MPH","Stop Sign","Clear","No","36.05887, -78.8887",-78.8887,36.05887
"1797",79,80,"Yes","50-59",57,"No","Not Applicable","C: Possible Injury","","Black","Male","Fayetteville","Cumberland","No","01-01-05","2010-03-05","Bicyclist Failed to Yield - Midblock",13,"Non-Intersection","01-03-01","0001-01-01T08:09:58-04:56","Bicyclist Ride Out - Other Midblock",0,2010,"C: Possible Injury","Commercial","60-69",62,"No","21-25 mph","O: No Injury","Black","Female","Van","No","No","Daylight","Mixed (30% To 70% Developed)","5 lanes",2,"Straight - Level","Local Street","Dry","Two-Way, Divided, Unprotected Median","None","No Special Feature","Smooth Asphalt","Coastal","Urban","30 - 35  MPH","No Control Present","Clear","No","35.048695, -78.86713",-78.86713,35.048695
"1798",84,85,"Yes","16-19",18,"No","Not Applicable","B: Evident Injury","Driveway / Alley","White","Male","High Point","Guilford","No","","2010-03-08","Bicyclist Failed to Yield - Midblock",8,"Non-Intersection","01-03-01","0001-01-01T03:28:58-04:56","Multiple Threat - Midblock",0,2010,"B: Evident Injury","Institutional","20-24",23,"No","26-30 mph","O: No Injury","White","Female","Sport Utility","No","No","Daylight","Urban (>70% Developed)","5 lanes",2,"Straight - Level","US Route","Dry","Two-Way, Not Divided","None","Driveway, Public","Smooth Asphalt","Piedmont","Urban","30 - 35  MPH","No Control Present","Clear","No","35.946873, -80.00345",-80.00345,35.946873
"1799",85,86,"No","20-24",20,"No","","B: Evident Injury","Sidewalk / Crosswalk / Driveway Crossing","White","Male","Burlington","Alamance","No","01-01-03","2010-03-10","Backing Vehicle",13,"Non-Intersection","01-03-01","0001-01-01T08:22:58-04:56","Backing Vehicle",0,2010,"B: Evident Injury","Residential","",NA,"Missing","0-5 mph","Injury","/Missing","","","No","Yes","Daylight","Urban (>70% Developed)","4 lanes",2,"Straight - Grade","NC Route","Dry","Two-Way, Not Divided","None","Driveway, Private","Coarse Asphalt","Piedmont","Urban","30 - 35  MPH","No Control Present","Clear","No","36.107502, -79.43422",-79.43422,36.107502
"1800",87,88,"No","40-49",44,"No","With Traffic","A: Disabling Injury","Travel Lane","White","Male","Charlotte","Mecklenburg","No","01-01-04","2010-03-11","Motorist Overtaking Bicyclist",6,"Non-Intersection","01-03-01","0001-01-01T01:23:58-04:56","Motorist Overtaking - Undetected Bicyclist",0,2010,"A: Disabling Injury","Farms, Woods, Pastures","",NA,"Missing","41-45 mph","Injury","/Missing","","","No","Yes","Dawn","Rural (<30% Developed)","4 lanes",2,"Curve - Grade","NC Route","Wet","Two-Way, Not Divided","None","No Special Feature","Coarse Asphalt","Piedmont","Urban","40 - 45  MPH","Other","Fog, Smog, Smoke","No","35.099102, -81.0393",-81.0393,35.099102
"1801",863,864,"Yes","16-19",16,"No","With Traffic","B: Evident Injury","Travel Lane","White","Male","None - Rural Crash","Rutherford","No","01-01-05","2012-11-09","Motorist Overtaking Bicyclist",18,"Non-Intersection","01-11-01","0001-01-01T13:13:58-04:56","Motorist Overtaking - Other /",NA,2012,"B: Evident Injury","Farms, Woods, Pastures","",NA,"Missing","6-10 mph","Injury","/Missing","","Pickup","No","Yes","Dark - Roadway Not Lighted","Rural (<30% Developed)","2 lanes",2,"Straight - Level","State Secondary Route","Dry","Two-Way, Not Divided","None","No Special Feature","Coarse Asphalt","Mountains","Rural","50 - 55  MPH","Double Yellow Line, No Passing Zone","Clear","No","35.3835, -81.7356",-81.7356,35.3835
"1802",866,867,"Yes","20-24",23,"No","Facing Traffic","C: Possible Injury","Travel Lane","White","Male","None - Rural Crash","New Hanover","No","01-01-07","2012-11-11","Motorist Failed to Yield - Midblock",10,"Non-Intersection","01-11-01","0001-01-01T05:38:58-04:56","Motorist Drive Out - Commercial Driveway / Alley",NA,2012,"C: Possible Injury","Residential","70",70,"No","0-5 mph","O: No Injury","White","Male","Van","No","No","Daylight","Mixed (30% To 70% Developed)","4 lanes",2,"Straight - Level","US Route","Dry","Two-Way, Divided, Unprotected Median","None","Driveway, Public","Coarse Asphalt","Coastal","Rural","40 - 45  MPH","No Control Present","Clear","No","34.14531, -77.8988",-77.8988,34.14531
"1803",871,872,"Yes","50-59",52,"No","With Traffic","C: Possible Injury","Bike Lane / Paved Shoulder","Black","Male","Greensboro","Guilford","No","01-01-05","2012-11-02","Motorist Right Turn / Merge",15,"Intersection","01-11-01","0001-01-01T10:31:58-04:56","Motorist Right Turn - Same Direction",NA,2012,"C: Possible Injury","Institutional","20-24",23,"No","6-10 mph","O: No Injury","White","Male","Passenger Car","No","No","Daylight","Urban (>70% Developed)","2 lanes",2,"Straight - Level","Local Street","Dry","Two-Way, Divided, Unprotected Median","None","Four-Way Intersection","Smooth Asphalt","Piedmont","Urban","20 - 25  MPH","Stop And Go Signal","Clear","No","36.06527, -79.8128",-79.8128,36.06527
"1804",875,876,"Yes","50-59",57,"No","With Traffic","B: Evident Injury","Travel Lane","White","Male","Carrboro","Orange","No","01-01-07","2012-11-04","Motorist Overtaking Bicyclist",15,"Intersection-Related","01-11-01","0001-01-01T10:32:58-04:56","Motorist Overtaking - Bicyclist Swerved",NA,2012,"B: Evident Injury","Commercial","50-59",58,"No","11-15 mph","O: No Injury","Black","Male","Pickup","No","No","Daylight","Urban (>70% Developed)","",2,"Straight - Level","Local Street","Dry","Two-Way, Not Divided","None","No Special Feature","Coarse Asphalt","Piedmont","Urban","20 - 25  MPH","Stop And Go Signal","Clear","No","35.91094, -79.067",-79.067,35.91094
"1805",879,880,"No","60-69",64,"Yes","With Traffic","C: Possible Injury","Travel Lane","Black","Male","Charlotte","Mecklenburg","Yes","01-01-03","2012-11-14","Crossing Paths - Other Circumstances",16,"Intersection","01-11-01","0001-01-01T11:38:58-04:56","Crossing Paths - Intersection - Other /",NA,2012,"C: Possible Injury","Commercial","40-49",41,"No","11-15 mph","O: No Injury","White","Male","Pickup","No","No","Daylight","Mixed (30% To 70% Developed)","3 lanes",2,"Straight - Level","NC Route","Dry","Two-Way, Divided, Unprotected Median","None","No Special Feature","Smooth Asphalt","Piedmont","Urban","50 - 55  MPH","No Control Present","Clear","No","35.26059, -80.8759",-80.8759,35.26059
"1806",882,883,"Yes","20-24",20,"No","Facing Traffic","B: Evident Injury","Sidewalk / Crosswalk / Driveway Crossing","White","Male","Greensboro","Guilford","No","01-01-05","2012-10-05","Motorist Failed to Yield - Sign-Controlled Intersection",15,"Intersection","01-10-01","0001-01-01T10:49:58-04:56","Motorist Drive Out - Sign-Controlled Intersection",NA,2012,"B: Evident Injury","Commercial","20-24",24,"No","0-5 mph","O: No Injury","White","Female","Passenger Car","No","No","Daylight","Urban (>70% Developed)","3 lanes",2,"Curve - Hillcrest","Local Street","Dry","Two-Way, Divided, Unprotected Median","None","On or Off Ramp","Smooth Asphalt","Piedmont","Urban","30 - 35  MPH","Stop Sign","Clear","No","36.08712, -79.7756",-79.7756,36.08712
"1807",883,884,"Yes","10-Jun",7,"No","With Traffic","B: Evident Injury","Travel Lane","Black","Male","Greensboro","Guilford","No","01-01-03","2012-05-30","Bicyclist Failed to Yield - Sign-Controlled Intersection",17,"Intersection-Related","01-05-01","0001-01-01T12:29:58-04:56","Bicyclist Ride Through - Sign-Controlled Intersection",NA,2012,"B: Evident Injury","Residential","30-39",38,"No","31-35 mph","O: No Injury","Black","Male","Van","No","No","Daylight","Urban (>70% Developed)","2 lanes",2,"Straight - Bottom","Local Street","Dry","Two-Way, Not Divided","None","Four-Way Intersection","Smooth Asphalt","Piedmont","Urban","30 - 35  MPH","Stop Sign","Clear","No","36.07349, -79.7482",-79.7482,36.07349
"1808",891,892,"No","10-Jun",7,"No","Facing Traffic","C: Possible Injury","Travel Lane","White","Male","None - Rural Crash","Pasquotank","No","01-01-06","2012-11-17","Bicyclist Right Turn / Merge",13,"Non-Intersection","01-11-01","0001-01-01T08:58:58-04:56","Bicyclist Right Turn - Same Direction",NA,2012,"C: Possible Injury","Residential","0-19",18,"No","31-35 mph","O: No Injury","White","Female","Passenger Car","No","No","Daylight","Mixed (30% To 70% Developed)","2 lanes",2,"Straight - Level","State Secondary Route","Dry","Two-Way, Not Divided","None","No Special Feature","Smooth Asphalt","Coastal","Rural","30 - 35  MPH","Double Yellow Line, No Passing Zone","Clear","No","36.24225, -76.3143",-76.3143,36.24225
"1809",892,893,"Yes","20-24",22,"No","Facing Traffic","C: Possible Injury","Travel Lane","White","Female","Greensboro","Guilford","No","01-01-04","2012-11-15","Crossing Paths - Other Circumstances",13,"Intersection","01-11-01","0001-01-01T08:03:58-04:56","Crossing Paths - Intersection - Other /",NA,2012,"C: Possible Injury","Commercial","30-39",30,"No","0-5 mph","O: No Injury","White","Male","Passenger Car","No","No","Daylight","Urban (>70% Developed)","1 lane",2,"Straight - Grade","Local Street","Dry","One-Way, Not Divided","None","T-Intersection","Smooth Asphalt","Piedmont","Urban","20 - 25  MPH","No Control Present","Clear","No","36.06828, -79.805",-79.805,36.06828
"1810",902,903,"Yes","40-49",46,"No","Facing Traffic","C: Possible Injury","Travel Lane","Black","Male","Durham","Durham","No","01-01-03","2012-11-21","Crossing Paths - Other Circumstances",0,"Intersection","01-11-01","0000-12-31T19:48:58-04:56","Signalized Intersection - Other /",NA,2012,"C: Possible Injury","Residential","40-49",48,"No","6-10 mph","O: No Injury","Black","Female","Passenger Car","No","No","Daylight","Urban (>70% Developed)","3 lanes",2,"Straight - Level","Local Street","Dry","Two-Way, Not Divided","None","No Special Feature","Coarse Asphalt","Piedmont","Urban","30 - 35  MPH","Stop And Go Signal","Clear","No","36.01774, -78.9363",-78.9363,36.01774
"1811",907,908,"Yes","50-59",51,"No","With Traffic","C: Possible Injury","Travel Lane","Black","Male","Greensboro","Guilford","No","01-01-02","2012-06-12","Motorist Overtaking Bicyclist",0,"Non-Intersection","01-06-01","0000-12-31T19:53:58-04:56","Motorist Overtaking - Other /",NA,2012,"C: Possible Injury","Residential","20-24",20,"No","0-5 mph","O: No Injury","Black","Male","Passenger Car","No","No","Dark - Lighted Roadway","Urban (>70% Developed)","2 lanes",2,"Straight - Level","Local Street","","Two-Way, Not Divided","None","No Special Feature","Smooth Asphalt","Piedmont","Urban","30 - 35  MPH","No Control Present","Other","No","36.08508, -79.7486",-79.7486,36.08508
"1812",908,909,"Yes","",0,"Missing","Facing Traffic","Injury","Sidewalk / Crosswalk / Driveway Crossing","/Missing","","Greensboro","Guilford","No","01-01-03","2012-06-20","Motorist Failed to Yield - Midblock",15,"Non-Intersection","01-06-01","0001-01-01T10:49:58-04:56","Motorist Drive Out - Commercial Driveway / Alley",NA,2012,"O: No Injury","Commercial","50-59",51,"No","0-5 mph","O: No Injury","Black","Male","Passenger Car","No","Yes","Daylight","Urban (>70% Developed)","3 lanes",2,"Straight - Level","Local Street","Dry","Two-Way, Not Divided","None","Driveway, Public","Coarse Asphalt","Piedmont","Urban","5 - 15 MPH","No Control Present","Clear","No","36.03938, -79.7991",-79.7991,36.03938
"1813",914,915,"Yes","20-24",23,"No","With Traffic","B: Evident Injury","Travel Lane","Black","Male","Durham","Durham","No","01-01-02","2012-11-27","Motorist Failed to Yield - Sign-Controlled Intersection",22,"Intersection","01-11-01","0001-01-01T17:42:58-04:56","Motorist Drive Out - Sign-Controlled Intersection",NA,2012,"B: Evident Injury","Residential","40-49",48,"No","0-5 mph","O: No Injury","White","Male","Passenger Car","No","No","Dark - Roadway Not Lighted","Urban (>70% Developed)","2 lanes",2,"Straight - Level","Local Street","Wet","Two-Way, Not Divided","None","No Special Feature","Smooth Asphalt","Piedmont","Urban","30 - 35  MPH","Stop Sign","Clear","No","35.89034, -78.9433",-78.9433,35.89034