"","FID","OBJECTID","AmbulanceR","BikeAge_Gr","Bike_Age","Bike_Alc_D","Bike_Dir","Bike_Injur","Bike_Pos","Bike_Race","Bike_Sex","City","County","CrashAlcoh","CrashDay","Crash_Date","Crash_Grp","Crash_Hour","Crash_Loc","Crash_Mont","Crash_Time","Crash_Type","Crash_Ty_1","Crash_Year","Crsh_Sevri","Developmen","DrvrAge_Gr","Drvr_Age","Drvr_Alc_D","Drvr_EstSp","Drvr_Injur","Drvr_Race","Drvr_Sex","Drvr_VehTy","ExcsSpdInd","Hit_Run","Light_Cond","Locality","Num_Lanes","Num_Units","Rd_Charact","Rd_Class","Rd_Conditi","Rd_Config","Rd_Defects","Rd_Feature","Rd_Surface","Region","Rural_Urba","Speed_Limi","Traff_Cntr","Weather","Workzone_I","Location","locx","locy"
"1814",920,921,"No","16-19",19,"No","With Traffic","Injury","Bike Lane / Paved Shoulder","White","Female","Greensboro","Guilford","No","01-01-02","2012-11-06","Motorist Left Turn / Merge",13,"Intersection","01-11-01","0001-01-01T08:55:58-04:56","Motorist Left Turn - Opposite Direction",NA,2012,"O: No Injury","Institutional","40-49",49,"No","0-5 mph","O: No Injury","White","Male","Van","No","No","Daylight","Urban (>70% Developed)","2 lanes",2,"Straight - Level","Local Street","Dry","Two-Way, Not Divided","None","Four-Way Intersection","Smooth Asphalt","Piedmont","Urban","20 - 25  MPH","Stop And Go Signal","Clear","No","36.06532, -79.8127",-79.8127,36.06532
"1815",923,924,"Yes","60-69",62,"No","With Traffic","B: Evident Injury","Travel Lane","White","Male","None - Rural Crash","Orange","No","01-01-05","2012-11-23","Bicyclist Left Turn / Merge",15,"Intersection","01-11-01","0001-01-01T10:04:58-04:56","Bicyclist Left Turn - Same Direction",NA,2012,"B: Evident Injury","Farms, Woods, Pastures","40-49",48,"No","36-40 mph","O: No Injury","White","Female","Passenger Car","No","No","Daylight","Rural (<30% Developed)","2 lanes",2,"Straight - Grade","State Secondary Route","Dry","Two-Way, Not Divided","None","T-Intersection","Coarse Asphalt","Piedmont","Rural","40 - 45  MPH","Double Yellow Line, No Passing Zone","Clear","No","36.18211, -78.9761",-78.9761,36.18211
"1816",932,933,"No","",0,"No","Not Applicable","B: Evident Injury","Non-Roadway","/Missing","","Spindale","Rutherford","No","01-01-06","2012-11-10","Bicyclist Failed to Yield - Midblock",14,"Non-Intersection","01-11-01","0001-01-01T09:49:58-04:56","Bicyclist Ride Out - Other Midblock",NA,2012,"B: Evident Injury","Residential","60-69",67,"No","31-35 mph","O: No Injury","White","Female","Passenger Car","No","No","Daylight","Urban (>70% Developed)","2 lanes",2,"Straight - Bottom","Local Street","Dry","Two-Way, Divided, Unprotected Median","None","T-Intersection","Smooth Asphalt","Mountains","Rural","30 - 35  MPH","No Control Present","Clear","No","35.35647, -81.9175",-81.9175,35.35647
"1817",951,952,"Yes","50-59",53,"No","With Traffic","B: Evident Injury","Sidewalk / Crosswalk / Driveway Crossing","White","Male","Raleigh","Wake","No","01-01-03","2012-11-28","Motorist Right Turn / Merge",17,"Non-Intersection","01-11-01","0001-01-01T12:41:58-04:56","Motorist Right Turn - Same Direction",NA,2012,"B: Evident Injury","Commercial","30-39",33,"No","6-10 mph","O: No Injury","Black","Male","Passenger Car","No","No","Dusk","Rural (<30% Developed)","3 lanes",2,"Straight - Level","Local Street","Dry","Two-Way, Not Divided","None","No Special Feature","Smooth Asphalt","Piedmont","Urban","30 - 35  MPH","No Control Present","Clear","No","35.82404, -78.6503",-78.6503,35.82404
"1818",952,953,"Yes","40-49",49,"No","With Traffic","C: Possible Injury","Travel Lane","White","Male","None - Rural Crash","Buncombe","No","01-01-02","2012-12-04","Motorist Overtaking Bicyclist",14,"Non-Intersection","01-12-01","0001-01-01T09:39:58-04:56","Motorist Overtaking - Other /",NA,2012,"C: Possible Injury","Residential","50-59",59,"No","51-55 mph","O: No Injury","White","Female","Passenger Car","No","No","Daylight","Rural (<30% Developed)","2 lanes",2,"Curve - Grade","State Secondary Route","Dry","Two-Way, Not Divided","None","No Special Feature","Smooth Asphalt","Mountains","Rural","50 - 55  MPH","Double Yellow Line, No Passing Zone","Clear","No","35.6558, -82.6578",-82.6578,35.6558
"1819",962,963,"Yes","40-49",43,"No","Facing Traffic","A: Disabling Injury","Travel Lane","White","Male","Kitty Hawk","Dare","No","01-01-02","2012-11-20","Crossing Paths - Other Circumstances",17,"Intersection","01-11-01","0001-01-01T12:54:58-04:56","Crossing Paths - Intersection - Other /",NA,2012,"A: Disabling Injury","Commercial","30-39",39,"No","46-50 mph","O: No Injury","Other","Female","Passenger Car","No","No","Dark - Roadway Not Lighted","Urban (>70% Developed)","5 lanes",2,"Straight - Level","US Route","Dry","Two-Way, Not Divided","None","No Special Feature","Smooth Asphalt","Coastal","Rural","50 - 55  MPH","No Control Present","Cloudy","No","36.05704, -75.6874",-75.6874,36.05704
"1820",964,965,"Yes","20-24",23,"Yes","With Traffic","C: Possible Injury","Travel Lane","Black","Male","Charlotte","Mecklenburg","Yes","01-01-05","2012-12-14","Bicyclist Left Turn / Merge",18,"Non-Intersection","01-12-01","0001-01-01T13:56:58-04:56","Bicyclist Left Turn - Same Direction",NA,2012,"C: Possible Injury","Residential","",NA,"Missing","6-10 mph","Injury","/Missing","","","No","Yes","Dark - Lighted Roadway","Urban (>70% Developed)","2 lanes",2,"Straight - Level","Local Street","Dry","Two-Way, Not Divided","None","No Special Feature","Smooth Asphalt","Piedmont","Urban","30 - 35  MPH","No Control Present","Clear","No","35.25991, -80.8978",-80.8978,35.25991
"1821",970,971,"Yes","50-59",59,"No","","B: Evident Injury","","White","Male","Fayetteville","Cumberland","No","","2012-11-19","Other /  - Insufficient Details",12,"Non-Intersection","01-11-01","0001-01-01T07:21:58-04:56","Approach Paths",NA,2012,"B: Evident Injury","Commercial","40-49",40,"No","36-40 mph","O: No Injury","White","Female","Sport Utility","No","No","Daylight","Urban (>70% Developed)","7 lanes",2,"Straight - Level","Local Street","Dry","Two-Way, Divided, Unprotected Median","None","No Special Feature","Coarse Asphalt","Coastal","Urban","40 - 45  MPH","No Control Present","Clear","No","35.04382, -78.9349",-78.9349,35.04382
"1822",972,973,"Yes","20-24",24,"No","Not Applicable","B: Evident Injury","Non-Roadway","Black","Male","Kill Devil Hills","Dare","No","01-01-02","2012-11-20","Bicyclist Failed to Yield - Midblock",16,"Non-Intersection","01-11-01","0001-01-01T11:21:58-04:56","Bicyclist Ride Out - Other Midblock",NA,2012,"B: Evident Injury","Commercial","25-29",27,"No","46-50 mph","C: Possible Injury","White","Female","Passenger Car","No","No","Daylight","Urban (>70% Developed)","5 lanes",2,"Straight - Level","US Route","Dry","Two-Way, Not Divided","None","No Special Feature","Coarse Asphalt","Coastal","Urban","50 - 55  MPH","No Control Present","Cloudy","No","36.03128, -75.6715",-75.6715,36.03128
"1823",976,977,"Yes","50-59",59,"No","With Traffic","C: Possible Injury","Travel Lane","White","Male","Wilmington","New Hanover","No","","2012-12-03","Motorist Failed to Yield - Sign-Controlled Intersection",7,"Intersection","01-12-01","0001-01-01T02:09:58-04:56","Motorist Drive Out - Sign-Controlled Intersection",NA,2012,"C: Possible Injury","Commercial","30-39",31,"No","0-5 mph","O: No Injury","White","Male","Passenger Car","No","No","Daylight","Urban (>70% Developed)","3 lanes",2,"Straight - Level","Local Street","Dry","Two-Way, Not Divided","None","No Special Feature","Coarse Asphalt","Coastal","Urban","20 - 25  MPH","Stop Sign","Clear","No","34.23238, -77.8832",-77.8832,34.23238
"1824",981,982,"Yes","20-24",24,"No","With Traffic","C: Possible Injury","Travel Lane","White","Male","Greensboro","Guilford","No","","2012-12-17","Motorist Failed to Yield - Sign-Controlled Intersection",3,"Intersection","01-12-01","0000-12-31T22:26:58-04:56","Motorist Drive Out - Sign-Controlled Intersection",NA,2012,"C: Possible Injury","Residential","20-24",20,"No","0-5 mph","O: No Injury","Black","Male","Passenger Car","No","No","Dark - Roadway Not Lighted","Urban (>70% Developed)","2 lanes",2,"Straight - Level","Local Street","Wet","Two-Way, Not Divided","None","T-Intersection","Coarse Asphalt","Piedmont","Urban","30 - 35  MPH","Stop Sign","Cloudy","No","36.07066, -79.7705",-79.7705,36.07066
"1825",982,983,"No","15-Nov",14,"No","With Traffic","O: No Injury","Travel Lane","White","Male","Mooresville","Iredell","No","01-01-04","2012-12-06","Motorist Overtaking Bicyclist",17,"Non-Intersection","01-12-01","0001-01-01T12:31:58-04:56","Motorist Overtaking - Bicyclist Swerved",NA,2012,"O: No Injury","Residential","60-69",66,"No","21-25 mph","O: No Injury","Black","Male","Passenger Car","No","No","Dark - Roadway Not Lighted","Urban (>70% Developed)","2 lanes",2,"Straight - Hillcrest","Local Street","Dry","Two-Way, Not Divided","None","No Special Feature","Coarse Asphalt","Piedmont","Urban","20 - 25  MPH","No Control Present","Clear","No","35.55592, -80.81",-80.81,35.55592
"1826",985,986,"Yes","15-Nov",12,"No","With Traffic","C: Possible Injury","Travel Lane","Asian","Male","Lenoir","Caldwell","No","01-01-07","2012-12-23","Bicyclist Failed to Yield - Signalized Intersection",20,"Intersection","01-12-01","0001-01-01T15:41:58-04:56","Bicyclist Ride Out - Signalized  Intersection",NA,2012,"C: Possible Injury","Commercial","50-59",50,"No","6-10 mph","O: No Injury","Black","Female","Sport Utility","No","No","Dark - Lighted Roadway","Urban (>70% Developed)","2 lanes",2,"Straight - Level","Local Street","Dry","One-Way, Not Divided","None","No Special Feature","Coarse Asphalt","Mountains","Urban","20 - 25  MPH","Stop And Go Signal","Clear","No","35.91232, -81.5429",-81.5429,35.91232
"1827",986,987,"Yes","25-29",29,"No","With Traffic","B: Evident Injury","Travel Lane","Black","Male","Spring Lake","Cumberland","No","01-01-05","2012-12-21","Motorist Overtaking Bicyclist",23,"Non-Intersection","01-12-01","0001-01-01T18:16:58-04:56","Motorist Overtaking - Other /",NA,2012,"B: Evident Injury","Commercial","",NA,"Missing","41-45 mph","Injury","/Missing","","","No","Yes","Dark - Roadway Not Lighted","Rural (<30% Developed)","5 lanes",2,"Straight - Level","Local Street","Wet","Two-Way, Not Divided","None","No Special Feature","Smooth Asphalt","Coastal","Urban","40 - 45  MPH","No Control Present","Rain","No","35.1863, -78.9623",-78.9623,35.1863
"1828",991,992,"Yes","50-59",58,"No","With Traffic","K: Killed","Travel Lane","White","Male","Jacksonville","Onslow","No","01-01-03","2012-12-05","Motorist Overtaking Bicyclist",16,"Non-Intersection","01-12-01","0001-01-01T11:13:58-04:56","Motorist Overtaking - Other /",NA,2012,"K: Killed","Residential","70",70,"No","31-35 mph","O: No Injury","White","Male","Sport Utility","No","No","Daylight","Urban (>70% Developed)","4 lanes",2,"Straight - Level","Local Street","Dry","Two-Way, Not Divided","None","No Special Feature","Smooth Asphalt","Coastal","Urban","30 - 35  MPH","No Control Present","Clear","No","34.75959, -77.4028",-77.4028,34.75959
"1829",998,999,"No","",0,"Missing","With Traffic","Injury","Travel Lane","/Missing","","Elizabeth City","Pasquotank","No","","2012-12-10","Motorist Overtaking Bicyclist",17,"Non-Intersection","01-12-01","0001-01-01T12:27:58-04:56","Motorist Overtaking - Other /",NA,2012,"O: No Injury","Residential","40-49",44,"No","31-35 mph","O: No Injury","White","Male","Pickup","No","No","Dark - Roadway Not Lighted","Rural (<30% Developed)","2 lanes",2,"Straight - Level","State Secondary Route","Dry","Two-Way, Not Divided","None","No Special Feature","Smooth Asphalt","Coastal","Urban","40 - 45  MPH","No Control Present","Clear","No","36.37094, -76.2931",-76.2931,36.37094
"1830",999,1000,"No","70",0,"No","Facing Traffic","C: Possible Injury","Sidewalk / Crosswalk / Driveway Crossing","White","Male","Cary","Wake","No","01-01-05","2012-12-14","Motorist Failed to Yield - Sign-Controlled Intersection",10,"Intersection","01-12-01","0001-01-01T05:48:58-04:56","Motorist Drive Out - Sign-Controlled Intersection",NA,2012,"C: Possible Injury","Residential","50-59",59,"No","0-5 mph","O: No Injury","White","Male","Passenger Car","No","No","Daylight","Urban (>70% Developed)","2 lanes",2,"Straight - Level","Local Street","Dry","Two-Way, Not Divided","None","Four-Way Intersection","Smooth Asphalt","Piedmont","Urban","20 - 25  MPH","Stop Sign","Clear","No","35.76696, -78.774",-78.774,35.76696
"1831",1002,1003,"Yes","30-39",36,"No","Facing Traffic","B: Evident Injury","","Black","Male","Winston-Salem","Forsyth","No","01-01-05","2012-12-21","Bicyclist Failed to Yield - Signalized Intersection",17,"Intersection-Related","01-12-01","0001-01-01T12:17:58-04:56","Bicyclist Ride Out - Signalized  Intersection",NA,2012,"B: Evident Injury","Residential","30-39",34,"No","26-30 mph","O: No Injury","White","Female","Light Truck (Mini-Van, Panel)","No","No","Daylight","Urban (>70% Developed)","2 lanes",2,"Straight - Level","Local Street","Dry","Two-Way, Not Divided","None","Related To Intersection","Smooth Asphalt","Piedmont","Urban","30 - 35  MPH","Stop And Go Signal","Clear","No","36.06959, -80.2391",-80.2391,36.06959
"1832",1005,1006,"No","16-19",19,"No","Facing Traffic","C: Possible Injury","Travel Lane","Black","Male","Pineville","Mecklenburg","No","01-01-04","2012-12-20","Motorist Failed to Yield - Signalized Intersection",20,"Intersection","01-12-01","0001-01-01T15:12:58-04:56","Motorist Drive Out - Right Turn on Red",NA,2012,"C: Possible Injury","Commercial","20-24",24,"No","0-5 mph","O: No Injury","White","Female","Passenger Car","No","No","Dark - Lighted Roadway","Urban (>70% Developed)","6 lanes",2,"Straight - Level","Local Street","Wet","Two-Way, Not Divided","None","Four-Way Intersection","Smooth Asphalt","Piedmont","Rural","30 - 35  MPH","Stop And Go Signal","Rain","No","35.08946, -80.8706",-80.8706,35.08946
"1833",1012,1013,"No","16-19",18,"No","With Traffic","O: No Injury","Sidewalk / Crosswalk / Driveway Crossing","White","Male","Wilmington","New Hanover","No","01-01-03","2012-09-26","Crossing Paths - Other Circumstances",14,"Intersection-Related","01-09-01","0001-01-01T09:07:58-04:56","Crossing Paths - Uncontrolled Intersection",NA,2012,"O: No Injury","Commercial","20-24",20,"No","6-10 mph","O: No Injury","Black","Male","Passenger Car","No","No","Daylight","Urban (>70% Developed)","2 lanes",2,"Straight - Level","Local Street","Dry","Two-Way, Divided, Unprotected Median","None","No Special Feature","Smooth Asphalt","Coastal","Urban","20 - 25  MPH","No Control Present","Clear","No","34.22424, -77.8741",-77.8741,34.22424
"1834",511,512,"No","30-39",35,"No","With Traffic","B: Evident Injury","Bike Lane / Paved Shoulder","White","Male","Zebulon","Wake","No","01-01-03","2007-05-23","Motorist Overtaking Bicyclist",8,"Non-Intersection","01-05-01","0001-01-01T03:03:58-04:56","Motorist Overtaking - Other /",321239,2007,"B: Evident Injury","Commercial","25-29",25,"No","","Injury","/Missing","Male","Passenger Car","No","No","Daylight","Rural (<30% Developed)","2 lanes",2,"Straight - Level","US Route","Dry","Two-Way, Not Divided","None","No Special Feature","Coarse Asphalt","Piedmont","Rural","30 - 35  MPH","No Control Present","Clear","No","35.820137, -78.26784",-78.26784,35.820137
"1835",512,513,"No","",NA,"Missing","With Traffic","Injury","Travel Lane","/Missing","","None - Rural Crash","Harnett","No","01-01-06","2007-07-07","Motorist Overtaking Bicyclist",17,"Non-Intersection","01-07-01","0001-01-01T12:23:58-04:56","Motorist Overtaking - Bicyclist Swerved",311235,2007,"O: No Injury","Farms, Woods, Pastures","70+",NA,"No","51-55 mph","O: No Injury","White","Male","Passenger Car","No","No","Daylight","Rural (<30% Developed)","2 lanes",2,"Straight - Level","State Secondary Route","Dry","Two-Way, Not Divided","None","No Special Feature","Smooth Asphalt","Coastal","Rural","50 - 55  MPH","Double Yellow Line, No Passing Zone","Cloudy","No","35.514244, -78.76612",-78.76612,35.514244
"1836",529,530,"No","15-Nov",13,"No","With Traffic","O: No Injury","Travel Lane","Hispanic","Male","Raleigh","Wake","No","01-01-05","2007-07-13","Bicyclist Failed to Yield - Sign-Controlled Intersection",19,"Intersection","01-07-01","0001-01-01T14:23:58-04:56","Bicyclist Ride Through - Sign-Controlled Intersection",111144,2007,"O: No Injury","Residential","60-69",66,"No","21-25 mph","O: No Injury","Black","Male","Passenger Car","No","No","Daylight","Urban (>70% Developed)","4 lanes",2,"Straight - Grade","Local Street","Dry","Two-Way, Not Divided","None","T-Intersection","Smooth Asphalt","Piedmont","Urban","30 - 35  MPH","Stop Sign","Clear","No","35.77861, -78.6146",-78.6146,35.77861
"1837",534,535,"Yes","40-49",41,"No","With Traffic","C: Possible Injury","","Black","Male","Rocky Mount","Nash","No","01-01-03","2007-07-18","Motorist Right Turn / Merge",13,"Non-Intersection","01-07-01","0001-01-01T08:04:58-04:56","Motorist Right Turn - Same Direction",391213,2007,"C: Possible Injury","Commercial","30-39",36,"No","21-25 mph","O: No Injury","Black","Male","Passenger Car","No","No","Daylight","Urban (>70% Developed)","2 lanes",2,"Straight - Level","Local Street","Dry","Two-Way, Not Divided","None","No Special Feature","Coarse Asphalt","Coastal","Urban","30 - 35  MPH","No Control Present","Clear","No","35.931328, -77.81247",-77.81247,35.931328
"1838",541,542,"No","20-24",20,"No","With Traffic","O: No Injury","Travel Lane","Black","Male","Charlotte","Mecklenburg","No","01-01-05","2007-10-19","Motorist Left Turn / Merge",9,"Non-Intersection","01-10-01","0001-01-01T04:45:58-04:56","Motorist Left Turn - Opposite Direction",311212,2007,"O: No Injury","Commercial","40-49",42,"No","0-5 mph","O: No Injury","Black","Female","Passenger Car","No","No","Daylight","Urban (>70% Developed)","4 lanes",2,"Straight - Grade","Local Street","Wet","Two-Way, Divided, Unprotected Median","None","No Special Feature","Coarse Asphalt","Piedmont","Urban","30 - 35  MPH","No Control Present","Rain","No","35.220985, -80.81724",-80.81724,35.220985
"1839",544,545,"Yes","16-19",19,"No","With Traffic","B: Evident Injury","Travel Lane","White","Male","None - Rural Crash","Guilford","No","01-01-07","2007-07-15","Motorist Overtaking Bicyclist",21,"Non-Intersection","01-07-01","0001-01-01T16:03:58-04:56","Motorist Overtaking - Other /",311239,2007,"B: Evident Injury","Residential","",NA,"No","41-45 mph","Injury","/Missing","","","No","Yes","Dark - Roadway Not Lighted","Urban (>70% Developed)","2 lanes",2,"Straight - Level","State Secondary Route","Dry","Two-Way, Not Divided","None","Driveway, Private","Coarse Asphalt","Piedmont","Rural","40 - 45  MPH","Double Yellow Line, No Passing Zone","Clear","No","36.065704, -79.67138",-79.67138,36.065704
"1840",549,550,"Yes","15-Nov",12,"No","Not Applicable","C: Possible Injury","","Black","Male","Rocky Mount","Nash","No","01-01-02","2007-07-17","Bicyclist Failed to Yield - Midblock",17,"Non-Intersection","01-07-01","0001-01-01T13:00:58-04:56","Bicyclist Ride Out - Midblock -",393319,2007,"C: Possible Injury","Residential","",NA,"Missing","","Injury","/Missing","","","No","Yes","Daylight","Urban (>70% Developed)","2 lanes",2,"Straight - Level","Local Street","Dry","Two-Way, Not Divided","None","No Special Feature","Smooth Asphalt","Coastal","Urban","30 - 35  MPH","No Control Present","Cloudy","No","35.927002, -77.80487",-77.80487,35.927002
"1841",553,554,"Yes","10-Jun",8,"No","Not Applicable","C: Possible Injury","Driveway / Alley","Hispanic","Male","None - Rural Crash","Craven","No","01-01-04","2007-07-19","Bicyclist Failed to Yield - Midblock",13,"Non-Intersection","01-07-01","0001-01-01T08:54:58-04:56","Bicyclist Ride Out - Residential Driveway",353311,2007,"C: Possible Injury","Farms, Woods, Pastures","30-39",32,"No","41-45 mph","O: No Injury","White","Female","Van","No","No","Daylight","Rural (<30% Developed)","2 lanes",2,"Straight - Level","State Secondary Route","Dry","Two-Way, Not Divided","None","Driveway, Private","Coarse Asphalt","Coastal","Rural","40 - 45  MPH","No Control Present","Clear","No","35.16324, -77.05858",-77.05858,35.16324
"1842",573,574,"Yes","10-Jun",9,"No","With Traffic","B: Evident Injury","Travel Lane","Black","Female","None - Rural Crash","Vance","No","01-01-02","2007-07-24","Loss of Control / Turning Error",18,"Non-Intersection","01-07-01","0001-01-01T13:07:58-04:56","Bicyclist Lost Control - Other /",311129,2007,"B: Evident Injury","Residential","0-19",16,"No","0-5 mph","O: No Injury","Black","Male","Passenger Car","No","No","Daylight","Rural (<30% Developed)","2 lanes",2,"Straight - Level","State Secondary Route","Dry","Two-Way, Not Divided","None","No Special Feature","Coarse Asphalt","Piedmont","Rural","30 - 35  MPH","Double Yellow Line, No Passing Zone","Clear","No","36.37946, -78.48818",-78.48818,36.37946
"1843",575,576,"Yes","40-49",43,"No","With Traffic","B: Evident Injury","Bike Lane / Paved Shoulder","Asian","Male","Charlotte","Mecklenburg","No","01-01-05","2007-10-12","Motorist Overtaking Bicyclist",23,"Non-Intersection","01-10-01","0001-01-01T18:38:58-04:56","Motorist Overtaking - Bicyclist Swerved",321235,2007,"B: Evident Injury","Commercial","50-59",56,"No","41-45 mph","O: No Injury","White","Male","Commercial Bus","No","No","Dark - Roadway Not Lighted","Urban (>70% Developed)","4 lanes",2,"Straight - Grade","Local Street","Dry","Two-Way, Divided, Positive Median Barrier","None","No Special Feature","Smooth Asphalt","Piedmont","Urban","40 - 45  MPH","No Control Present","Clear","No","35.316345, -80.73917",-80.73917,35.316345
"1844",578,579,"No","",NA,"No","Facing Traffic","Injury","Sidewalk / Crosswalk / Driveway Crossing","Black","Male","Smithfield","Johnston","No","01-01-03","2007-07-25","Motorist Failed to Yield - Midblock",8,"Non-Intersection","01-07-01","0001-01-01T04:00:58-04:56","Motorist Drive Out - Commercial Driveway / Alley",332322,2007,"O: No Injury","Commercial","30-39",31,"No","0-5 mph","O: No Injury","White","Female","Van","No","No","Daylight","Urban (>70% Developed)","1 lane",2,"Straight - Level","Public Vehicular Area","Dry","One-Way, Not Divided","None","Driveway, Public","Coarse Asphalt","Coastal","Urban","5 - 15 MPH","No Control Present","Clear","No","35.518574, -78.3168",-78.3168,35.518574
"1845",582,583,"Yes","50-59",59,"No","With Traffic","B: Evident Injury","Travel Lane","White","Male","None - Rural Crash","Mecklenburg","No","01-01-07","2007-10-21","Bicyclist Left Turn / Merge",13,"Intersection","01-10-01","0001-01-01T08:08:58-04:56","Bicyclist Left Turn - Same Direction",111221,2007,"B: Evident Injury","Residential","0-19",17,"No","36-40 mph","O: No Injury","White","Male","Pickup","No","No","Daylight","Rural (<30% Developed)","2 lanes",2,"Straight - Level","Local Street","Dry","Two-Way, Not Divided","None","T-Intersection","Smooth Asphalt","Piedmont","Rural","40 - 45  MPH","No Control Present","Clear","No","35.234993, -80.63316",-80.63316,35.234993
"1846",591,592,"Yes","50-59",58,"No","With Traffic","C: Possible Injury","Travel Lane","White","Male","Hickory","Catawba","No","01-01-05","2007-07-27","Bicyclist Left Turn / Merge",16,"Intersection","01-07-01","0001-01-01T11:41:58-04:56","Bicyclist Left Turn - Opposite Direction",111222,2007,"C: Possible Injury","Commercial","20-24",22,"No","6-10 mph","O: No Injury","White","Male","Pickup","No","No","Daylight","Urban (>70% Developed)","2 lanes",2,"Straight - Level","Local Street","Dry","Two-Way, Not Divided","None","Four-Way Intersection","Coarse Asphalt","Piedmont","Urban","30 - 35  MPH","Stop Sign","Clear","No","35.701805, -81.28878",-81.28878,35.701805
"1847",594,595,"Yes","15-Nov",15,"Yes","Facing Traffic","B: Evident Injury","Sidewalk / Crosswalk / Driveway Crossing","White","Male","Wilmington","New Hanover","Yes","01-01-06","2007-07-28","Bicyclist Failed to Yield - Signalized Intersection",1,"Intersection","01-07-01","0000-12-31T20:28:58-04:56","Bicyclist Ride Out - Signalized  Intersection",132153,2007,"B: Evident Injury","Commercial","20-24",21,"No","31-35 mph","O: No Injury","Black","Male","Passenger Car","No","No","Dark - Lighted Roadway","Urban (>70% Developed)","2 lanes",2,"Straight - Level","Local Street","Dry","Two-Way, Not Divided","None","Four-Way Intersection","Coarse Asphalt","Coastal","Urban","30 - 35  MPH","Stop And Go Signal","Clear","No","34.236786, -77.92893",-77.92893,34.236786
"1848",595,596,"Yes","40-49",41,"No","Facing Traffic","C: Possible Injury","Sidewalk / Crosswalk / Driveway Crossing","Black","Female","Charlotte","Mecklenburg","No","01-01-05","2007-11-02","Crossing Paths - Other Circumstances",17,"Intersection","01-11-01","0001-01-01T12:07:58-04:56","Signalized Intersection - Other /",132158,2007,"C: Possible Injury","Residential","20-24",21,"No","0-5 mph","O: No Injury","Black","Male","Passenger Car","No","No","Daylight","Urban (>70% Developed)","2 lanes",2,"Straight - Level","Local Street","Dry","Two-Way, Not Divided","None","No Special Feature","Concrete","Piedmont","Urban","20 - 25  MPH","Stop And Go Signal","Clear","No","35.244587, -80.85758",-80.85758,35.244587
"1849",598,599,"Yes","15-Nov",13,"No","With Traffic","B: Evident Injury","Travel Lane","White","Male","None - Rural Crash","Wayne","No","01-01-07","2007-07-29","Bicyclist Left Turn / Merge",15,"Non-Intersection","01-07-01","0001-01-01T10:42:58-04:56","Bicyclist Left Turn - Same Direction",311221,2007,"B: Evident Injury","Farms, Woods, Pastures","50-59",53,"No","51-55 mph","O: No Injury","White","Female","Passenger Car","No","No","Daylight","Rural (<30% Developed)","2 lanes",2,"Straight - Level","State Secondary Route","Dry","Two-Way, Not Divided","None","No Special Feature","Coarse Asphalt","Coastal","Rural","50 - 55  MPH","No Control Present","Clear","No","35.237625, -78.17703",-78.17703,35.237625
"1850",601,602,"Yes","16-19",19,"No","","B: Evident Injury","Travel Lane","Black","Male","None - Rural Crash","Northampton","No","","2007-07-30","Bicyclist Failed to Yield - Midblock",16,"Non-Intersection","01-07-01","0001-01-01T11:48:58-04:56","Bicyclist Ride Out - Midblock -",319319,2007,"B: Evident Injury","Residential","20-24",24,"No","41-45 mph","O: No Injury","Black","Male","Passenger Car","No","No","Daylight","Urban (>70% Developed)","2 lanes",2,"Straight - Grade","State Secondary Route","Dry","Two-Way, Not Divided","None","Driveway, Private","Smooth Asphalt","Coastal","Rural","40 - 45  MPH","No Control Present","Cloudy","No","36.51958, -77.67929",-77.67929,36.51958
"1851",604,605,"Yes","20-24",22,"No","Facing Traffic","B: Evident Injury","Sidewalk / Crosswalk / Driveway Crossing","White","Female","Kill Devil Hills","Dare","No","01-01-07","2007-07-29","Motorist Failed to Yield - Midblock",20,"Non-Intersection","01-07-01","0001-01-01T15:31:58-04:56","Motorist Drive Out - Commercial Driveway / Alley",332322,2007,"B: Evident Injury","Commercial","30-39",36,"No","0-5 mph","O: No Injury","White","Female","Sport Utility","No","No","Other","Urban (>70% Developed)","",2,"Straight - Level","Public Vehicular Area","Dry","Two-Way, Not Divided","","Driveway, Public","Concrete","Coastal","Urban","5 - 15 MPH","No Control Present","Clear","No","36.034977, -75.67375",-75.67375,36.034977
"1852",606,607,"Yes","30-39",38,"No","With Traffic","B: Evident Injury","Bike Lane / Paved Shoulder","White","Female","None - Rural Crash","Dare","No","01-01-02","2007-07-31","Motorist Failed to Yield - Midblock",16,"Non-Intersection","01-07-01","0001-01-01T11:21:58-04:56","Motorist Drive Out - Commercial Driveway / Alley",321322,2007,"B: Evident Injury","Commercial","70+",NA,"No","0-5 mph","O: No Injury","White","Male","Pickup","No","No","Daylight","Urban (>70% Developed)","2 lanes",2,"Straight - Level","NC Route","Dry","Two-Way, Not Divided","None","Driveway, Public","Coarse Asphalt","Coastal","Rural","30 - 35  MPH","No Control Present","Clear","No","35.344536, -75.50409",-75.50409,35.344536