"","FID","OBJECTID","AmbulanceR","BikeAge_Gr","Bike_Age","Bike_Alc_D","Bike_Dir","Bike_Injur","Bike_Pos","Bike_Race","Bike_Sex","City","County","CrashAlcoh","CrashDay","Crash_Date","Crash_Grp","Crash_Hour","Crash_Loc","Crash_Mont","Crash_Time","Crash_Type","Crash_Ty_1","Crash_Year","Crsh_Sevri","Developmen","DrvrAge_Gr","Drvr_Age","Drvr_Alc_D","Drvr_EstSp","Drvr_Injur","Drvr_Race","Drvr_Sex","Drvr_VehTy","ExcsSpdInd","Hit_Run","Light_Cond","Locality","Num_Lanes","Num_Units","Rd_Charact","Rd_Class","Rd_Conditi","Rd_Config","Rd_Defects","Rd_Feature","Rd_Surface","Region","Rural_Urba","Speed_Limi","Traff_Cntr","Weather","Workzone_I","Location","locx","locy"
"1893",839,840,"No","60-69",65,"No","With Traffic","B: Evident Injury","Travel Lane","Black","Male","Enfield","Halifax","No","01-01-07","2007-10-07","Loss of Control / Turning Error",18,"Intersection","01-10-01","0001-01-01T13:53:58-04:56","Motorist Turning Error - Left Turn",111111,2007,"B: Evident Injury","Residential","20-24",20,"No","6-10 mph","O: No Injury","Black","Female","Passenger Car","No","No","Dark - Lighted Roadway","Mixed (30% To 70% Developed)","2 lanes",2,"Straight - Level","Local Street","Dry","Two-Way, Not Divided","None","No Special Feature","Smooth Asphalt","Coastal","Rural","20 - 25  MPH","No Control Present","Clear","No","36.17444, -77.6617",-77.6617,36.17444
"1894",840,841,"Yes","16-19",18,"No","Not Applicable","B: Evident Injury","Non-Roadway","Black","Female","Graham","Alamance","No","01-01-02","2007-10-02","Bicyclist Failed to Yield - Midblock",17,"Non-Intersection","01-10-01","0001-01-01T12:52:58-04:56","Bicyclist Ride Out - Commercial Driveway / Alley",363312,2007,"B: Evident Injury","Commercial","40-49",43,"No","0-5 mph","O: No Injury","Black","Female","Passenger Car","No","No","Daylight","Mixed (30% To 70% Developed)","2 lanes",2,"Straight - Level","Local Street","Dry","Two-Way, Not Divided","None","Other","Smooth Asphalt","Piedmont","Urban","20 - 25  MPH","No Control Present","Clear","No","36.06934, -79.39775",-79.39775,36.06934
"1895",848,849,"Yes","70+",NA,"No","With Traffic","B: Evident Injury","Multi-use Path","White","Male","Greensboro","Guilford","No","01-01-03","2007-10-10","Motorist Failed to Yield - Sign-Controlled Intersection",8,"Intersection","01-10-01","0001-01-01T03:19:58-04:56","Motorist Drive Out - Sign-Controlled Intersection",141141,2007,"B: Evident Injury","Residential","60-69",64,"No","31-35 mph","O: No Injury","White","Female","Sport Utility","No","No","Daylight","Urban (>70% Developed)","2 lanes",2,"Straight - Level","Local Street","Dry","Two-Way, Divided, Unprotected Median","None","T-Intersection","Smooth Asphalt","Piedmont","Urban","30 - 35  MPH","Stop Sign","Clear","No","36.13694, -79.84695",-79.84695,36.13694
"1896",852,853,"Yes","40-49",47,"No","Facing Traffic","B: Evident Injury","Sidewalk / Crosswalk / Driveway Crossing","Asian","Female","Fayetteville","Cumberland","No","01-01-04","2007-10-11","Motorist Failed to Yield - Midblock",9,"Non-Intersection","01-10-01","0001-01-01T04:15:58-04:56","Motorist Drive Out - Commercial Driveway / Alley",332322,2007,"B: Evident Injury","Commercial","50-59",59,"No","0-5 mph","O: No Injury","Asian","Female","Passenger Car","No","No","Daylight","Urban (>70% Developed)","",2,"Straight - Level","Public Vehicular Area","Dry","Two-Way, Not Divided","None","No Special Feature","Smooth Asphalt","Coastal","Urban","5 - 15 MPH","No Control Present","Clear","No","35.010384, -78.96637",-78.96637,35.010384
"1897",853,854,"Yes","40-49",44,"No","With Traffic","B: Evident Injury","Travel Lane","Black","Male","None - Rural Crash","Granville","No","01-01-04","2007-10-11","Motorist Overtaking Bicyclist",7,"Non-Intersection","01-10-01","0001-01-01T02:56:58-04:56","Motorist Overtaking - Misjudged Space",311232,2007,"B: Evident Injury","Farms, Woods, Pastures","60-69",64,"No","51-55 mph","O: No Injury","Black","Female","Light Truck (Mini-Van, Panel)","No","No","Daylight","Rural (<30% Developed)","2 lanes",2,"Straight - Level","US Route","Dry","Two-Way, Not Divided","None","No Special Feature","Coarse Asphalt","Piedmont","Rural","50 - 55  MPH","Double Yellow Line, No Passing Zone","Clear","No","36.16387, -78.67529",-78.67529,36.16387
"1898",859,860,"Yes","40-49",41,"No","Facing Traffic","Injury","Travel Lane","Black","Male","Raeford","Hoke","No","01-01-07","2007-10-14","Head-On",16,"Non-Intersection","01-10-01","0001-01-01T11:56:58-04:56","Head-On - Bicyclist",312250,2007,"O: No Injury","Commercial","70+",NA,"No","16-20 mph","O: No Injury","White","Male","Pickup","No","No","Daylight","Mixed (30% To 70% Developed)","2 lanes",2,"Straight - Level","NC Route","Dry","Two-Way, Not Divided","None","Four-Way Intersection","Smooth Asphalt","Coastal","Rural","20 - 25  MPH","Flashing Stop And Go Signal","Clear","No","34.97903, -79.22404",-79.22404,34.97903
"1899",863,864,"Yes","16-19",17,"No","Facing Traffic","C: Possible Injury","Travel Lane","Black","Male","Hickory","Catawba","No","01-01-02","2007-10-16","Motorist Failed to Yield - Midblock",18,"Non-Intersection","01-10-01","0001-01-01T13:13:58-04:56","Motorist Drive Out - Commercial Driveway / Alley",312322,2007,"C: Possible Injury","Commercial","",NA,"Missing","0-5 mph","Injury","/Missing","","","No","Yes","Daylight","Urban (>70% Developed)","5 lanes",2,"Straight - Level","Local Street","Water (Standing, Moving)","Two-Way, Not Divided","None","No Special Feature","Smooth Asphalt","Piedmont","Urban","40 - 45  MPH","No Control Present","Clear","No","35.742897, -81.30163",-81.30163,35.742897
"1900",872,873,"Yes","25-29",29,"No","With Traffic","B: Evident Injury","Travel Lane","White","Male","High Point","Guilford","No","01-01-06","2007-10-20","Motorist Right Turn / Merge",14,"Intersection","01-10-01","0001-01-01T09:03:58-04:56","Motorist Right Turn - Same Direction",111213,2007,"B: Evident Injury","Residential","70+",NA,"No","6-10 mph","O: No Injury","Black","Female","Passenger Car","No","No","Daylight","Urban (>70% Developed)","2 lanes",2,"Straight - Bottom","Local Street","Dry","Two-Way, Not Divided","None","No Special Feature","Smooth Asphalt","Piedmont","Urban","30 - 35  MPH","No Control Present","Clear","No","35.97358, -79.989",-79.989,35.97358
"1901",997,998,"No","15-Nov",13,"No","Facing Traffic","C: Possible Injury","Travel Lane","Black","Male","Rocky Mount","Nash","No","","2008-11-24","Motorist Overtaking Bicyclist",15,"Non-Intersection","01-11-01","0001-01-01T10:16:58-04:56","Motorist Overtaking - Other /",312239,2008,"C: Possible Injury","Residential","",NA,"Missing","","Injury","/Missing","","Pickup","No","Yes","Daylight","Urban (>70% Developed)","2 lanes",2,"Straight - Level","Local Street","Dry","Two-Way, Not Divided","None","No Special Feature","Smooth Asphalt","Coastal","Urban","30 - 35  MPH","Missing","Clear","No","0.0, 0.0",0,0
"1902",487,488,"Yes","40-49",44,"Yes","With Traffic","B: Evident Injury","Travel Lane","Black","Male","Greensboro","Guilford","Yes","01-01-03","2009-08-26","Motorist Overtaking Bicyclist",15,"Non-Intersection","01-08-01","0001-01-01T10:21:58-04:56","Motorist Overtaking - Bicyclist Swerved",311235,2009,"B: Evident Injury","Commercial","40-49",44,"No","26-30 mph","O: No Injury","Other","Female","Passenger Car","No","No","Daylight","Urban (>70% Developed)","5 lanes",2,"Straight - Level","Local Street","Dry","Two-Way, Divided, Unprotected Median","None","Railroad Crossing","Smooth Asphalt","Piedmont","Urban","30 - 35  MPH","RR Gate And Flasher","Clear","No","36.0648, -79.7927",-79.7927,36.0648
"1903",492,493,"No","15-Nov",14,"No","Facing Traffic","Injury","Sidewalk / Crosswalk / Driveway Crossing","White","Male","Boiling Springs","Cleveland","No","01-01-04","2009-08-27","Crossing Paths - Other Circumstances",21,"Intersection","01-08-01","0001-01-01T16:23:58-04:56","Crossing Paths - Intersection - Other /",132180,2009,"O: No Injury","Residential","20-24",21,"No","","O: No Injury","White","Female","Van","No","No","Dark - Roadway Not Lighted","Mixed (30% To 70% Developed)","",2,"Straight - Level","Local Street","Dry","Two-Way, Not Divided","None","No Special Feature","Smooth Asphalt","Mountains","Rural","","No Control Present","Cloudy","No","35.260803, -81.66763",-81.66763,35.260803
"1904",506,507,"No","30-39",35,"No","Not Applicable","C: Possible Injury","Travel Lane","Hispanic","Male","None - Rural Crash","Orange","No","01-01-05","2009-08-28","Non-Roadway",18,"Non-Roadway","01-08-01","0001-01-01T13:09:58-04:56","Non-Roadway",410910,2009,"C: Possible Injury","Residential","",NA,"Missing","11-15 mph","Injury","/Missing","","Pickup","No","No","Dusk","Mixed (30% To 70% Developed)","2 lanes",3,"Straight - Level","Private Road, Driveway","Dry","Two-Way, Not Divided","None","Driveway, Private","Gravel","Piedmont","Rural","5 - 15 MPH","No Control Present","Cloudy","No","35.92442, -79.098656",-79.098656,35.92442
"1905",507,508,"No","10-Jun",10,"No","With Traffic","Injury","Travel Lane","/Missing","","None - Rural Crash","Wayne","No","01-01-02","2009-09-15","Bicyclist Left Turn / Merge",16,"Non-Intersection","01-09-01","0001-01-01T12:01:58-04:56","Bicyclist Left Turn - Same Direction",311221,2009,"O: No Injury","Farms, Woods, Pastures","25-29",25,"No","51-55 mph","O: No Injury","Hispanic","Female","Passenger Car","No","No","Daylight","Rural (<30% Developed)","2 lanes",2,"Straight - Level","NC Route","Dry","Two-Way, Not Divided","None","Driveway, Private","Smooth Asphalt","Coastal","Rural","50 - 55  MPH","Double Yellow Line, No Passing Zone","Clear","No","35.242855, -77.90444",-77.90444,35.242855
"1906",687,688,"Yes","50-59",51,"No","With Traffic","B: Evident Injury","Travel Lane","White","Male","Durham","Durham","No","","2010-09-20","Motorist Left Turn / Merge",18,"Intersection","01-09-01","0001-01-01T13:53:58-04:56","Motorist Left Turn - Opposite Direction",0,2010,"B: Evident Injury","Residential","30-39",37,"No","16-20 mph","O: No Injury","Asian","Female","Sport Utility","No","No","Daylight","Urban (>70% Developed)","2 lanes",2,"Straight - Level","Local Street","Dry","Two-Way, Not Divided","None","Four-Way Intersection","Coarse Asphalt","Piedmont","Urban","30 - 35  MPH","Stop And Go Signal","Clear","No","36.037464, -78.93555",-78.93555,36.037464
"1907",690,691,"No","15-Nov",13,"No","Facing Traffic","C: Possible Injury","","Black","Male","Charlotte","Mecklenburg","No","","2010-09-13","Motorist Failed to Yield - Sign-Controlled Intersection",17,"Intersection","01-09-01","0001-01-01T12:43:58-04:56","Motorist Drive Out - Sign-Controlled Intersection",0,2010,"C: Possible Injury","Residential","40-49",45,"No","0-5 mph","O: No Injury","White","Female","Passenger Car","No","No","Daylight","Urban (>70% Developed)","5 lanes",2,"Straight - Grade","Local Street","Dry","Two-Way, Not Divided","None","No Special Feature","Smooth Asphalt","Piedmont","Urban","30 - 35  MPH","Stop Sign","Clear","No","35.13097, -80.85399",-80.85399,35.13097
"1908",695,696,"No","50-59",58,"No","With Traffic","B: Evident Injury","Travel Lane","White","Male","None - Rural Crash","Guilford","No","01-01-06","2010-09-25","Motorist Overtaking Bicyclist",6,"Non-Intersection","01-09-01","0001-01-01T01:43:58-04:56","Motorist Overtaking - Other /",0,2010,"B: Evident Injury","Farms, Woods, Pastures","30-39",39,"No","41-45 mph","O: No Injury","White","Male","Passenger Car","No","No","Dawn","Rural (<30% Developed)","2 lanes",2,"Straight - Level","State Secondary Route","Dry","Two-Way, Not Divided","None","No Special Feature","Smooth Asphalt","Piedmont","Rural","40 - 45  MPH","Double Yellow Line, No Passing Zone","Clear","No","36.097317, -79.99603",-79.99603,36.097317
"1909",700,701,"Yes","70+",NA,"No","With Traffic","A: Disabling Injury","Travel Lane","Black","Male","Rocky Mount","Edgecombe","No","01-01-05","2010-08-20","Bicyclist Left Turn / Merge",5,"Non-Intersection","01-08-01","0001-01-01T00:31:58-04:56","Bicyclist Left Turn - Same Direction",0,2010,"A: Disabling Injury","Residential","30-39",33,"No","41-45 mph","O: No Injury","Black","Female","Passenger Car","No","No","Dark - Lighted Roadway","Mixed (30% To 70% Developed)","2 lanes",2,"Straight - Level","Local Street","Dry","Two-Way, Not Divided","None","No Special Feature","Smooth Asphalt","Coastal","Urban","40 - 45  MPH","No Control Present","Cloudy","No","35.90827, -77.805565",-77.805565,35.90827
"1910",710,711,"Yes","60-69",61,"No","With Traffic","C: Possible Injury","Travel Lane","Black","Male","Charlotte","Mecklenburg","No","01-01-02","2010-09-21","Motorist Right Turn / Merge",12,"Intersection","01-09-01","0001-01-01T07:54:58-04:56","Motorist Right Turn - Same Direction",0,2010,"C: Possible Injury","Commercial","50-59",56,"No","","O: No Injury","White","Female","Passenger Car","No","No","Daylight","Urban (>70% Developed)","2 lanes",2,"Straight - Level","Local Street","Dry","Two-Way, Not Divided","None","T-Intersection","Smooth Asphalt","Piedmont","Urban","20 - 25  MPH","Stop Sign","Clear","No","35.17671, -80.85094",-80.85094,35.17671
"1911",724,725,"No","40-49",49,"No","With Traffic","B: Evident Injury","Travel Lane","Black","Female","Pineville","Mecklenburg","No","01-01-06","2010-09-04","Crossing Paths - Other Circumstances",8,"Intersection","01-09-01","0001-01-01T03:25:58-04:56","Signalized Intersection - Other /",0,2010,"B: Evident Injury","Commercial","70+",NA,"No","6-10 mph","O: No Injury","White","Male","Passenger Car","No","No","Daylight","Urban (>70% Developed)","2 lanes",2,"Straight - Level","Local Street","Dry","Two-Way, Not Divided","None","Four-Way Intersection","Smooth Asphalt","Piedmont","Rural","30 - 35  MPH","Stop And Go Signal","Clear","No","35.09484, -80.86639",-80.86639,35.09484
"1912",750,751,"Yes","30-39",39,"No","With Traffic","O: No Injury","Travel Lane","Black","Female","Raleigh","Wake","No","01-01-04","2010-09-02","Loss of Control / Turning Error",9,"Intersection","01-09-01","0001-01-01T04:50:58-04:56","Bicyclist Turning Error - Right Turn",0,2010,"O: No Injury","Residential","20-24",23,"No","21-25 mph","O: No Injury","White","Female","Sport Utility","No","No","Daylight","Urban (>70% Developed)","2 lanes",2,"Straight - Level","Local Street","Dry","Two-Way, Divided, Unprotected Median","None","Four-Way Intersection","Smooth Asphalt","Piedmont","Urban","30 - 35  MPH","Stop Sign","Clear","No","35.791584, -78.630196",-78.630196,35.791584
"1913",754,755,"Yes","16-19",16,"No","Not Applicable","B: Evident Injury","Travel Lane","White","Male","None - Rural Crash","Pamlico","No","01-01-06","2010-10-09","Crossing Paths - Other Circumstances",21,"Intersection","01-10-01","0001-01-01T17:00:58-04:56","Crossing Paths - Intersection - Other /",0,2010,"B: Evident Injury","Farms, Woods, Pastures","50-59",58,"No","51-55 mph","B: Evident Injury","White","Male","Motorcycle","No","No","Dark - Roadway Not Lighted","Rural (<30% Developed)","5 lanes",2,"Straight - Level","NC Route","Dry","Two-Way, Divided, Unprotected Median","None","T-Intersection","Smooth Asphalt","Coastal","Rural","50 - 55  MPH","Stop Sign","Clear","No","35.135452, -76.896736",-76.896736,35.135452
"1914",758,759,"Yes","16-19",16,"No","With Traffic","C: Possible Injury","Sidewalk / Crosswalk / Driveway Crossing","White","Male","Raleigh","Wake","No","01-01-02","2010-09-07","Motorist Right Turn / Merge",15,"Intersection","01-09-01","0001-01-01T10:28:58-04:56","Motorist Right Turn - Same Direction",0,2010,"C: Possible Injury","Commercial","0-19",17,"No","","O: No Injury","White","Male","Passenger Car","No","No","Daylight","Urban (>70% Developed)","5 lanes",2,"Straight - Level","Local Street","Dry","Two-Way, Not Divided","None","No Special Feature","Smooth Asphalt","Piedmont","Urban","30 - 35  MPH","Stop And Go Signal","Clear","No","35.85647, -78.65062",-78.65062,35.85647
"1915",764,765,"Yes","20-24",20,"No","With Traffic","B: Evident Injury","Travel Lane","White","Male","Lenoir","Caldwell","No","01-01-03","2010-10-13","Motorist Overtaking Bicyclist",20,"Non-Intersection","01-10-01","0001-01-01T15:12:58-04:56","Motorist Overtaking - Undetected Bicyclist",0,2010,"B: Evident Injury","Residential","40-49",40,"No","46-50 mph","O: No Injury","White","Male","Sport Utility","No","No","Dark - Roadway Not Lighted","Urban (>70% Developed)","5 lanes",2,"Straight - Level","Local Street","Dry","Two-Way, Not Divided","None","No Special Feature","Coarse Asphalt","Mountains","Urban","40 - 45  MPH","No Control Present","Cloudy","No","35.923534, -81.547745",-81.547745,35.923534
"1916",772,773,"Yes","10-Jun",10,"No","With Traffic","B: Evident Injury","Travel Lane","Black","Male","Chapel Hill","Orange","No","01-01-04","2010-10-07","Bicyclist Failed to Yield - Sign-Controlled Intersection",15,"Intersection","01-10-01","0001-01-01T10:16:58-04:56","Bicyclist Ride Through - Sign-Controlled Intersection",0,2010,"B: Evident Injury","Residential","20-24",21,"No","16-20 mph","O: No Injury","White","Male","Single Unit Truck (2-Axle, 6-Tire)","No","No","Daylight","Rural (<30% Developed)","2 lanes",2,"Straight - Level","Local Street","Dry","Two-Way, Not Divided","None","Four-Way Intersection","Coarse Asphalt","Piedmont","Urban","20 - 25  MPH","Stop Sign","Clear","No","35.937473, -79.05032",-79.05032,35.937473
"1917",776,777,"Yes","40-49",47,"Yes","","C: Possible Injury","Sidewalk / Crosswalk / Driveway Crossing","Black","Male","Greensboro","Guilford","Yes","01-01-02","2010-10-05","Motorist Failed to Yield - Sign-Controlled Intersection",12,"Intersection","01-10-01","0001-01-01T07:41:58-04:56","Motorist Drive Out - Sign-Controlled Intersection",0,2010,"C: Possible Injury","Residential","70+",NA,"No","11-15 mph","O: No Injury","White","Male","Sport Utility","No","No","Daylight","Urban (>70% Developed)","2 lanes",2,"Straight - Level","Local Street","Dry","Two-Way, Not Divided","None","Related To Intersection","Smooth Asphalt","Piedmont","Urban","20 - 25  MPH","Stop Sign","Clear","No","36.08282, -79.78944",-79.78944,36.08282
"1918",804,805,"Yes","30-39",31,"No","Facing Traffic","B: Evident Injury","Travel Lane","White","Male","High Point","Guilford","No","","2010-10-18","Bicyclist Right Turn / Merge",17,"Intersection","01-10-01","0001-01-01T12:39:58-04:56","Bicyclist Right Turn - Same Direction",0,2010,"B: Evident Injury","Commercial","60-69",61,"No","0-5 mph","O: No Injury","White","Male","Van","No","No","Daylight","Urban (>70% Developed)","2 lanes",2,"Straight - Level","Local Street","Dry","Two-Way, Not Divided","None","T-Intersection","Coarse Asphalt","Piedmont","Urban","30 - 35  MPH","Stop Sign","Clear","No","35.95517, -80.01082",-80.01082,35.95517
"1919",808,809,"Yes","20-24",22,"No","Facing Traffic","C: Possible Injury","Travel Lane","Black","Female","Laurinburg","Scotland","No","01-01-07","2010-10-24","Backing Vehicle",16,"Non-Intersection","01-10-01","0001-01-01T11:18:58-04:56","Backing Vehicle",0,2010,"C: Possible Injury","Residential","20-24",21,"No","6-10 mph","O: No Injury","Black","Female","Passenger Car","No","No","Daylight","Urban (>70% Developed)","",2,"",".","Dry","","None","No Special Feature","","Coastal","Urban","30 - 35  MPH","No Control Present","Clear","No","34.76805, -79.47446",-79.47446,34.76805
"1920",898,899,"Yes","40-49",45,"No","With Traffic","C: Possible Injury","Travel Lane","Black","Male","Winston-Salem","Forsyth","No","01-01-03","2010-11-17","Motorist Failed to Yield - Signalized Intersection",7,"Intersection","01-11-01","0001-01-01T02:35:58-04:56","Motorist Drive Out - Signalized Intersection",0,2010,"C: Possible Injury","Commercial","70+",NA,"No","0-5 mph","O: No Injury","Black","Male","Passenger Car","No","No","Daylight","Urban (>70% Developed)","4 lanes",2,"Straight - Level","Local Street","Dry","Two-Way, Not Divided","None","Four-Way Intersection","Smooth Asphalt","Piedmont","Urban","20 - 25  MPH","Stop And Go Signal","Clear","No","36.08329, -80.29523",-80.29523,36.08329
"1921",899,900,"Yes","25-29",28,"Yes","Facing Traffic","B: Evident Injury","Travel Lane","Black","Male","None - Rural Crash","Franklin","Yes","01-01-05","2010-12-03","Motorist Overtaking Bicyclist",18,"Non-Intersection","01-12-01","0001-01-01T13:15:58-04:56","Motorist Overtaking - Bicyclist Swerved",0,2010,"B: Evident Injury","Residential","40-49",47,"No","41-45 mph","O: No Injury","White","Female","Pickup","No","No","Dark - Roadway Not Lighted","Mixed (30% To 70% Developed)","2 lanes",2,"Curve - Level","NC Route","Dry","Two-Way, Not Divided","None","No Special Feature","Smooth Asphalt","Piedmont","Rural","40 - 45  MPH","Double Yellow Line, No Passing Zone","Clear","No","35.997932, -78.277565",-78.277565,35.997932
"1922",912,913,"Yes","50-59",50,"No","With Traffic","C: Possible Injury","Travel Lane","White","Male","None - Rural Crash","Yadkin","No","01-01-07","2010-12-05","Motorist Overtaking Bicyclist",16,"Non-Intersection","01-12-01","0001-01-01T11:24:58-04:56","Motorist Overtaking - Misjudged Space",0,2010,"C: Possible Injury","Farms, Woods, Pastures","70+",NA,"No","31-35 mph","O: No Injury","White","Male","Pickup","No","No","Daylight","Rural (<30% Developed)","2 lanes",2,"Straight - Level","State Secondary Route","Dry","Two-Way, Divided, Unprotected Median","None","No Special Feature","Smooth Asphalt","Mountains","Rural","50 - 55  MPH","Double Yellow Line, No Passing Zone","Clear","No","36.15361, -80.472145",-80.472145,36.15361
"1923",913,914,"No","15-Nov",14,"No","With Traffic","O: No Injury","Travel Lane","White","Male","None - Rural Crash","New Hanover","No","01-01-04","2010-12-09","Motorist Overtaking Bicyclist",17,"Non-Intersection","01-12-01","0001-01-01T12:53:58-04:56","Motorist Overtaking - Misjudged Space",0,2010,"O: No Injury","Residential","30-39",32,"No","41-45 mph","O: No Injury","White","Female","Passenger Car","No","No","Dark - Roadway Not Lighted","Urban (>70% Developed)","2 lanes",2,"Straight - Level","US Route","Dry","Two-Way, Not Divided","None","No Special Feature","Smooth Asphalt","Coastal","Rural","50 - 55  MPH","No Control Present","Clear","No","34.215004, -77.92633",-77.92633,34.215004
"1924",923,924,"Yes","16-19",17,"No","Facing Traffic","C: Possible Injury","Travel Lane","White","Male","Newton","Catawba","No","01-01-06","2010-11-27","Motorist Failed to Yield - Sign-Controlled Intersection",18,"Intersection","01-11-01","0001-01-01T13:14:58-04:56","Motorist Drive Out - Sign-Controlled Intersection",0,2010,"C: Possible Injury","Commercial","",NA,"Missing","31-35 mph","Injury","/Missing","","","No","Yes","Dark - Lighted Roadway","Mixed (30% To 70% Developed)","2 lanes",2,"Straight - Level","Local Street","Dry","Two-Way, Not Divided","None","T-Intersection","Coarse Asphalt","Piedmont","Urban","30 - 35  MPH","Stop Sign","Clear","No","35.69448, -81.21807",-81.21807,35.69448
"1925",926,927,"Yes","40-49",45,"No","With Traffic","C: Possible Injury","Travel Lane","Hispanic","Male","None - Rural Crash","Harnett","No","01-01-03","2010-12-08","Motorist Overtaking Bicyclist",8,"Non-Intersection","01-12-01","0001-01-01T03:13:58-04:56","Motorist Overtaking - Misjudged Space",0,2010,"C: Possible Injury","Farms, Woods, Pastures","50-59",53,"No","21-25 mph","O: No Injury","Other","Female","Passenger Car","No","No","Daylight","Rural (<30% Developed)","4 lanes",2,"Straight - Level","NC Route","Dry","Two-Way, Divided, Positive Median Barrier","None","No Special Feature","Coarse Asphalt","Coastal","Rural","50 - 55  MPH","No Control Present","Clear","No","35.27476, -79.06883",-79.06883,35.27476
"1926",12,13,"Yes","15-Nov",12,"No","Not Applicable","B: Evident Injury","Non-Roadway","White","Female","None - Rural Crash","Randolph","No","01-01-07","2011-01-30","Bicyclist Failed to Yield - Midblock",12,"Non-Intersection","","0001-01-01T07:45:58-04:56","Bicyclist Ride Out - Other Midblock",363318,2011,"B: Evident Injury","Residential","30-39",33,"No","21-25 mph","O: No Injury","White","Female","Passenger Car","No","No","Daylight","Rural (<30% Developed)","2 lanes",2,"Straight - Level","State Secondary Route","Dry","Two-Way, Not Divided","None","No Special Feature","Smooth Asphalt","Piedmont","Rural","30 - 35  MPH","No Control Present","Clear","No","35.85252, -79.7944",-79.7944,35.85252
"1927",16,17,"No","20-24",21,"No","With Traffic","B: Evident Injury","Travel Lane","White","Male","Raleigh","Wake","No","01-01-03","2011-01-05","Motorist Right Turn / Merge",13,"Non-Intersection","","0001-01-01T09:02:58-04:56","Motorist Right Turn - Same Direction",311213,2011,"B: Evident Injury","Commercial","50-59",59,"No","26-30 mph","O: No Injury","White","Female","Passenger Car","No","No","Daylight","Urban (>70% Developed)","5 lanes",2,"Straight - Level","Local Street","Dry","Two-Way, Divided, Unprotected Median","None","No Special Feature","Smooth Asphalt","Piedmont","Urban","30 - 35  MPH","No Control Present","Clear","No","35.79174, -78.6628",-78.6628,35.79174
"1928",37,38,"No","40-49",45,"No","With Traffic","C: Possible Injury","Travel Lane","Hispanic","Male","Charlotte","Mecklenburg","No","01-01-07","2011-02-06","Motorist Overtaking Bicyclist",22,"Non-Intersection","01-02-01","0001-01-01T17:17:58-04:56","Motorist Overtaking - Undetected Bicyclist",311231,2011,"C: Possible Injury","Residential","30-39",31,"No","21-25 mph","O: No Injury","Black","Male","Sport Utility","No","No","Dark - Roadway Not Lighted","Rural (<30% Developed)","2 lanes",2,"Straight - Hillcrest","Local Street","Dry","Two-Way, Not Divided","None","No Special Feature","Smooth Asphalt","Piedmont","Urban","30 - 35  MPH","No Control Present","Clear","No","35.34616, -80.7956",-80.7956,35.34616
"1929",38,39,"Yes","40-49",40,"No","Facing Traffic","C: Possible Injury","Sidewalk / Crosswalk / Driveway Crossing","Black","Male","Raleigh","Wake","No","01-01-05","2011-01-14","Motorist Failed to Yield - Midblock",15,"Non-Intersection","","0001-01-01T10:33:58-04:56","Motorist Drive Out - Commercial Driveway / Alley",332322,2011,"C: Possible Injury","Commercial","30-39",32,"No","0-5 mph","O: No Injury","White","Male","Passenger Car","No","No","Daylight","Urban (>70% Developed)","7 lanes",2,"Straight - Level","Local Street","Dry","Two-Way, Divided, Positive Median Barrier","None","T-Intersection","Coarse Asphalt","Piedmont","Urban","5 - 15 MPH","No Control Present","Clear","No","35.79913, -78.5684",-78.5684,35.79913
"1930",46,47,"Yes","20-24",20,"No","Not Applicable","B: Evident Injury","Travel Lane","Hispanic","Male","Charlotte","Mecklenburg","No","01-01-03","2011-02-09","Bicyclist Failed to Yield - Midblock",14,"Non-Intersection","01-02-01","0001-01-01T09:18:58-04:56","Multiple Threat - Midblock",313357,2011,"B: Evident Injury","Commercial","30-39",35,"No","31-35 mph","O: No Injury","Black","Male","Sport Utility","No","No","Daylight","Urban (>70% Developed)","4 lanes",2,"Straight - Level","Local Street","Dry","Two-Way, Divided, Positive Median Barrier","None","No Special Feature","Smooth Asphalt","Piedmont","Urban","30 - 35  MPH","No Control Present","Clear","No","35.21384, -80.7558",-80.7558,35.21384
"1931",50,51,"No","40-49",46,"Yes","With Traffic","C: Possible Injury","Sidewalk / Crosswalk / Driveway Crossing","Black","Male","Durham","Durham","Yes","01-01-04","2011-02-24","Bicyclist Failed to Yield - Signalized Intersection",21,"Intersection","01-02-01","0001-01-01T16:52:58-04:56","Bicyclist Ride Through - Signalized Intersection",131155,2011,"C: Possible Injury","Commercial","40-49",43,"No","0-5 mph","O: No Injury","White","Male","Passenger Car","No","No","Dark - Lighted Roadway","Urban (>70% Developed)","2 lanes",2,"Straight - Level","Local Street","Wet","One-Way, Not Divided","None","No Special Feature","Smooth Asphalt","Piedmont","Urban","20 - 25  MPH","Stop And Go Signal","Cloudy","No","35.99758, -78.8985",-78.8985,35.99758
"1932",51,52,"Yes","50-59",52,"No","With Traffic","B: Evident Injury","Travel Lane","Black","Male","None - Rural Crash","Pitt","No","01-01-05","2011-02-25","Motorist Failed to Yield - Sign-Controlled Intersection",7,"Intersection","01-02-01","0001-01-01T02:41:58-04:56","Motorist Drive Out - Sign-Controlled Intersection",111141,2011,"B: Evident Injury","Residential","20-24",21,"No","0-5 mph","O: No Injury","White","Female","Passenger Car","No","No","Daylight","Mixed (30% To 70% Developed)","6 lanes",2,"Straight - Level","US Route","Wet","Two-Way, Not Divided","None","No Special Feature","Smooth Asphalt","Coastal","Rural","50 - 55  MPH","Stop Sign","Clear","No","35.62992, -77.3296",-77.3296,35.62992