"","FID","OBJECTID","AmbulanceR","BikeAge_Gr","Bike_Age","Bike_Alc_D","Bike_Dir","Bike_Injur","Bike_Pos","Bike_Race","Bike_Sex","City","County","CrashAlcoh","CrashDay","Crash_Date","Crash_Grp","Crash_Hour","Crash_Loc","Crash_Mont","Crash_Time","Crash_Type","Crash_Ty_1","Crash_Year","Crsh_Sevri","Developmen","DrvrAge_Gr","Drvr_Age","Drvr_Alc_D","Drvr_EstSp","Drvr_Injur","Drvr_Race","Drvr_Sex","Drvr_VehTy","ExcsSpdInd","Hit_Run","Light_Cond","Locality","Num_Lanes","Num_Units","Rd_Charact","Rd_Class","Rd_Conditi","Rd_Config","Rd_Defects","Rd_Feature","Rd_Surface","Region","Rural_Urba","Speed_Limi","Traff_Cntr","Weather","Workzone_I","Location","locx","locy"
"2013",477,478,"Yes","30-39",32,"No","With Traffic","O: No Injury","Travel Lane","White","Male","Raleigh","Wake","No","01-01-06","2011-07-30","Parallel Paths - Other Circumstances",5,"Non-Intersection","01-07-01","0001-01-01T00:06:58-04:56","Parallel Paths - Other /",311280,2011,"O: No Injury","Commercial","20-24",20,"No","21-25 mph","O: No Injury","Other","Male","Light Truck (Mini-Van, Panel)","No","Yes","Dark - Lighted Roadway","Urban (>70% Developed)","2 lanes",2,"Straight - Level","Local Street","Dry","Two-Way, Not Divided","None","No Special Feature","Smooth Asphalt","Piedmont","Urban","5 - 15 MPH","No Control Present","Clear","No","35.77827, -78.6392",-78.6392,35.77827
"2014",483,484,"No","15-Nov",14,"No","With Traffic","C: Possible Injury","Travel Lane","White","Male","Charlotte","Mecklenburg","No","01-01-06","2011-06-04","Bicyclist Overtaking Motorist",16,"Non-Intersection","01-06-01","0001-01-01T11:12:58-04:56","Bicyclist Overtaking - Other /",311249,2011,"C: Possible Injury","Residential","",NA,"Missing","","Injury","/Missing","","Passenger Car","No","No","Daylight","Urban (>70% Developed)","2 lanes",2,"Straight - Level","Local Street","Dry","Two-Way, Not Divided","None","No Special Feature","Smooth Asphalt","Piedmont","Urban","20 - 25  MPH","No Control Present","Clear","No","35.3863, -80.7642",-80.7642,35.3863
"2015",495,496,"Yes","16-19",18,"No","With Traffic","C: Possible Injury","Travel Lane","Other","Female","Raleigh","Wake","No","01-01-03","2011-08-03","Motorist Failed to Yield - Sign-Controlled Intersection",21,"Intersection","01-08-01","0001-01-01T16:33:58-04:56","Motorist Drive Out - Sign-Controlled Intersection",111141,2011,"C: Possible Injury","Residential","60-69",63,"No","21-25 mph","O: No Injury","Other","Male","Sport Utility","No","No","Dark - Lighted Roadway","Urban (>70% Developed)","2 lanes",2,"Straight - Level","Local Street","Dry","Two-Way, Not Divided","None","No Special Feature","Smooth Asphalt","Piedmont","Urban","30 - 35  MPH","Stop Sign","Clear","No","35.887, -78.7338",-78.7338,35.887
"2016",804,805,"Yes","50-59",59,"No","With Traffic","B: Evident Injury","Travel Lane","Black","Male","None - Rural Crash","Wilson","No","01-01-04","2012-10-11","Head-On",17,"Intersection","01-10-01","0001-01-01T12:54:58-04:56","Head-On -",NA,2012,"B: Evident Injury","Residential","40-49",44,"No","21-25 mph","O: No Injury","Black","Male","Passenger Car","No","No","Daylight","Mixed (30% To 70% Developed)","2 lanes",2,"Curve - Bottom","Local Street","Dry","Two-Way, Not Divided","None","No Special Feature","Coarse Asphalt","Coastal","Rural","30 - 35  MPH","No Control Present","Clear","No","35.71613, -77.9194",-77.9194,35.71613
"2017",807,808,"No","60-69",61,"No","With Traffic","O: No Injury","Travel Lane","White","Male","Lumberton","Robeson","No","01-01-04","2012-10-04","Motorist Overtaking Bicyclist",14,"Intersection","01-10-01","0001-01-01T09:07:58-04:56","Motorist Overtaking - Other /",NA,2012,"O: No Injury","Commercial","70",70,"No","31-35 mph","O: No Injury","Black","Female","Passenger Car","No","No","Daylight","Urban (>70% Developed)","5 lanes",2,"Straight - Level","Local Street","Dry","Two-Way, Not Divided","None","No Special Feature","Coarse Asphalt","Coastal","Urban","30 - 35  MPH","No Control Present","Clear","No","34.66386, -79.0003",-79.0003,34.66386
"2018",812,813,"Yes","30-39",37,"No","With Traffic","B: Evident Injury","Travel Lane","White","Male","Winston-Salem","Forsyth","No","01-01-03","2012-10-10","Motorist Overtaking Bicyclist",18,"Non-Intersection","01-10-01","0001-01-01T13:17:58-04:56","Motorist Overtaking - Other /",NA,2012,"B: Evident Injury","Residential","",NA,"Missing","31-35 mph","Injury","/Missing","","","No","Yes","Daylight","Urban (>70% Developed)","2 lanes",2,"Straight - Level","Local Street","Dry","Two-Way, Divided, Unprotected Median","None","No Special Feature","Coarse Asphalt","Piedmont","Urban","30 - 35  MPH","No Control Present","Clear","No","36.08565, -80.158",-80.158,36.08565
"2019",817,818,"Yes","20-24",21,"No","Facing Traffic","C: Possible Injury","Travel Lane","Black","Male","Wilmington","New Hanover","No","01-01-07","2012-10-07","Motorist Failed to Yield - Sign-Controlled Intersection",11,"Intersection","01-10-01","0001-01-01T06:55:58-04:56","Motorist Drive Out - Sign-Controlled Intersection",NA,2012,"C: Possible Injury","Commercial","30-39",31,"No","0-5 mph","O: No Injury","White","Female","Passenger Car","No","No","Daylight","Urban (>70% Developed)","2 lanes",2,"Straight - Level","Public Vehicular Area","Dry","Two-Way, Not Divided","None","No Special Feature","Coarse Asphalt","Coastal","Urban","20 - 25  MPH","Stop Sign","Clear","No","34.21972, -77.8847",-77.8847,34.21972
"2020",827,828,"Yes","50-59",59,"No","Facing Traffic","A: Disabling Injury","Travel Lane","Black","Male","None - Rural Crash","Cumberland","No","01-01-05","2012-10-26","Head-On",16,"Non-Intersection","01-10-01","0001-01-01T11:07:58-04:56","Head-On - Bicyclist",NA,2012,"A: Disabling Injury","Farms, Woods, Pastures","60-69",63,"No","36-40 mph","O: No Injury","Black","Male","Passenger Car","No","No","Daylight","Rural (<30% Developed)","4 lanes",2,"Straight - Level","State Secondary Route","Dry","Two-Way, Divided, Unprotected Median","None","No Special Feature","Coarse Asphalt","Coastal","Rural","40 - 45  MPH","No Control Present","Clear","No","35.00073, -78.9001",-78.9001,35.00073
"2021",833,834,"Yes","25-29",27,"No","Facing Traffic","Injury","Sidewalk / Crosswalk / Driveway Crossing","White","Female","Raleigh","Wake","No","","2012-10-22","Crossing Paths - Other Circumstances",17,"Intersection-Related","01-10-01","0001-01-01T12:18:58-04:56","Signalized Intersection - Other /",NA,2012,"O: No Injury","Commercial","50-59",53,"No","6-10 mph","O: No Injury","Black","Male","Passenger Car","No","No","Daylight","Urban (>70% Developed)","3 lanes",2,"Straight - Level","Local Street","Dry","Two-Way, Not Divided","None","No Special Feature","Smooth Asphalt","Piedmont","Urban","30 - 35  MPH","Stop And Go Signal","Clear","No","35.78049, -78.645",-78.645,35.78049
"2022",834,835,"Yes","15-Nov",13,"No","Not Applicable","B: Evident Injury","Driveway / Alley","Black","Male","Oxford","Granville","No","01-01-06","2012-09-01","Bicyclist Failed to Yield - Midblock",15,"Non-Intersection","01-09-01","0001-01-01T10:39:58-04:56","Bicyclist Ride Out - Commercial Driveway / Alley",NA,2012,"B: Evident Injury","Residential","20-24",22,"No","16-20 mph","O: No Injury","Black","Female","Passenger Car","No","No","Daylight","Mixed (30% To 70% Developed)","",2,"Straight - Level","Local Street","Dry","Two-Way, Not Divided","None","No Special Feature","Coarse Asphalt","Piedmont","Urban","20 - 25  MPH","No Control Present","Clear","No","36.32715, -78.5991",-78.5991,36.32715
"2023",837,838,"No","25-29",26,"No","With Traffic","O: No Injury","Travel Lane","White","Male","Greensboro","Guilford","No","01-01-04","2012-10-25","Loss of Control / Turning Error",12,"Intersection","01-10-01","0001-01-01T07:23:58-04:56","Bicyclist Turning Error - Right Turn",NA,2012,"O: No Injury","Institutional","20-24",21,"No","0-5 mph","O: No Injury","White","Female","Passenger Car","No","No","Daylight","Urban (>70% Developed)","2 lanes",2,"Straight - Level","Local Street","Dry","Two-Way, Not Divided","None","Four-Way Intersection","Smooth Asphalt","Piedmont","Urban","20 - 25  MPH","Stop And Go Signal","Clear","No","36.0664, -79.8055",-79.8055,36.0664
"2024",841,842,"No","50-59",57,"Yes","Facing Traffic","O: No Injury","Travel Lane","Black","Male","None - Rural Crash","Washington","Yes","01-01-04","2012-11-01","Bicyclist Right Turn / Merge",19,"Non-Intersection","01-11-01","0001-01-01T14:03:58-04:56","Bicyclist Right Turn - Same Direction",NA,2012,"O: No Injury","Residential","40-49",47,"No","41-45 mph","O: No Injury","White","Male","Passenger Car","No","No","Dark - Roadway Not Lighted","Mixed (30% To 70% Developed)","2 lanes",2,"Straight - Grade","State Secondary Route","Dry","Two-Way, Not Divided","None","No Special Feature","Smooth Asphalt","Coastal","Rural","50 - 55  MPH","Double Yellow Line, No Passing Zone","Clear","No","35.88796, -76.6692",-76.6692,35.88796
"2025",843,844,"Yes","30-39",39,"No","With Traffic","O: No Injury","Travel Lane","White","Male","Charlotte","Mecklenburg","No","01-01-07","2012-11-04","Motorist Failed to Yield - Sign-Controlled Intersection",0,"Intersection","01-11-01","0000-12-31T19:54:58-04:56","Motorist Drive Out - Sign-Controlled Intersection",NA,2012,"O: No Injury","Commercial","20-24",23,"No","0-5 mph","O: No Injury","White","Female","Passenger Car","No","No","Dark -  Lighting","Urban (>70% Developed)","2 lanes",2,"Straight - Level","Local Street","Dry","Two-Way, Not Divided","None","No Special Feature","Smooth Asphalt","Piedmont","Urban","20 - 25  MPH","Stop Sign","Clear","No","35.21512, -80.8155",-80.8155,35.21512
"2026",849,850,"No","40-49",43,"No","With Traffic","Injury","Travel Lane","/Missing","","Wrightsville Beach","New Hanover","No","01-01-03","2012-10-17","Motorist Left Turn / Merge",17,"Intersection","01-10-01","0001-01-01T12:37:58-04:56","Motorist Left Turn - Opposite Direction",NA,2012,"O: No Injury","Residential","50-59",59,"No","11-15 mph","O: No Injury","White","Female","Passenger Car","No","No","Dusk","Urban (>70% Developed)","5 lanes",2,"Straight - Level","Local Street","Dry","Two-Way, Not Divided","None","No Special Feature","Smooth Asphalt","Coastal","Rural","30 - 35  MPH","No Control Present","Clear","No","34.21412, -77.8061",-77.8061,34.21412
"2027",861,862,"Yes","20-24",23,"No","With Traffic","C: Possible Injury","Travel Lane","Black","Male","None - Rural Crash","Pitt","No","01-01-04","2012-11-08","Motorist Overtaking Bicyclist",19,"Non-Intersection","01-11-01","0001-01-01T14:49:58-04:56","Motorist Overtaking - Undetected Bicyclist",NA,2012,"C: Possible Injury","Farms, Woods, Pastures","40-49",43,"No","41-45 mph","O: No Injury","White","Male","Passenger Car","No","No","Dark - Roadway Not Lighted","Rural (<30% Developed)","2 lanes",2,"Straight - Level","State Secondary Route","Dry","Two-Way, Not Divided","None","No Special Feature","Coarse Asphalt","Coastal","Rural","50 - 55  MPH","No Control Present","Clear","No","35.61399, -77.3142",-77.3142,35.61399
"2028",867,868,"Yes","15-Nov",13,"No","Facing Traffic","O: No Injury","Travel Lane","White","Male","Greensboro","Guilford","No","","2012-11-12","Motorist Failed to Yield - Midblock",16,"Non-Intersection","01-11-01","0001-01-01T11:45:58-04:56","Motorist Drive Out - Other Midblock",NA,2012,"O: No Injury","Residential","40-49",48,"No","0-5 mph","O: No Injury","White","Male","Sport Utility","No","No","Daylight","Urban (>70% Developed)","2 lanes",2,"Straight - Level","Local Street","Wet","Two-Way, Divided, Positive Median Barrier","Other","Other","Smooth Asphalt","Piedmont","Urban","20 - 25  MPH","No Control Present","Cloudy","No","36.14238, -79.9254",-79.9254,36.14238
"2029",884,885,"No","30-39",36,"No","With Traffic","C: Possible Injury","Bike Lane / Paved Shoulder","White","Male","None - Rural Crash","Onslow","No","01-01-05","2012-11-16","Loss of Control / Turning Error",17,"Intersection-Related","01-11-01","0001-01-01T12:33:58-04:56","Motorist Lost Control - Other /",NA,2012,"C: Possible Injury","Farms, Woods, Pastures","30-39",33,"No","41-45 mph","O: No Injury","White","Male","Sport Utility","No","No","Dark - Roadway Not Lighted","Rural (<30% Developed)","4 lanes",2,"Straight - Level","NC Route","Dry","Two-Way, Divided, Unprotected Median","None","No Special Feature","Smooth Asphalt","Coastal","Rural","50 - 55  MPH","No Control Present","Clear","No","34.71089, -77.2978",-77.2978,34.71089
"2030",889,890,"Yes","20-24",21,"No","Not Applicable","A: Disabling Injury","Driveway / Alley","Black","Male","Wilson","Wilson","No","","2012-10-15","Bicyclist Failed to Yield - Midblock",14,"Non-Intersection","01-10-01","0001-01-01T09:50:58-04:56","Bicyclist Ride Out - Residential Driveway",NA,2012,"A: Disabling Injury","Residential","30-39",36,"No","31-35 mph","O: No Injury","Black","Male","Passenger Car","No","No","Daylight","Urban (>70% Developed)","2 lanes",2,"Straight - Level","Local Street","Dry","Two-Way, Not Divided","None","No Special Feature","Coarse Asphalt","Coastal","Urban","30 - 35  MPH","No Control Present","Cloudy","No","35.74443, -77.9127",-77.9127,35.74443
"2031",897,898,"Yes","30-39",33,"No","Facing Traffic","B: Evident Injury","Sidewalk / Crosswalk / Driveway Crossing","White","Male","Cary","Wake","No","","2012-11-05","Motorist Failed to Yield - Sign-Controlled Intersection",9,"Intersection-Related","01-11-01","0001-01-01T04:33:58-04:56","Motorist Drive Out - Sign-Controlled Intersection",NA,2012,"B: Evident Injury","Commercial","40-49",40,"No","0-5 mph","O: No Injury","Black","Male","Passenger Car","No","No","Daylight","Urban (>70% Developed)","5 lanes",2,"Curve - Hillcrest","Local Street","Dry","Two-Way, Divided, Unprotected Median","None","No Special Feature","Smooth Asphalt","Piedmont","Urban","","Stop Sign","Clear","No","35.7612, -78.744",-78.744,35.7612
"2032",904,905,"Yes","16-19",18,"No","With Traffic","C: Possible Injury","Travel Lane","White","Male","None - Rural Crash","Cleveland","No","01-01-07","2012-11-25","Motorist Overtaking Bicyclist",18,"Intersection-Related","01-11-01","0001-01-01T13:09:58-04:56","Motorist Overtaking - Undetected Bicyclist",NA,2012,"C: Possible Injury","Residential","50-59",50,"No","41-45 mph","O: No Injury","White","Female","Passenger Car","No","No","Dark - Roadway Not Lighted","Rural (<30% Developed)","2 lanes",2,"Straight - Level","State Secondary Route","Dry","Two-Way, Not Divided","None","No Special Feature","Smooth Asphalt","Mountains","Rural","40 - 45  MPH","Double Yellow Line, No Passing Zone","Clear","No","35.1817, -81.5533",-81.5533,35.1817
"2033",905,906,"Yes","16-19",18,"No","With Traffic","B: Evident Injury","Travel Lane","Black","Male","Greenville","Pitt","No","01-01-07","2012-11-25","Bicyclist Failed to Yield - Sign-Controlled Intersection",14,"Intersection","01-11-01","0001-01-01T09:56:58-04:56","Bicyclist Ride Through - Sign-Controlled Intersection",NA,2012,"B: Evident Injury","Residential","50-59",57,"No","11-15 mph","O: No Injury","Black","Female","Passenger Car","No","No","Daylight","Mixed (30% To 70% Developed)","2 lanes",2,"Straight - Level","Local Street","Dry","Two-Way, Not Divided","None","Four-Way Intersection","Coarse Asphalt","Coastal","Urban","30 - 35  MPH","Stop Sign","Clear","No","35.6131, -77.3827",-77.3827,35.6131
"2034",910,911,"Yes","50-59",52,"No","With Traffic","C: Possible Injury","Travel Lane","Black","Male","Lumberton","Robeson","No","01-01-02","2012-11-06","Motorist Overtaking Bicyclist",12,"Non-Intersection","01-11-01","0001-01-01T07:33:58-04:56","Motorist Overtaking - Bicyclist Swerved",NA,2012,"C: Possible Injury","Farms, Woods, Pastures","70",70,"No","41-45 mph","O: No Injury","Native American","Female","Passenger Car","No","No","Daylight","Rural (<30% Developed)","2 lanes",2,"Straight - Level","Local Street","Dry","Two-Way, Not Divided","None","No Special Feature","Coarse Asphalt","Coastal","Urban","50 - 55  MPH","Double Yellow Line, No Passing Zone","Clear","No","34.59319, -79.1196",-79.1196,34.59319
"2035",912,913,"Yes","20-24",21,"No","With Traffic","B: Evident Injury","Travel Lane","Black","Male","Fayetteville","Cumberland","No","01-01-03","2012-11-14","Motorist Failed to Yield - Signalized Intersection",19,"Intersection","01-11-01","0001-01-01T15:01:58-04:56","Motorist Drive Out - Right Turn on Red",NA,2012,"B: Evident Injury","Commercial","25-29",28,"No","6-10 mph","O: No Injury","White","Female","Passenger Car","No","No","Dark - Lighted Roadway","Urban (>70% Developed)","4 lanes",2,"Straight - Hillcrest","Local Street","Dry","Two-Way, Not Divided","None","Four-Way Intersection","Smooth Asphalt","Coastal","Urban","30 - 35  MPH","Stop And Go Signal","Clear","No","35.05593, -78.8931",-78.8931,35.05593
"2036",915,916,"No","",0,"Missing","Facing Traffic","Injury","Travel Lane","/Missing","","Lumberton","Robeson","No","01-01-06","2012-10-20","Bicyclist Failed to Yield - Sign-Controlled Intersection",17,"Intersection","01-10-01","0001-01-01T12:21:58-04:56","Bicyclist Ride Through - Sign-Controlled Intersection",NA,2012,"O: No Injury","Commercial","60-69",62,"No","11-15 mph","O: No Injury","White","Female","Sport Utility","No","No","Daylight","Urban (>70% Developed)","4 lanes",2,"Straight - Level","Local Street","Dry","Two-Way, Not Divided","None","No Special Feature","Concrete","Coastal","Urban","20 - 25  MPH","No Control Present","Clear","No","34.62022, -79.0086",-79.0086,34.62022
"2037",916,917,"Yes","50-59",55,"No","With Traffic","B: Evident Injury","Travel Lane","White","Male","Raleigh","Wake","No","01-01-06","2012-11-24","Motorist Overtaking Bicyclist",16,"Non-Intersection","01-11-01","0001-01-01T11:05:58-04:56","Motorist Overtaking - Other /",NA,2012,"B: Evident Injury","Residential","",NA,"Missing","31-35 mph","Injury","/Missing","","","No","Yes","Daylight","Urban (>70% Developed)","2 lanes",2,"Straight - Level","Local Street","Dry","Two-Way, Not Divided","None","No Special Feature","Smooth Asphalt","Piedmont","Urban","30 - 35  MPH","No Control Present","Clear","No","35.83241, -78.6911",-78.6911,35.83241
"2038",927,928,"Yes","30-39",39,"No","Facing Traffic","C: Possible Injury","Travel Lane","White","Male","Raleigh","Wake","No","01-01-05","2012-11-16","Motorist Failed to Yield - Sign-Controlled Intersection",13,"Intersection","01-11-01","0001-01-01T08:48:58-04:56","Motorist Drive Out - Sign-Controlled Intersection",NA,2012,"C: Possible Injury","Commercial","30-39",34,"No","0-5 mph","O: No Injury","Black","Male","Sport Utility","No","No","Daylight","Urban (>70% Developed)","2 lanes",2,"Straight - Level","","Dry","Two-Way, Divided, Unprotected Median","None","T-Intersection","Smooth Asphalt","Piedmont","Urban","40 - 45  MPH","Stop Sign","Clear","No","35.89636, -78.5675",-78.5675,35.89636
"2039",930,931,"Yes","20-24",23,"No","Not Applicable","B: Evident Injury","Sidewalk / Crosswalk / Driveway Crossing","White","Female","Greensboro","Guilford","No","01-01-06","2012-12-01","Motorist Failed to Yield - Midblock",13,"Non-Intersection","01-12-01","0001-01-01T08:05:58-04:56","Motorist Drive Out - Commercial Driveway / Alley",NA,2012,"B: Evident Injury","Commercial","40-49",48,"No","0-5 mph","O: No Injury","White","Female","Passenger Car","No","No","Daylight","Urban (>70% Developed)","",2,"Straight - Bottom","Local Street","Dry","Two-Way, Divided, Unprotected Median","None","Related To Intersection","Smooth Asphalt","Piedmont","Urban","5 - 15 MPH","Stop Sign","Clear","No","36.13034, -79.8572",-79.8572,36.13034
"2040",933,934,"No","16-19",19,"No","With Traffic","C: Possible Injury","Travel Lane","White","Male","Greensboro","Guilford","No","01-01-04","2012-11-15","Motorist Overtaking Bicyclist",11,"Non-Intersection","01-11-01","0001-01-01T06:05:58-04:56","Motorist Overtaking - Bicyclist Swerved",NA,2012,"C: Possible Injury","Institutional","20-24",24,"No","21-25 mph","O: No Injury","Other","Female","Passenger Car","No","No","Daylight","Urban (>70% Developed)","3 lanes",2,"Straight - Level","Local Street","Dry","Two-Way, Divided, Unprotected Median","None","No Special Feature","Smooth Asphalt","Piedmont","Urban","20 - 25  MPH","No Control Present","Cloudy","No","36.06639, -79.8063",-79.8063,36.06639
"2041",937,938,"No","15-Nov",12,"No","With Traffic","A: Disabling Injury","Travel Lane","White","Male","Waynesville","Haywood","No","01-01-02","2012-10-09","Bicyclist Failed to Yield - Sign-Controlled Intersection",18,"Intersection","01-10-01","0001-01-01T13:29:58-04:56","Bicyclist Ride Through - Sign-Controlled Intersection",NA,2012,"A: Disabling Injury","Residential","50-59",59,"No","16-20 mph","O: No Injury","White","Female","Passenger Car","No","No","Daylight","Urban (>70% Developed)","",2,"Straight - Grade","Local Street","Dry","Two-Way, Not Divided","None","T-Intersection","Smooth Asphalt","Mountains","Urban","20 - 25  MPH","Stop Sign","Clear","No","35.47385, -82.9859",-82.9859,35.47385
"2042",943,944,"Yes","25-29",26,"No","Facing Traffic","C: Possible Injury","Travel Lane","Black","Male","Mount Airy","Surry","No","01-01-05","2012-11-23","Crossing Paths - Other Circumstances",16,"Intersection","01-11-01","0001-01-01T11:58:58-04:56","Signalized Intersection - Other /",NA,2012,"C: Possible Injury","Commercial","20-24",20,"No","6-10 mph","O: No Injury","White","Female","Passenger Car","No","No","Dusk","Urban (>70% Developed)","4 lanes",2,"Straight - Grade","US Route","Dry","Two-Way, Not Divided","None","Four-Way Intersection","Smooth Asphalt","Mountains","Urban","30 - 35  MPH","Stop And Go Signal","Clear","No","36.50362, -80.6072",-80.6072,36.50362
"2043",944,945,"Yes","70",0,"No","With Traffic","K: Killed","Travel Lane","Native American","Male","None - Rural Crash","Robeson","No","01-01-04","2012-11-29","Motorist Overtaking Bicyclist",17,"Non-Intersection","01-11-01","0001-01-01T12:54:58-04:56","Motorist Overtaking - Bicyclist Swerved",NA,2012,"K: Killed","Residential","70",70,"No","51-55 mph","O: No Injury","White","Male","Pickup","No","No","Dark - Roadway Not Lighted","Mixed (30% To 70% Developed)","2 lanes",2,"Straight - Level","State Secondary Route","Dry","Two-Way, Not Divided","None","No Special Feature","Coarse Asphalt","Coastal","Rural","50 - 55  MPH","No Control Present","Clear","No","34.80078, -79.3386",-79.3386,34.80078
"2044",960,961,"Yes","15-Nov",12,"No","Facing Traffic","K: Killed","Travel Lane","Black","Female","Durham","Durham","No","","2012-12-10","Loss of Control / Turning Error",15,"Intersection","01-12-01","0001-01-01T10:12:58-04:56","Bicyclist Turning Error - Left Turn",NA,2012,"K: Killed","Residential","50-59",59,"No","41-45 mph","O: No Injury","White","Male","Pickup","No","No","Daylight","Urban (>70% Developed)","3 lanes",2,"Straight - Hillcrest","NC Route","Dry","Two-Way, Not Divided","None","Four-Way Intersection","Smooth Asphalt","Piedmont","Urban","40 - 45  MPH","Stop Sign","Cloudy","No","35.91434, -78.961",-78.961,35.91434
"2045",961,962,"Yes","50-59",53,"No","With Traffic","A: Disabling Injury","Travel Lane","White","Male","None - Rural Crash","Orange","No","01-01-03","2012-12-12","Motorist Overtaking Bicyclist",17,"Non-Intersection","01-12-01","0001-01-01T12:43:58-04:56","Motorist Overtaking - Other /",NA,2012,"A: Disabling Injury","Farms, Woods, Pastures","60-69",67,"No","51-55 mph","O: No Injury","White","Male","Pickup","No","No","Dark - Roadway Not Lighted","Rural (<30% Developed)","2 lanes",2,"Straight - Level","NC Route","Wet","Two-Way, Not Divided","None","No Special Feature","Smooth Asphalt","Piedmont","Rural","50 - 55  MPH","Double Yellow Line, No Passing Zone","Cloudy","No","36.19623, -79.0098",-79.0098,36.19623
"2046",966,967,"Yes","25-29",27,"No","With Traffic","C: Possible Injury","Travel Lane","White","Male","Marvin","Union","No","01-01-06","2012-12-15","Bicyclist Left Turn / Merge",14,"Intersection","01-12-01","0001-01-01T09:59:58-04:56","Bicyclist Left Turn - Same Direction",NA,2012,"C: Possible Injury","Farms, Woods, Pastures","0-19",17,"No","31-35 mph","O: No Injury","White","Male","Sport Utility","No","No","Daylight","Mixed (30% To 70% Developed)","2 lanes",3,"Straight - Bottom","State Secondary Route","Dry","Two-Way, Not Divided","None","T-Intersection","Smooth Asphalt","Piedmont","Rural","30 - 35  MPH","Double Yellow Line, No Passing Zone","Clear","No","35.00899, -80.8213",-80.8213,35.00899
"2047",978,979,"No","70",0,"No","With Traffic","C: Possible Injury","Travel Lane","White","Male","Asheville","Buncombe","No","01-01-04","2012-11-29","Motorist Left Turn / Merge",12,"Intersection","01-11-01","0001-01-01T07:57:58-04:56","Motorist Left Turn - Opposite Direction",NA,2012,"C: Possible Injury","Commercial","40-49",46,"No","16-20 mph","O: No Injury","Hispanic","Female","Passenger Car","No","No","Daylight","Urban (>70% Developed)","4 lanes",2,"Straight - Grade","Local Street","Dry","Two-Way, Not Divided","None","T-Intersection","Coarse Asphalt","Mountains","Urban","30 - 35  MPH","Stop And Go Signal","Clear","No","35.58652, -82.5518",-82.5518,35.58652
"2048",979,980,"Yes","30-39",30,"No","With Traffic","C: Possible Injury","Travel Lane","White","Male","None - Rural Crash","Wake","No","01-01-03","2012-12-19","Motorist Overtaking Bicyclist",18,"Non-Intersection","01-12-01","0001-01-01T13:10:58-04:56","Motorist Overtaking - Other /",NA,2012,"C: Possible Injury","Farms, Woods, Pastures","30-39",39,"No","41-45 mph","O: No Injury","White","Male","Pickup","No","No","Dark - Roadway Not Lighted","Rural (<30% Developed)","2 lanes",2,"Straight - Level","NC Route","Dry","Two-Way, Not Divided","None","No Special Feature","Coarse Asphalt","Piedmont","Rural","50 - 55  MPH","No Control Present","Clear","No","35.59366, -78.7176",-78.7176,35.59366
"2049",983,984,"No","40-49",49,"No","With Traffic","C: Possible Injury","Travel Lane","Black","Male","Charlotte","Mecklenburg","No","01-01-07","2012-12-16","Bicyclist Overtaking Motorist",17,"Non-Intersection","01-12-01","0001-01-01T12:30:58-04:56","Bicyclist Overtaking - Other /",NA,2012,"C: Possible Injury","Residential","50-59",57,"No","","O: No Injury","Black","Male","Passenger Car","No","No","Dark - Lighted Roadway","Urban (>70% Developed)","2 lanes",2,"Straight - Level","Local Street","Wet","Two-Way, Not Divided","None","No Special Feature","Smooth Asphalt","Piedmont","Urban","20 - 25  MPH","No Control Present","Rain","No","35.19979, -80.8049",-80.8049,35.19979
"2050",997,998,"Yes","30-39",36,"No","Facing Traffic","C: Possible Injury","Sidewalk / Crosswalk / Driveway Crossing","White","Male","Winston-Salem","Forsyth","No","","2012-12-10","Motorist Failed to Yield - Sign-Controlled Intersection",23,"Intersection","01-12-01","0001-01-01T18:08:58-04:56","Motorist Drive Out - Sign-Controlled Intersection",NA,2012,"C: Possible Injury","Residential","",NA,"No","0-5 mph","Injury","/Missing","","","No","Yes","Dark - Lighted Roadway","Urban (>70% Developed)","4 lanes",2,"Straight - Level","Local Street","Dry","Two-Way, Not Divided","None","T-Intersection","Smooth Asphalt","Piedmont","Urban","30 - 35  MPH","Stop Sign","Cloudy","No","36.10043, -80.224",-80.224,36.10043
"2051",1001,1002,"Yes","25-29",26,"Missing","With Traffic","C: Possible Injury","Bike Lane / Paved Shoulder","White","Male","Charlotte","Mecklenburg","No","01-01-02","2012-12-18","Motorist Left Turn / Merge",13,"Intersection","01-12-01","0001-01-01T08:53:58-04:56","Motorist Left Turn - Opposite Direction",NA,2012,"C: Possible Injury","Commercial","25-29",29,"No","","O: No Injury","White","Female","Passenger Car","No","No","Daylight","Urban (>70% Developed)","3 lanes",2,"Straight - Level","Local Street","Dry","Two-Way, Not Divided","None","Four-Way Intersection","Coarse Asphalt","Piedmont","Urban","30 - 35  MPH","No Control Present","Clear","No","35.21083, -80.8566",-80.8566,35.21083
"2052",1006,1007,"Yes","20-24",21,"No","Facing Traffic","C: Possible Injury","Sidewalk / Crosswalk / Driveway Crossing","Black","Male","Madison","Rockingham","No","01-01-06","2012-12-15","Motorist Failed to Yield - Signalized Intersection",13,"Intersection","01-12-01","0001-01-01T08:13:58-04:56","Motorist Drive Out - Signalized Intersection",NA,2012,"C: Possible Injury","Commercial","25-29",25,"No","26-30 mph","O: No Injury","Black","Male","Pickup","No","No","Daylight","Urban (>70% Developed)","2 lanes",2,"Straight - Grade","Local Street","Dry","Two-Way, Divided, Unprotected Median","None","Four-Way Intersection","Smooth Asphalt","Piedmont","Rural","20 - 25  MPH","Stop And Go Signal","Clear","No","36.38874, -79.9617",-79.9617,36.38874