"","FID","OBJECTID","AmbulanceR","BikeAge_Gr","Bike_Age","Bike_Alc_D","Bike_Dir","Bike_Injur","Bike_Pos","Bike_Race","Bike_Sex","City","County","CrashAlcoh","CrashDay","Crash_Date","Crash_Grp","Crash_Hour","Crash_Loc","Crash_Mont","Crash_Time","Crash_Type","Crash_Ty_1","Crash_Year","Crsh_Sevri","Developmen","DrvrAge_Gr","Drvr_Age","Drvr_Alc_D","Drvr_EstSp","Drvr_Injur","Drvr_Race","Drvr_Sex","Drvr_VehTy","ExcsSpdInd","Hit_Run","Light_Cond","Locality","Num_Lanes","Num_Units","Rd_Charact","Rd_Class","Rd_Conditi","Rd_Config","Rd_Defects","Rd_Feature","Rd_Surface","Region","Rural_Urba","Speed_Limi","Traff_Cntr","Weather","Workzone_I","Location","locx","locy"
"2092",858,859,"Yes","50-59",56,"No","With Traffic","C: Possible Injury","Travel Lane","White","Male","Wilmington","New Hanover","No","","2011-11-28","Motorist Overtaking Bicyclist",14,"Non-Intersection","01-11-01","0001-01-01T09:30:58-04:56","Motorist Overtaking - Misjudged Space",311232,2011,"C: Possible Injury","Commercial","25-29",29,"No","16-20 mph","O: No Injury","White","Female","Passenger Car","No","No","Daylight","Urban (>70% Developed)","4 lanes",2,"Straight - Level","Local Street","Dry","Two-Way, Not Divided","None","No Special Feature","Coarse Asphalt","Coastal","Urban","30 - 35  MPH","No Control Present","Cloudy","No","34.24637, -77.8807",-77.8807,34.24637
"2093",863,864,"Yes","16-19",18,"No","With Traffic","C: Possible Injury","Travel Lane","White","Male","Cornelius","Mecklenburg","No","01-01-07","2011-11-27","Crossing Paths - Other Circumstances",17,"Intersection","01-11-01","0001-01-01T12:14:58-04:56","Signalized Intersection - Other /",111158,2011,"C: Possible Injury","Commercial","0-19",18,"No","31-35 mph","O: No Injury","Black","Female","Passenger Car","No","No","Dusk","Urban (>70% Developed)","5 lanes",2,"Straight - Level","Local Street","Dry","Two-Way, Divided, Positive Median Barrier","None","No Special Feature","Smooth Asphalt","Piedmont","Urban","","Stop And Go Signal","Clear","No","35.48372, -80.8725",-80.8725,35.48372
"2094",864,865,"No","40-49",44,"No","With Traffic","B: Evident Injury","Bike Lane / Paved Shoulder","White","Male","None - Rural Crash","Caldwell","No","01-01-02","2011-12-06","Bicyclist Overtaking Motorist",7,"Non-Intersection","01-12-01","0001-01-01T02:52:58-04:56","Bicyclist Overtaking - Passing on Left",321242,2011,"B: Evident Injury","Commercial","20-24",22,"No","6-10 mph","O: No Injury","White","Male","Passenger Car","No","No","Dawn","Mixed (30% To 70% Developed)","5 lanes",2,"Straight - Level","US Route","Wet","Two-Way, Divided, Positive Median Barrier","None","Traffic Circle/Roundabout","Smooth Asphalt","Mountains","Rural","50 - 55  MPH","No Control Present","Cloudy","No","35.83487, -81.4596",-81.4596,35.83487
"2095",865,866,"Yes","40-49",43,"Yes","With Traffic","Injury","Travel Lane","Black","Male","None - Rural Crash","Hoke","Yes","01-01-06","2011-12-24","Motorist Overtaking Bicyclist",20,"Non-Intersection","01-12-01","0001-01-01T15:43:58-04:56","Motorist Overtaking - Other /",311239,2011,"Injury","Residential","",NA,"No","11-15 mph","Injury","/Missing","","Passenger Car","No","Yes","Dark - Roadway Not Lighted","Mixed (30% To 70% Developed)","2 lanes",2,"Straight - Level","State Secondary Route","Dry","Two-Way, Not Divided","None","No Special Feature","Coarse Asphalt","Coastal","Rural","50 - 55  MPH","No Control Present","Clear","No","34.9155, -79.2634",-79.2634,34.9155
"2096",866,867,"No","15-Nov",15,"No","With Traffic","O: No Injury","Travel Lane","White","Male","None - Rural Crash","Onslow","No","01-01-05","2011-12-23","Bicyclist Right Turn / Merge",11,"Non-Intersection","01-12-01","0001-01-01T06:58:58-04:56","Bicyclist Right Turn - Same Direction",311223,2011,"O: No Injury","Farms, Woods, Pastures","70+",NA,"No","31-35 mph","O: No Injury","White","Female","Passenger Car","No","No","Daylight","Rural (<30% Developed)","2 lanes",2,"Curve - Level","State Secondary Route","Dry","Two-Way, Not Divided","None","No Special Feature","Coarse Asphalt","Coastal","Rural","50 - 55  MPH","Double Yellow Line, No Passing Zone","Clear","No","34.90308, -77.5832",-77.5832,34.90308
"2097",867,868,"Yes","20-24",20,"No","Facing Traffic","B: Evident Injury","Travel Lane","White","Male","Selma","Johnston","No","01-01-02","2011-12-06","Head-On",12,"Non-Intersection","01-12-01","0001-01-01T07:21:58-04:56","Head-On - Bicyclist",312250,2011,"B: Evident Injury","Commercial","70+",NA,"No","36-40 mph","O: No Injury","White","Male","Passenger Car","No","No","Daylight","Urban (>70% Developed)","2 lanes",2,"Curve - Level","Local Street","Dry","Two-Way, Not Divided","None","No Special Feature","Coarse Asphalt","Coastal","Urban","40 - 45  MPH","No Control Present","Clear","No","35.52074, -78.2929",-78.2929,35.52074
"2098",871,872,"Yes","70+",NA,"No","Not Applicable","K: Killed","Travel Lane","Black","Male","Sanford","Lee","No","01-01-06","2011-12-10","Crossing Paths - Other Circumstances",17,"Intersection-Related","01-12-01","0001-01-01T12:49:58-04:56","Crossing Paths - Uncontrolled Intersection",213160,2011,"K: Killed","Industrial","50-59",56,"No","41-45 mph","O: No Injury","White","Female","Passenger Car","No","No","Dark - Lighted Roadway","Urban (>70% Developed)","6 lanes",2,"Straight - Level","NC Route","Dry","Two-Way, Not Divided","None","No Special Feature","Smooth Asphalt","Piedmont","Urban","50 - 55  MPH","Stop And Go Signal","Clear","No","35.44413, -79.1281",-79.1281,35.44413
"2099",878,879,"No","40-49",42,"No","With Traffic","C: Possible Injury","Travel Lane","Black","Male","None - Rural Crash","Hoke","No","","2011-12-12","Motorist Overtaking Bicyclist",6,"Non-Intersection","01-12-01","0001-01-01T01:33:58-04:56","Motorist Overtaking - Misjudged Space",311232,2011,"C: Possible Injury","Residential","",NA,"Missing","41-45 mph","Injury","/Missing","","","No","Yes","Dark - Roadway Not Lighted","Mixed (30% To 70% Developed)","2 lanes",2,"Straight - Level","NC Route","Dry","Two-Way, Not Divided","None","No Special Feature","Smooth Asphalt","Coastal","Rural","40 - 45  MPH","No Control Present","Clear","No","34.98971, -79.2572",-79.2572,34.98971
"2100",885,886,"Yes","16-19",18,"No","Not Applicable","C: Possible Injury","Travel Lane","White","Male","Fayetteville","Cumberland","No","01-01-05","2011-12-16","Bicyclist Failed to Yield - Midblock",13,"Non-Intersection","01-12-01","0001-01-01T08:49:58-04:56","Bicyclist Ride Out - Midblock -",313319,2011,"C: Possible Injury","Residential","60-69",63,"No","26-30 mph","O: No Injury","White","Female","Sport Utility","No","No","Daylight","Urban (>70% Developed)","3 lanes",2,"Straight - Level","Local Street","Dry","Two-Way, Divided, Unprotected Median","None","No Special Feature","Coarse Asphalt","Coastal","Urban","30 - 35  MPH","No Control Present","Clear","No","35.06526, -78.9139",-78.9139,35.06526
"2101",305,306,"Yes","0-5",3,"No","With Traffic","B: Evident Injury","Travel Lane","Hispanic","Male","None - Rural Crash","Rowan","No","01-01-03","2008-05-07","Backing Vehicle",16,"Non-Intersection","01-05-01","0001-01-01T11:28:58-04:56","Backing Vehicle",311600,2008,"B: Evident Injury","Residential","40-49",43,"No","0-5 mph","O: No Injury","Hispanic","Male","Passenger Car","No","No","Daylight","Urban (>70% Developed)","1 lane",2,"Straight - Level","State Secondary Route","Dry","Two-Way, Not Divided","None","Driveway, Private","Coarse Asphalt","Piedmont","Rural","30 - 35  MPH","No Control Present","Clear","No","0.0, 0.0",0,0
"2102",313,314,"Yes","50-59",51,"No","With Traffic","C: Possible Injury","Travel Lane","White","Male","Sanford","Lee","No","01-01-06","2008-05-10","Motorist Failed to Yield - Sign-Controlled Intersection",20,"Intersection","01-05-01","0001-01-01T15:50:58-04:56","Motorist Drive Out - Sign-Controlled Intersection",111141,2008,"C: Possible Injury","Commercial","60-69",64,"No","6-10 mph","O: No Injury","Black","Male","Passenger Car","No","No","Dark - Roadway Not Lighted","Urban (>70% Developed)","2 lanes",2,"Straight - Level","Local Street","Dry","Two-Way, Not Divided","None","Four-Way Intersection","Smooth Asphalt","Piedmont","Urban","30 - 35  MPH","Stop Sign","Clear","No","0.0, 0.0",0,0
"2103",323,324,"Yes","40-49",44,"Yes","Facing Traffic","C: Possible Injury","Bike Lane / Paved Shoulder","Hispanic","Male","Raleigh","Wake","Yes","01-01-06","2008-05-17","Motorist Failed to Yield - Midblock",15,"Non-Intersection","01-05-01","0001-01-01T10:41:58-04:56","Motorist Drive Out - Commercial Driveway / Alley",322322,2008,"C: Possible Injury","Commercial","40-49",45,"No","0-5 mph","O: No Injury","White","Female","Passenger Car","No","No","Daylight","Urban (>70% Developed)","4 lanes",2,"Straight - Grade","Local Street","Dry","Two-Way, Divided, Unprotected Median","None","T-Intersection","Coarse Asphalt","Piedmont","Urban","40 - 45  MPH","No Control Present","Clear","No","0.0, 0.0",0,0
"2104",331,332,"No","15-Nov",13,"No","","O: No Injury","","Black","Male","Fuquay-Varina","Wake","No","01-01-06","2008-05-03","Bicyclist Failed to Yield - Midblock",11,"Non-Intersection","01-05-01","0001-01-01T06:59:58-04:56","Bicyclist Ride Out - Midblock -",399319,2008,"O: No Injury","Commercial","30-39",39,"No","16-20 mph","O: No Injury","Hispanic","Male","Pickup","No","No","Daylight","Urban (>70% Developed)","5 lanes",2,"Straight - Grade","US Route","Dry","Two-Way, Not Divided","None","No Special Feature","Smooth Asphalt","Piedmont","Urban","30 - 35  MPH","No Control Present","Clear","No","0.0, 0.0",0,0
"2105",335,336,"Yes","15-Nov",14,"No","Facing Traffic","B: Evident Injury","Sidewalk / Crosswalk / Driveway Crossing","White","Male","Raleigh","Wake","No","01-01-05","2008-05-16","Motorist Failed to Yield - Signalized Intersection",16,"Intersection","01-05-01","0001-01-01T11:26:58-04:56","Motorist Drive Out - Right Turn on Red",132151,2008,"B: Evident Injury","Commercial","40-49",40,"No","0-5 mph","O: No Injury","White","Female","Passenger Car","No","No","Daylight","Urban (>70% Developed)","5 lanes",2,"Straight - Level","Local Street","Wet","Two-Way, Not Divided","None","Driveway, Public","Coarse Asphalt","Piedmont","Urban","20 - 25  MPH","Stop And Go Signal","Cloudy","No","0.0, 0.0",0,0
"2106",336,337,"Yes","10-Jun",7,"No","Not Applicable","C: Possible Injury","Non-Roadway","White","Male","Asheboro","Randolph","No","01-01-06","2008-05-17","Bicyclist Failed to Yield - Midblock",11,"Non-Intersection","01-05-01","0001-01-01T06:29:58-04:56","Bicyclist Ride Out - Other Midblock",363318,2008,"C: Possible Injury","Residential","30-39",36,"No","21-25 mph","O: No Injury","Black","Male","Sport Utility","No","No","Daylight","Urban (>70% Developed)","2 lanes",2,"Straight - Level","Local Street","Dry","Two-Way, Not Divided","None","Driveway, Public","Smooth Asphalt","Piedmont","Urban","30 - 35  MPH","Missing","Clear","No","0.0, 0.0",0,0
"2107",337,338,"Yes","15-Nov",13,"No","With Traffic","C: Possible Injury","Travel Lane","Hispanic","Male","Salisbury","Rowan","No","01-01-04","2008-06-19","Bicyclist Right Turn / Merge",14,"Non-Intersection","01-06-01","0001-01-01T09:43:58-04:56","Bicyclist Right Turn - Same Direction",311223,2008,"C: Possible Injury","Commercial","50-59",58,"No","46-50 mph","O: No Injury","White","Female","Passenger Car","No","No","Daylight","Urban (>70% Developed)","5 lanes",2,"Straight - Hillcrest","Local Street","Dry","Two-Way, Not Divided","None","T-Intersection","Smooth Asphalt","Piedmont","Urban","50 - 55  MPH","Stop Sign","Clear","No","0.0, 0.0",0,0
"2108",341,342,"Yes","60-69",63,"No","Facing Traffic","C: Possible Injury","Travel Lane","Asian","Male","Fayetteville","Cumberland","No","","2008-05-19","Head-On",10,"Non-Intersection","01-05-01","0001-01-01T05:58:58-04:56","Head-On - Bicyclist",312250,2008,"C: Possible Injury","Commercial","30-39",30,"No","6-10 mph","O: No Injury","White","Male","Passenger Car","No","No","Daylight","Urban (>70% Developed)","6 lanes",2,"Straight - Level","Local Street","Dry","Two-Way, Not Divided","None","No Special Feature","Coarse Asphalt","Coastal","Urban","40 - 45  MPH","No Control Present","Clear","No","0.0, 0.0",0,0
"2109",345,346,"Yes","25-29",29,"No","With Traffic","B: Evident Injury","Travel Lane","White","Female","None - Rural Crash","Buncombe","No","01-01-03","2008-05-21","Motorist Left Turn / Merge",8,"Non-Intersection","01-05-01","0001-01-01T03:06:58-04:56","Motorist Left Turn - Opposite Direction",311212,2008,"B: Evident Injury","Commercial","70+",NA,"No","31-35 mph","O: No Injury","White","Female","Passenger Car","No","No","Daylight","Mixed (30% To 70% Developed)","2 lanes",2,"Straight - Level","State Secondary Route","Dry","Two-Way, Not Divided","None","Y-Intersection","Smooth Asphalt","Mountains","Rural","30 - 35  MPH","Double Yellow Line, No Passing Zone","Clear","No","0.0, 0.0",0,0
"2110",347,348,"No","15-Nov",15,"No","Facing Traffic","C: Possible Injury","Sidewalk / Crosswalk / Driveway Crossing","Asian","Male","Raleigh","Wake","No","","2008-05-19","Motorist Failed to Yield - Sign-Controlled Intersection",14,"Intersection","01-05-01","0001-01-01T09:43:58-04:56","Motorist Drive Out - Sign-Controlled Intersection",132141,2008,"C: Possible Injury","Institutional","0-19",16,"No","0-5 mph","O: No Injury","White","Male","Sport Utility","No","No","Daylight","Urban (>70% Developed)","2 lanes",2,"Straight - Level","Public Vehicular Area","Dry","Two-Way, Not Divided","None","Driveway, Public","Coarse Asphalt","Piedmont","Urban","30 - 35  MPH","Stop Sign","Clear","No","0.0, 0.0",0,0
"2111",351,352,"Yes","15-Nov",15,"Yes","Facing Traffic","B: Evident Injury","Multi-use Path","White","Male","Kitty Hawk","Dare","Yes","01-01-03","2008-05-21","Bicyclist Failed to Yield - Signalized Intersection",12,"Intersection","01-05-01","0001-01-01T08:02:58-04:56","Bicyclist Ride Through - Signalized Intersection",142155,2008,"B: Evident Injury","Commercial","60-69",64,"No","0-5 mph","O: No Injury","White","Female","Passenger Car","No","No","Daylight","Mixed (30% To 70% Developed)","3 lanes",2,"Straight - Level","Local Street","Dry","Two-Way, Not Divided","None","Four-Way Intersection","Coarse Asphalt","Coastal","Rural","30 - 35  MPH","Stop And Go Signal","Clear","No","0.0, 0.0",0,0
"2112",367,368,"Yes","10-Jun",6,"No","Not Applicable","C: Possible Injury","Driveway / Alley","Black","Male","Rocky Mount","Nash","No","01-01-07","2008-05-25","Bicyclist Failed to Yield - Midblock",21,"Non-Intersection","01-05-01","0001-01-01T16:14:58-04:56","Bicyclist Ride Out - Residential Driveway",353311,2008,"C: Possible Injury","Residential","30-39",33,"No","26-30 mph","O: No Injury","Black","Female","Passenger Car","No","No","Daylight","Urban (>70% Developed)","2 lanes",2,"Straight - Level","Local Street","Dry","Two-Way, Not Divided","None","No Special Feature","Coarse Asphalt","Coastal","Urban","30 - 35  MPH","No Control Present","Clear","No","0.0, 0.0",0,0
"2113",372,373,"No","16-19",16,"No","With Traffic","A: Disabling Injury","Travel Lane","Black","Male","Fuquay-Varina","Wake","No","01-01-04","2008-05-29","Bicyclist Failed to Yield - Sign-Controlled Intersection",20,"Intersection","01-05-01","0001-01-01T15:31:58-04:56","Bicyclist Ride Through - Sign-Controlled Intersection",111144,2008,"A: Disabling Injury","Residential","50-59",50,"No","41-45 mph","O: No Injury","White","Male","Passenger Car","No","No","Daylight","Rural (<30% Developed)","2 lanes",2,"Straight - Level","Local Street","Dry","Two-Way, Not Divided","None","No Special Feature","Smooth Asphalt","Piedmont","Urban","40 - 45  MPH","Stop Sign","Clear","No","0.0, 0.0",0,0
"2114",381,382,"No","40-49",45,"No","With Traffic","B: Evident Injury","Travel Lane","White","Male","Smithfield","Johnston","No","01-01-06","2008-05-31","Motorist Overtaking Bicyclist",14,"Non-Intersection","01-05-01","0001-01-01T09:59:58-04:56","Motorist Overtaking - Other /",311239,2008,"B: Evident Injury","Residential","",NA,"Missing","16-20 mph","Injury","/Missing","","Pickup","No","Yes","Daylight","Rural (<30% Developed)","2 lanes",2,"Straight - Level","NC Route","Dry","Two-Way, Not Divided","None","No Special Feature","Coarse Asphalt","Coastal","Urban","40 - 45  MPH","Missing","Clear","No","0.0, 0.0",0,0
"2115",391,392,"Yes","50-59",59,"No","With Traffic","K: Killed","Travel Lane","White","Male","None - Rural Crash","Orange","No","01-01-02","2008-06-03","Loss of Control / Turning Error",8,"Non-Intersection","01-06-01","0001-01-01T03:05:58-04:56","Motorist Lost Control - Other /",311139,2008,"K: Killed","Farms, Woods, Pastures","25-29",26,"No","51-55 mph","C: Possible Injury","White","Male","Sport Utility","No","No","Daylight","Rural (<30% Developed)","2 lanes",3,"Curve - Level","State Secondary Route","Dry","Two-Way, Not Divided","None","No Special Feature","Smooth Asphalt","Piedmont","Rural","50 - 55  MPH","Double Yellow Line, No Passing Zone","Clear","No","0.0, 0.0",0,0
"2116",398,399,"No","16-19",16,"No","","B: Evident Injury","","White","Male","Belmont","Gaston","No","01-01-03","2008-06-04","Bicyclist Failed to Yield - Midblock",7,"Non-Intersection","01-06-01","0001-01-01T03:01:58-04:56","Bicyclist Ride Out - Midblock -",399319,2008,"B: Evident Injury","Residential","40-49",42,"No","21-25 mph","O: No Injury","White","Male","Pickup","No","No","Daylight","Mixed (30% To 70% Developed)","2 lanes",2,"Straight - Grade","Local Street","Dry","Two-Way, Not Divided","None","No Special Feature","Coarse Asphalt","Piedmont","Urban","20 - 25  MPH","No Control Present","Clear","No","0.0, 0.0",0,0
"2117",411,412,"Yes","10-Jun",8,"No","With Traffic","C: Possible Injury","Travel Lane","Black","Male","Mount Olive","Wayne","No","01-01-06","2008-05-31","Motorist Overtaking Bicyclist",17,"Non-Intersection","01-05-01","0001-01-01T12:03:58-04:56","Motorist Overtaking - Other /",311239,2008,"C: Possible Injury","Commercial","",NA,"Missing","","Injury","/Missing","","Sport Utility","No","Yes","Daylight","Urban (>70% Developed)","2 lanes",2,"Straight - Level","Local Street","Dry","Two-Way, Not Divided","None","No Special Feature","Coarse Asphalt","Coastal","Rural","20 - 25  MPH","No Control Present","Clear","No","0.0, 0.0",0,0
"2118",418,419,"No","20-24",20,"No","With Traffic","C: Possible Injury","Travel Lane","Black","Male","Raleigh","Wake","No","01-01-03","2008-06-04","Motorist Right Turn / Merge",16,"Intersection","01-06-01","0001-01-01T11:11:58-04:56","Motorist Right Turn - Same Direction",111213,2008,"C: Possible Injury","Commercial","",NA,"Missing","31-35 mph","Injury","/Missing","","","No","Yes","Daylight","Urban (>70% Developed)","2 lanes",2,"Straight - Level","Local Street","Dry","Two-Way, Not Divided","None","Four-Way Intersection","Smooth Asphalt","Piedmont","Urban","30 - 35  MPH","Stop And Go Signal","Clear","No","0.0, 0.0",0,0
"2119",427,428,"Yes","30-39",33,"No","With Traffic","B: Evident Injury","Travel Lane","Hispanic","Male","Durham","Durham","No","01-01-02","2008-07-15","Bicyclist Left Turn / Merge",15,"Non-Intersection","01-07-01","0001-01-01T10:21:58-04:56","Bicyclist Left Turn - Same Direction",311221,2008,"B: Evident Injury","Commercial","50-59",58,"No","31-35 mph","O: No Injury","White","Male","Pickup","No","No","Daylight","Urban (>70% Developed)","2 lanes",2,"Straight - Level","Local Street","Dry","Two-Way, Not Divided","None","No Special Feature","Coarse Asphalt","Piedmont","Urban","30 - 35  MPH","No Control Present","Clear","No","0.0, 0.0",0,0
"2120",441,442,"No","50-59",54,"No","With Traffic","C: Possible Injury","Travel Lane","Black","Male","None - Rural Crash","Guilford","No","","2008-06-30","Motorist Failed to Yield - Sign-Controlled Intersection",20,"Intersection","01-06-01","0001-01-01T15:57:58-04:56","Motorist Drive Out - Sign-Controlled Intersection",111141,2008,"C: Possible Injury","Farms, Woods, Pastures","40-49",40,"No","0-5 mph","O: No Injury","White","Male","Passenger Car","No","No","Dusk","Rural (<30% Developed)","2 lanes",2,"Straight - Grade","State Secondary Route","Dry","Two-Way, Not Divided","None","Y-Intersection","Smooth Asphalt","Piedmont","Rural","30 - 35  MPH","Stop Sign","Clear","No","0.0, 0.0",0,0
"2121",452,453,"Yes","40-49",40,"Yes","With Traffic","C: Possible Injury","Bike Lane / Paved Shoulder","Black","Male","None - Rural Crash","Wake","Yes","01-01-07","2008-06-22","Bicyclist Left Turn / Merge",10,"Non-Intersection","01-06-01","0001-01-01T05:33:58-04:56","Bicyclist Left Turn - Same Direction",321221,2008,"C: Possible Injury","Residential","70+",NA,"No","41-45 mph","O: No Injury","White","Male","Passenger Car","No","No","Daylight","Rural (<30% Developed)","2 lanes",2,"Straight - Level","State Secondary Route","Dry","Two-Way, Not Divided","None","No Special Feature","Smooth Asphalt","Piedmont","Rural","40 - 45  MPH","No Control Present","Clear","No","0.0, 0.0",0,0
"2122",456,457,"No","40-49",46,"No","With Traffic","B: Evident Injury","Travel Lane","White","Female","Asheville","Buncombe","No","01-01-02","2008-06-24","Loss of Control / Turning Error",16,"Intersection","01-06-01","0001-01-01T11:12:58-04:56","Bicyclist Turning Error - Right Turn",111115,2008,"B: Evident Injury","Commercial","40-49",47,"No","0-5 mph","O: No Injury","White","Male","Passenger Car","No","No","Daylight","Urban (>70% Developed)","2 lanes",2,"Straight - Grade","Local Street","Dry","Two-Way, Not Divided","None","T-Intersection","Coarse Asphalt","Mountains","Urban","30 - 35  MPH","Stop And Go Signal","Clear","No","0.0, 0.0",0,0
"2123",463,464,"Yes","15-Nov",12,"No","Facing Traffic","C: Possible Injury","Travel Lane","Black","Female","High Point","Guilford","No","01-01-06","2008-06-28","Motorist Left Turn / Merge",16,"Non-Intersection","01-06-01","0001-01-01T11:12:58-04:56","Motorist Left Turn - Same Direction",312211,2008,"C: Possible Injury","Residential","20-24",21,"No","11-15 mph","O: No Injury","Black","Female","Pickup","No","No","Daylight","Urban (>70% Developed)","2 lanes",2,"Straight - Level","Local Street","Dry","Two-Way, Not Divided","None","No Special Feature","Coarse Asphalt","Piedmont","Urban","30 - 35  MPH","No Control Present","Clear","No","0.0, 0.0",0,0
"2124",471,472,"Yes","40-49",42,"No","Not Applicable","Injury","Non-Roadway","Black","Male","Enfield","Halifax","No","01-01-03","2008-07-02","Non-Roadway",2,"Non-Roadway","01-07-01","0000-12-31T21:23:58-04:56","Non-Roadway",460910,2008,"O: No Injury","Residential","30-39",31,"No","11-15 mph","O: No Injury","Black","Male","Passenger Car","No","No","Dark -  Lighting","Rural (<30% Developed)","",2,"","Private Road, Driveway","Wet","","None","No Special Feature","Soil","Coastal","Rural","","Missing","Clear","No","0.0, 0.0",0,0
"2125",475,476,"No","16-19",18,"No","With Traffic","B: Evident Injury","Travel Lane","White","Male","Weaverville","Buncombe","No","01-01-06","2008-05-31","Motorist Overtaking Bicyclist",14,"Non-Intersection","01-05-01","0001-01-01T09:50:58-04:56","Motorist Overtaking - Bicyclist Swerved",311235,2008,"B: Evident Injury","Commercial","30-39",35,"No","41-45 mph","O: No Injury","White","Female","Passenger Car","No","No","Daylight","Urban (>70% Developed)","2 lanes",2,"Straight - Level","Local Street","Dry","Two-Way, Not Divided","None","No Special Feature","Smooth Asphalt","Mountains","Rural","40 - 45  MPH","No Control Present","Clear","No","0.0, 0.0",0,0
"2126",480,481,"Yes","50-59",53,"Yes","With Traffic","B: Evident Injury","Travel Lane","Black","Male","Asheboro","Randolph","Yes","01-01-04","2008-07-03","Crossing Paths - Other Circumstances",20,"Intersection","01-07-01","0001-01-01T16:00:58-04:56","Signalized Intersection - Other /",111158,2008,"B: Evident Injury","Commercial","40-49",43,"No","11-15 mph","O: No Injury","Black","Female","Sport Utility","No","No","Dark - Lighted Roadway","Urban (>70% Developed)","6 lanes",2,"Straight - Level","US Route","Dry","Two-Way, Divided, Unprotected Median","None","Four-Way Intersection","Smooth Asphalt","Piedmont","Urban","30 - 35  MPH","Stop And Go Signal","Clear","No","0.0, 0.0",0,0
"2127",482,483,"Yes","40-49",45,"No","With Traffic","C: Possible Injury","Travel Lane","White","Male","Huntersville","Mecklenburg","No","01-01-04","2008-07-03","Motorist Left Turn / Merge",15,"Intersection","01-07-01","0001-01-01T10:55:58-04:56","Motorist Left Turn - Opposite Direction",111212,2008,"C: Possible Injury","Commercial","30-39",37,"No","0-5 mph","O: No Injury","White","Female","Passenger Car","No","No","Daylight","Urban (>70% Developed)","2 lanes",2,"Straight - Grade","Local Street","Dry","Two-Way, Not Divided","None","T-Intersection","Smooth Asphalt","Piedmont","Urban","40 - 45  MPH","Stop Sign","Clear","No","0.0, 0.0",0,0
"2128",483,484,"Yes","50-59",56,"No","With Traffic","B: Evident Injury","Travel Lane","White","Male","Durham","Durham","No","01-01-05","2008-08-01","Motorist Left Turn / Merge",6,"Non-Intersection","01-08-01","0001-01-01T01:35:58-04:56","Motorist Left Turn - Opposite Direction",311212,2008,"B: Evident Injury","Commercial","25-29",26,"No","6-10 mph","O: No Injury","White","Male","Pickup","No","No","Daylight","Urban (>70% Developed)","3 lanes",2,"Straight - Level","Local Street","Dry","Two-Way, Not Divided","None","No Special Feature","Smooth Asphalt","Piedmont","Urban","30 - 35  MPH","No Control Present","Clear","No","0.0, 0.0",0,0
"2129",486,487,"Yes","16-19",17,"No","With Traffic","C: Possible Injury","Travel Lane","White","Male","None - Rural Crash","Cleveland","No","01-01-06","2008-08-02","Motorist Overtaking Bicyclist",15,"Non-Intersection","01-08-01","0001-01-01T10:22:58-04:56","Motorist Overtaking - Other /",311239,2008,"C: Possible Injury","Residential","50-59",53,"No","16-20 mph","O: No Injury","Black","Female","Passenger Car","No","No","Daylight","Mixed (30% To 70% Developed)","2 lanes",2,"Straight - Level","State Secondary Route","Dry","Two-Way, Not Divided","None","No Special Feature","Smooth Asphalt","Mountains","Rural","40 - 45  MPH","Double Yellow Line, No Passing Zone","Clear","No","0.0, 0.0",0,0
"2130",491,492,"No","40-49",49,"No","With Traffic","C: Possible Injury","Travel Lane","White","Male","None - Rural Crash","Rowan","No","","2008-07-07","Motorist Overtaking Bicyclist",9,"Non-Intersection","01-07-01","0001-01-01T05:01:58-04:56","Motorist Overtaking - Undetected Bicyclist",311231,2008,"C: Possible Injury","Residential","40-49",41,"No","51-55 mph","O: No Injury","White","Male","Pickup","No","No","Daylight","Mixed (30% To 70% Developed)","2 lanes",2,"Straight - Grade","State Secondary Route","Dry","Two-Way, Not Divided","None","No Special Feature","Smooth Asphalt","Piedmont","Rural","50 - 55  MPH","Double Yellow Line, No Passing Zone","Cloudy","No","0.0, 0.0",0,0
"2131",489,490,"Yes","50-59",53,"No","Not Applicable","C: Possible Injury","Non-Roadway","Black","Male","Goldsboro","Wayne","No","01-01-06","2008-07-05","Non-Roadway",20,"Non-Roadway","01-07-01","0001-01-01T15:33:58-04:56","Non-Roadway",460910,2008,"C: Possible Injury","Commercial","",NA,"Missing","6-10 mph","Injury","/Missing","","","No","Yes","Daylight","Urban (>70% Developed)","",2,"Straight - Level","Public Vehicular Area","Wet","One-Way, Not Divided","None","No Special Feature","Coarse Asphalt","Coastal","Urban","","Missing","Rain","No","0.0, 0.0",0,0
"2132",492,493,"Yes","25-29",25,"No","With Traffic","B: Evident Injury","Travel Lane","White","Male","Indian Trail","Union","No","","2008-07-07","Motorist Right Turn / Merge",0,"Intersection","01-07-01","0000-12-31T19:51:58-04:56","Motorist Right Turn - Same Direction",111213,2008,"B: Evident Injury","Residential","25-29",27,"No","41-45 mph","O: No Injury","White","Female","Passenger Car","No","No","Daylight","Urban (>70% Developed)","2 lanes",2,"Straight - Level","State Secondary Route","Dry","Two-Way, Not Divided","None","Four-Way Intersection","Smooth Asphalt","Piedmont","Urban","40 - 45  MPH","Double Yellow Line, No Passing Zone","Clear","No","0.0, 0.0",0,0
"2133",484,485,"Yes","50-59",55,"No","With Traffic","C: Possible Injury","Travel Lane","White","Female","Charlotte","Mecklenburg","No","01-01-03","2009-08-26","Motorist Left Turn / Merge",8,"Intersection","01-08-01","0001-01-01T03:57:58-04:56","Motorist Left Turn - Opposite Direction",111212,2009,"C: Possible Injury","Commercial","25-29",29,"No","11-15 mph","O: No Injury","White","Female","Sport Utility","No","No","Daylight","Urban (>70% Developed)","4 lanes",2,"Straight - Level","Local Street","Dry","Two-Way, Not Divided","None","Four-Way Intersection","Smooth Asphalt","Piedmont","Urban","30 - 35  MPH","Stop And Go Signal","Clear","No","35.209854, -80.859726",-80.859726,35.209854