"","FID","OBJECTID","AmbulanceR","BikeAge_Gr","Bike_Age","Bike_Alc_D","Bike_Dir","Bike_Injur","Bike_Pos","Bike_Race","Bike_Sex","City","County","CrashAlcoh","CrashDay","Crash_Date","Crash_Grp","Crash_Hour","Crash_Loc","Crash_Mont","Crash_Time","Crash_Type","Crash_Ty_1","Crash_Year","Crsh_Sevri","Developmen","DrvrAge_Gr","Drvr_Age","Drvr_Alc_D","Drvr_EstSp","Drvr_Injur","Drvr_Race","Drvr_Sex","Drvr_VehTy","ExcsSpdInd","Hit_Run","Light_Cond","Locality","Num_Lanes","Num_Units","Rd_Charact","Rd_Class","Rd_Conditi","Rd_Config","Rd_Defects","Rd_Feature","Rd_Surface","Region","Rural_Urba","Speed_Limi","Traff_Cntr","Weather","Workzone_I","Location","locx","locy"
"2255",957,958,"No","16-19",17,"No","Facing Traffic","O: No Injury","Travel Lane","Black","Male","Raleigh","Wake","No","01-01-02","2012-12-11","Bicyclist Right Turn / Merge",15,"Non-Intersection","01-12-01","0001-01-01T10:55:58-04:56","Bicyclist Right Turn - Opposite Direction",NA,2012,"O: No Injury","Commercial","30-39",35,"No","0-5 mph","O: No Injury","Other","Male","Passenger Car","No","No","Daylight","Urban (>70% Developed)","1 lane",2,"Straight - Level","Public Vehicular Area","Dry","One-Way, Not Divided","None","Driveway, Public","Smooth Asphalt","Piedmont","Urban","5 - 15 MPH","No Control Present","Clear","No","35.7801, -78.6222",-78.6222,35.7801
"2256",967,968,"Yes","60-69",64,"No","With Traffic","B: Evident Injury","Travel Lane","Black","Male","None - Rural Crash","Chowan","No","","2012-12-03","Motorist Overtaking Bicyclist",16,"Non-Intersection","01-12-01","0001-01-01T11:35:58-04:56","Motorist Overtaking - Other /",NA,2012,"B: Evident Injury","Farms, Woods, Pastures","25-29",28,"No","26-30 mph","O: No Injury","White","Male","Tractor/Semi-Trailer","No","No","Daylight","Rural (<30% Developed)","2 lanes",2,"Curve - Level","State Secondary Route","Dry","Two-Way, Not Divided","None","No Special Feature","Smooth Asphalt","Coastal","Rural","50 - 55  MPH","No Control Present","Clear","No","36.22589, -76.661",-76.661,36.22589
"2257",968,969,"Yes","20-24",20,"No","With Traffic","C: Possible Injury","Travel Lane","Black","Male","Wilson","Wilson","No","01-01-03","2012-11-07","Motorist Failed to Yield - Sign-Controlled Intersection",12,"Intersection-Related","01-11-01","0001-01-01T07:04:58-04:56","Motorist Drive Out - Sign-Controlled Intersection",NA,2012,"C: Possible Injury","Residential","40-49",40,"No","6-10 mph","O: No Injury","Black","Female","Other Bus","No","No","Daylight","Urban (>70% Developed)","2 lanes",2,"Straight - Level","Local Street","Dry","Two-Way, Not Divided","None","T-Intersection","Coarse Asphalt","Coastal","Urban","30 - 35  MPH","Yield Sign","Clear","No","35.72852, -77.9284",-77.9284,35.72852
"2258",971,972,"Yes","16-19",17,"No","With Traffic","B: Evident Injury","Travel Lane","White","Female","Wilmington","New Hanover","No","01-01-04","2012-12-06","Bicyclist Failed to Yield - Sign-Controlled Intersection",8,"Intersection","01-12-01","0001-01-01T03:31:58-04:56","Bicyclist Ride Through - Sign-Controlled Intersection",NA,2012,"B: Evident Injury","Commercial","50-59",58,"No","21-25 mph","O: No Injury","Black","Male","Passenger Car","No","No","Daylight","Urban (>70% Developed)","4 lanes",2,"Straight - Level","Local Street","Dry","Two-Way, Not Divided","None","T-Intersection","Coarse Asphalt","Coastal","Urban","30 - 35  MPH","Stop Sign","Cloudy","No","34.23755, -77.9217",-77.9217,34.23755
"2259",973,974,"Yes","20-24",24,"Yes","With Traffic","B: Evident Injury","Travel Lane","White","Male","Winston-Salem","Forsyth","Yes","01-01-07","2012-11-25","Bicyclist Overtaking Motorist",1,"Non-Intersection","01-11-01","0000-12-31T20:46:58-04:56","Bicyclist Overtaking - Parked Vehicle",NA,2012,"B: Evident Injury","Commercial","",NA,"Missing","6-10 mph","Injury","/Missing","","Passenger Car","No","No","Dark - Lighted Roadway","Urban (>70% Developed)","2 lanes",2,"Straight - Level","Local Street","Dry","Two-Way, Not Divided","None","No Special Feature","Coarse Asphalt","Piedmont","Urban","30 - 35  MPH","No Control Present","Cloudy","No","36.09802, -80.2486",-80.2486,36.09802
"2260",974,975,"Yes","16-19",18,"No","With Traffic","C: Possible Injury","Travel Lane","Black","Male","None - Rural Crash","Rutherford","No","01-01-05","2012-12-14","Motorist Overtaking Bicyclist",13,"Intersection","01-12-01","0001-01-01T08:18:58-04:56","Motorist Overtaking - Other /",NA,2012,"C: Possible Injury","Residential","",NA,"Missing","16-20 mph","Injury","/Missing","","Passenger Car","No","Yes","Daylight","Mixed (30% To 70% Developed)","2 lanes",2,"Straight - Level","State Secondary Route","Dry","Two-Way, Not Divided","None","Four-Way Intersection","Smooth Asphalt","Mountains","Rural","50 - 55  MPH","No Control Present","Clear","No","35.3514, -81.871",-81.871,35.3514
"2261",984,985,"Yes","70",0,"No","With Traffic","B: Evident Injury","Travel Lane","Hispanic","Male","None - Rural Crash","Pitt","No","01-01-02","2012-12-11","Motorist Overtaking Bicyclist",7,"Non-Intersection","01-12-01","0001-01-01T02:55:58-04:56","Motorist Overtaking - Other /",NA,2012,"B: Evident Injury","Farms, Woods, Pastures","0-19",19,"No","46-50 mph","B: Evident Injury","Hispanic","Male","Passenger Car","No","No","Daylight","Rural (<30% Developed)","2 lanes",2,"Straight - Level","State Secondary Route","Dry","Two-Way, Not Divided","None","No Special Feature","Coarse Asphalt","Coastal","Rural","50 - 55  MPH","No Control Present","Clear","No","35.61602, -77.5772",-77.5772,35.61602
"2262",988,989,"Yes","40-49",48,"Yes","With Traffic","A: Disabling Injury","Travel Lane","Black","Male","None - Rural Crash","Richmond","Yes","01-01-02","2012-12-25","Bicyclist Failed to Yield - Sign-Controlled Intersection",13,"Intersection","01-12-01","0001-01-01T08:27:58-04:56","Bicyclist Ride Through - Sign-Controlled Intersection",NA,2012,"A: Disabling Injury","Farms, Woods, Pastures","60-69",68,"No","51-55 mph","O: No Injury","White","Male","Sport Utility","No","No","Daylight","Rural (<30% Developed)","2 lanes",2,"Straight - Grade","NC Route","Dry","Two-Way, Not Divided","None","Four-Way Intersection","Smooth Asphalt","Piedmont","Rural","50 - 55  MPH","Stop Sign","Clear","No","35.10957, -79.796",-79.796,35.10957
"2263",989,990,"Yes","25-29",29,"No","Not Applicable","B: Evident Injury","Sidewalk / Crosswalk / Driveway Crossing","Black","Male","Greenville","Pitt","No","01-01-03","2012-12-19","Other /  - Insufficient Details",13,"Non-Intersection","01-12-01","0001-01-01T08:14:58-04:56","Approach Paths",NA,2012,"B: Evident Injury","Commercial","20-24",24,"No","36-40 mph","O: No Injury","Black","Male","Passenger Car","No","No","Daylight","Urban (>70% Developed)","5 lanes",2,"Straight - Level","US Route","Dry","Two-Way, Divided, Unprotected Median","None","No Special Feature","Smooth Asphalt","Coastal","Urban","40 - 45  MPH","No Control Present","Clear","No","35.57668, -77.3825",-77.3825,35.57668
"2264",994,995,"No","16-19",19,"No","Facing Traffic","C: Possible Injury","Sidewalk / Crosswalk / Driveway Crossing","White","Male","Fayetteville","Cumberland","No","01-01-03","2012-12-19","Motorist Failed to Yield - Midblock",17,"Non-Intersection","01-12-01","0001-01-01T12:37:58-04:56","Motorist Drive Out - Commercial Driveway / Alley",NA,2012,"C: Possible Injury","Residential","30-39",32,"No","0-5 mph","C: Possible Injury","White","Female","Passenger Car","No","No","Daylight","Urban (>70% Developed)","2 lanes",2,"Straight - Hillcrest","Local Street","Dry","Two-Way, Not Divided","None","T-Intersection","Coarse Asphalt","Coastal","Urban","40 - 45  MPH","Stop Sign","Cloudy","No","35.05797, -78.9958",-78.9958,35.05797
"2265",996,997,"Yes","25-29",29,"No","With Traffic","K: Killed","Travel Lane","White","Male","Wentworth","Rockingham","No","01-01-06","2012-12-15","Motorist Overtaking Bicyclist",1,"Non-Intersection","01-12-01","0000-12-31T20:49:58-04:56","Motorist Overtaking - Undetected Bicyclist",NA,2012,"K: Killed","Farms, Woods, Pastures","40-49",42,"No","41-45 mph","O: No Injury","White","Male","Sport Utility","No","No","Dark - Roadway Not Lighted","Rural (<30% Developed)","2 lanes",2,"Straight - Level","State Secondary Route","Dry","Two-Way, Not Divided","None","No Special Feature","Smooth Asphalt","Piedmont","Rural","40 - 45  MPH","Double Yellow Line, No Passing Zone","Clear","No","36.35636, -79.7601",-79.7601,36.35636
"2266",1000,1001,"No","16-19",16,"No","With Traffic","C: Possible Injury","Travel Lane","Black","Male","Wilmington","New Hanover","No","01-01-05","2012-12-14","Bicyclist Failed to Yield - Sign-Controlled Intersection",17,"Intersection","01-12-01","0001-01-01T12:37:58-04:56","Bicyclist Ride Through - Sign-Controlled Intersection",NA,2012,"C: Possible Injury","Residential","40-49",42,"No","11-15 mph","O: No Injury","Black","Female","Passenger Car","No","No","Dark - Lighted Roadway","Urban (>70% Developed)","2 lanes",2,"Straight - Level","Local Street","Dry","Two-Way, Not Divided","None","Four-Way Intersection","Coarse Asphalt","Coastal","Urban","30 - 35  MPH","Stop Sign","Clear","No","34.22628, -77.9343",-77.9343,34.22628
"2267",1003,1004,"Yes","30-39",38,"No","With Traffic","C: Possible Injury","Travel Lane","Black","Male","Rocky Mount","Nash","No","01-01-07","2012-12-16","Bicyclist Overtaking Motorist",10,"Intersection-Related","01-12-01","0001-01-01T05:18:58-04:56","Bicyclist Overtaking - Parked Vehicle",NA,2012,"C: Possible Injury","Residential","50-59",51,"No","","O: No Injury","Black","Male","Pickup","No","No","Daylight","Urban (>70% Developed)","2 lanes",2,"Straight - Level","Local Street","Dry","Two-Way, Not Divided","None","No Special Feature","Smooth Asphalt","Coastal","Urban","30 - 35  MPH","No Control Present","Cloudy","No","35.93136, -77.8165",-77.8165,35.93136
"2268",1007,1008,"No","60-69",63,"No","With Traffic","Injury","Travel Lane","/Missing","Male","Dunn","Harnett","No","01-01-05","2012-10-26","Motorist Overtaking Bicyclist",19,"Non-Intersection","01-10-01","0001-01-01T14:18:58-04:56","Motorist Overtaking - Undetected Bicyclist",NA,2012,"O: No Injury","Residential","70",70,"No","31-35 mph","O: No Injury","Black","Male","Passenger Car","No","No","Dark - Roadway Not Lighted","Mixed (30% To 70% Developed)","2 lanes",2,"Straight - Level","Local Street","Dry","Two-Way, Not Divided","None","No Special Feature","Coarse Asphalt","Coastal","Urban","30 - 35  MPH","No Control Present","Clear","No","35.30407, -78.6273",-78.6273,35.30407
"2269",1011,1012,"Yes","10-Jun",10,"No","With Traffic","A: Disabling Injury","Travel Lane","Black","Female","High Point","Guilford","No","","2012-12-31","Bicyclist Failed to Yield - Sign-Controlled Intersection",13,"Intersection-Related","01-12-01","0001-01-01T08:32:58-04:56","Bicyclist Ride Through - Sign-Controlled Intersection",NA,2012,"A: Disabling Injury","Residential","20-24",22,"No","26-30 mph","O: No Injury","Black","Male","Passenger Car","No","No","Daylight","Urban (>70% Developed)","2 lanes",2,"Straight - Grade","Local Street","Dry","Two-Way, Not Divided","None","T-Intersection","Coarse Asphalt","Piedmont","Urban","30 - 35  MPH","Stop Sign","Cloudy","No","35.94374, -79.9944",-79.9944,35.94374
"2270",1014,1015,"Yes","20-24",24,"No","With Traffic","B: Evident Injury","Travel Lane","White","Female","Carrboro","Orange","No","","2012-12-10","Parallel Paths - Other Circumstances",17,"Non-Intersection","01-12-01","0001-01-01T12:16:58-04:56","Motorist Turn / Merge - Other /",NA,2012,"B: Evident Injury","Commercial","",NA,"Missing","6-10 mph","Injury","/Missing","","","No","Yes","Dusk","Urban (>70% Developed)","4 lanes",2,"Straight - Bottom","Local Street","Dry","Two-Way, Divided, Positive Median Barrier","None","Four-Way Intersection","Smooth Asphalt","Piedmont","Urban","30 - 35  MPH","Stop And Go Signal","Clear","No","35.90505, -79.0883",-79.0883,35.90505
"2271",198,199,"Yes","40-49",46,"No","With Traffic","C: Possible Injury","Travel Lane","White","Male","Asheville","Buncombe","No","01-01-05","2010-04-23","Motorist Left Turn / Merge",16,"Non-Intersection","01-04-01","0001-01-01T12:00:58-04:56","Motorist Left Turn - Opposite Direction",0,2010,"C: Possible Injury","Commercial","60-69",63,"No","6-10 mph","O: No Injury","White","Male","Passenger Car","No","No","Daylight","Urban (>70% Developed)","5 lanes",2,"Straight - Grade","NC Route","Dry","Two-Way, Divided, Unprotected Median","None","Driveway, Public","Smooth Asphalt","Mountains","Urban","40 - 45  MPH","No Control Present","Clear","No","35.599155, -82.62198",-82.62198,35.599155
"2272",202,203,"Yes","15-Nov",14,"No","With Traffic","C: Possible Injury","Travel Lane","Black","Male","New Bern","Craven","No","","2010-04-26","Bicyclist Failed to Yield - Sign-Controlled Intersection",17,"Intersection","01-04-01","0001-01-01T12:21:58-04:56","Bicyclist Ride Through - Sign-Controlled Intersection",0,2010,"C: Possible Injury","Residential","70+",NA,"No","21-25 mph","O: No Injury","White","Female","Passenger Car","No","No","Daylight","Urban (>70% Developed)","2 lanes",2,"Straight - Level","Local Street","Dry","Two-Way, Not Divided","None","No Special Feature","Smooth Asphalt","Coastal","Urban","20 - 25  MPH","Stop Sign","Clear","No","35.106915, -77.046394",-77.046394,35.106915
"2273",203,204,"No","20-24",23,"No","","B: Evident Injury","Sidewalk / Crosswalk / Driveway Crossing","White","Male","Charlotte","Mecklenburg","No","01-01-04","2010-04-29","Motorist Failed to Yield - Signalized Intersection",9,"Intersection","01-04-01","0001-01-01T04:28:58-04:56","Motorist Drive Out - Right Turn on Red",0,2010,"B: Evident Injury","Residential","70+",NA,"No","6-10 mph","O: No Injury","White","Male","Passenger Car","No","No","Daylight","Urban (>70% Developed)","4 lanes",2,"Straight - Grade","Local Street","Dry","Two-Way, Divided, Positive Median Barrier","None","Four-Way Intersection","Smooth Asphalt","Piedmont","Urban","40 - 45  MPH","Stop And Go Signal","Clear","No","35.070465, -80.77324",-80.77324,35.070465
"2274",205,206,"No","15-Nov",12,"No","Facing Traffic","B: Evident Injury","Sidewalk / Crosswalk / Driveway Crossing","White","Male","Cary","Wake","No","01-01-04","2010-05-06","Motorist Failed to Yield - Sign-Controlled Intersection",7,"Intersection","01-05-01","0001-01-01T02:58:58-04:56","Motorist Drive Out - Sign-Controlled Intersection",0,2010,"B: Evident Injury","Commercial","50-59",53,"No","0-5 mph","O: No Injury","White","Male","Sport Utility","No","No","Daylight","Urban (>70% Developed)","2 lanes",2,"Straight - Level","Local Street","Dry","Two-Way, Not Divided","None","T-Intersection","Smooth Asphalt","Piedmont","Urban","20 - 25  MPH","Stop Sign","Clear","No","35.78208, -78.84743",-78.84743,35.78208
"2275",207,208,"Yes","50-59",54,"No","With Traffic","A: Disabling Injury","Travel Lane","Hispanic","Male","None - Rural Crash","Stanly","No","01-01-05","2010-05-07","Bicyclist Failed to Yield - Sign-Controlled Intersection",15,"Intersection","01-05-01","0001-01-01T10:15:58-04:56","Bicyclist Ride Through - Sign-Controlled Intersection",0,2010,"A: Disabling Injury","Farms, Woods, Pastures","30-39",38,"No","41-45 mph","C: Possible Injury","White","Female","Sport Utility","No","No","Daylight","Rural (<30% Developed)","2 lanes",2,"Curve - Grade","State Secondary Route","Dry","Two-Way, Not Divided","None","Four-Way Intersection","Smooth Asphalt","Piedmont","Rural","40 - 45  MPH","Stop Sign","Clear","No","35.373356, -80.117134",-80.117134,35.373356
"2276",212,213,"No","40-49",47,"No","With Traffic","O: No Injury","Travel Lane","White","Female","Raleigh","Wake","No","01-01-06","2010-04-17","Bicyclist Overtaking Motorist",8,"Intersection-Related","01-04-01","0001-01-01T03:04:58-04:56","Bicyclist Overtaking - Other /",0,2010,"O: No Injury","Commercial","50-59",58,"No","21-25 mph","O: No Injury","White","Female","Passenger Car","No","No","Daylight","Urban (>70% Developed)","5 lanes",2,"Straight - Level","Local Street","Dry","Two-Way, Not Divided","None","No Special Feature","Smooth Asphalt","Piedmont","Urban","40 - 45  MPH","No Control Present","Cloudy","No","35.890625, -78.62748",-78.62748,35.890625
"2277",219,220,"Yes","15-Nov",13,"No","Facing Traffic","B: Evident Injury","Travel Lane","Black","Male","Greensboro","Guilford","No","01-01-05","2010-04-30","Bicyclist Failed to Yield - Sign-Controlled Intersection",18,"Intersection","01-04-01","0001-01-01T13:04:58-04:56","Bicyclist Ride Out - Sign-Controlled Intersection",0,2010,"B: Evident Injury","Residential","30-39",36,"No","36-40 mph","O: No Injury","White","Female","Passenger Car","No","No","Daylight","Urban (>70% Developed)","2 lanes",2,"Straight - Hillcrest","Local Street","Dry","Two-Way, Not Divided","None","T-Intersection","Coarse Asphalt","Piedmont","Urban","30 - 35  MPH","Stop Sign","Clear","No","36.17359, -79.69898",-79.69898,36.17359
"2278",223,224,"No","30-39",35,"No","With Traffic","C: Possible Injury","Travel Lane","White","Male","None - Rural Crash","Dare","No","01-01-02","2010-05-11","Motorist Overtaking Bicyclist",14,"Intersection-Related","01-05-01","0001-01-01T09:03:58-04:56","Motorist Overtaking - Other /",0,2010,"C: Possible Injury","Commercial","70+",NA,"No","31-35 mph","O: No Injury","White","Male","Motor Home/Recreational Vehicle","No","No","Daylight","Urban (>70% Developed)","2 lanes",2,"Straight - Level","NC Route","Dry","Two-Way, Not Divided","None","No Special Feature","Smooth Asphalt","Coastal","Rural","30 - 35  MPH","No Control Present","Clear","No","35.25182, -75.60119",-75.60119,35.25182
"2279",227,228,"No","10-Jun",9,"No","With Traffic","B: Evident Injury","Travel Lane","Black","Female","Siler City","Chatham","No","01-01-02","2010-04-20","Loss of Control / Turning Error",16,"Intersection","01-04-01","0001-01-01T11:44:58-04:56","Bicyclist Lost Control - Mechanical Problems",0,2010,"B: Evident Injury","Residential","0-19",18,"No","21-25 mph","O: No Injury","White","Female","Passenger Car","No","No","Daylight","Urban (>70% Developed)","2 lanes",2,"Straight - Hillcrest","Local Street","Dry","Two-Way, Not Divided","None","Four-Way Intersection","Smooth Asphalt","Piedmont","Urban","30 - 35  MPH","Stop Sign","Cloudy","No","35.72532, -79.47225",-79.47225,35.72532
"2280",240,241,"Yes","30-39",37,"No","With Traffic","B: Evident Injury","Travel Lane","White","Male","Charlotte","Mecklenburg","No","01-01-03","2010-05-05","Motorist Left Turn / Merge",11,"Intersection","01-05-01","0001-01-01T06:22:58-04:56","Motorist Left Turn - Opposite Direction",0,2010,"B: Evident Injury","Residential","70+",NA,"No","26-30 mph","O: No Injury","White","Female","Passenger Car","No","No","Daylight","Mixed (30% To 70% Developed)","2 lanes",2,"Straight - Level","Local Street","Dry","Two-Way, Not Divided","None","T-Intersection","Smooth Asphalt","Piedmont","Urban","40 - 45  MPH","Stop Sign","Clear","No","35.079227, -81.005905",-81.005905,35.079227
"2281",248,249,"No","20-24",22,"No","Facing Traffic","B: Evident Injury","Sidewalk / Crosswalk / Driveway Crossing","White","Male","Chapel Hill","Orange","No","01-01-04","2010-05-06","Motorist Failed to Yield - Signalized Intersection",16,"Intersection","01-05-01","0001-01-01T11:26:58-04:56","Motorist Drive Out - Signalized Intersection",0,2010,"B: Evident Injury","Commercial","50-59",54,"No","6-10 mph","O: No Injury","White","Female","Passenger Car","No","No","Daylight","Urban (>70% Developed)","6 lanes",2,"Straight - Level","NC Route","Dry","Two-Way, Divided, Unprotected Median","None","Four-Way Intersection","Smooth Asphalt","Piedmont","Urban","30 - 35  MPH","Stop And Go Signal","Clear","No","35.963833, -79.05813",-79.05813,35.963833
"2282",251,252,"Yes","15-Nov",15,"No","Facing Traffic","B: Evident Injury","Travel Lane","White","Male","Greensboro","Guilford","No","01-01-05","2010-05-07","Bicyclist Failed to Yield - Signalized Intersection",8,"Intersection","01-05-01","0001-01-01T03:45:58-04:56","Bicyclist Ride Out - Signalized  Intersection",0,2010,"B: Evident Injury","Commercial","25-29",28,"No","11-15 mph","O: No Injury","White","Male","Passenger Car","No","No","Daylight","Urban (>70% Developed)","8 lanes",2,"Straight - Level","Local Street","Dry","Two-Way, Divided, Unprotected Median","None","Four-Way Intersection","Coarse Asphalt","Piedmont","Urban","30 - 35  MPH","Stop And Go Signal","Clear","No","36.039825, -79.8495",-79.8495,36.039825
"2283",260,261,"No","40-49",48,"No","With Traffic","B: Evident Injury","Travel Lane","White","Male","Charlotte","Mecklenburg","No","01-01-07","2010-05-02","Motorist Right Turn / Merge",9,"Non-Intersection","01-05-01","0001-01-01T04:55:58-04:56","Motorist Right Turn - Same Direction",0,2010,"B: Evident Injury","Residential","40-49",43,"No","6-10 mph","O: No Injury","White","Female","Sport Utility","No","No","Daylight","Urban (>70% Developed)","6 lanes",2,"Straight - Level","Local Street","Dry","Two-Way, Divided, Positive Median Barrier","None","No Special Feature","Smooth Asphalt","Piedmont","Urban","30 - 35  MPH","No Control Present","Clear","No","35.11133, -80.85756",-80.85756,35.11133
"2284",264,265,"No","10-Jun",7,"No","With Traffic","A: Disabling Injury","Travel Lane","White","Male","Wilmington","New Hanover","No","","2010-05-03","Parallel Paths - Other Circumstances",18,"Non-Intersection","01-05-01","0001-01-01T13:08:58-04:56","Parallel Paths - Other /",0,2010,"A: Disabling Injury","Residential","40-49",47,"No","0-5 mph","O: No Injury","White","Female","Sport Utility","No","No","Daylight","Urban (>70% Developed)","1 lane",2,"Straight - Level","Private Road, Driveway","Dry","One-Way, Not Divided","None","Bridge","Other","Coastal","Urban","20 - 25  MPH","No Control Present","Clear","No","34.223618, -77.81708",-77.81708,34.223618
"2285",266,267,"Yes","16-19",19,"No","With Traffic","B: Evident Injury","Travel Lane","Black","Male","Mooresville","Iredell","No","01-01-05","2010-05-07","Motorist Overtaking Bicyclist",12,"Non-Intersection","01-05-01","0001-01-01T07:21:58-04:56","Motorist Overtaking - Bicyclist Swerved",0,2010,"B: Evident Injury","Residential","30-39",34,"No","31-35 mph","O: No Injury","White","Male","Sport Utility","No","No","Daylight","Urban (>70% Developed)","3 lanes",2,"Straight - Grade","Local Street","Dry","Two-Way, Not Divided","None","No Special Feature","Coarse Asphalt","Piedmont","Urban","30 - 35  MPH","Double Yellow Line, No Passing Zone","Clear","No","35.602505, -80.794945",-80.794945,35.602505
"2286",267,268,"No","25-29",26,"No","With Traffic","C: Possible Injury","Travel Lane","White","Female","None - Rural Crash","Chatham","No","01-01-02","2010-05-18","Motorist Overtaking Bicyclist",18,"Non-Intersection","01-05-01","0001-01-01T13:48:58-04:56","Motorist Overtaking - Other /",0,2010,"C: Possible Injury","Farms, Woods, Pastures","50-59",50,"No","26-30 mph","O: No Injury","White","Female","Light Truck (Mini-Van, Panel)","No","No","Daylight","Rural (<30% Developed)","2 lanes",5,"Curve - Level","State Secondary Route","Dry","Two-Way, Not Divided","None","Related To Intersection","Smooth Asphalt","Piedmont","Rural","40 - 45  MPH","Double Yellow Line, No Passing Zone","Cloudy","No","35.79141, -78.947105",-78.947105,35.79141
"2287",271,272,"Yes","15-Nov",14,"No","","B: Evident Injury","Other","White","Male","None - Rural Crash","Surry","No","01-01-02","2010-05-25","Loss of Control / Turning Error",17,"Non-Intersection","01-05-01","0001-01-01T13:00:58-04:56","Motorist Lost Control - Other /",0,2010,"K: Killed","Residential","60-69",62,"No","41-45 mph","K: Killed","White","Male","Pickup","No","No","Daylight","Mixed (30% To 70% Developed)","2 lanes",2,"Straight - Level","US Route","Dry","Two-Way, Not Divided","None","No Special Feature","Smooth Asphalt","Mountains","Rural","40 - 45  MPH","No Control Present","Clear","No","36.30754, -80.71654",-80.71654,36.30754
"2288",274,275,"No","30-39",38,"No","Facing Traffic","C: Possible Injury","Travel Lane","White","Male","Wilmington","New Hanover","No","01-01-02","2010-05-11","Motorist Failed to Yield - Sign-Controlled Intersection",19,"Intersection","01-05-01","0001-01-01T14:35:58-04:56","Motorist Drive Out - Sign-Controlled Intersection",0,2010,"C: Possible Injury","Residential","30-39",37,"No","","O: No Injury","White","Male","Pickup","No","No","Daylight","Mixed (30% To 70% Developed)","6 lanes",2,"Straight - Level","Local Street","Dry","Two-Way, Divided, Positive Median Barrier","None","T-Intersection","Coarse Asphalt","Coastal","Urban","40 - 45  MPH","Stop Sign","Clear","No","34.191444, -77.93591",-77.93591,34.191444
"2289",275,276,"Yes","16-19",16,"No","Facing Traffic","B: Evident Injury","Sidewalk / Crosswalk / Driveway Crossing","Black","Male","Graham","Alamance","No","01-01-04","2010-05-13","Motorist Right Turn / Merge",21,"Intersection","01-05-01","0001-01-01T16:43:58-04:56","Motorist Right Turn - Opposite Direction",0,2010,"B: Evident Injury","Residential","60-69",64,"No","6-10 mph","O: No Injury","White","Male","Van","No","No","Dark - Roadway Not Lighted","Urban (>70% Developed)","2 lanes",2,"Straight - Level","Local Street","Dry","Two-Way, Not Divided","None","Four-Way Intersection","Smooth Asphalt","Piedmont","Urban","30 - 35  MPH","Stop And Go Signal","Clear","No","36.07313, -79.39853",-79.39853,36.07313
"2290",277,278,"No","50-59",52,"No","Facing Traffic","B: Evident Injury","Travel Lane","White","Male","Rocky Mount","Nash","No","01-01-04","2010-04-01","Head-On",10,"Intersection-Related","01-04-01","0001-01-01T05:24:58-04:56","Head-On - Bicyclist",0,2010,"B: Evident Injury","Commercial","",NA,"Missing","21-25 mph","Injury","/Missing","","","No","Yes","Daylight","Urban (>70% Developed)","5 lanes",2,"Straight - Level","Local Street","Dry","Two-Way, Divided, Unprotected Median","None","T-Intersection","Coarse Asphalt","Coastal","Urban","40 - 45  MPH","Stop Sign","Clear","No","35.96677, -77.8033",-77.8033,35.96677
"2291",282,283,"No","40-49",43,"No","With Traffic","C: Possible Injury","Travel Lane","White","Male","Charlotte","Mecklenburg","No","01-01-06","2010-05-15","Motorist Failed to Yield - Sign-Controlled Intersection",9,"Intersection","01-05-01","0001-01-01T04:13:58-04:56","Motorist Drive Out - Sign-Controlled Intersection",0,2010,"C: Possible Injury","Residential","",NA,"Missing","11-15 mph","Injury","/Missing","","","No","Yes","Daylight","Urban (>70% Developed)","4 lanes",2,"Straight - Grade","Local Street","Dry","Two-Way, Not Divided","None","Four-Way Intersection","Smooth Asphalt","Piedmont","Urban","30 - 35  MPH","No Control Present","Clear","No","35.217106, -80.869865",-80.869865,35.217106
"2292",283,284,"Yes","20-24",21,"No","With Traffic","A: Disabling Injury","Travel Lane","White","Male","Burlington","Alamance","No","01-01-07","2010-05-16","Bicyclist Left Turn / Merge",18,"Non-Intersection","01-05-01","0001-01-01T13:27:58-04:56","Bicyclist Left Turn - Same Direction",0,2010,"A: Disabling Injury","Residential","25-29",29,"No","16-20 mph","O: No Injury","Black","Female","Sport Utility","No","No","Daylight","Urban (>70% Developed)","2 lanes",2,"Straight - Level","Local Street","Dry","Two-Way, Not Divided","None","No Special Feature","Coarse Asphalt","Piedmont","Urban","30 - 35  MPH","No Control Present","Clear","No","36.067257, -79.464264",-79.464264,36.067257
"2293",286,287,"Yes","20-24",22,"No","With Traffic","A: Disabling Injury","Other","White","Male","None - Rural Crash","Nash","No","01-01-04","2010-05-27","Loss of Control / Turning Error",7,"Non-Intersection","01-05-01","0001-01-01T02:38:58-04:56","Motorist Lost Control - Other /",0,2010,"A: Disabling Injury","Residential","20-24",22,"No","41-45 mph","O: No Injury","White","Female","Passenger Car","No","No","Daylight","Mixed (30% To 70% Developed)","2 lanes",2,"Straight - Level","State Secondary Route","Dry","Two-Way, Not Divided","None","No Special Feature","Smooth Asphalt","Coastal","Rural","40 - 45  MPH","Double Yellow Line, No Passing Zone","Clear","No","35.995567, -77.93025",-77.93025,35.995567