"","FID","OBJECTID","AmbulanceR","BikeAge_Gr","Bike_Age","Bike_Alc_D","Bike_Dir","Bike_Injur","Bike_Pos","Bike_Race","Bike_Sex","City","County","CrashAlcoh","CrashDay","Crash_Date","Crash_Grp","Crash_Hour","Crash_Loc","Crash_Mont","Crash_Time","Crash_Type","Crash_Ty_1","Crash_Year","Crsh_Sevri","Developmen","DrvrAge_Gr","Drvr_Age","Drvr_Alc_D","Drvr_EstSp","Drvr_Injur","Drvr_Race","Drvr_Sex","Drvr_VehTy","ExcsSpdInd","Hit_Run","Light_Cond","Locality","Num_Lanes","Num_Units","Rd_Charact","Rd_Class","Rd_Conditi","Rd_Config","Rd_Defects","Rd_Feature","Rd_Surface","Region","Rural_Urba","Speed_Limi","Traff_Cntr","Weather","Workzone_I","Location","locx","locy"
"2456",650,651,"Yes","50-59",52,"No","With Traffic","A: Disabling Injury","Travel Lane","White","Male","None - Rural Crash","Hoke","No","01-01-05","2010-09-10","Motorist Overtaking Bicyclist",21,"Non-Intersection","01-09-01","0001-01-01T16:19:58-04:56","Motorist Overtaking - Other /",0,2010,"A: Disabling Injury","Farms, Woods, Pastures","",NA,"No","","Injury","/Missing","","","No","Yes","Daylight","Rural (<30% Developed)","2 lanes",2,"Straight - Level","NC Route","Dry","Two-Way, Not Divided","None","No Special Feature","Coarse Asphalt","Coastal","Rural","50 - 55  MPH","No Control Present","Clear","No","34.957775, -79.1979",-79.1979,34.957775
"2457",652,653,"No","25-29",29,"No","With Traffic","C: Possible Injury","Travel Lane","White","Male","Winston-Salem","Forsyth","No","01-01-04","2010-09-02","Motorist Right Turn / Merge",11,"Intersection","01-09-01","0001-01-01T06:42:58-04:56","Motorist Right Turn on Red - Same Direction",0,2010,"C: Possible Injury","Commercial","",NA,"Missing","6-10 mph","Injury","/Missing","","","No","Yes","Daylight","Urban (>70% Developed)","4 lanes",2,"Straight - Level","Local Street","Dry","Two-Way, Not Divided","None","Four-Way Intersection","Coarse Asphalt","Piedmont","Urban","30 - 35  MPH","Stop And Go Signal","Clear","No","36.06863, -80.226974",-80.226974,36.06863
"2458",655,656,"Yes","15-Nov",15,"No","With Traffic","B: Evident Injury","Travel Lane","White","Male","None - Rural Crash","Lincoln","No","01-01-07","2010-08-15","Bicyclist Left Turn / Merge",16,"Non-Intersection","01-08-01","0001-01-01T11:35:58-04:56","Bicyclist Left Turn - Same Direction",0,2010,"B: Evident Injury","Residential","50-59",54,"No","41-45 mph","O: No Injury","Black","Male","Passenger Car","No","No","Daylight","Mixed (30% To 70% Developed)","2 lanes",2,"Straight - Grade","State Secondary Route","Dry","Two-Way, Not Divided","None","No Special Feature","Smooth Asphalt","Piedmont","Rural","40 - 45  MPH","Double Yellow Line, No Passing Zone","Clear","No","35.517395, -81.133064",-81.133064,35.517395
"2459",658,659,"No","20-24",24,"No","With Traffic","O: No Injury","Travel Lane","White","Male","Raleigh","Wake","No","01-01-06","2010-08-07","Motorist Overtaking Bicyclist",0,"Non-Intersection","01-08-01","0000-12-31T19:24:58-04:56","Motorist Overtaking - Other /",0,2010,"O: No Injury","Commercial","40-49",49,"No","6-10 mph","O: No Injury","White","Male","","No","Yes","Dark - Lighted Roadway","Urban (>70% Developed)","2 lanes",2,"Straight - Level","Local Street","Dry","Two-Way, Not Divided","None","No Special Feature","Smooth Asphalt","Piedmont","Urban","30 - 35  MPH","Double Yellow Line, No Passing Zone","Clear","No","35.781353, -78.64751",-78.64751,35.781353
"2460",659,660,"Yes","15-Nov",11,"No","With Traffic","C: Possible Injury","Travel Lane","Hispanic","Male","Raleigh","Wake","No","01-01-07","2010-08-01","Head-On",18,"Non-Intersection","01-08-01","0001-01-01T13:25:58-04:56","Head-On -",0,2010,"C: Possible Injury","Residential","40-49",40,"No","6-10 mph","O: No Injury","Black","Female","Passenger Car","No","No","Daylight","Urban (>70% Developed)","2 lanes",2,"Straight - Hillcrest","Local Street","Dry","Two-Way, Not Divided","None","No Special Feature","Smooth Asphalt","Piedmont","Urban","20 - 25  MPH","No Control Present","Clear","No","35.75314, -78.60386",-78.60386,35.75314
"2461",660,661,"No","40-49",46,"No","With Traffic","C: Possible Injury","Travel Lane","Black","Male","Raleigh","Wake","No","01-01-03","2010-07-21","Motorist Overtaking Bicyclist",16,"Intersection","01-07-01","0001-01-01T11:38:58-04:56","Motorist Overtaking - Misjudged Space",0,2010,"C: Possible Injury","Commercial","",NA,"Missing","26-30 mph","Injury","/Missing","","","No","Yes","Daylight","Urban (>70% Developed)","1 lane",2,"Straight - Level","Local Street","Dry","One-Way, Not Divided","None","Traffic Circle/Roundabout","Smooth Asphalt","Piedmont","Urban","30 - 35  MPH","Yield Sign","Clear","No","35.78262, -78.655396",-78.655396,35.78262
"2462",662,663,"No","25-29",29,"No","With Traffic","B: Evident Injury","Sidewalk / Crosswalk / Driveway Crossing","White","Male","Raleigh","Wake","No","01-01-06","2010-08-21","Motorist Left Turn / Merge",1,"Intersection","01-08-01","0000-12-31T20:16:58-04:56","Motorist Left Turn - Opposite Direction",0,2010,"B: Evident Injury","Residential","20-24",24,"No","6-10 mph","O: No Injury","Black","Male","Passenger Car","No","No","Dark - Lighted Roadway","Urban (>70% Developed)","2 lanes",2,"Straight - Level","Local Street","Dry","Two-Way, Not Divided","None","No Special Feature","Coarse Asphalt","Piedmont","Urban","30 - 35  MPH","Stop Sign","Clear","No","35.875404, -78.72042",-78.72042,35.875404
"2463",677,678,"Yes","40-49",40,"No","With Traffic","O: No Injury","Travel Lane","/Missing","","Charlotte","Mecklenburg","No","01-01-02","2010-09-07","Motorist Left Turn / Merge",22,"Intersection","01-09-01","0001-01-01T17:57:58-04:56","Motorist Left Turn - Opposite Direction",0,2010,"O: No Injury","Commercial","25-29",27,"No","16-20 mph","O: No Injury","Black","Male","Sport Utility","No","No","Dark - Lighted Roadway","Urban (>70% Developed)","4 lanes",2,"Straight - Level","Local Street","Dry","Two-Way, Divided, Unprotected Median","None","Four-Way Intersection","Smooth Asphalt","Piedmont","Urban","30 - 35  MPH","Stop And Go Signal","Clear","No","35.18874, -80.87549",-80.87549,35.18874
"2464",678,679,"No","16-19",17,"No","With Traffic","C: Possible Injury","Travel Lane","Black","Male","Charlotte","Mecklenburg","No","01-01-06","2010-09-11","Motorist Overtaking Bicyclist",16,"Non-Intersection","01-09-01","0001-01-01T11:45:58-04:56","Motorist Overtaking - Other /",0,2010,"C: Possible Injury","Residential","",NA,"Missing","31-35 mph","Injury","/Missing","","","No","Yes","Daylight","Urban (>70% Developed)","2 lanes",3,"Straight - Level","Local Street","Dry","Two-Way, Not Divided","None","No Special Feature","Smooth Asphalt","Piedmont","Urban","30 - 35  MPH","No Control Present","Cloudy","No","35.204105, -80.89236",-80.89236,35.204105
"2465",679,680,"No","10-Jun",8,"No","","C: Possible Injury","Travel Lane","Black","Female","Charlotte","Mecklenburg","No","01-01-06","2010-09-11","Bicyclist Failed to Yield - Sign-Controlled Intersection",12,"Intersection","01-09-01","0001-01-01T07:41:58-04:56","Bicyclist Ride Through - Sign-Controlled Intersection",0,2010,"C: Possible Injury","Residential","60-69",66,"No","31-35 mph","O: No Injury","Black","Male","Passenger Car","No","No","Daylight","Urban (>70% Developed)","2 lanes",2,"Straight - Grade","Local Street","Dry","Two-Way, Not Divided","None","No Special Feature","Smooth Asphalt","Piedmont","Urban","20 - 25  MPH","Stop Sign","Cloudy","No","35.28064, -80.81792",-80.81792,35.28064
"2466",680,681,"No","15-Nov",12,"No","Facing Traffic","O: No Injury","Travel Lane","Black","Male","Charlotte","Mecklenburg","No","01-01-04","2010-09-09","Motorist Failed to Yield - Sign-Controlled Intersection",21,"Intersection","01-09-01","0001-01-01T16:37:58-04:56","Motorist Drive Out - Sign-Controlled Intersection",0,2010,"O: No Injury","Commercial","0-19",19,"No","0-5 mph","O: No Injury","White","Female","Passenger Car","No","No","Dark - Lighted Roadway","Mixed (30% To 70% Developed)","2 lanes",2,"Straight - Level","Public Vehicular Area","Dry","Two-Way, Divided, Unprotected Median","None","No Special Feature","Smooth Asphalt","Piedmont","Urban","5 - 15 MPH","Stop Sign","Clear","No","35.212917, -80.68708",-80.68708,35.212917
"2467",727,728,"Yes","40-49",49,"No","With Traffic","B: Evident Injury","Sidewalk / Crosswalk / Driveway Crossing","White","Male","None - Rural Crash","Iredell","No","01-01-06","2010-10-02","Motorist Failed to Yield - Midblock",19,"Non-Intersection","01-10-01","0001-01-01T14:44:58-04:56","Motorist Drive Out - Other Midblock",0,2010,"B: Evident Injury","Commercial","40-49",43,"No","0-5 mph","O: No Injury","White","Male","Pickup","No","No","Dusk","Urban (>70% Developed)","2 lanes",2,"Straight - Level","State Secondary Route","Dry","Two-Way, Not Divided","None","No Special Feature","Smooth Asphalt","Piedmont","Rural","40 - 45  MPH","Double Yellow Line, No Passing Zone","Clear","No","35.782528, -81.004196",-81.004196,35.782528
"2468",728,729,"No","16-19",17,"No","With Traffic","A: Disabling Injury","Travel Lane","White","Male","None - Rural Crash","New Hanover","No","01-01-02","2010-10-05","Motorist Overtaking Bicyclist",6,"Non-Intersection","01-10-01","0001-01-01T01:46:58-04:56","Motorist Overtaking - Other /",0,2010,"A: Disabling Injury","Residential","40-49",44,"No","31-35 mph","O: No Injury","White","Female","Sport Utility","No","No","Dawn","Urban (>70% Developed)","5 lanes",2,"Straight - Level","State Secondary Route","Dry","Two-Way, Not Divided","None","No Special Feature","Smooth Asphalt","Coastal","Rural","40 - 45  MPH","No Control Present","Clear","No","34.26412, -77.832886",-77.832886,34.26412
"2469",734,735,"Yes","15-Nov",13,"No","With Traffic","C: Possible Injury","Travel Lane","Black","Male","None - Rural Crash","Northampton","No","01-01-06","2010-09-18","Motorist Overtaking Bicyclist",11,"Non-Intersection","01-09-01","0001-01-01T06:34:58-04:56","Motorist Overtaking - Bicyclist Swerved",0,2010,"C: Possible Injury","Farms, Woods, Pastures","70+",NA,"No","46-50 mph","O: No Injury","White","Male","Pickup","No","No","Daylight","Rural (<30% Developed)","2 lanes",2,"Curve - Level","NC Route","Dry","Two-Way, Not Divided","None","No Special Feature","Smooth Asphalt","Coastal","Rural","50 - 55  MPH","Double Yellow Line, No Passing Zone","Clear","No","36.488716, -77.20151",-77.20151,36.488716
"2470",741,742,"Yes","15-Nov",12,"No","With Traffic","B: Evident Injury","Travel Lane","White","Male","None - Rural Crash","Cleveland","No","01-01-06","2010-10-09","Bicyclist Failed to Yield - Midblock",9,"Non-Intersection","01-10-01","0001-01-01T04:53:58-04:56","Bicyclist Ride Out - Other Midblock",0,2010,"B: Evident Injury","Residential","30-39",37,"No","36-40 mph","O: No Injury","White","Female","Passenger Car","No","No","Daylight","Urban (>70% Developed)","2 lanes",2,"Straight - Level","State Secondary Route","Dry","Two-Way, Not Divided","None","No Special Feature","Smooth Asphalt","Mountains","Rural","50 - 55  MPH","Double Yellow Line, No Passing Zone","Clear","No","35.28767, -81.64033",-81.64033,35.28767
"2471",742,743,"Yes","30-39",39,"No","Facing Traffic","B: Evident Injury","Sidewalk / Crosswalk / Driveway Crossing","White","Female","Swansboro","Onslow","Yes","01-01-06","2010-10-09","Motorist Failed to Yield - Midblock",12,"Non-Intersection","01-10-01","0001-01-01T07:33:58-04:56","Motorist Drive Out - Commercial Driveway / Alley",0,2010,"B: Evident Injury","Commercial","40-49",43,"Yes","0-5 mph","O: No Injury","White","Female","Passenger Car","No","No","Daylight","Mixed (30% To 70% Developed)","5 lanes",2,"Straight - Level","NC Route","Dry","Two-Way, Not Divided","None","Driveway, Public","Coarse Asphalt","Coastal","Rural","50 - 55  MPH","No Control Present","Clear","No","34.684746, -77.11465",-77.11465,34.684746
"2472",759,760,"Yes","25-29",26,"No","Facing Traffic","C: Possible Injury","","White","Female","Statesville","Iredell","No","01-01-04","2010-10-07","Motorist Failed to Yield - Sign-Controlled Intersection",14,"Intersection","01-10-01","0001-01-01T09:58:58-04:56","Motorist Drive Out - Sign-Controlled Intersection",0,2010,"C: Possible Injury","Residential","70+",NA,"No","6-10 mph","O: No Injury","White","Male","Passenger Car","No","No","Daylight","Urban (>70% Developed)","2 lanes",2,"Straight - Level","Local Street","Dry","Two-Way, Not Divided","None","No Special Feature","Smooth Asphalt","Piedmont","Urban","30 - 35  MPH","Stop Sign","Clear","No","35.790733, -80.88098",-80.88098,35.790733
"2473",766,767,"Yes","15-Nov",13,"No","Not Applicable","C: Possible Injury","Driveway / Alley","Hispanic","Male","Asheboro","Randolph","No","01-01-02","2010-10-05","Bicyclist Failed to Yield - Midblock",17,"Non-Intersection","01-10-01","0001-01-01T12:52:58-04:56","Bicyclist Ride Out - Residential Driveway",0,2010,"C: Possible Injury","Commercial","30-39",39,"No","31-35 mph","O: No Injury","White","Female","Passenger Car","No","No","Daylight","Urban (>70% Developed)","2 lanes",2,"Straight - Level","State Secondary Route","Dry","Two-Way, Not Divided","None","No Special Feature","Coarse Asphalt","Piedmont","Urban","30 - 35  MPH","No Control Present","Clear","No","35.77037, -79.80864",-79.80864,35.77037
"2474",770,771,"Yes","10-Jun",9,"No","","C: Possible Injury","Travel Lane","Black","Female","Charlotte","Mecklenburg","No","01-01-05","2010-10-08","Other /  - Insufficient Details",17,"Non-Intersection","01-10-01","0001-01-01T12:03:58-04:56","Approach Paths",0,2010,"C: Possible Injury","Residential","0-19",17,"No","6-10 mph","O: No Injury","Black","Female","Sport Utility","No","No","Daylight","Urban (>70% Developed)","",2,"Straight - Level","Local Street","Dry","Two-Way, Not Divided","None","No Special Feature","Smooth Asphalt","Piedmont","Urban","20 - 25  MPH","No Control Present","Clear","No","35.271988, -80.74406",-80.74406,35.271988
"2475",783,784,"Yes","50-59",53,"No","With Traffic","B: Evident Injury","Travel Lane","White","Male","None - Rural Crash","Johnston","No","01-01-04","2010-10-21","Bicyclist Left Turn / Merge",10,"Non-Intersection","01-10-01","0001-01-01T06:01:58-04:56","Bicyclist Left Turn - Same Direction",0,2010,"B: Evident Injury","Farms, Woods, Pastures","30-39",34,"No","51-55 mph","O: No Injury","White","Male","Pickup","No","No","Daylight","Rural (<30% Developed)","2 lanes",2,"Straight - Level","State Secondary Route","Dry","Two-Way, Not Divided","None","No Special Feature","Coarse Asphalt","Coastal","Rural","50 - 55  MPH","Double Yellow Line, No Passing Zone","Clear","No","35.260273, -78.407295",-78.407295,35.260273
"2476",784,785,"Yes","10-Jun",8,"No","Not Applicable","B: Evident Injury","Non-Roadway","Hispanic","Male","Burlington","Alamance","No","01-01-06","2010-10-16","Bicyclist Failed to Yield - Midblock",17,"Non-Intersection","01-10-01","0001-01-01T12:33:58-04:56","Bicyclist Ride Out - Other Midblock",0,2010,"B: Evident Injury","Residential","40-49",49,"No","21-25 mph","O: No Injury","Black","Male","Passenger Car","No","No","Daylight","Urban (>70% Developed)","2 lanes",2,"Straight - Grade","Local Street","Dry","Two-Way, Not Divided","None","No Special Feature","Coarse Asphalt","Piedmont","Urban","30 - 35  MPH","No Control Present","Clear","No","36.086166, -79.43628",-79.43628,36.086166
"2477",788,789,"Yes","25-29",25,"No","With Traffic","B: Evident Injury","Travel Lane","White","Male","None - Rural Crash","Rutherford","No","01-01-02","2010-10-19","Motorist Overtaking Bicyclist",20,"Non-Intersection","01-10-01","0001-01-01T15:18:58-04:56","Motorist Overtaking - Misjudged Space",0,2010,"B: Evident Injury","Residential","30-39",36,"No","36-40 mph","O: No Injury","Black","Female","Passenger Car","No","No","Dark - Roadway Not Lighted","Urban (>70% Developed)","2 lanes",2,"Straight - Level","State Secondary Route","Dry","Two-Way, Not Divided","None","No Special Feature","Coarse Asphalt","Mountains","Rural","40 - 45  MPH","Double Yellow Line, No Passing Zone","Clear","No","35.333424, -81.91065",-81.91065,35.333424
"2478",793,794,"Yes","30-39",38,"No","With Traffic","B: Evident Injury","Travel Lane","White","Male","Chapel Hill","Orange","No","01-01-06","2010-10-16","Motorist Left Turn / Merge",16,"Intersection","01-10-01","0001-01-01T12:01:58-04:56","Motorist Left Turn - Opposite Direction",0,2010,"B: Evident Injury","Commercial","60-69",68,"No","16-20 mph","O: No Injury","White","Female","Passenger Car","No","No","Daylight","Urban (>70% Developed)","2 lanes",2,"Straight - Level","Local Street","Dry","Two-Way, Not Divided","None","T-Intersection","Smooth Asphalt","Piedmont","Urban","20 - 25  MPH","Stop And Go Signal","Clear","No","35.911137, -79.06375",-79.06375,35.911137
"2479",816,817,"Yes","50-59",56,"No","With Traffic","K: Killed","Travel Lane","White","Male","None - Rural Crash","Nash","No","01-01-05","2010-10-29","Motorist Overtaking Bicyclist",17,"Non-Intersection","01-10-01","0001-01-01T12:18:58-04:56","Motorist Overtaking - Other /",0,2010,"K: Killed","Farms, Woods, Pastures","20-24",21,"No","51-55 mph","O: No Injury","Black","Male","Passenger Car","No","No","Daylight","Rural (<30% Developed)","2 lanes",2,"Curve - Grade","State Secondary Route","Dry","Two-Way, Not Divided","None","No Special Feature","Coarse Asphalt","Coastal","Rural","50 - 55  MPH","Double Yellow Line, No Passing Zone","Clear","No","36.162876, -77.975876",-77.975876,36.162876
"2480",817,818,"Yes","50-59",55,"No","With Traffic","C: Possible Injury","Travel Lane","White","Male","None - Rural Crash","Buncombe","No","","2010-11-01","Motorist Overtaking Bicyclist",7,"Non-Intersection","01-11-01","0001-01-01T02:28:58-04:56","Motorist Overtaking - Misjudged Space",0,2010,"C: Possible Injury","Residential","70+",NA,"No","31-35 mph","O: No Injury","White","Male","Passenger Car","No","No","Dark - Roadway Not Lighted","Mixed (30% To 70% Developed)","2 lanes",2,"Curve - Grade","State Secondary Route","Dry","Two-Way, Not Divided","None","No Special Feature","Smooth Asphalt","Mountains","Rural","30 - 35  MPH","Double Yellow Line, No Passing Zone","Clear","No","35.62075, -82.47211",-82.47211,35.62075
"2481",819,820,"Yes","16-19",18,"No","With Traffic","B: Evident Injury","Sidewalk / Crosswalk / Driveway Crossing","White","Female","Boone","Watauga","No","01-01-03","2010-10-27","Bicyclist Failed to Yield - Signalized Intersection",16,"Intersection","01-10-01","0001-01-01T11:58:58-04:56","Bicyclist Ride Out - Signalized  Intersection",0,2010,"B: Evident Injury","Commercial","50-59",58,"No","31-35 mph","O: No Injury","White","Male","Light Truck (Mini-Van, Panel)","No","No","Daylight","Urban (>70% Developed)","7 lanes",2,"Straight - Level","NC Route","Dry","Two-Way, Not Divided","None","Four-Way Intersection","Smooth Asphalt","Mountains","Urban","30 - 35  MPH","Stop And Go Signal","Clear","No","36.20544, -81.66955",-81.66955,36.20544
"2482",841,842,"Yes","",NA,"No","Not Applicable","Injury","Driveway / Alley","/Missing","","None - Rural Crash","Cleveland","No","01-01-02","2010-11-09","Non-Roadway",19,"Non-Roadway","01-11-01","0001-01-01T15:00:58-04:56","Non-Roadway",0,2010,"O: No Injury","Farms, Woods, Pastures","60-69",66,"No","0-5 mph","O: No Injury","White","Male","Passenger Car","No","No","Dark - Roadway Not Lighted","Rural (<30% Developed)","",2,"Straight - Level","Private Road, Driveway","Dry","Two-Way, Not Divided","None","Driveway, Private","Concrete","Mountains","Rural","5 - 15 MPH","No Control Present","Clear","No","35.29338, -81.48698",-81.48698,35.29338
"2483",848,849,"No","40-49",40,"No","Facing Traffic","Injury","Sidewalk / Crosswalk / Driveway Crossing","Hispanic","Male","Cary","Wake","No","01-01-04","2010-11-11","Crossing Paths - Other Circumstances",11,"Intersection","01-11-01","0001-01-01T06:55:58-04:56","Crossing Paths - Intersection - Other /",0,2010,"O: No Injury","Commercial","30-39",35,"No","11-15 mph","O: No Injury","Black","Male","Passenger Car","No","No","Daylight","Urban (>70% Developed)","2 lanes",2,"Straight - Level","Local Street","Dry","Two-Way, Not Divided","None","Related To Intersection","Smooth Asphalt","Piedmont","Urban","30 - 35  MPH","No Control Present","Clear","No","35.77352, -78.781586",-78.781586,35.77352
"2484",851,852,"Yes","50-59",59,"No","With Traffic","B: Evident Injury","Travel Lane","White","Male","None - Rural Crash","New Hanover","No","01-01-06","2010-11-13","Motorist Left Turn / Merge",13,"Non-Intersection","01-11-01","0001-01-01T08:27:58-04:56","Motorist Left Turn - Same Direction",0,2010,"B: Evident Injury","Farms, Woods, Pastures","30-39",32,"No","11-15 mph","O: No Injury","Black","Female","Passenger Car","No","No","Daylight","Mixed (30% To 70% Developed)","5 lanes",2,"Straight - Level","US Route","Dry","Two-Way, Not Divided","None","No Special Feature","Coarse Asphalt","Coastal","Rural","50 - 55  MPH","Other","Clear","No","34.254635, -77.9571",-77.9571,34.254635
"2485",859,860,"Yes","25-29",28,"Yes","With Traffic","A: Disabling Injury","Travel Lane","Black","Male","Winston-Salem","Forsyth","Yes","01-01-03","2010-11-03","Motorist Left Turn / Merge",21,"Intersection","01-11-01","0001-01-01T16:14:58-04:56","Motorist Left Turn - Opposite Direction",0,2010,"A: Disabling Injury","Residential","30-39",36,"No","","O: No Injury","White","Male","Passenger Car","No","No","Dark - Lighted Roadway","Rural (<30% Developed)","2 lanes",2,"Straight - Hillcrest","Local Street","Dry","Two-Way, Not Divided","None","Four-Way Intersection","Smooth Asphalt","Piedmont","Urban","30 - 35  MPH","Stop And Go Signal","Clear","No","36.09764, -80.267",-80.267,36.09764
"2486",866,867,"Yes","25-29",26,"No","With Traffic","C: Possible Injury","Travel Lane","White","Male","Asheville","Buncombe","No","01-01-03","2010-11-10","Motorist Failed to Yield - Sign-Controlled Intersection",17,"Intersection","01-11-01","0001-01-01T12:40:58-04:56","Motorist Drive Out - Sign-Controlled Intersection",0,2010,"C: Possible Injury","Commercial","70+",NA,"No","6-10 mph","O: No Injury","White","Female","Passenger Car","No","No","Dusk","Urban (>70% Developed)","2 lanes",2,"Straight - Hillcrest","Local Street","Dry","Two-Way, Not Divided","None","T-Intersection","Smooth Asphalt","Mountains","Urban","30 - 35  MPH","Stop Sign","Clear","No","35.583916, -82.57",-82.57,35.583916
"2487",867,868,"Yes","15-Nov",13,"No","With Traffic","C: Possible Injury","Travel Lane","White","Male","Charlotte","Mecklenburg","No","","2010-11-15","Bicyclist Failed to Yield - Signalized Intersection",16,"Intersection-Related","01-11-01","0001-01-01T11:26:58-04:56","Bicyclist Ride Through - Signalized Intersection",0,2010,"C: Possible Injury","Commercial","70+",NA,"No","26-30 mph","O: No Injury","White","Female","Sport Utility","No","No","Daylight","Urban (>70% Developed)","4 lanes",2,"Straight - Level","Local Street","Dry","Two-Way, Divided, Unprotected Median","None","No Special Feature","Smooth Asphalt","Piedmont","Urban","30 - 35  MPH","No Control Present","Cloudy","No","35.154877, -80.83087",-80.83087,35.154877
"2488",886,887,"Yes","16-19",17,"No","Facing Traffic","B: Evident Injury","Travel Lane","White","Male","Raleigh","Wake","No","01-01-07","2010-10-24","Bicyclist Failed to Yield - Midblock",1,"Non-Intersection","01-10-01","0000-12-31T20:55:58-04:56","Bicyclist Ride Out - Commercial Driveway / Alley",0,2010,"B: Evident Injury","Commercial","25-29",27,"No","16-20 mph","O: No Injury","Other","Female","Passenger Car","No","No","Dark - Lighted Roadway","Urban (>70% Developed)","2 lanes",2,"Straight - Level","Local Street","Dry","Two-Way, Not Divided","None","No Special Feature","Smooth Asphalt","Piedmont","Urban","30 - 35  MPH","No Control Present","Clear","No","35.842796, -78.67904",-78.67904,35.842796
"2489",888,889,"No","40-49",47,"No","With Traffic","B: Evident Injury","Travel Lane","White","Male","Asheville","Buncombe","No","01-01-05","2010-11-12","Motorist Failed to Yield - Sign-Controlled Intersection",17,"Intersection","01-11-01","0001-01-01T12:23:58-04:56","Motorist Drive Out - Sign-Controlled Intersection",0,2010,"B: Evident Injury","Residential","30-39",35,"No","6-10 mph","O: No Injury","Black","Female","Sport Utility","No","No","Dusk","Urban (>70% Developed)","2 lanes",2,"Curve - Grade","Local Street","Dry","Two-Way, Divided, Unprotected Median","None","Related To Intersection","Smooth Asphalt","Mountains","Urban","30 - 35  MPH","Stop Sign","Clear","No","35.576553, -82.609245",-82.609245,35.576553
"2490",889,890,"Yes","10-Jun",10,"No","With Traffic","A: Disabling Injury","Travel Lane","White","Male","None - Rural Crash","Dare","No","01-01-02","2010-11-30","Bicyclist Failed to Yield - Sign-Controlled Intersection",16,"Intersection","01-11-01","0001-01-01T11:25:58-04:56","Bicyclist Ride Through - Sign-Controlled Intersection",0,2010,"A: Disabling Injury","Residential","40-49",46,"No","16-20 mph","O: No Injury","White","Male","Van","No","No","Daylight","Mixed (30% To 70% Developed)","2 lanes",2,"Straight - Level","Public Vehicular Area","Dry","Two-Way, Not Divided","None","Four-Way Intersection","Coarse Asphalt","Coastal","Rural","20 - 25  MPH","Double Yellow Line, No Passing Zone","Cloudy","No","36.014156, -75.71266",-75.71266,36.014156
"2491",895,896,"No","50-59",51,"No","Not Applicable","B: Evident Injury","Travel Lane","Black","Male","Charlotte","Mecklenburg","No","01-01-07","2010-11-21","Non-Roadway",17,"Non-Roadway","01-11-01","0001-01-01T12:22:58-04:56","Non-Roadway",0,2010,"B: Evident Injury","Commercial","30-39",36,"No","0-5 mph","O: No Injury","Black","Male","Passenger Car","No","No","Dark - Lighted Roadway","Urban (>70% Developed)","2 lanes",2,"Straight - Level","Public Vehicular Area","Dry","Two-Way, Divided, Unprotected Median","None","No Special Feature","Smooth Asphalt","Piedmont","Urban","5 - 15 MPH","No Control Present","Clear","No","35.263878, -80.85464",-80.85464,35.263878
"2492",935,936,"Yes","20-24",21,"No","Facing Traffic","B: Evident Injury","Travel Lane","Black","Male","Rocky Mount","Nash","No","01-01-02","2010-11-16","Motorist Failed to Yield - Sign-Controlled Intersection",15,"Intersection","01-11-01","0001-01-01T10:57:58-04:56","Motorist Drive Out - Sign-Controlled Intersection",0,2010,"B: Evident Injury","Residential","30-39",38,"No","","O: No Injury","White","Female","Sport Utility","No","No","Daylight","Urban (>70% Developed)","2 lanes",2,"Straight - Level","Local Street","Wet","Two-Way, Not Divided","None","Four-Way Intersection","Smooth Asphalt","Coastal","Urban","30 - 35  MPH","Stop Sign","Rain","No","35.930595, -77.820076",-77.820076,35.930595
"2493",941,942,"No","10-Jun",9,"No","With Traffic","C: Possible Injury","Travel Lane","Black","Male","Durham","Durham","No","01-01-06","2010-12-25","Motorist Overtaking Bicyclist",17,"Intersection-Related","01-12-01","0001-01-01T12:56:58-04:56","Motorist Overtaking - Other /",0,2010,"C: Possible Injury","Residential","20-24",22,"No","16-20 mph","O: No Injury","Black","Female","Passenger Car","No","No","Dark - Lighted Roadway","Urban (>70% Developed)","2 lanes",2,"Straight - Level","Local Street","Wet","Two-Way, Not Divided","None","No Special Feature","Smooth Asphalt","Piedmont","Urban","30 - 35  MPH","No Control Present","Rain","No","36.001183, -78.88575",-78.88575,36.001183
"2494",964,965,"No","40-49",44,"No","Not Applicable","C: Possible Injury","Travel Lane","Black","Male","Greenville","Pitt","No","01-01-02","2010-11-23","Bicyclist Failed to Yield - Signalized Intersection",14,"Intersection-Related","01-11-01","0001-01-01T10:02:58-04:56","Bicyclist Ride Through - Signalized Intersection",0,2010,"C: Possible Injury","Commercial","30-39",36,"No","31-35 mph","O: No Injury","Black","Male","Passenger Car","No","No","Daylight","Urban (>70% Developed)","2 lanes",2,"Straight - Level","NC Route","Dry","Two-Way, Divided, Unprotected Median","None","No Special Feature","Smooth Asphalt","Coastal","Urban","50 - 55  MPH","Stop And Go Signal","Clear","No","35.616764, -77.3913",-77.3913,35.616764
"2495",6,7,"No","40-49",46,"No","Facing Traffic","O: No Injury","Travel Lane","White","Male","Durham","Durham","No","01-01-03","2011-01-12","Motorist Overtaking Bicyclist",14,"Intersection","","0001-01-01T09:32:58-04:56","Motorist Overtaking - Misjudged Space",112232,2011,"O: No Injury","Commercial","",NA,"Missing","31-35 mph","Injury","/Missing","","Van","No","Yes","Daylight","Urban (>70% Developed)","2 lanes",2,"Straight - Level","Local Street","Dry","Two-Way, Not Divided","None","T-Intersection","Coarse Asphalt","Piedmont","Urban","30 - 35  MPH","Stop And Go Signal","Clear","No","36.02161, -78.9361",-78.9361,36.02161