"","FID","OBJECTID","AmbulanceR","BikeAge_Gr","Bike_Age","Bike_Alc_D","Bike_Dir","Bike_Injur","Bike_Pos","Bike_Race","Bike_Sex","City","County","CrashAlcoh","CrashDay","Crash_Date","Crash_Grp","Crash_Hour","Crash_Loc","Crash_Mont","Crash_Time","Crash_Type","Crash_Ty_1","Crash_Year","Crsh_Sevri","Developmen","DrvrAge_Gr","Drvr_Age","Drvr_Alc_D","Drvr_EstSp","Drvr_Injur","Drvr_Race","Drvr_Sex","Drvr_VehTy","ExcsSpdInd","Hit_Run","Light_Cond","Locality","Num_Lanes","Num_Units","Rd_Charact","Rd_Class","Rd_Conditi","Rd_Config","Rd_Defects","Rd_Feature","Rd_Surface","Region","Rural_Urba","Speed_Limi","Traff_Cntr","Weather","Workzone_I","Location","locx","locy"
"2496",666,667,"No","20-24",20,"No","","B: Evident Injury","Multi-use Path","White","Male","Raleigh","Wake","No","01-01-04","2010-09-09","Other /  - Insufficient Details",17,"Intersection-Related","01-09-01","0001-01-01T13:00:58-04:56","Approach Paths",0,2010,"B: Evident Injury","Institutional","20-24",21,"No","6-10 mph","B: Evident Injury","Hispanic","Female","Passenger Car","No","No","Daylight","Urban (>70% Developed)","4 lanes",2,"Straight - Grade","Local Street","Dry","Two-Way, Not Divided","None","Four-Way Intersection","Smooth Asphalt","Piedmont","Urban","20 - 25  MPH","Stop Sign","Clear","No","35.786587, -78.68092",-78.68092,35.786587
"2497",219,220,"Yes","60-69",64,"No","Facing Traffic","B: Evident Injury","Travel Lane","White","Male","None - Rural Crash","New Hanover","No","01-01-02","2011-05-03","Motorist Failed to Yield - Sign-Controlled Intersection",16,"Intersection","01-05-01","0001-01-01T11:38:58-04:56","Motorist Drive Out - Sign-Controlled Intersection",112141,2011,"B: Evident Injury","Commercial","60-69",61,"No","6-10 mph","O: No Injury","White","Male","Sport Utility","No","No","Daylight","Urban (>70% Developed)","9 or more lanes",2,"Straight - Level","NC Route","Dry","Two-Way, Divided, Positive Median Barrier","None","T-Intersection","Smooth Asphalt","Coastal","Rural","40 - 45  MPH","Stop Sign","Clear","No","34.23159, -77.876",-77.876,34.23159
"2498",234,235,"Yes","10-Jun",7,"No","Not Applicable","C: Possible Injury","Travel Lane","White","Male","Wilmington","New Hanover","No","01-01-03","2011-04-20","Other /  - Insufficient Details",23,"Non-Intersection","01-04-01","0001-01-01T18:22:58-04:56","Approach Paths",313970,2011,"C: Possible Injury","Residential","50-59",58,"No","","O: No Injury","White","Female","Passenger Car","No","No","Daylight","Urban (>70% Developed)","2 lanes",2,"Straight - Level","Local Street","Dry","Two-Way, Not Divided","None","No Special Feature","Coarse Asphalt","Coastal","Urban","","No Control Present","Clear","No","34.20501, -77.8959",-77.8959,34.20501
"2499",237,238,"Yes","16-19",17,"No","Not Applicable","B: Evident Injury","Bike Lane / Paved Shoulder","White","Male","Brevard","Transylvania","No","01-01-06","2011-05-21","Bicyclist Failed to Yield - Signalized Intersection",14,"Intersection","01-05-01","0001-01-01T09:52:58-04:56","Bicyclist Ride Through - Signalized Intersection",123155,2011,"B: Evident Injury","Commercial","30-39",33,"No","31-35 mph","O: No Injury","Black","Male","Passenger Car","No","No","Daylight","Urban (>70% Developed)","5 lanes",2,"Straight - Grade","Local Street","Dry","Two-Way, Not Divided","None","Four-Way Intersection","Smooth Asphalt","Mountains","Urban","40 - 45  MPH","Stop And Go Signal","Clear","No","35.24952, -82.7218",-82.7218,35.24952
"2500",241,242,"Yes","50-59",51,"No","With Traffic","B: Evident Injury","Travel Lane","White","Female","Asheville","Buncombe","No","01-01-04","2011-05-12","Motorist Overtaking Bicyclist",20,"Non-Intersection","01-05-01","0001-01-01T15:17:58-04:56","Motorist Overtaking - Misjudged Space",311232,2011,"B: Evident Injury","Residential","",NA,"Missing","21-25 mph","Injury","/Missing","","Passenger Car","No","Yes","Daylight","Urban (>70% Developed)","2 lanes",2,"Straight - Hillcrest","Local Street","Dry","Two-Way, Divided, Unprotected Median","None","No Special Feature","Smooth Asphalt","Mountains","Urban","30 - 35  MPH","No Control Present","Clear","No","35.5974, -82.5602",-82.5602,35.5974
"2501",887,888,"Yes","50-59",54,"No","With Traffic","C: Possible Injury","Travel Lane","White","Male","Greensboro","Guilford","No","01-01-05","2011-12-30","Motorist Left Turn / Merge",15,"Intersection-Related","01-12-01","0001-01-01T10:23:58-04:56","Motorist Left Turn - Opposite Direction",211212,2011,"C: Possible Injury","Commercial","40-49",48,"No","6-10 mph","O: No Injury","Black","Female","Passenger Car","No","No","Daylight","Urban (>70% Developed)","7 lanes",2,"Straight - Grade","Local Street","Dry","Two-Way, Divided, Unprotected Median","None","No Special Feature","Smooth Asphalt","Piedmont","Urban","30 - 35  MPH","No Control Present","Cloudy","No","36.04383, -79.801",-79.801,36.04383
"2502",890,891,"Yes","16-19",19,"No","Facing Traffic","B: Evident Injury","Travel Lane","Black","Male","Winterville","Pitt","No","01-01-06","2011-12-24","Motorist Failed to Yield - Sign-Controlled Intersection",20,"Intersection","01-12-01","0001-01-01T15:18:58-04:56","Motorist Drive Out - Sign-Controlled Intersection",112141,2011,"B: Evident Injury","Residential","30-39",36,"No","0-5 mph","O: No Injury","Black","Female","Passenger Car","No","No","Dark - Roadway Not Lighted","Urban (>70% Developed)","2 lanes",2,"Straight - Level","Local Street","Dry","Two-Way, Not Divided","None","No Special Feature","Smooth Asphalt","Coastal","Urban","20 - 25  MPH","Stop Sign","Clear","No","35.5308, -77.3988",-77.3988,35.5308
"2503",901,902,"Yes","",13,"No","Facing Traffic","B: Evident Injury","Travel Lane","White","Female","Stanley","Gaston","No","01-01-05","2011-07-08","Motorist Failed to Yield - Sign-Controlled Intersection",14,"Intersection","01-07-01","0001-01-01T10:01:58-04:56","Motorist Drive Out - Sign-Controlled Intersection",112141,2011,"B: Evident Injury","Commercial","30-39",35,"No","","O: No Injury","White","Female","Passenger Car","No","No","Daylight","Mixed (30% To 70% Developed)","2 lanes",2,"Straight - Level","NC Route","Dry","Two-Way, Not Divided","None","T-Intersection","Smooth Asphalt","Piedmont","Rural","30 - 35  MPH","Stop Sign","Clear","No","35.35843, -81.0953",-81.0953,35.35843
"2504",7,8,"Yes","30-39",39,"No","With Traffic","B: Evident Injury","Other","Hispanic","Male","Durham","Durham","No","01-01-02","2012-01-10","Motorist Left Turn / Merge",10,"Intersection","","0001-01-01T05:45:58-04:56","Motorist Left Turn - Opposite Direction",NA,2012,"B: Evident Injury","Residential","25-29",25,"No","16-20 mph","O: No Injury","Black","Male","Passenger Car","No","No","Daylight","Urban (>70% Developed)","2 lanes",2,"Straight - Level","Local Street","Dry","Two-Way, Not Divided","None","No Special Feature","Smooth Asphalt","Piedmont","Urban","30 - 35  MPH","No Control Present","Clear","No","36.01239, -78.8867",-78.8867,36.01239
"2505",10,11,"No","15-Nov",15,"No","With Traffic","B: Evident Injury","Travel Lane","Black","Male","Charlotte","Mecklenburg","No","01-01-04","2012-01-12","Bicyclist Left Turn / Merge",17,"Non-Intersection","","0001-01-01T12:16:58-04:56","Bicyclist Left Turn - Same Direction",NA,2012,"B: Evident Injury","Residential","50-59",56,"No","41-45 mph","O: No Injury","White","Male","Passenger Car","No","No","Daylight","Mixed (30% To 70% Developed)","2 lanes",2,"Straight - Grade","NC Route","Dry","Two-Way, Not Divided","None","No Special Feature","Smooth Asphalt","Piedmont","Urban","50 - 55  MPH","No Control Present","Cloudy","No","35.08166, -80.9907",-80.9907,35.08166
"2506",17,18,"Yes","40-49",49,"Yes","With Traffic","C: Possible Injury","Travel Lane","White","Male","Greensboro","Guilford","Yes","01-01-05","2012-01-06","Motorist Left Turn / Merge",19,"Intersection","","0001-01-01T14:33:58-04:56","Motorist Left Turn - Opposite Direction",NA,2012,"C: Possible Injury","Commercial","30-39",37,"No","11-15 mph","O: No Injury","White","Male","Pickup","No","No","Dark - Lighted Roadway","Urban (>70% Developed)","6 lanes",2,"Straight - Level","Local Street","Dry","Two-Way, Divided, Positive Median Barrier","None","No Special Feature","Smooth Asphalt","Piedmont","Urban","30 - 35  MPH","Stop And Go Signal","Clear","No","36.11272, -79.7537",-79.7537,36.11272
"2507",22,23,"Yes","40-49",46,"No","With Traffic","B: Evident Injury","Bike Lane / Paved Shoulder","White","Male","Huntersville","Mecklenburg","No","01-01-04","2012-01-05","Motorist Failed to Yield - Sign-Controlled Intersection",17,"Intersection","","0001-01-01T12:06:58-04:56","Motorist Drive Out - Sign-Controlled Intersection",NA,2012,"B: Evident Injury","Commercial","60-69",63,"No","0-5 mph","O: No Injury","White","Male","Passenger Car","No","No","Daylight","Urban (>70% Developed)","3 lanes",2,"Straight - Grade","Local Street","Dry","Two-Way, Not Divided","None","T-Intersection","Smooth Asphalt","Piedmont","Urban","30 - 35  MPH","Stop Sign","Clear","No","35.4023, -80.8619",-80.8619,35.4023
"2508",23,24,"Yes","40-49",47,"Yes","Facing Traffic","O: No Injury","Travel Lane","Black","Male","None - Rural Crash","Scotland","Yes","01-01-06","2012-01-28","Motorist Failed to Yield - Sign-Controlled Intersection",18,"Intersection","","0001-01-01T13:03:58-04:56","Motorist Drive Out - Sign-Controlled Intersection",NA,2012,"B: Evident Injury","Residential","20-24",23,"No","11-15 mph","B: Evident Injury","Native American","Female","Passenger Car","No","No","Dark - Roadway Not Lighted","Rural (<30% Developed)","2 lanes",2,"Straight - Level","State Secondary Route","Dry","Two-Way, Not Divided","None","T-Intersection","Smooth Asphalt","Coastal","Rural","50 - 55  MPH","Stop Sign","Clear","No","34.73037, -79.4532",-79.4532,34.73037
"2509",27,28,"Yes","60-69",60,"No","With Traffic","B: Evident Injury","Travel Lane","White","Male","None - Rural Crash","Wake","No","01-01-03","2012-02-01","Motorist Right Turn / Merge",15,"Intersection","01-02-01","0001-01-01T10:10:58-04:56","Motorist Right Turn - Same Direction",NA,2012,"B: Evident Injury","Farms, Woods, Pastures","",NA,"No","6-10 mph","Injury","/Missing","","Pickup","No","Yes","Daylight","Rural (<30% Developed)","4 lanes",2,"Straight - Grade","State Secondary Route","Dry","Two-Way, Not Divided","None","T-Intersection","Coarse Asphalt","Piedmont","Rural","40 - 45  MPH","Stop Sign","Clear","No","35.69888, -78.7363",-78.7363,35.69888
"2510",31,32,"Yes","50-59",52,"No","With Traffic","C: Possible Injury","Travel Lane","Black","Male","Kannapolis","Cabarrus","No","01-01-04","2012-01-19","Motorist Failed to Yield - Sign-Controlled Intersection",15,"Intersection","","0001-01-01T10:32:58-04:56","Motorist Drive Out - Sign-Controlled Intersection",NA,2012,"C: Possible Injury","Commercial","60-69",69,"No","16-20 mph","O: No Injury","White","Male","Pickup","No","No","Daylight","Urban (>70% Developed)","2 lanes",2,"Straight - Level","Local Street","Dry","Two-Way, Not Divided","None","T-Intersection","Smooth Asphalt","Piedmont","Urban","30 - 35  MPH","Stop Sign","Cloudy","No","35.48339, -80.6151",-80.6151,35.48339
"2511",34,35,"No","25-29",26,"No","With Traffic","C: Possible Injury","Travel Lane","Asian","Female","Asheville","Buncombe","Yes","01-01-07","2012-01-15","Motorist Failed to Yield - Signalized Intersection",0,"Intersection","","0000-12-31T20:01:58-04:56","Motorist Drive Through - Signalized Intersection",NA,2012,"C: Possible Injury","Commercial","20-24",24,"Yes","21-25 mph","O: No Injury","White","Male","Sport Utility","No","Yes","Dark - Lighted Roadway","Urban (>70% Developed)","3 lanes",2,"Straight - Level","US Route","Wet","Two-Way, Not Divided","None","On or Off Ramp","Smooth Asphalt","Mountains","Urban","20 - 25  MPH","Stop And Go Signal","Snow, Sleet, Hail, Freezing Rain/Drizzle","No","35.57803, -82.5832",-82.5832,35.57803
"2512",36,37,"Yes","16-19",19,"No","","C: Possible Injury","","White","Male","Wilmington","New Hanover","No","01-01-04","2012-01-12","Bicyclist Failed to Yield - Midblock",17,"Non-Intersection","","0001-01-01T12:37:58-04:56","Bicyclist Ride Out - Midblock -",NA,2012,"C: Possible Injury","Commercial","60-69",68,"No","11-15 mph","O: No Injury","White","Female","Passenger Car","No","No","Dark - Lighted Roadway","Urban (>70% Developed)","7 lanes",2,"Straight - Level","Local Street","Dry","Two-Way, Divided, Unprotected Median","None","No Special Feature","Smooth Asphalt","Coastal","Urban","40 - 45  MPH","No Control Present","Clear","No","34.23597, -77.8734",-77.8734,34.23597
"2513",42,43,"Yes","15-Nov",15,"No","With Traffic","C: Possible Injury","Travel Lane","Black","Male","High Point","Guilford","No","01-01-07","2012-01-29","Motorist Overtaking Bicyclist",13,"Non-Intersection","","0001-01-01T08:11:58-04:56","Motorist Overtaking - Other /",NA,2012,"C: Possible Injury","Residential","40-49",48,"No","31-35 mph","O: No Injury","White","Male","Motorcycle","No","No","Daylight","Urban (>70% Developed)","2 lanes",2,"Straight - Grade","Local Street","Dry","Two-Way, Not Divided","None","No Special Feature","Smooth Asphalt","Piedmont","Urban","30 - 35  MPH","No Control Present","Clear","No","35.93886, -80.0059",-80.0059,35.93886
"2514",43,44,"Yes","40-49",42,"No","Facing Traffic","C: Possible Injury","Sidewalk / Crosswalk / Driveway Crossing","Black","Male","Charlotte","Mecklenburg","No","01-01-03","2012-02-15","Backing Vehicle",12,"Non-Intersection","01-02-01","0001-01-01T07:22:58-04:56","Backing Vehicle",NA,2012,"C: Possible Injury","Commercial","60-69",65,"No","0-5 mph","O: No Injury","White","Male","Pickup","No","No","Daylight","Urban (>70% Developed)","4 lanes",2,"Straight - Grade","Local Street","Dry","Two-Way, Not Divided","None","No Special Feature","Concrete","Piedmont","Urban","30 - 35  MPH","No Control Present","Clear","No","35.22061, -80.8146",-80.8146,35.22061
"2515",46,47,"No","20-24",24,"No","With Traffic","Injury","Travel Lane","White","Female","None - Rural Crash","Guilford","No","01-01-03","2012-02-01","Motorist Right Turn / Merge",12,"Intersection","01-02-01","0001-01-01T07:07:58-04:56","Motorist Right Turn - Same Direction",NA,2012,"O: No Injury","Institutional","25-29",25,"No","","O: No Injury","White","Male","Passenger Car","No","No","Daylight","Urban (>70% Developed)","2 lanes",2,"Straight - Level","Local Street","Dry","Two-Way, Divided, Unprotected Median","None","Shared-Use Paths Or Trails","Coarse Asphalt","Piedmont","Rural","20 - 25  MPH","Stop Sign","Clear","No","36.06578, -79.8113",-79.8113,36.06578
"2516",50,51,"Yes","16-19",17,"No","With Traffic","C: Possible Injury","Travel Lane","White","Male","None - Rural Crash","Gaston","No","01-01-04","2012-02-23","Motorist Overtaking Bicyclist",17,"Non-Intersection","01-02-01","0001-01-01T12:46:58-04:56","Motorist Overtaking - Other /",NA,2012,"C: Possible Injury","Residential","20-24",21,"No","41-45 mph","O: No Injury","White","Female","Passenger Car","No","Yes","Dusk","Rural (<30% Developed)","2 lanes",2,"Straight - Level","State Secondary Route","Dry","Two-Way, Not Divided","None","No Special Feature","Smooth Asphalt","Piedmont","Rural","40 - 45  MPH","Double Yellow Line, No Passing Zone","Clear","No","35.37117, -81.0221",-81.0221,35.37117
"2517",62,63,"No","20-24",24,"No","With Traffic","C: Possible Injury","Travel Lane","White","Male","None - Rural Crash","Buncombe","No","01-01-04","2012-03-01","Bicyclist Left Turn / Merge",17,"Intersection","01-03-01","0001-01-01T12:52:58-04:56","Bicyclist Left Turn - Same Direction",NA,2012,"C: Possible Injury","Residential","30-39",36,"No","16-20 mph","O: No Injury","White","Male","Passenger Car","No","No","Daylight","Urban (>70% Developed)","2 lanes",2,"Straight - Level","State Secondary Route","Dry","Two-Way, Not Divided","None","T-Intersection","Coarse Asphalt","Mountains","Rural","30 - 35  MPH","Double Yellow Line, No Passing Zone","Clear","No","35.47524, -82.558",-82.558,35.47524
"2518",63,64,"Yes","30-39",30,"No","With Traffic","C: Possible Injury","Travel Lane","White","Male","Wilmington","New Hanover","No","01-01-03","2012-02-22","Motorist Right Turn / Merge",15,"Intersection","01-02-01","0001-01-01T10:33:58-04:56","Motorist Right Turn - Same Direction",NA,2012,"C: Possible Injury","Commercial","40-49",44,"No","31-35 mph","O: No Injury","Black","Male","Passenger Car","No","No","Daylight","Rural (<30% Developed)","2 lanes",2,"Straight - Level","Local Street","Dry","Two-Way, Not Divided","None","Four-Way Intersection","Coarse Asphalt","Coastal","Urban","30 - 35  MPH","No Control Present","Clear","No","34.23748, -77.9368",-77.9368,34.23748
"2519",64,65,"Yes","20-24",20,"No","With Traffic","C: Possible Injury","Travel Lane","White","Male","Mount Olive","Wayne","No","01-01-02","2012-02-14","Motorist Left Turn / Merge",18,"Non-Intersection","01-02-01","0001-01-01T13:33:58-04:56","Motorist Left Turn - Opposite Direction",NA,2012,"C: Possible Injury","Commercial","70",70,"No","0-5 mph","O: No Injury","White","Male","Van","No","No","Dark - Lighted Roadway","Urban (>70% Developed)","2 lanes",2,"Straight - Level","Local Street","Dry","Two-Way, Not Divided","None","Driveway, Public","Smooth Asphalt","Coastal","Rural","20 - 25  MPH","No Control Present","Clear","No","35.2117, -78.0661",-78.0661,35.2117
"2520",68,69,"No","30-39",34,"Yes","With Traffic","C: Possible Injury","Travel Lane","White","Female","Asheville","Buncombe","Yes","01-01-03","2012-02-22","Motorist Failed to Yield - Sign-Controlled Intersection",22,"Intersection","01-02-01","0001-01-01T17:21:58-04:56","Motorist Drive Out - Sign-Controlled Intersection",NA,2012,"C: Possible Injury","Residential","20-24",24,"No","6-10 mph","O: No Injury","White","Male","Police","No","No","Dark - Lighted Roadway","Urban (>70% Developed)","2 lanes",2,"Straight - Level","Local Street","Wet","Two-Way, Not Divided","None","No Special Feature","Smooth Asphalt","Mountains","Urban","30 - 35  MPH","No Control Present","Cloudy","No","35.59887, -82.5615",-82.5615,35.59887
"2521",69,70,"No","16-19",16,"No","With Traffic","B: Evident Injury","Travel Lane","White","Male","Asheville","Buncombe","No","01-01-04","2012-02-23","Motorist Failed to Yield - Sign-Controlled Intersection",14,"Intersection","01-02-01","0001-01-01T09:47:58-04:56","Motorist Drive Out - Sign-Controlled Intersection",NA,2012,"B: Evident Injury","Commercial","20-24",23,"No","","O: No Injury","White","Male","Pickup","No","No","Daylight","Urban (>70% Developed)","2 lanes",2,"Straight - Level","Local Street","Dry","Two-Way, Not Divided","None","T-Intersection","Smooth Asphalt","Mountains","Urban","30 - 35  MPH","Stop Sign","Cloudy","No","35.58443, -82.5663",-82.5663,35.58443
"2522",74,75,"Yes","15-Nov",13,"No","With Traffic","B: Evident Injury","Travel Lane","White","Male","Morganton","Burke","No","01-01-04","2012-02-02","Bicyclist Failed to Yield - Signalized Intersection",17,"Intersection","01-02-01","0001-01-01T12:52:58-04:56","Bicyclist Ride Through - Signalized Intersection",NA,2012,"B: Evident Injury","Commercial","40-49",44,"No","16-20 mph","O: No Injury","White","Male","Passenger Car","No","No","Daylight","Urban (>70% Developed)","3 lanes",2,"Straight - Grade","Local Street","Dry","One-Way, Not Divided","None","Related To Intersection","Smooth Asphalt","Mountains","Urban","20 - 25  MPH","Flashing Stop And Go Signal","Clear","No","35.74482, -81.687",-81.687,35.74482
"2523",75,76,"Yes","40-49",40,"No","Facing Traffic","B: Evident Injury","Sidewalk / Crosswalk / Driveway Crossing","White","Male","Greensboro","Guilford","No","01-01-04","2012-02-02","Motorist Failed to Yield - Midblock",22,"Non-Intersection","01-02-01","0001-01-01T17:19:58-04:56","Motorist Drive Out - Commercial Driveway / Alley",NA,2012,"B: Evident Injury","Commercial","20-24",21,"No","0-5 mph","O: No Injury","Black","Female","Passenger Car","No","No","Daylight","Urban (>70% Developed)","",2,"Straight - Level","Public Vehicular Area","Dry","","None","Driveway, Public","Smooth Asphalt","Piedmont","Urban","","No Control Present","Clear","No","36.09579, -79.8172",-79.8172,36.09579
"2524",78,79,"Yes","50-59",52,"No","With Traffic","B: Evident Injury","Travel Lane","White","Male","Raleigh","Wake","No","01-01-04","2012-03-08","Crossing Paths - Other Circumstances",14,"Intersection","01-03-01","0001-01-01T09:43:58-04:56","Signalized Intersection - Other /",NA,2012,"B: Evident Injury","Commercial","",NA,"Missing","46-50 mph","Injury","/Missing","","","No","Yes","Daylight","Urban (>70% Developed)","6 lanes",2,"Straight - Level","Local Street","Dry","Two-Way, Not Divided","None","Four-Way Intersection","Smooth Asphalt","Piedmont","Urban","40 - 45  MPH","Stop And Go Signal","Clear","No","35.86105, -78.6007",-78.6007,35.86105
"2525",79,80,"No","20-24",20,"Missing","Facing Traffic","B: Evident Injury","Travel Lane","Asian","Male","Charlotte","Mecklenburg","No","01-01-07","2012-03-11","Motorist Failed to Yield - Sign-Controlled Intersection",15,"Intersection","01-03-01","0001-01-01T10:40:58-04:56","Motorist Drive Out - Sign-Controlled Intersection",NA,2012,"B: Evident Injury","Residential","20-24",23,"No","6-10 mph","O: No Injury","Asian","Female","Passenger Car","No","No","Daylight","Urban (>70% Developed)","9 or more lanes",2,"Straight - Level","Local Street","Dry","Two-Way, Divided, Unprotected Median","None","No Special Feature","Smooth Asphalt","Piedmont","Urban","30 - 35  MPH","Stop Sign","Clear","No","35.24001, -80.7978",-80.7978,35.24001
"2526",82,83,"No","50-59",56,"Yes","Facing Traffic","C: Possible Injury","Sidewalk / Crosswalk / Driveway Crossing","Black","Male","Greensboro","Guilford","Yes","01-01-02","2012-02-21","Motorist Failed to Yield - Sign-Controlled Intersection",16,"Intersection","01-02-01","0001-01-01T11:50:58-04:56","Motorist Drive Out - Sign-Controlled Intersection",NA,2012,"C: Possible Injury","Commercial","30-39",32,"No","0-5 mph","O: No Injury","White","Female","Passenger Car","No","No","Daylight","Urban (>70% Developed)","2 lanes",2,"Straight - Hillcrest","Local Street","Dry","Two-Way, Not Divided","None","T-Intersection","Smooth Asphalt","Piedmont","Urban","30 - 35  MPH","Stop Sign","Clear","No","36.06386, -79.8019",-79.8019,36.06386
"2527",83,84,"Yes","20-24",21,"No","With Traffic","B: Evident Injury","Sidewalk / Crosswalk / Driveway Crossing","White","Male","Rocky Mount","Nash","No","01-01-04","2012-02-16","Parallel Paths - Other Circumstances",20,"Intersection-Related","01-02-01","0001-01-01T15:47:58-04:56","Bicyclist Ride Out - Parallel Path",NA,2012,"B: Evident Injury","Commercial","0-19",19,"No","41-45 mph","O: No Injury","Black","Male","Passenger Car","No","No","Dark - Lighted Roadway","Urban (>70% Developed)","4 lanes",2,"Straight - Level","Local Street","Wet","Two-Way, Divided, Unprotected Median","None","Four-Way Intersection","Coarse Asphalt","Coastal","Urban","40 - 45  MPH","No Control Present","Rain","No","35.96208, -77.8279",-77.8279,35.96208
"2528",85,86,"Yes","15-Nov",12,"No","","C: Possible Injury","","Black","Male","Cary","Wake","No","01-01-06","2012-02-25","Other /  - Insufficient Details",18,"Location","01-02-01","0001-01-01T13:33:58-04:56","Location",NA,2012,"C: Possible Injury","Commercial","",NA,"Missing","","Injury","/Missing","","","No","Yes","Dusk","Urban (>70% Developed)","2 lanes",2,"Straight - Level","Local Street","Dry","Two-Way, Not Divided","Road Surface Condition","No Special Feature","Smooth Asphalt","Piedmont","Urban","30 - 35  MPH","Stop Sign","Clear","No","35.80145, -78.7677",-78.7677,35.80145
"2529",87,88,"No","60-69",69,"No","","Injury","Sidewalk / Crosswalk / Driveway Crossing","/Missing","","Stanley","Gaston","No","01-01-06","2012-01-07","Other /  - Insufficient Details",12,"Intersection","","0001-01-01T07:18:58-04:56","Approach Paths",NA,2012,"Injury","Commercial","",NA,"No","11-15 mph","Injury","/Missing","","Tractor/Semi-Trailer","No","Yes","Daylight","Mixed (30% To 70% Developed)","2 lanes",2,"Straight - Grade","NC Route","Dry","Two-Way, Not Divided","None","Four-Way Intersection","Smooth Asphalt","Piedmont","Rural","30 - 35  MPH","Stop And Go Signal","Clear","No","35.35336, -81.0904",-81.0904,35.35336
"2530",93,94,"Yes","30-39",30,"No","With Traffic","K: Killed","Bike Lane / Paved Shoulder","White","Male","None - Rural Crash","Davidson","Yes","01-01-02","2012-03-13","Loss of Control / Turning Error",15,"Non-Intersection","01-03-01","0001-01-01T10:03:58-04:56","Motorist Lost Control - Other /",NA,2012,"K: Killed","Farms, Woods, Pastures","25-29",29,"Yes","51-55 mph","O: No Injury","White","Male","Pickup","No","No","Daylight","Rural (<30% Developed)","4 lanes",3,"Straight - Level","US Route","Dry","Two-Way, Divided, Unprotected Median","None","No Special Feature","Smooth Asphalt","Piedmont","Rural","50 - 55  MPH","No Control Present","Clear","No","35.8439, -80.2121",-80.2121,35.8439
"2531",118,119,"Yes","15-Nov",15,"No","With Traffic","B: Evident Injury","Travel Lane","White","Male","Apex","Wake","No","01-01-06","2012-03-24","Motorist Failed to Yield - Signalized Intersection",13,"Intersection","01-03-01","0001-01-01T08:04:58-04:56","Motorist Drive Out - Right Turn on Red",NA,2012,"B: Evident Injury","Commercial","30-39",35,"No","0-5 mph","O: No Injury","Other","Female","Sport Utility","No","No","Daylight","Urban (>70% Developed)","6 lanes",2,"Straight - Grade","NC Route","Wet","Two-Way, Not Divided","None","Four-Way Intersection","Coarse Asphalt","Piedmont","Urban","40 - 45  MPH","Stop And Go Signal","Rain","No","35.75152, -78.8772",-78.8772,35.75152
"2532",126,127,"Yes","70",0,"No","With Traffic","B: Evident Injury","Travel Lane","White","Male","None - Rural Crash","Rowan","No","01-01-05","2012-03-30","Motorist Overtaking Bicyclist",15,"Non-Intersection","01-03-01","0001-01-01T10:18:58-04:56","Motorist Overtaking - Other /",NA,2012,"B: Evident Injury","Commercial","30-39",35,"No","31-35 mph","O: No Injury","Hispanic","Male","Van","No","No","Daylight","Mixed (30% To 70% Developed)","5 lanes",2,"Straight - Level","US Route","Dry","Two-Way, Divided, Unprotected Median","None","No Special Feature","Smooth Asphalt","Piedmont","Rural","50 - 55  MPH","No Control Present","Clear","No","35.6009, -80.5437",-80.5437,35.6009
"2533",130,131,"Yes","25-29",29,"No","Facing Traffic","C: Possible Injury","Travel Lane","Black","Male","Durham","Durham","No","01-01-03","2012-03-28","Motorist Failed to Yield - Sign-Controlled Intersection",17,"Intersection","01-03-01","0001-01-01T12:33:58-04:56","Motorist Drive Out - Sign-Controlled Intersection",NA,2012,"C: Possible Injury","Residential","60-69",65,"No","0-5 mph","O: No Injury","White","Male","Sport Utility","No","No","Daylight","Urban (>70% Developed)","2 lanes",2,"Straight - Level","Local Street","Dry","Two-Way, Divided, Unprotected Median","None","No Special Feature","Smooth Asphalt","Piedmont","Urban","30 - 35  MPH","Stop Sign","Clear","No","36.01101, -78.9056",-78.9056,36.01101
"2534",132,133,"Yes","16-19",19,"No","","B: Evident Injury","","Black","Male","Jacksonville","Onslow","No","01-01-06","2012-03-03","Other /  - Insufficient Details",21,"Non-Intersection","01-03-01","0001-01-01T16:48:58-04:56","Approach Paths",NA,2012,"B: Evident Injury","Residential","",NA,"Missing","","Injury","/Missing","","","No","Yes","Dark -  Lighting","Urban (>70% Developed)","2 lanes",2,"Straight - Level","Local Street","Wet","Two-Way, Not Divided","None","No Special Feature","Coarse Asphalt","Coastal","Urban","","No Control Present","Rain","No","34.78026, -77.4293",-77.4293,34.78026
"2535",134,135,"Yes","15-Nov",14,"No","Not Applicable","C: Possible Injury","Non-Roadway","Hispanic","Male","None - Rural Crash","Beaufort","No","01-01-02","2012-04-03","Bicyclist Failed to Yield - Midblock",23,"Non-Intersection","01-04-01","0001-01-01T18:16:58-04:56","Bicyclist Ride Out - Midblock -",NA,2012,"C: Possible Injury","Residential","60-69",60,"No","31-35 mph","O: No Injury","White","Male","Pickup","No","No","Daylight","Rural (<30% Developed)","2 lanes",2,"Straight - Level","State Secondary Route","Dry","Two-Way, Not Divided","None","No Special Feature","Coarse Asphalt","Coastal","Rural","40 - 45  MPH","Double Yellow Line, No Passing Zone","Clear","No","35.51682, -77.0398",-77.0398,35.51682