"","FID","OBJECTID","AmbulanceR","BikeAge_Gr","Bike_Age","Bike_Alc_D","Bike_Dir","Bike_Injur","Bike_Pos","Bike_Race","Bike_Sex","City","County","CrashAlcoh","CrashDay","Crash_Date","Crash_Grp","Crash_Hour","Crash_Loc","Crash_Mont","Crash_Time","Crash_Type","Crash_Ty_1","Crash_Year","Crsh_Sevri","Developmen","DrvrAge_Gr","Drvr_Age","Drvr_Alc_D","Drvr_EstSp","Drvr_Injur","Drvr_Race","Drvr_Sex","Drvr_VehTy","ExcsSpdInd","Hit_Run","Light_Cond","Locality","Num_Lanes","Num_Units","Rd_Charact","Rd_Class","Rd_Conditi","Rd_Config","Rd_Defects","Rd_Feature","Rd_Surface","Region","Rural_Urba","Speed_Limi","Traff_Cntr","Weather","Workzone_I","Location","locx","locy"
"2617",38,39,"Yes","50-59",53,"Yes","With Traffic","B: Evident Injury","Travel Lane","Black","Male","Greensboro","Guilford","Yes","01-01-03","2010-02-03","Bicyclist Left Turn / Merge",14,"Non-Intersection","01-02-01","0001-01-01T09:16:58-04:56","Bicyclist Left Turn - Same Direction",0,2010,"B: Evident Injury","Residential","30-39",31,"No","36-40 mph","O: No Injury","Black","Female","Passenger Car","No","No","Daylight","Urban (>70% Developed)","6 lanes",2,"Straight - Level","Local Street","Wet","Two-Way, Divided, Positive Median Barrier","None","No Special Feature","Smooth Asphalt","Piedmont","Urban","30 - 35  MPH","No Control Present","Clear","No","36.0504, -79.79807",-79.79807,36.0504
"2618",51,52,"Yes","40-49",42,"Yes","With Traffic","C: Possible Injury","Bike Lane / Paved Shoulder","Native American","Male","None - Rural Crash","Robeson","Yes","01-01-03","2010-02-24","Bicyclist Left Turn / Merge",6,"Non-Intersection","01-02-01","0001-01-01T01:58:58-04:56","Bicyclist Left Turn - Same Direction",0,2010,"C: Possible Injury","Farms, Woods, Pastures","40-49",40,"No","51-55 mph","C: Possible Injury","Native American","Male","Pickup","No","No","Dark - Roadway Not Lighted","Rural (<30% Developed)","2 lanes",2,"Straight - Level","NC Route","Wet","Two-Way, Not Divided","None","No Special Feature","Smooth Asphalt","Coastal","Rural","50 - 55  MPH","Double Yellow Line, No Passing Zone","Cloudy","No","34.67417, -79.18547",-79.18547,34.67417
"2619",56,57,"Yes","16-19",17,"No","With Traffic","B: Evident Injury","Travel Lane","White","Male","None - Rural Crash","Davidson","No","01-01-04","2010-02-18","Bicyclist Left Turn / Merge",8,"Non-Intersection","01-02-01","0001-01-01T03:52:58-04:56","Bicyclist Left Turn - Same Direction",0,2010,"B: Evident Injury","Residential","40-49",42,"No","51-55 mph","O: No Injury","White","Male","Pickup","No","No","Daylight","Rural (<30% Developed)","2 lanes",2,"Straight - Level","NC Route","Dry","Two-Way, Not Divided","None","No Special Feature","Smooth Asphalt","Piedmont","Rural","50 - 55  MPH","Double Yellow Line, No Passing Zone","Clear","No","35.649864, -80.205605",-80.205605,35.649864
"2620",58,59,"No","50-59",53,"No","With Traffic","B: Evident Injury","Travel Lane","White","Male","Charlotte","Mecklenburg","No","01-01-06","2010-02-20","Motorist Overtaking Bicyclist",17,"Non-Intersection","01-02-01","0001-01-01T12:23:58-04:56","Motorist Overtaking - Undetected Bicyclist",0,2010,"B: Evident Injury","Residential","70+",NA,"No","31-35 mph","O: No Injury","White","Male","Passenger Car","No","No","Daylight","Urban (>70% Developed)","3 lanes",2,"Straight - Level","Local Street","Dry","Two-Way, Not Divided","None","No Special Feature","Smooth Asphalt","Piedmont","Urban","30 - 35  MPH","No Control Present","Clear","No","35.111164, -80.79208",-80.79208,35.111164
"2621",60,61,"No","10-Jun",10,"No","Not Applicable","B: Evident Injury","Travel Lane","Asian","Male","Charlotte","Mecklenburg","No","01-01-07","2010-02-21","Crossing Paths - Other Circumstances",14,"Intersection","01-02-01","0001-01-01T09:44:58-04:56","Crossing Paths - Uncontrolled Intersection",0,2010,"B: Evident Injury","Residential","60-69",63,"No","16-20 mph","O: No Injury","White","Male","Passenger Car","No","No","Daylight","Urban (>70% Developed)","2 lanes",2,"Straight - Level","Local Street","Dry","Two-Way, Not Divided","None","Driveway, Private","Smooth Asphalt","Piedmont","Urban","30 - 35  MPH","No Control Present","Clear","No","35.214188, -80.79397",-80.79397,35.214188
"2622",66,67,"Yes","15-Nov",11,"No","With Traffic","B: Evident Injury","Bike Lane / Paved Shoulder","White","Male","Cary","Wake","No","01-01-03","2010-03-17","Motorist Overtaking Bicyclist",17,"Non-Intersection","01-03-01","0001-01-01T12:13:58-04:56","Motorist Overtaking - Bicyclist Swerved",0,2010,"B: Evident Injury","Residential","30-39",36,"No","6-10 mph","O: No Injury","Asian","Male","Sport Utility","No","No","Daylight","Urban (>70% Developed)","2 lanes",2,"Straight - Level","Local Street","Dry","Two-Way, Not Divided","None","No Special Feature","Smooth Asphalt","Piedmont","Urban","20 - 25  MPH","No Control Present","Cloudy","No","35.807526, -78.86056",-78.86056,35.807526
"2623",71,72,"Yes","60-69",64,"No","","K: Killed","Travel Lane","Black","Male","Charlotte","Mecklenburg","No","","2010-02-08","Bicyclist Failed to Yield - Midblock",14,"Non-Intersection","01-02-01","0001-01-01T09:51:58-04:56","Bicyclist Ride Out - Other Midblock",0,2010,"K: Killed","Commercial","40-49",44,"No","56-60 mph","O: No Injury","Hispanic","Male","Passenger Car","No","No","Daylight","Urban (>70% Developed)","8 lanes",2,"Straight - Level","US Route","Dry","Two-Way, Divided, Positive Median Barrier","None","No Special Feature","Coarse Asphalt","Piedmont","Urban","50 - 55  MPH","No Control Present","Clear","No","35.210632, -80.80127",-80.80127,35.210632
"2624",82,83,"No","40-49",46,"No","With Traffic","O: No Injury","Travel Lane","White","Male","Thomasville","Davidson","No","01-01-06","2010-03-06","Motorist Left Turn / Merge",15,"Intersection","01-03-01","0001-01-01T10:18:58-04:56","Motorist Left Turn - Opposite Direction",0,2010,"O: No Injury","Commercial","70+",NA,"No","","O: No Injury","Black","Male","Passenger Car","No","No","Daylight","Mixed (30% To 70% Developed)","4 lanes",2,"Straight - Level","Local Street","Dry","Two-Way, Not Divided","None","Four-Way Intersection","Smooth Asphalt","Piedmont","Urban","","Stop And Go Signal","Clear","No","35.881283, -80.09931",-80.09931,35.881283
"2625",92,93,"Yes","30-39",35,"No","With Traffic","K: Killed","Travel Lane","White","Male","Concord","Cabarrus","No","01-01-03","2010-03-17","Motorist Overtaking Bicyclist",7,"Non-Intersection","01-03-01","0001-01-01T02:33:58-04:56","Motorist Overtaking - Misjudged Space",0,2010,"K: Killed","Commercial","20-24",24,"No","51-55 mph","O: No Injury","White","Female","Passenger Car","No","No","Daylight","Urban (>70% Developed)","2 lanes",2,"Straight - Level","NC Route","Dry","Two-Way, Divided, Positive Median Barrier","None","No Special Feature","Coarse Asphalt","Piedmont","Urban","50 - 55  MPH","No Control Present","Clear","No","35.373264, -80.55152",-80.55152,35.373264
"2626",94,95,"Yes","40-49",49,"No","Not Applicable","B: Evident Injury","Bike Lane / Paved Shoulder","Black","Male","Raleigh","Wake","No","01-01-07","2010-02-14","Bicyclist Failed to Yield - Midblock",5,"Non-Intersection","01-02-01","0001-01-01T00:15:58-04:56","Bicyclist Ride Out - Midblock -",0,2010,"B: Evident Injury","Commercial","50-59",56,"No","11-15 mph","O: No Injury","Black","Male","Passenger Car","No","No","Dusk","Mixed (30% To 70% Developed)","4 lanes",2,"Straight - Level","Local Street","Dry","Two-Way, Divided, Unprotected Median","None","No Special Feature","Smooth Asphalt","Piedmont","Urban","30 - 35  MPH","No Control Present","Clear","No","35.780025, -78.61373",-78.61373,35.780025
"2627",98,99,"Yes","15-Nov",12,"No","Not Applicable","C: Possible Injury","Non-Roadway","Black","Male","Hickory","Catawba","No","01-01-05","2010-03-19","Loss of Control / Turning Error",19,"Intersection","01-03-01","0001-01-01T14:27:58-04:56","Bicyclist Lost Control - Mechanical Problems",0,2010,"C: Possible Injury","Residential","40-49",46,"No","21-25 mph","O: No Injury","White","Female","Passenger Car","No","No","Dusk","Urban (>70% Developed)","2 lanes",2,"Straight - Hillcrest","Local Street","Dry","Two-Way, Not Divided","None","No Special Feature","Coarse Asphalt","Piedmont","Urban","20 - 25  MPH","No Control Present","Clear","No","35.754593, -81.32914",-81.32914,35.754593
"2628",114,115,"No","20-24",20,"No","With Traffic","C: Possible Injury","Travel Lane","White","Female","Boone","Watauga","No","01-01-04","2010-04-08","Motorist Right Turn / Merge",16,"Intersection","01-04-01","0001-01-01T11:20:58-04:56","Motorist Right Turn - Same Direction",0,2010,"C: Possible Injury","Institutional","",NA,"Missing","0-5 mph","Injury","/Missing","","","No","Yes","Daylight","Urban (>70% Developed)","4 lanes",2,"Straight - Level","Local Street","Dry","Two-Way, Not Divided","None","No Special Feature","Coarse Asphalt","Mountains","Urban","20 - 25  MPH","Stop And Go Signal","Cloudy","No","36.211716, -81.6784",-81.6784,36.211716
"2629",116,117,"No","50-59",55,"No","Facing Traffic","B: Evident Injury","Travel Lane","Black","Male","Fayetteville","Cumberland","No","01-01-04","2010-04-01","Motorist Failed to Yield - Sign-Controlled Intersection",18,"Intersection","01-04-01","0001-01-01T13:29:58-04:56","Motorist Drive Out - Sign-Controlled Intersection",0,2010,"B: Evident Injury","Commercial","25-29",29,"No","0-5 mph","O: No Injury","Black","Female","Sport Utility","No","No","Daylight","Urban (>70% Developed)","8 lanes",2,"Straight - Level","Local Street","Dry","Two-Way, Not Divided","None","T-Intersection","Coarse Asphalt","Coastal","Urban","20 - 25  MPH","Stop Sign","Clear","No","35.090954, -78.954384",-78.954384,35.090954
"2630",134,135,"Yes","20-24",22,"No","Facing Traffic","C: Possible Injury","Sidewalk / Crosswalk / Driveway Crossing","White","Male","Wilmington","New Hanover","No","01-01-05","2010-04-02","Motorist Failed to Yield - Midblock",12,"Non-Intersection","01-04-01","0001-01-01T07:24:58-04:56","Motorist Drive Out - Commercial Driveway / Alley",0,2010,"C: Possible Injury","Commercial","40-49",41,"No","","O: No Injury","Black","Male","Passenger Car","No","No","Daylight","Urban (>70% Developed)","3 lanes",2,"Straight - Level","Local Street","Dry","Two-Way, Not Divided","None","No Special Feature","Smooth Asphalt","Coastal","Urban","","No Control Present","Clear","No","34.214596, -77.88599",-77.88599,34.214596
"2631",135,136,"No","20-24",21,"No","With Traffic","B: Evident Injury","Travel Lane","White","Male","Raleigh","Wake","No","01-01-04","2010-04-15","Loss of Control / Turning Error",15,"Intersection","01-04-01","0001-01-01T10:20:58-04:56","Bicyclist Lost Control - Other /",0,2010,"B: Evident Injury","Residential","0-19",17,"No","0-5 mph","O: No Injury","White","Male","Passenger Car","No","No","Daylight","Mixed (30% To 70% Developed)","2 lanes",2,"Straight - Level","State Secondary Route","Dry","Two-Way, Not Divided","None","Four-Way Intersection","Smooth Asphalt","Piedmont","Urban","40 - 45  MPH","Stop And Go Signal","Clear","No","35.892853, -78.71675",-78.71675,35.892853
"2632",140,141,"Yes","30-39",35,"No","With Traffic","B: Evident Injury","Other","White","Male","None - Rural Crash","Mcdowell","No","01-01-06","2010-04-17","Parallel Paths - Other Circumstances",20,"Intersection-Related","01-04-01","0001-01-01T15:23:58-04:56","Bicyclist Ride Out - Parallel Path",0,2010,"B: Evident Injury","Farms, Woods, Pastures","0-19",18,"No","51-55 mph","C: Possible Injury","White","Female","Sport Utility","No","No","Dusk","Rural (<30% Developed)","2 lanes",2,"Straight - Grade","US Route","Dry","Two-Way, Not Divided","None","No Special Feature","Smooth Asphalt","Mountains","Rural","50 - 55  MPH","No Control Present","Clear","No","35.639553, -81.98594",-81.98594,35.639553
"2633",142,143,"Yes","20-24",20,"No","With Traffic","C: Possible Injury","Travel Lane","Native American","Male","Pembroke","Robeson","No","01-01-07","2010-04-18","Head-On",11,"Non-Intersection","01-04-01","0001-01-01T06:56:58-04:56","Head-On - Motorist",0,2010,"C: Possible Injury","Residential","",NA,"Missing","36-40 mph","Injury","/Missing","","","No","Yes","Daylight","Urban (>70% Developed)","2 lanes",2,"Straight - Level","Local Street","Dry","Two-Way, Not Divided","None","No Special Feature","Coarse Asphalt","Coastal","Rural","20 - 25  MPH","No Control Present","Clear","No","34.679417, -79.19719",-79.19719,34.679417
"2634",149,150,"Yes","10-Jun",9,"No","Not Applicable","B: Evident Injury","Driveway / Alley","Black","Male","Raleigh","Wake","No","01-01-04","2010-03-18","Bicyclist Failed to Yield - Midblock",18,"Non-Intersection","01-03-01","0001-01-01T13:03:58-04:56","Bicyclist Ride Out - Commercial Driveway / Alley",0,2010,"B: Evident Injury","Residential","50-59",53,"No","6-10 mph","O: No Injury","White","Male","Pickup","No","No","Daylight","Urban (>70% Developed)","2 lanes",2,"Straight - Level","Local Street","Dry","Two-Way, Not Divided","None","No Special Feature","Smooth Asphalt","Piedmont","Urban","20 - 25  MPH","No Control Present","Clear","No","35.73657, -78.660545",-78.660545,35.73657
"2635",151,152,"Yes","16-19",16,"No","With Traffic","C: Possible Injury","Bike Lane / Paved Shoulder","White","Male","Fayetteville","Cumberland","No","01-01-02","2010-04-20","Bicyclist Left Turn / Merge",15,"Non-Intersection","01-04-01","0001-01-01T10:45:58-04:56","Bicyclist Left Turn - Same Direction",0,2010,"C: Possible Injury","Residential","50-59",51,"No","16-20 mph","O: No Injury","White","Female","School Bus","No","No","Daylight","Urban (>70% Developed)","2 lanes",2,"Straight - Level","Local Street","Dry","Two-Way, Not Divided","None","No Special Feature","Coarse Asphalt","Coastal","Urban","20 - 25  MPH","Stop And Go Signal","Clear","No","35.025806, -78.94257",-78.94257,35.025806
"2636",155,156,"Yes","40-49",42,"Yes","With Traffic","B: Evident Injury","Travel Lane","Black","Male","Concord","Cabarrus","Yes","01-01-07","2010-04-11","Motorist Failed to Yield - Sign-Controlled Intersection",17,"Intersection","01-04-01","0001-01-01T12:54:58-04:56","Motorist Drive Through - Sign-Controlled Intersection",0,2010,"B: Evident Injury","Residential","25-29",29,"No","16-20 mph","O: No Injury","/Missing","Female","Passenger Car","No","No","Daylight","Urban (>70% Developed)","4 lanes",2,"Straight - Hillcrest","Local Street","Dry","Two-Way, Not Divided","None","Four-Way Intersection","Smooth Asphalt","Piedmont","Urban","30 - 35  MPH","Stop Sign","Clear","No","35.410313, -80.58836",-80.58836,35.410313
"2637",165,166,"No","15-Nov",13,"No","Not Applicable","C: Possible Injury","","White","Male","None - Rural Crash","New Hanover","No","01-01-05","2010-04-23","Bicyclist Failed to Yield - Midblock",15,"Non-Intersection","01-04-01","0001-01-01T11:02:58-04:56","Bicyclist Ride Out - Midblock -",0,2010,"C: Possible Injury","Commercial","50-59",51,"No","21-25 mph","O: No Injury","Black","Male","Passenger Car","No","No","Daylight","Urban (>70% Developed)","3 lanes",2,"Straight - Level","US Route","Dry","Two-Way, Not Divided","None","No Special Feature","Smooth Asphalt","Coastal","Rural","30 - 35  MPH","No Control Present","Clear","No","34.349842, -77.88347",-77.88347,34.349842
"2638",1003,1004,"Yes","10-Jun",7,"No","With Traffic","C: Possible Injury","Travel Lane","Black","Male","Charlotte","Mecklenburg","No","01-01-03","2008-02-13","Crossing Paths - Other Circumstances",17,"Intersection","01-02-01","0001-01-01T12:36:58-04:56","Sign-Controlled Intersection - Other /",111148,2008,"C: Possible Injury","Residential","40-49",44,"No","41-45 mph","Injury","Other","Male","Pickup","Yes","No","Daylight","Mixed (30% To 70% Developed)","",2,"","Local Street","Dry","","None","No Special Feature","","Piedmont","Urban","30 - 35  MPH","Missing","Clear","No","0.0, 0.0",0,0
"2639",1005,1006,"Yes","40-49",49,"No","","C: Possible Injury","Travel Lane","Black","Male","Greensboro","Guilford","No","01-01-02","2008-07-22","Other /  - Insufficient Details",0,"Non-Intersection","01-07-01","0000-12-31T19:33:58-04:56","Approach Paths",3190970,2008,"C: Possible Injury","Residential","20-24",22,"No","0-5 mph","O: No Injury","Black","Male","Passenger Car","No","No","Dark - Lighted Roadway","Rural (<30% Developed)","2 lanes",2,"Straight - Level","Local Street","Wet","Two-Way, Not Divided","None","No Special Feature","Smooth Asphalt","Piedmont","Urban","30 - 35  MPH","No Control Present","Clear","No","0.0, 0.0",0,0
"2640",1007,1008,"No","15-Nov",13,"No","","C: Possible Injury","Travel Lane","Black","Male","Greensboro","Guilford","No","01-01-02","2008-08-05","Bicyclist Failed to Yield - Sign-Controlled Intersection",11,"Intersection","01-08-01","0001-01-01T06:58:58-04:56","Bicyclist Ride Through - Sign-Controlled Intersection",119144,2008,"C: Possible Injury","Residential","50-59",57,"No","31-35 mph","O: No Injury","Black","Male","Pickup","No","No","Daylight","Urban (>70% Developed)","2 lanes",2,"Straight - Level","Local Street","Dry","Two-Way, Divided, Unprotected Median","None","Four-Way Intersection","Smooth Asphalt","Piedmont","Urban","30 - 35  MPH","Stop Sign","Clear","No","0.0, 0.0",0,0
"2641",1010,1011,"Yes","70+",NA,"No","With Traffic","C: Possible Injury","Travel Lane","White","Male","Greensboro","Guilford","No","01-01-02","2008-05-20","Motorist Overtaking Bicyclist",11,"Non-Intersection","01-05-01","0001-01-01T06:42:58-04:56","Motorist Overtaking - Misjudged Space",311232,2008,"C: Possible Injury","Commercial","",NA,"Missing","16-20 mph","Injury","/Missing","","","No","Yes","Daylight","Urban (>70% Developed)","6 lanes",2,"Straight - Level","Local Street","Dry","Two-Way, Not Divided","None","Four-Way Intersection","Smooth Asphalt","Piedmont","Urban","40 - 45  MPH","Stop And Go Signal","Cloudy","No","0.0, 0.0",0,0
"2642",1012,1013,"No","40-49",41,"No","With Traffic","K: Killed","Travel Lane","White","Male","Charlotte","Mecklenburg","No","","2008-12-01","Motorist Overtaking Bicyclist",14,"Non-Intersection","01-12-01","0001-01-01T09:14:58-04:56","Motorist Overtaking - Other /",311239,2008,"K: Killed","Commercial","20-24",22,"No","36-40 mph","O: No Injury","Asian","Male","Passenger Car","No","No","Daylight","Urban (>70% Developed)","5 lanes",2,"Straight - Level","Local Street","Dry","Two-Way, Divided, Unprotected Median","None","No Special Feature","Smooth Asphalt","Piedmont","Urban","40 - 45  MPH","No Control Present","Clear","No","0.0, 0.0",0,0
"2643",3,4,"Yes","25-29",29,"No","With Traffic","C: Possible Injury","Travel Lane","Black","Male","Cary","Wake","No","01-01-03","2009-01-14","Motorist Overtaking Bicyclist",16,"Non-Intersection","","0001-01-01T11:52:58-04:56","Motorist Overtaking - Bicyclist Swerved",311235,2009,"C: Possible Injury","Residential","25-29",25,"No","41-45 mph","O: No Injury","Other","Male","Motorcycle","No","No","Daylight","Urban (>70% Developed)","5 lanes",2,"Straight - Level","State Secondary Route","Dry","Two-Way, Not Divided","None","No Special Feature","Smooth Asphalt","Piedmont","Urban","40 - 45  MPH","No Control Present","Clear","No","35.824387, -78.77068",-78.77068,35.824387
"2644",9,10,"Yes","25-29",27,"Yes","Facing Traffic","B: Evident Injury","Travel Lane","White","Male","None - Rural Crash","Cumberland","Yes","01-01-07","2009-01-18","Head-On",20,"Non-Intersection","","0001-01-01T15:23:58-04:56","Head-On - Bicyclist",312250,2009,"B: Evident Injury","Farms, Woods, Pastures","30-39",33,"No","36-40 mph","O: No Injury","White","Male","Passenger Car","No","No","Dark - Roadway Not Lighted","Rural (<30% Developed)","2 lanes",2,"Straight - Level","State Secondary Route","Dry","Two-Way, Not Divided","None","No Special Feature","Coarse Asphalt","Coastal","Rural","50 - 55  MPH","No Control Present","Fog, Smog, Smoke","No","34.901127, -78.901",-78.901,34.901127
"2645",18,19,"Yes","20-24",21,"No","With Traffic","C: Possible Injury","Bike Lane / Paved Shoulder","Black","Male","None - Rural Crash","Hertford","No","","2009-02-09","Motorist Overtaking Bicyclist",18,"Non-Intersection","01-02-01","0001-01-01T14:01:58-04:56","Motorist Overtaking - Misjudged Space",321232,2009,"C: Possible Injury","Commercial","70+",NA,"No","51-55 mph","O: No Injury","White","Male","Sport Utility","No","No","Dark - Roadway Not Lighted","Rural (<30% Developed)","2 lanes",2,"Curve - Level","NC Route","Dry","Two-Way, Not Divided","None","No Special Feature","Coarse Asphalt","Coastal","Rural","50 - 55  MPH","Double Yellow Line, No Passing Zone","Clear","No","36.27684, -77.01139",-77.01139,36.27684
"2646",42,43,"Yes","40-49",43,"No","Facing Traffic","C: Possible Injury","Bike Lane / Paved Shoulder","White","Male","Goldsboro","Wayne","No","01-01-03","2009-02-11","Bicyclist Failed to Yield - Signalized Intersection",17,"Intersection","01-02-01","0001-01-01T12:13:58-04:56","Bicyclist Ride Out - Signalized  Intersection",122153,2009,"C: Possible Injury","Commercial","70+",NA,"No","21-25 mph","O: No Injury","White","Female","Passenger Car","No","No","Daylight","Urban (>70% Developed)","6 lanes",2,"Straight - Level","Local Street","Dry","Two-Way, Not Divided","None","No Special Feature","Coarse Asphalt","Coastal","Urban","20 - 25  MPH","Stop And Go Signal","Clear","No","35.38444, -77.9967",-77.9967,35.38444
"2647",59,60,"Yes","50-59",51,"No","With Traffic","C: Possible Injury","Travel Lane","White","Male","None - Rural Crash","Johnston","No","01-01-04","2009-03-05","Bicyclist Overtaking Motorist",16,"Intersection-Related","01-03-01","0001-01-01T11:48:58-04:56","Bicyclist Overtaking - Other /",211249,2009,"C: Possible Injury","Farms, Woods, Pastures","50-59",51,"No","0-5 mph","O: No Injury","White","Male","Passenger Car","No","No","Daylight","Rural (<30% Developed)","2 lanes",2,"Straight - Level","State Secondary Route","Dry","Two-Way, Not Divided","None","T-Intersection","Smooth Asphalt","Coastal","Rural","50 - 55  MPH","Double Yellow Line, No Passing Zone","Clear","No","35.37243, -78.444786",-78.444786,35.37243
"2648",60,61,"Yes","20-24",22,"No","With Traffic","B: Evident Injury","Travel Lane","White","Male","None - Rural Crash","Wake","No","01-01-04","2009-03-19","Bicyclist Failed to Yield - Sign-Controlled Intersection",15,"Intersection","01-03-01","0001-01-01T10:10:58-04:56","Bicyclist Ride Out - Sign-Controlled Intersection",111142,2009,"B: Evident Injury","Farms, Woods, Pastures","20-24",21,"No","6-10 mph","O: No Injury","White","Male","Pickup","No","No","Daylight","Rural (<30% Developed)","2 lanes",2,"Curve - Grade","State Secondary Route","Dry","Two-Way, Not Divided","None","T-Intersection","Coarse Asphalt","Piedmont","Rural","40 - 45  MPH","Double Yellow Line, No Passing Zone","Clear","No","35.72253, -78.71577",-78.71577,35.72253
"2649",64,65,"Yes","15-Nov",12,"No","Facing Traffic","B: Evident Injury","Sidewalk / Crosswalk / Driveway Crossing","White","Female","Cary","Wake","No","01-01-07","2009-03-22","Crossing Paths - Other Circumstances",14,"Intersection","01-03-01","0001-01-01T09:33:58-04:56","Signalized Intersection - Other /",132158,2009,"B: Evident Injury","Commercial","",NA,"Missing","6-10 mph","Injury","/Missing","","Passenger Car","No","Yes","Daylight","Urban (>70% Developed)","3 lanes",2,"Straight - Hillcrest","Local Street","Dry","Two-Way, Not Divided","None","Four-Way Intersection","Smooth Asphalt","Piedmont","Urban","20 - 25  MPH","Stop And Go Signal","Clear","No","35.764786, -78.78362",-78.78362,35.764786
"2650",67,68,"No","25-29",26,"Yes","","B: Evident Injury","","White","Male","Statesville","Iredell","Yes","01-01-04","2009-03-12","Other /  - Insufficient Details",20,"Intersection-Related","01-03-01","0001-01-01T15:18:58-04:56","Approach Paths",299970,2009,"B: Evident Injury","Residential","",NA,"Missing","","Injury","/Missing","","","No","Yes","Dark - Lighted Roadway","Urban (>70% Developed)","2 lanes",2,"Straight - Level","Local Street","Dry","Two-Way, Not Divided","None","No Special Feature","Smooth Asphalt","Piedmont","Urban","30 - 35  MPH","No Control Present","Clear","No","35.782326, -80.89593",-80.89593,35.782326
"2651",69,70,"No","40-49",42,"No","With Traffic","C: Possible Injury","Travel Lane","Black","Female","Wilson","Wilson","No","01-01-05","2009-03-06","Motorist Left Turn / Merge",17,"Intersection","01-03-01","0001-01-01T13:00:58-04:56","Motorist Left Turn - Opposite Direction",111212,2009,"C: Possible Injury","Commercial","",NA,"Missing","","Injury","/Missing","","","No","Yes","Dusk","Urban (>70% Developed)","2 lanes",2,"Straight - Level","Local Street","Dry","Two-Way, Not Divided","None","T-Intersection","Smooth Asphalt","Coastal","Urban","30 - 35  MPH","No Control Present","Clear","No","35.72093, -77.90823",-77.90823,35.72093
"2652",77,78,"No","25-29",27,"No","With Traffic","O: No Injury","Sidewalk / Crosswalk / Driveway Crossing","Black","Male","Wilmington","New Hanover","No","01-01-06","2009-03-14","Bicyclist Overtaking Motorist",20,"Intersection-Related","01-03-01","0001-01-01T15:46:58-04:56","Bicyclist Overtaking - Other /",231249,2009,"O: No Injury","Residential","20-24",23,"No","0-5 mph","O: No Injury","White","Male","Passenger Car","No","No","Dark - Lighted Roadway","Urban (>70% Developed)","2 lanes",2,"Straight - Level","Local Street","Dry","Two-Way, Divided, Unprotected Median","None","No Special Feature","Coarse Asphalt","Coastal","Urban","20 - 25  MPH","No Control Present","Cloudy","No","34.24249, -77.94266",-77.94266,34.24249
"2653",81,82,"Yes","15-Nov",13,"No","Not Applicable","C: Possible Injury","Travel Lane","White","Male","None - Rural Crash","Alamance","No","01-01-04","2009-03-05","Bicyclist Failed to Yield - Midblock",20,"Non-Intersection","01-03-01","0001-01-01T15:03:58-04:56","Bicyclist Ride Out - Other Midblock",313318,2009,"C: Possible Injury","Residential","",NA,"Missing","46-50 mph","Injury","/Missing","","","No","Yes","Dark - Roadway Not Lighted","Rural (<30% Developed)","2 lanes",2,"Straight - Level","State Secondary Route","Dry","Two-Way, Not Divided","None","No Special Feature","Smooth Asphalt","Piedmont","Rural","50 - 55  MPH","No Control Present","Clear","No","36.095142, -79.32742",-79.32742,36.095142
"2654",91,92,"No","10-Jun",10,"No","Not Applicable","C: Possible Injury","Driveway / Alley","White","Male","Mint Hill","Mecklenburg","No","01-01-02","2009-03-31","Bicyclist Failed to Yield - Midblock",17,"Non-Intersection","01-03-01","0001-01-01T12:42:58-04:56","Bicyclist Ride Out - Residential Driveway",353311,2009,"C: Possible Injury","Residential","30-39",37,"No","16-20 mph","O: No Injury","White","Female","Van","No","No","Daylight","Mixed (30% To 70% Developed)","",2,"",".","Dry","","None","No Special Feature","","Piedmont","Urban","20 - 25  MPH","No Control Present","Clear","No","35.163906, -80.61446",-80.61446,35.163906
"2655",103,104,"Yes","40-49",41,"No","With Traffic","B: Evident Injury","Travel Lane","White","Male","None - Rural Crash","Yancey","No","","2009-03-23","Motorist Left Turn / Merge",15,"Non-Intersection","01-03-01","0001-01-01T10:42:58-04:56","Motorist Left Turn - Opposite Direction",311212,2009,"B: Evident Injury","Farms, Woods, Pastures","20-24",21,"No","11-15 mph","O: No Injury","White","Male","Passenger Car","No","No","Daylight","Rural (<30% Developed)","2 lanes",2,"Curve - Grade","NC Route","Dry","Two-Way, Not Divided","None","No Special Feature","Smooth Asphalt","Mountains","Rural","30 - 35  MPH","Double Yellow Line, No Passing Zone","Cloudy","No","35.730255, -82.27928",-82.27928,35.730255
"2656",104,105,"Yes","40-49",49,"No","With Traffic","A: Disabling Injury","Travel Lane","Black","Male","None - Rural Crash","Robeson","No","01-01-03","2009-04-08","Parallel Paths - Other Circumstances",19,"Non-Intersection","01-04-01","0001-01-01T14:13:58-04:56","Parallel Paths - Other /",311280,2009,"A: Disabling Injury","Farms, Woods, Pastures","30-39",35,"No","51-55 mph","O: No Injury","Native American","Female","Sport Utility","No","No","Daylight","Rural (<30% Developed)","2 lanes",2,"Straight - Level","State Secondary Route","Dry","Two-Way, Not Divided","None","No Special Feature","Coarse Asphalt","Coastal","Rural","50 - 55  MPH","No Control Present","Clear","No","34.85171, -79.09158",-79.09158,34.85171