"","FID","OBJECTID","AmbulanceR","BikeAge_Gr","Bike_Age","Bike_Alc_D","Bike_Dir","Bike_Injur","Bike_Pos","Bike_Race","Bike_Sex","City","County","CrashAlcoh","CrashDay","Crash_Date","Crash_Grp","Crash_Hour","Crash_Loc","Crash_Mont","Crash_Time","Crash_Type","Crash_Ty_1","Crash_Year","Crsh_Sevri","Developmen","DrvrAge_Gr","Drvr_Age","Drvr_Alc_D","Drvr_EstSp","Drvr_Injur","Drvr_Race","Drvr_Sex","Drvr_VehTy","ExcsSpdInd","Hit_Run","Light_Cond","Locality","Num_Lanes","Num_Units","Rd_Charact","Rd_Class","Rd_Conditi","Rd_Config","Rd_Defects","Rd_Feature","Rd_Surface","Region","Rural_Urba","Speed_Limi","Traff_Cntr","Weather","Workzone_I","Location","locx","locy"
"2657",105,106,"Yes","20-24",21,"No","Not Applicable","O: No Injury","Non-Roadway","Other","Male","Cary","Wake","No","01-01-06","2009-04-18","Non-Roadway",16,"Non-Roadway","01-04-01","0001-01-01T11:52:58-04:56","Non-Roadway",460910,2009,"O: No Injury","Commercial","40-49",45,"No","0-5 mph","O: No Injury","White","Female","Sport Utility","No","No","Daylight","Urban (>70% Developed)","",2,"Straight - Grade","Public Vehicular Area","Dry","Two-Way, Not Divided","None","Driveway, Public","Smooth Asphalt","Piedmont","Urban","5 - 15 MPH","No Control Present","Clear","No","35.771732, -78.76127",-78.76127,35.771732
"2658",111,112,"Yes","30-39",38,"No","With Traffic","B: Evident Injury","Travel Lane","White","Male","None - Rural Crash","Rowan","No","01-01-07","2009-03-08","Loss of Control / Turning Error",11,"Intersection-Related","01-03-01","0001-01-01T06:22:58-04:56","Motorist Turning Error - Left Turn",211111,2009,"B: Evident Injury","Farms, Woods, Pastures","50-59",57,"No","0-5 mph","O: No Injury","White","Female","Sport Utility","No","No","Daylight","Rural (<30% Developed)","2 lanes",2,"Straight - Level","State Secondary Route","Dry","Two-Way, Not Divided","None","No Special Feature","Smooth Asphalt","Piedmont","Rural","50 - 55  MPH","Double Yellow Line, No Passing Zone","Clear","No","35.558395, -80.2833",-80.2833,35.558395
"2659",112,113,"Yes","15-Nov",14,"No","","B: Evident Injury","","Black","Male","Rocky Mount","Nash","No","01-01-05","2009-03-20","Other /  - Insufficient Details",19,"Location","01-03-01","0001-01-01T14:58:58-04:56","Location",999980,2009,"B: Evident Injury","Residential","",NA,"No","11-15 mph","Injury","/Missing","","Passenger Car","No","Yes","Dark - Roadway Not Lighted","Urban (>70% Developed)","2 lanes",3,"Straight - Level","Local Street","Dry","Two-Way, Not Divided","None","No Special Feature","Coarse Asphalt","Coastal","Urban","30 - 35  MPH","No Control Present","Clear","No","35.927265, -77.814865",-77.814865,35.927265
"2660",116,117,"Yes","60-69",62,"No","With Traffic","C: Possible Injury","Travel Lane","White","Male","None - Rural Crash","Nash","No","01-01-05","2009-04-17","Motorist Overtaking Bicyclist",12,"Intersection-Related","01-04-01","0001-01-01T07:36:58-04:56","Motorist Overtaking - Bicyclist Swerved",211235,2009,"C: Possible Injury","Institutional","50-59",51,"No","41-45 mph","O: No Injury","White","Female","Passenger Car","No","No","Daylight","Mixed (30% To 70% Developed)","3 lanes",2,"Straight - Level","State Secondary Route","Dry","Two-Way, Not Divided","None","Driveway, Public","Coarse Asphalt","Coastal","Rural","40 - 45  MPH","Double Yellow Line, No Passing Zone","Clear","No","35.975384, -77.8964",-77.8964,35.975384
"2661",117,118,"No","15-Nov",15,"No","Not Applicable","C: Possible Injury","Non-Roadway","Hispanic","Male","Cary","Wake","No","01-01-04","2009-04-23","Non-Roadway",16,"Non-Roadway","01-04-01","0001-01-01T12:00:58-04:56","Non-Roadway",460910,2009,"C: Possible Injury","Residential","20-24",24,"No","21-25 mph","O: No Injury","Black","Female","Passenger Car","No","No","Daylight","Urban (>70% Developed)","2 lanes",2,"Curve - Grade","Local Street","Dry","Two-Way, Not Divided","None","No Special Feature","Coarse Asphalt","Piedmont","Urban","30 - 35  MPH","No Control Present","Clear","No","35.779346, -78.76079",-78.76079,35.779346
"2662",118,119,"Yes","16-19",16,"No","Not Applicable","B: Evident Injury","","Black","Male","Charlotte","Mecklenburg","No","01-01-03","2009-04-15","Bicyclist Failed to Yield - Midblock",0,"Non-Intersection","01-04-01","0000-12-31T19:24:58-04:56","Bicyclist Ride Out - Midblock -",393319,2009,"B: Evident Injury","Residential","",NA,"Missing","26-30 mph","Injury","/Missing","","","No","Yes","Dark - Lighted Roadway","Urban (>70% Developed)","4 lanes",2,"Straight - Level","Local Street","Dry","Two-Way, Divided, Positive Median Barrier","None","No Special Feature","Smooth Asphalt","Piedmont","Urban","30 - 35  MPH","No Control Present","Clear","No","35.249397, -80.764755",-80.764755,35.249397
"2663",125,126,"Yes","40-49",43,"Yes","With Traffic","C: Possible Injury","Travel Lane","Black","Male","Raleigh","Wake","Yes","01-01-05","2009-03-20","Parallel Paths - Other Circumstances",23,"Intersection","01-03-01","0001-01-01T18:52:58-04:56","Parallel Paths - Other /",111280,2009,"C: Possible Injury","Residential","40-49",49,"Yes","0-5 mph","O: No Injury","Black","Male","Passenger Car","No","No","Dark - Lighted Roadway","Urban (>70% Developed)","3 lanes",2,"Straight - Level","Local Street","Dry","One-Way, Not Divided","None","Four-Way Intersection","Concrete","Piedmont","Urban","30 - 35  MPH","Stop And Go Signal","Clear","No","35.76705, -78.6355",-78.6355,35.76705
"2664",126,127,"Yes","50-59",51,"No","Not Applicable","K: Killed","Travel Lane","Black","Male","Shelby","Cleveland","Yes","01-01-05","2009-04-17","Bicyclist Failed to Yield - Midblock",21,"Non-Intersection","01-04-01","0001-01-01T16:14:58-04:56","Bicyclist Ride Out - Other Midblock",313318,2009,"K: Killed","Commercial","50-59",55,"Yes","36-40 mph","C: Possible Injury","White","Male","Passenger Car","No","No","Dark - Roadway Not Lighted","Urban (>70% Developed)","",2,"Straight - Level","US Route","Dry","Two-Way, Divided, Unprotected Median","None","No Special Feature","Smooth Asphalt","Mountains","Urban","40 - 45  MPH","No Control Present","Clear","No","35.280735, -81.54936",-81.54936,35.280735
"2665",132,133,"No","25-29",26,"No","With Traffic","C: Possible Injury","Travel Lane","White","Female","Charlotte","Mecklenburg","No","01-01-05","2009-04-24","Motorist Right Turn / Merge",8,"Non-Intersection","01-04-01","0001-01-01T03:23:58-04:56","Motorist Right Turn - Same Direction",311213,2009,"C: Possible Injury","Residential","40-49",44,"No","0-5 mph","O: No Injury","White","Male","Passenger Car","No","No","Daylight","Urban (>70% Developed)","2 lanes",2,"Straight - Grade","Local Street","Dry","Two-Way, Not Divided","None","No Special Feature","Smooth Asphalt","Piedmont","Urban","20 - 25  MPH","No Control Present","Clear","No","35.233505, -80.79283",-80.79283,35.233505
"2666",136,137,"Yes","40-49",48,"No","With Traffic","B: Evident Injury","Travel Lane","Black","Male","Garysburg","Northampton","No","01-01-05","2009-05-01","Motorist Overtaking Bicyclist",20,"Non-Intersection","01-05-01","0001-01-01T15:03:58-04:56","Motorist Overtaking - Other /",311239,2009,"B: Evident Injury","Farms, Woods, Pastures","",NA,"No","41-45 mph","Injury","/Missing","Male","","No","Yes","Daylight","Rural (<30% Developed)","2 lanes",2,"Straight - Level","NC Route","Dry","Two-Way, Not Divided","None","No Special Feature","Smooth Asphalt","Coastal","Rural","40 - 45  MPH","No Control Present","Clear","No","36.455456, -77.551674",-77.551674,36.455456
"2667",139,140,"No","40-49",48,"No","Facing Traffic","B: Evident Injury","Sidewalk / Crosswalk / Driveway Crossing","Black","Male","Raleigh","Wake","No","01-01-05","2009-03-27","Crossing Paths - Other Circumstances",7,"Intersection","01-03-01","0001-01-01T02:58:58-04:56","Signalized Intersection - Other /",132158,2009,"B: Evident Injury","Commercial","50-59",57,"No","0-5 mph","O: No Injury","White","Male","Pickup","No","No","Daylight","Urban (>70% Developed)","4 lanes",2,"Straight - Level","Local Street","Dry","Two-Way, Not Divided","None","Four-Way Intersection","Smooth Asphalt","Piedmont","Urban","30 - 35  MPH","Stop And Go Signal","Cloudy","No","35.79325, -78.68431",-78.68431,35.79325
"2668",149,150,"Yes","25-29",25,"No","Facing Traffic","C: Possible Injury","Travel Lane","White","Female","Greensboro","Guilford","No","01-01-03","2009-04-29","Motorist Failed to Yield - Signalized Intersection",17,"Intersection","01-04-01","0001-01-01T12:17:58-04:56","Motorist Drive Out - Right Turn on Red",112151,2009,"C: Possible Injury","Commercial","40-49",46,"No","11-15 mph","O: No Injury","Black","Female","Passenger Car","No","No","Daylight","Urban (>70% Developed)","",2,"Straight - Hillcrest","Local Street","Dry","Two-Way, Not Divided","None","Four-Way Intersection","Smooth Asphalt","Piedmont","Urban","30 - 35  MPH","Stop And Go Signal","Clear","No","36.08042, -79.82714",-79.82714,36.08042
"2669",154,155,"Yes","25-29",26,"No","Not Applicable","C: Possible Injury","Non-Roadway","White","Male","None - Rural Crash","Pender","No","01-01-05","2009-05-08","Bicyclist Failed to Yield - Midblock",15,"Non-Intersection","01-05-01","0001-01-01T10:33:58-04:56","Bicyclist Ride Out - Commercial Driveway / Alley",363312,2009,"C: Possible Injury","Commercial","20-24",20,"No","41-45 mph","O: No Injury","White","Male","Pickup","No","No","Daylight","Urban (>70% Developed)","5 lanes",2,"Straight - Level","US Route","Dry","Two-Way, Not Divided","None","Driveway, Public","Coarse Asphalt","Coastal","Rural","40 - 45  MPH","No Control Present","Clear","No","34.390038, -77.68332",-77.68332,34.390038
"2670",158,159,"Yes","15-Nov",12,"No","With Traffic","B: Evident Injury","Sidewalk / Crosswalk / Driveway Crossing","Black","Male","Cary","Wake","No","01-01-02","2009-05-12","Motorist Right Turn / Merge",15,"Intersection","01-05-01","0001-01-01T10:33:58-04:56","Motorist Right Turn - Same Direction",131213,2009,"B: Evident Injury","Residential","70+",NA,"No","0-5 mph","O: No Injury","White","Female","Passenger Car","No","No","Daylight","Urban (>70% Developed)","2 lanes",2,"Straight - Grade","Local Street","Dry","Two-Way, Not Divided","None","T-Intersection","Smooth Asphalt","Piedmont","Urban","20 - 25  MPH","Stop And Go Signal","Clear","No","35.771008, -78.82089",-78.82089,35.771008
"2671",159,160,"Yes","30-39",31,"No","With Traffic","C: Possible Injury","Travel Lane","White","Female","Durham","Durham","No","01-01-03","2009-05-13","Motorist Failed to Yield - Sign-Controlled Intersection",12,"Intersection","01-05-01","0001-01-01T07:11:58-04:56","Motorist Drive Out - Sign-Controlled Intersection",111141,2009,"C: Possible Injury","Commercial","25-29",27,"No","0-5 mph","O: No Injury","White","Male","Pickup","No","No","Daylight","Urban (>70% Developed)","4 lanes",2,"Straight - Level","Local Street","Dry","Two-Way, Not Divided","None","Four-Way Intersection","Smooth Asphalt","Piedmont","Urban","30 - 35  MPH","Stop Sign","Clear","No","35.87327, -78.8459",-78.8459,35.87327
"2672",163,164,"Yes","30-39",35,"No","Not Applicable","C: Possible Injury","","White","Male","Mebane","Alamance","No","01-01-05","2009-05-08","Bicyclist Failed to Yield - Midblock",19,"Non-Intersection","01-05-01","0001-01-01T14:19:58-04:56","Bicyclist Ride Out - Residential Driveway",393311,2009,"C: Possible Injury","Commercial","30-39",38,"No","31-35 mph","O: No Injury","White","Male","Pickup","No","No","Daylight","Urban (>70% Developed)","3 lanes",2,"Straight - Level","Local Street","Dry","Two-Way, Not Divided","None","No Special Feature","Smooth Asphalt","Piedmont","Urban","30 - 35  MPH","Stop And Go Signal","Clear","No","36.0685, -79.270035",-79.270035,36.0685
"2673",170,171,"Yes","40-49",45,"No","With Traffic","A: Disabling Injury","Travel Lane","Black","Male","Gibson","Scotland","No","01-01-04","2009-04-30","Bicyclist Failed to Yield - Sign-Controlled Intersection",15,"Intersection","01-04-01","0001-01-01T10:19:58-04:56","Bicyclist Ride Through - Sign-Controlled Intersection",111144,2009,"A: Disabling Injury","Residential","30-39",30,"No","31-35 mph","C: Possible Injury","White","Male","Pickup","No","No","Daylight","Rural (<30% Developed)","2 lanes",2,"Curve - Level","NC Route","Dry","Two-Way, Not Divided","None","T-Intersection","Smooth Asphalt","Coastal","Rural","30 - 35  MPH","Stop Sign","Clear","No","34.758793, -79.61536",-79.61536,34.758793
"2674",172,173,"Yes","30-39",36,"No","With Traffic","C: Possible Injury","Travel Lane","White","Female","Charlotte","Mecklenburg","No","01-01-04","2009-04-30","Crossing Paths - Other Circumstances",10,"Intersection","01-04-01","0001-01-01T05:20:58-04:56","Signalized Intersection - Other /",111158,2009,"C: Possible Injury","Residential","25-29",27,"No","6-10 mph","O: No Injury","Asian","Male","Passenger Car","No","No","Daylight","Urban (>70% Developed)","4 lanes",2,"Straight - Level","Local Street","Dry","Two-Way, Not Divided","None","Four-Way Intersection","Coarse Asphalt","Piedmont","Urban","30 - 35  MPH","Stop And Go Signal","Cloudy","No","35.16829, -80.822395",-80.822395,35.16829
"2675",177,178,"Yes","30-39",32,"No","With Traffic","B: Evident Injury","Travel Lane","White","Male","Wilmington","New Hanover","No","01-01-03","2009-05-06","Motorist Left Turn / Merge",22,"Intersection","01-05-01","0001-01-01T17:32:58-04:56","Motorist Left Turn - Opposite Direction",111212,2009,"B: Evident Injury","Commercial","30-39",34,"No","31-35 mph","O: No Injury","White","Male","Passenger Car","No","No","Dark - Roadway Not Lighted","Urban (>70% Developed)","6 lanes",2,"Straight - Level","US Route","Dry","Two-Way, Not Divided","None","Four-Way Intersection","Coarse Asphalt","Coastal","Urban","40 - 45  MPH","Stop And Go Signal","Clear","No","34.219433, -77.83266",-77.83266,34.219433
"2676",189,190,"Yes","40-49",41,"No","With Traffic","B: Evident Injury","Travel Lane","White","Male","Cary","Wake","No","01-01-04","2009-05-28","Motorist Overtaking Bicyclist",12,"Intersection","01-05-01","0001-01-01T07:44:58-04:56","Motorist Overtaking - Bicyclist Swerved",111235,2009,"B: Evident Injury","Commercial","20-24",22,"No","36-40 mph","O: No Injury","White","Female","Sport Utility","No","No","Daylight","Urban (>70% Developed)","4 lanes",2,"Straight - Level","Local Street","Dry","Two-Way, Divided, Unprotected Median","None","No Special Feature","Smooth Asphalt","Piedmont","Urban","40 - 45  MPH","No Control Present","Clear","No","35.830093, -78.77439",-78.77439,35.830093
"2677",191,192,"Yes","40-49",49,"No","With Traffic","B: Evident Injury","Bike Lane / Paved Shoulder","White","Male","None - Rural Crash","Buncombe","No","01-01-04","2009-05-28","Motorist Overtaking Bicyclist",21,"Non-Intersection","01-05-01","0001-01-01T16:09:58-04:56","Motorist Overtaking - Other /",321239,2009,"B: Evident Injury","Farms, Woods, Pastures","25-29",28,"No","36-40 mph","O: No Injury","White","Male","Passenger Car","No","No","Dark - Roadway Not Lighted","Rural (<30% Developed)","5 lanes",2,"Straight - Level","NC Route","Dry","Two-Way, Not Divided","None","No Special Feature","Smooth Asphalt","Mountains","Rural","50 - 55  MPH","No Control Present","Clear","No","35.619415, -82.65276",-82.65276,35.619415
"2678",192,193,"No","10-Jun",7,"No","Not Applicable","C: Possible Injury","Non-Roadway","Black","Female","Statesville","Iredell","No","","2009-05-18","Bicyclist Failed to Yield - Midblock",19,"Non-Intersection","01-05-01","0001-01-01T14:33:58-04:56","Multiple Threat - Midblock",363357,2009,"C: Possible Injury","Residential","20-24",20,"No","16-20 mph","O: No Injury","Hispanic","Male","Passenger Car","No","No","","Urban (>70% Developed)","2 lanes",2,"Straight - Level","Local Street","Dry","Two-Way, Not Divided","None","No Special Feature","Smooth Asphalt","Piedmont","Urban","30 - 35  MPH","No Control Present","Clear","No","35.768757, -80.88686",-80.88686,35.768757
"2679",195,196,"Yes","10-Jun",10,"No","Not Applicable","B: Evident Injury","Driveway / Alley","Black","Male","None - Rural Crash","Cabarrus","No","01-01-06","2009-05-16","Loss of Control / Turning Error",19,"Non-Intersection","01-05-01","0001-01-01T14:33:58-04:56","Bicyclist Lost Control - Other /",353129,2009,"B: Evident Injury","Residential","20-24",22,"No","31-35 mph","O: No Injury","Black","Male","Passenger Car","No","No","Daylight","Mixed (30% To 70% Developed)","2 lanes",2,"Curve - Grade","State Secondary Route","Dry","Two-Way, Not Divided","None","No Special Feature","Coarse Asphalt","Piedmont","Rural","30 - 35  MPH","No Control Present","Clear","No","35.291553, -80.63521",-80.63521,35.291553
"2680",196,197,"No","50-59",54,"Yes","With Traffic","C: Possible Injury","Travel Lane","Black","Male","Rocky Mount","Edgecombe","Yes","01-01-05","2009-04-03","Bicyclist Failed to Yield - Sign-Controlled Intersection",14,"Intersection","01-04-01","0001-01-01T09:11:58-04:56","Bicyclist Ride Out - Sign-Controlled Intersection",111142,2009,"C: Possible Injury","Residential","30-39",35,"No","26-30 mph","O: No Injury","Black","Female","Passenger Car","No","No","Daylight","Urban (>70% Developed)","4 lanes",2,"Straight - Level","Local Street","Dry","Two-Way, Not Divided","None","No Special Feature","Smooth Asphalt","Coastal","Urban","30 - 35  MPH","Stop Sign","Clear","No","35.946587, -77.78812",-77.78812,35.946587
"2681",198,199,"Yes","50-59",58,"No","Facing Traffic","C: Possible Injury","Non-Roadway","Black","Male","Asheville","Buncombe","No","01-01-07","2009-05-17","Bicyclist Failed to Yield - Midblock",12,"Non-Intersection","01-05-01","0001-01-01T07:04:58-04:56","Bicyclist Ride Out - Other Midblock",362318,2009,"C: Possible Injury","Commercial","60-69",63,"No","6-10 mph","O: No Injury","White","Male","Passenger Car","No","No","Daylight","Urban (>70% Developed)","2 lanes",2,"Straight - Level","Local Street","Wet","Two-Way, Not Divided","None","T-Intersection","Concrete","Mountains","Urban","20 - 25  MPH","No Control Present","Rain","No","35.5868, -82.586754",-82.586754,35.5868
"2682",203,204,"Yes","16-19",16,"No","With Traffic","A: Disabling Injury","Travel Lane","Other","Male","Raleigh","Wake","No","01-01-06","2009-05-09","Bicyclist Left Turn / Merge",15,"Non-Intersection","01-05-01","0001-01-01T10:20:58-04:56","Bicyclist Left Turn - Opposite Direction",311222,2009,"A: Disabling Injury","Residential","40-49",42,"No","31-35 mph","O: No Injury","Black","Female","Sport Utility","No","No","Daylight","Urban (>70% Developed)","2 lanes",2,"Straight - Bottom","Local Street","Dry","Two-Way, Not Divided","None","No Special Feature","Smooth Asphalt","Piedmont","Urban","30 - 35  MPH","No Control Present","Clear","No","35.830837, -78.67436",-78.67436,35.830837
"2683",204,205,"No","60-69",64,"No","With Traffic","C: Possible Injury","Bike Lane / Paved Shoulder","White","Male","None - Rural Crash","Orange","No","01-01-02","2009-06-02","Loss of Control / Turning Error",9,"Non-Intersection","01-06-01","0001-01-01T04:16:58-04:56","Motorist Lost Control - Other /",321139,2009,"C: Possible Injury","Farms, Woods, Pastures","",NA,"No","36-40 mph","Injury","/Missing","","","No","Yes","Daylight","Rural (<30% Developed)","2 lanes",2,"Straight - Level","NC Route","Dry","Two-Way, Not Divided","None","No Special Feature","Smooth Asphalt","Piedmont","Rural","40 - 45  MPH","Double Yellow Line, No Passing Zone","Clear","No","35.921856, -79.10786",-79.10786,35.921856
"2684",205,206,"No","30-39",36,"No","With Traffic","O: No Injury","Bike Lane / Paved Shoulder","White","Female","None - Rural Crash","Chowan","No","","2009-06-01","Motorist Overtaking Bicyclist",11,"Non-Intersection","01-06-01","0001-01-01T06:25:58-04:56","Motorist Overtaking - Misjudged Space",321232,2009,"O: No Injury","Farms, Woods, Pastures","50-59",59,"No","31-35 mph","O: No Injury","Black","Male","Pickup","No","No","Daylight","Rural (<30% Developed)","2 lanes",2,"Straight - Level","State Secondary Route","Dry","Two-Way, Not Divided","None","No Special Feature","Smooth Asphalt","Coastal","Rural","40 - 45  MPH","Double Yellow Line, No Passing Zone","Clear","No","36.07037, -76.64611",-76.64611,36.07037
"2685",216,217,"Yes","40-49",46,"No","Not Applicable","B: Evident Injury","Travel Lane","White","Male","Durham","Durham","No","01-01-05","2009-05-22","Non-Roadway",12,"Non-Roadway","01-05-01","0001-01-01T07:54:58-04:56","Non-Roadway",410910,2009,"B: Evident Injury","Institutional","40-49",41,"No","0-5 mph","O: No Injury","White","Female","Passenger Car","No","No","Daylight","Urban (>70% Developed)","2 lanes",2,"Straight - Grade","Public Vehicular Area","Dry","Two-Way, Not Divided","None","Driveway, Private","Coarse Asphalt","Piedmont","Urban","20 - 25  MPH","No Control Present","Cloudy","No","36.00432, -78.93957",-78.93957,36.00432
"2686",218,219,"Yes","50-59",51,"No","Facing Traffic","C: Possible Injury","Sidewalk / Crosswalk / Driveway Crossing","Black","Male","Chapel Hill","Orange","No","01-01-05","2009-05-22","Motorist Failed to Yield - Sign-Controlled Intersection",15,"Intersection","01-05-01","0001-01-01T10:35:58-04:56","Motorist Drive Out - Sign-Controlled Intersection",132141,2009,"C: Possible Injury","Commercial","60-69",61,"No","0-5 mph","O: No Injury","White","Female","Passenger Car","No","No","Daylight","Urban (>70% Developed)","2 lanes",2,"Straight - Level","Local Street","Dry","Two-Way, Not Divided","None","T-Intersection","Smooth Asphalt","Piedmont","Urban","20 - 25  MPH","Stop Sign","Clear","No","35.911034, -79.06614",-79.06614,35.911034
"2687",219,220,"Yes","15-Nov",13,"No","With Traffic","B: Evident Injury","Travel Lane","White","Male","Tabor City","Columbus","No","01-01-05","2009-05-22","Bicyclist Left Turn / Merge",17,"Non-Intersection","01-05-01","0001-01-01T12:20:58-04:56","Bicyclist Left Turn - Opposite Direction",311222,2009,"B: Evident Injury","Commercial","60-69",68,"No","41-45 mph","O: No Injury","White","Male","Van","No","No","Daylight","Urban (>70% Developed)","3 lanes",2,"Straight - Level","Local Street","Dry","Two-Way, Divided, Unprotected Median","None","No Special Feature","Coarse Asphalt","Coastal","Rural","40 - 45  MPH","Double Yellow Line, No Passing Zone","Clear","No","34.154327, -78.86451",-78.86451,34.154327
"2688",220,221,"Yes","50-59",50,"No","With Traffic","B: Evident Injury","Travel Lane","White","Female","Pinehurst","Moore","No","01-01-05","2009-05-22","Parallel Paths - Other Circumstances",19,"Intersection","01-05-01","0001-01-01T14:09:58-04:56","Parallel Paths - Other /",111280,2009,"B: Evident Injury","Residential","50-59",50,"No","16-20 mph","O: No Injury","White","Female","Passenger Car","No","No","Daylight","Mixed (30% To 70% Developed)","4 lanes",3,"Straight - Level","US Route","Dry","Two-Way, Not Divided","None","Four-Way Intersection","Smooth Asphalt","Piedmont","Urban","30 - 35  MPH","Stop And Go Signal","Clear","No","35.206585, -79.451",-79.451,35.206585
"2689",223,224,"Yes","20-24",23,"Yes","Facing Traffic","C: Possible Injury","Other","Black","Male","Benson","Johnston","Yes","01-01-03","2009-05-20","Crossing Paths - Other Circumstances",7,"Intersection","01-05-01","0001-01-01T02:38:58-04:56","Signalized Intersection - Other /",182158,2009,"C: Possible Injury","Commercial","40-49",49,"No","0-5 mph","O: No Injury","Black","Male","Passenger Car","No","No","Daylight","Mixed (30% To 70% Developed)","2 lanes",2,"Straight - Level","Local Street","Dry","Two-Way, Not Divided","None","Four-Way Intersection","Smooth Asphalt","Coastal","Rural","30 - 35  MPH","Stop And Go Signal","Clear","No","35.380676, -78.54679",-78.54679,35.380676
"2690",226,227,"No","20-24",21,"No","Facing Traffic","C: Possible Injury","Travel Lane","Black","Female","Charlotte","Mecklenburg","No","01-01-04","2009-05-21","Crossing Paths - Other Circumstances",19,"Intersection","01-05-01","0001-01-01T14:12:58-04:56","Signalized Intersection - Other /",112158,2009,"C: Possible Injury","Commercial","20-24",24,"No","0-5 mph","O: No Injury","White","Male","Sport Utility","No","No","Daylight","Urban (>70% Developed)","4 lanes",2,"Straight - Level","Local Street","Dry","Two-Way, Divided, Unprotected Median","None","No Special Feature","Smooth Asphalt","Piedmont","Urban","40 - 45  MPH","Stop And Go Signal","Clear","No","35.087498, -80.85281",-80.85281,35.087498
"2691",230,231,"No","40-49",47,"No","Facing Traffic","B: Evident Injury","Sidewalk / Crosswalk / Driveway Crossing","Black","Male","Charlotte","Mecklenburg","No","01-01-05","2009-05-22","Motorist Failed to Yield - Midblock",17,"Non-Intersection","01-05-01","0001-01-01T12:50:58-04:56","Motorist Drive Out - Other Midblock",332328,2009,"B: Evident Injury","Commercial","",NA,"No","0-5 mph","Injury","/Missing","","Sport Utility","No","Yes","Daylight","Urban (>70% Developed)","",2,"Straight - Grade","US Route","Dry","Two-Way, Not Divided","None","Driveway, Public","Concrete","Piedmont","Urban","5 - 15 MPH","No Control Present","Clear","No","35.247284, -80.81786",-80.81786,35.247284
"2692",243,244,"No","20-24",22,"No","With Traffic","C: Possible Injury","Travel Lane","White","Male","Raleigh","Wake","No","01-01-04","2009-05-21","Motorist Overtaking Bicyclist",2,"Non-Intersection","01-05-01","0000-12-31T21:57:58-04:56","Motorist Overtaking - Other /",311239,2009,"C: Possible Injury","Commercial","",NA,"Missing","31-35 mph","Injury","/Missing","","","No","Yes","Dark - Lighted Roadway","Urban (>70% Developed)","2 lanes",2,"Straight - Level","Local Street","Dry","Two-Way, Not Divided","None","No Special Feature","Smooth Asphalt","Piedmont","Urban","30 - 35  MPH","No Control Present","Clear","Yes","35.78782, -78.66822",-78.66822,35.78782
"2693",245,246,"Yes","50-59",53,"No","With Traffic","C: Possible Injury","Travel Lane","Black","Male","Raleigh","Wake","No","01-01-04","2009-04-23","Crossing Paths - Other Circumstances",17,"Intersection","01-04-01","0001-01-01T12:19:58-04:56","Signalized Intersection - Other /",111158,2009,"C: Possible Injury","Residential","20-24",22,"No","16-20 mph","O: No Injury","Black","Female","Passenger Car","No","No","Daylight","Urban (>70% Developed)","3 lanes",2,"Straight - Level","Local Street","Dry","One-Way, Not Divided","None","No Special Feature","Concrete","Piedmont","Urban","30 - 35  MPH","Stop And Go Signal","Clear","No","35.7808, -78.62826",-78.62826,35.7808
"2694",252,253,"No","0-5",5,"No","Facing Traffic","B: Evident Injury","Sidewalk / Crosswalk / Driveway Crossing","Black","Male","Edenton","Chowan","No","01-01-07","2009-05-31","Motorist Failed to Yield - Midblock",14,"Non-Intersection","01-05-01","0001-01-01T09:38:58-04:56","Motorist Drive Out - Commercial Driveway / Alley",332322,2009,"B: Evident Injury","Residential","20-24",24,"No","","O: No Injury","Black","Female","Van","No","No","Daylight","Mixed (30% To 70% Developed)","2 lanes",2,"Straight - Level","Local Street","Dry","Two-Way, Divided, Unprotected Median","None","No Special Feature","Coarse Asphalt","Coastal","Urban","20 - 25  MPH","Stop Sign","Clear","No","36.063137, -76.60346",-76.60346,36.063137
"2695",260,261,"Yes","50-59",55,"No","Facing Traffic","C: Possible Injury","Sidewalk / Crosswalk / Driveway Crossing","Black","Male","Winston-Salem","Forsyth","No","01-01-04","2009-06-04","Motorist Failed to Yield - Midblock",7,"Non-Intersection","01-06-01","0001-01-01T02:57:58-04:56","Motorist Drive Out - Commercial Driveway / Alley",332322,2009,"C: Possible Injury","Commercial","60-69",66,"No","0-5 mph","O: No Injury","White","Male","Passenger Car","No","No","Daylight","Urban (>70% Developed)","6 lanes",2,"Straight - Level","Local Street","Dry","Two-Way, Divided, Positive Median Barrier","None","Driveway, Public","Smooth Asphalt","Piedmont","Urban","40 - 45  MPH","No Control Present","Cloudy","No","36.071663, -80.258026",-80.258026,36.071663
"2696",265,266,"No","16-19",19,"No","With Traffic","B: Evident Injury","Travel Lane","White","Male","Raleigh","Wake","No","01-01-02","2009-06-02","Crossing Paths - Other Circumstances",11,"Intersection","01-06-01","0001-01-01T06:22:58-04:56","Crossing Paths - Intersection - Other /",111180,2009,"B: Evident Injury","Farms, Woods, Pastures","25-29",27,"No","0-5 mph","O: No Injury","Asian","Male","Passenger Car","No","No","Daylight","Mixed (30% To 70% Developed)","2 lanes",2,"Straight - Level","Local Street","Dry","Two-Way, Not Divided","None","T-Intersection","Smooth Asphalt","Piedmont","Urban","20 - 25  MPH","Stop Sign","Clear","No","35.784924, -78.67577",-78.67577,35.784924