"","FID","OBJECTID","AmbulanceR","BikeAge_Gr","Bike_Age","Bike_Alc_D","Bike_Dir","Bike_Injur","Bike_Pos","Bike_Race","Bike_Sex","City","County","CrashAlcoh","CrashDay","Crash_Date","Crash_Grp","Crash_Hour","Crash_Loc","Crash_Mont","Crash_Time","Crash_Type","Crash_Ty_1","Crash_Year","Crsh_Sevri","Developmen","DrvrAge_Gr","Drvr_Age","Drvr_Alc_D","Drvr_EstSp","Drvr_Injur","Drvr_Race","Drvr_Sex","Drvr_VehTy","ExcsSpdInd","Hit_Run","Light_Cond","Locality","Num_Lanes","Num_Units","Rd_Charact","Rd_Class","Rd_Conditi","Rd_Config","Rd_Defects","Rd_Feature","Rd_Surface","Region","Rural_Urba","Speed_Limi","Traff_Cntr","Weather","Workzone_I","Location","locx","locy"
"2697",268,269,"Yes","30-39",38,"No","With Traffic","B: Evident Injury","Travel Lane","Native American","Male","None - Rural Crash","Robeson","No","01-01-06","2009-06-20","Motorist Overtaking Bicyclist",22,"Non-Intersection","01-06-01","0001-01-01T17:20:58-04:56","Motorist Overtaking - Misjudged Space",311232,2009,"B: Evident Injury","Farms, Woods, Pastures","40-49",40,"No","51-55 mph","O: No Injury","White","Male","Pickup","No","No","Dark - Roadway Not Lighted","Rural (<30% Developed)","2 lanes",2,"Straight - Level","NC Route","Dry","Two-Way, Not Divided","None","No Special Feature","Coarse Asphalt","Coastal","Rural","50 - 55  MPH","No Control Present","Clear","No","34.770634, -79.20444",-79.20444,34.770634
"2698",271,272,"No","25-29",25,"No","With Traffic","B: Evident Injury","Travel Lane","White","Female","None - Rural Crash","Hyde","Yes","","2009-06-01","Motorist Left Turn / Merge",22,"Intersection","01-06-01","0001-01-01T17:10:58-04:56","Motorist Left Turn - Opposite Direction",111212,2009,"B: Evident Injury","Residential","30-39",39,"Yes","6-10 mph","O: No Injury","White","Male","Passenger Car","No","No","Dark - Roadway Not Lighted","Mixed (30% To 70% Developed)","2 lanes",2,"Straight - Level","NC Route","Dry","Two-Way, Not Divided","None","T-Intersection","Smooth Asphalt","Coastal","Rural","20 - 25  MPH","Stop Sign","Clear","No","35.11083, -75.97992",-75.97992,35.11083
"2699",274,275,"Yes","25-29",29,"No","With Traffic","B: Evident Injury","Travel Lane","White","Male","None - Rural Crash","Dare","No","01-01-04","2009-06-04","Motorist Overtaking Bicyclist",17,"Non-Intersection","01-06-01","0001-01-01T12:58:58-04:56","Motorist Overtaking - Other /",311239,2009,"B: Evident Injury","Farms, Woods, Pastures","20-24",22,"No","31-35 mph","O: No Injury","White","Male","Pickup","No","No","Daylight","Rural (<30% Developed)","2 lanes",2,"Curve - Grade","NC Route","Dry","Two-Way, Not Divided","None","No Special Feature","Smooth Asphalt","Coastal","Rural","40 - 45  MPH","Double Yellow Line, No Passing Zone","Clear","No","35.8678, -75.64972",-75.64972,35.8678
"2700",286,287,"Yes","15-Nov",15,"No","With Traffic","C: Possible Injury","Travel Lane","White","Male","None - Rural Crash","Cleveland","No","","2009-06-29","Bicyclist Failed to Yield - Sign-Controlled Intersection",18,"Intersection","01-06-01","0001-01-01T13:22:58-04:56","Bicyclist Ride Through - Sign-Controlled Intersection",111144,2009,"C: Possible Injury","Residential","20-24",21,"No","31-35 mph","O: No Injury","White","Female","Passenger Car","No","No","Daylight","Mixed (30% To 70% Developed)","2 lanes",2,"Straight - Level","State Secondary Route","Dry","Two-Way, Not Divided","None","T-Intersection","Coarse Asphalt","Mountains","Rural","30 - 35  MPH","Stop Sign","Clear","No","35.33841, -81.51293",-81.51293,35.33841
"2701",322,323,"Yes","30-39",38,"No","With Traffic","A: Disabling Injury","Travel Lane","White","Male","Wilmington","New Hanover","No","01-01-03","2010-05-26","Crossing Paths - Other Circumstances",22,"Intersection","01-05-01","0001-01-01T17:27:58-04:56","Signalized Intersection - Other /",0,2010,"A: Disabling Injury","Commercial","0-19",18,"No","41-45 mph","O: No Injury","White","Male","Passenger Car","No","No","Dark - Lighted Roadway","Urban (>70% Developed)","7 lanes",2,"Straight - Level","Local Street","Wet","Two-Way, Divided, Positive Median Barrier","None","No Special Feature","Smooth Asphalt","Coastal","Urban","40 - 45  MPH","Stop And Go Signal","Cloudy","No","34.23642, -77.87267",-77.87267,34.23642
"2702",332,333,"Yes","30-39",38,"No","Facing Traffic","B: Evident Injury","Sidewalk / Crosswalk / Driveway Crossing","White","Male","Charlotte","Mecklenburg","No","01-01-04","2010-05-27","Motorist Failed to Yield - Signalized Intersection",12,"Intersection","01-05-01","0001-01-01T07:49:58-04:56","Motorist Drive Out - Right Turn on Red",0,2010,"B: Evident Injury","Commercial","60-69",63,"No","6-10 mph","O: No Injury","White","Male","Passenger Car","No","No","Daylight","Urban (>70% Developed)","3 lanes",2,"Straight - Grade","Local Street","Dry","Two-Way, Not Divided","None","Four-Way Intersection","Smooth Asphalt","Piedmont","Urban","30 - 35  MPH","Stop And Go Signal","Clear","No","35.16874, -80.85061",-80.85061,35.16874
"2703",335,336,"Yes","40-49",47,"No","With Traffic","A: Disabling Injury","Travel Lane","White","Male","None - Rural Crash","Cabarrus","No","01-01-03","2010-05-19","Head-On",19,"Non-Intersection","01-05-01","0001-01-01T14:35:58-04:56","Head-On - Motorist",0,2010,"A: Disabling Injury","Residential","20-24",21,"No","51-55 mph","O: No Injury","White","Male","","No","Yes","Daylight","Rural (<30% Developed)","2 lanes",7,"Straight - Grade","State Secondary Route","Dry","Two-Way, Not Divided","None","Driveway, Private","Smooth Asphalt","Piedmont","Rural","50 - 55  MPH","Double Yellow Line, No Passing Zone","Clear","No","35.475925, -80.371414",-80.371414,35.475925
"2704",336,337,"Yes","50-59",53,"No","Not Applicable","B: Evident Injury","Bike Lane / Paved Shoulder","White","Male","Charlotte","Mecklenburg","No","01-01-04","2010-05-27","Crossing Paths - Other Circumstances",17,"Intersection","01-05-01","0001-01-01T13:01:58-04:56","Crossing Paths - Intersection - Other /",0,2010,"B: Evident Injury","Residential","30-39",35,"No","11-15 mph","O: No Injury","White","Female","Passenger Car","No","No","Daylight","Urban (>70% Developed)","2 lanes",2,"Straight - Level","Local Street","Dry","Two-Way, Not Divided","None","No Special Feature","Smooth Asphalt","Piedmont","Urban","30 - 35  MPH","No Control Present","Clear","No","35.12698, -80.84903",-80.84903,35.12698
"2705",339,340,"No","10-Jun",7,"No","With Traffic","O: No Injury","Travel Lane","Black","Male","Charlotte","Mecklenburg","No","01-01-06","2010-05-29","Loss of Control / Turning Error",12,"Non-Intersection","01-05-01","0001-01-01T07:55:58-04:56","Motorist Lost Control - Oversteering, Improper Braking, Speed",0,2010,"O: No Injury","Residential","",NA,"Missing","46-50 mph","Injury","/Missing","","Passenger Car","Yes","Yes","Daylight","Urban (>70% Developed)","2 lanes",3,"Curve - Grade","Local Street","Dry","Two-Way, Not Divided","None","No Special Feature","Smooth Asphalt","Piedmont","Urban","30 - 35  MPH","No Control Present","Cloudy","No","35.23104, -80.87843",-80.87843,35.23104
"2706",340,341,"Yes","40-49",45,"Yes","With Traffic","B: Evident Injury","Travel Lane","White","Male","Shelby","Cleveland","Yes","01-01-07","2010-05-30","Motorist Overtaking Bicyclist",21,"Non-Intersection","01-05-01","0001-01-01T16:26:58-04:56","Motorist Overtaking - Undetected Bicyclist",0,2010,"B: Evident Injury","Residential","30-39",33,"Yes","16-20 mph","O: No Injury","White","Male","Passenger Car","No","No","Dark - Lighted Roadway","Urban (>70% Developed)","2 lanes",2,"Straight - Grade","State Secondary Route","Dry","Two-Way, Not Divided","None","No Special Feature","Smooth Asphalt","Mountains","Urban","30 - 35  MPH","No Control Present","Clear","No","35.264584, -81.47558",-81.47558,35.264584
"2707",349,350,"Yes","50-59",59,"No","With Traffic","B: Evident Injury","Travel Lane","White","Male","Charlotte","Mecklenburg","No","01-01-02","2010-06-01","Crossing Paths - Other Circumstances",18,"Intersection","01-06-01","0001-01-01T13:23:58-04:56","Sign-Controlled Intersection - Other /",0,2010,"B: Evident Injury","Residential","",NA,"Missing","16-20 mph","Injury","/Missing","","","No","Yes","Daylight","Urban (>70% Developed)","4 lanes",2,"Straight - Level","Local Street","Dry","Two-Way, Not Divided","None","Four-Way Intersection","Smooth Asphalt","Piedmont","Urban","30 - 35  MPH","Stop Sign","Cloudy","No","35.221603, -80.81058",-80.81058,35.221603
"2708",356,357,"No","30-39",33,"No","Not Applicable","B: Evident Injury","Sidewalk / Crosswalk / Driveway Crossing","Black","Male","High Point","Guilford","No","01-01-03","2010-06-09","Backing Vehicle",14,"Intersection","01-06-01","0001-01-01T09:38:58-04:56","Backing Vehicle",0,2010,"B: Evident Injury","Institutional","70+",NA,"No","","O: No Injury","White","Male","Pickup","No","No","Daylight","Urban (>70% Developed)","4 lanes",2,"Straight - Level","Local Street","Dry","Two-Way, Divided, Positive Median Barrier","None","Related To Intersection","Smooth Asphalt","Piedmont","Urban","40 - 45  MPH","Stop And Go Signal","Clear","No","35.979347, -79.99625",-79.99625,35.979347
"2709",358,359,"Yes","50-59",51,"No","With Traffic","C: Possible Injury","Bike Lane / Paved Shoulder","White","Female","Durham","Durham","No","","2010-06-21","Motorist Left Turn / Merge",18,"Intersection","01-06-01","0001-01-01T13:41:58-04:56","Motorist Left Turn - Opposite Direction",0,2010,"C: Possible Injury","Commercial","25-29",27,"No","0-5 mph","O: No Injury","Black","Male","Sport Utility","No","No","Daylight","Urban (>70% Developed)","3 lanes",2,"Straight - Level","Local Street","Dry","Two-Way, Not Divided","None","No Special Feature","Smooth Asphalt","Piedmont","Urban","40 - 45  MPH","No Control Present","Clear","No","35.911633, -78.94339",-78.94339,35.911633
"2710",362,363,"Yes","20-24",21,"No","Facing Traffic","B: Evident Injury","Travel Lane","Black","Male","Fayetteville","Cumberland","No","01-01-03","2010-06-23","Head-On",16,"Non-Intersection","01-06-01","0001-01-01T11:23:58-04:56","Head-On - Bicyclist",0,2010,"B: Evident Injury","Residential","30-39",33,"No","41-45 mph","O: No Injury","Black","Female","Passenger Car","No","No","Daylight","Urban (>70% Developed)","4 lanes",2,"Straight - Level","Local Street","Dry","Two-Way, Not Divided","None","No Special Feature","Coarse Asphalt","Coastal","Urban","40 - 45  MPH","No Control Present","Clear","No","35.084946, -78.883095",-78.883095,35.084946
"2711",364,365,"No","",NA,"Missing","With Traffic","Injury","Travel Lane","/Missing","","Kannapolis","Rowan","No","01-01-06","2010-06-05","Bicyclist Overtaking Motorist",17,"Non-Intersection","01-06-01","0001-01-01T12:10:58-04:56","Bicyclist Overtaking - Parked Vehicle",0,2010,"Injury","Residential","",NA,"Missing","","Injury","/Missing","","","No","Yes","Daylight","Urban (>70% Developed)","2 lanes",2,"Straight - Grade","Local Street","Dry","Two-Way, Not Divided","None","No Special Feature","Smooth Asphalt","Piedmont","Urban","30 - 35  MPH","No Control Present","Cloudy","No","35.50934, -80.62393",-80.62393,35.50934
"2712",365,366,"Yes","30-39",31,"No","Facing Traffic","C: Possible Injury","Travel Lane","White","Female","Greensboro","Guilford","No","","2010-06-07","Motorist Failed to Yield - Sign-Controlled Intersection",17,"Intersection","01-06-01","0001-01-01T12:11:58-04:56","Motorist Drive Out - Sign-Controlled Intersection",0,2010,"C: Possible Injury","Residential","40-49",48,"No","0-5 mph","O: No Injury","Black","Male","Passenger Car","No","No","Daylight","Urban (>70% Developed)","5 lanes",2,"Straight - Level","Local Street","Dry","Two-Way, Divided, Positive Median Barrier","None","No Special Feature","Smooth Asphalt","Piedmont","Urban","30 - 35  MPH","Stop Sign","Clear","No","36.089703, -79.82724",-79.82724,36.089703
"2713",368,369,"Yes","30-39",32,"No","With Traffic","B: Evident Injury","Travel Lane","White","Male","High Point","Guilford","No","01-01-04","2010-06-17","Motorist Overtaking Bicyclist",17,"Intersection-Related","01-06-01","0001-01-01T12:04:58-04:56","Motorist Overtaking - Other /",0,2010,"B: Evident Injury","Commercial","",NA,"Missing","31-35 mph","Injury","/Missing","","Passenger Car","No","Yes","Daylight","Urban (>70% Developed)","4 lanes",2,"Straight - Grade","Local Street","Dry","Two-Way, Not Divided","None","No Special Feature","Smooth Asphalt","Piedmont","Urban","30 - 35  MPH","No Control Present","Clear","No","35.94415, -80.023445",-80.023445,35.94415
"2714",373,374,"No","40-49",40,"No","With Traffic","O: No Injury","Travel Lane","White","Male","Charlotte","Mecklenburg","No","01-01-07","2010-06-06","Other / Unusual Circumstances",11,"Intersection","01-06-01","0001-01-01T06:34:58-04:56","Motorist Intentionally Caused",0,2010,"O: No Injury","Commercial","",NA,"Missing","6-10 mph","Injury","/Missing","","","No","Yes","Daylight","Urban (>70% Developed)","2 lanes",2,"Straight - Level","Local Street","Dry","Two-Way, Divided, Positive Median Barrier","None","Four-Way Intersection","Smooth Asphalt","Piedmont","Urban","40 - 45  MPH","Stop And Go Signal","Clear","No","35.087543, -80.811775",-80.811775,35.087543
"2715",383,384,"No","",NA,"Missing","Facing Traffic","Injury","","/Missing","","Charlotte","Mecklenburg","No","01-01-03","2010-06-16","Crossing Paths - Other Circumstances",15,"Intersection","01-06-01","0001-01-01T10:53:58-04:56","Crossing Paths - Uncontrolled Intersection",0,2010,"O: No Injury","Residential","20-24",21,"No","0-5 mph","O: No Injury","Hispanic","Male","Passenger Car","No","No","Daylight","Urban (>70% Developed)","2 lanes",2,"Straight - Level","Local Street","Dry","Two-Way, Not Divided","None","No Special Feature","Smooth Asphalt","Piedmont","Urban","20 - 25  MPH","No Control Present","Clear","No","35.228058, -80.738976",-80.738976,35.228058
"2716",401,402,"Yes","16-19",17,"No","With Traffic","B: Evident Injury","Travel Lane","Hispanic","Male","Raleigh","Wake","No","01-01-05","2010-05-28","Bicyclist Left Turn / Merge",19,"Intersection-Related","01-05-01","0001-01-01T14:33:58-04:56","Bicyclist Left Turn - Same Direction",0,2010,"B: Evident Injury","Residential","",NA,"Missing","31-35 mph","Injury","/Missing","","","No","Yes","Daylight","Urban (>70% Developed)","2 lanes",2,"Straight - Level","Local Street","Dry","Two-Way, Not Divided","None","No Special Feature","Smooth Asphalt","Piedmont","Urban","30 - 35  MPH","No Control Present","Clear","No","35.779186, -78.61789",-78.61789,35.779186
"2717",404,405,"Yes","30-39",33,"No","With Traffic","B: Evident Injury","Travel Lane","Native American","Male","Raleigh","Wake","No","01-01-02","2010-06-01","Bicyclist Failed to Yield - Signalized Intersection",17,"Intersection","01-06-01","0001-01-01T12:04:58-04:56","Bicyclist Ride Through - Signalized Intersection",0,2010,"B: Evident Injury","Residential","50-59",58,"No","6-10 mph","O: No Injury","White","Male","Passenger Car","No","No","Daylight","Urban (>70% Developed)","9 or more lanes",2,"Straight - Bottom","Local Street","Wet","Two-Way, Divided, Positive Median Barrier","Road Surface Condition","No Special Feature","Smooth Asphalt","Piedmont","Urban","30 - 35  MPH","Stop And Go Signal","Rain","No","35.79572, -78.65298",-78.65298,35.79572
"2718",408,409,"Yes","25-29",28,"No","With Traffic","C: Possible Injury","Travel Lane","Black","Male","Charlotte","Mecklenburg","No","01-01-02","2010-06-22","Bicyclist Failed to Yield - Sign-Controlled Intersection",11,"Intersection","01-06-01","0001-01-01T06:52:58-04:56","Bicyclist Ride Through - Sign-Controlled Intersection",0,2010,"C: Possible Injury","Commercial","25-29",28,"No","21-25 mph","O: No Injury","Black","Female","Passenger Car","No","No","Daylight","Urban (>70% Developed)","3 lanes",2,"Curve - Bottom","Local Street","Dry","Two-Way, Not Divided","None","No Special Feature","Smooth Asphalt","Piedmont","Urban","30 - 35  MPH","Stop Sign","Clear","No","35.237503, -80.89051",-80.89051,35.237503
"2719",413,414,"Yes","20-24",22,"No","Facing Traffic","C: Possible Injury","Sidewalk / Crosswalk / Driveway Crossing","White","Male","Wilmington","New Hanover","No","01-01-04","2010-06-24","Motorist Failed to Yield - Midblock",8,"Non-Intersection","01-06-01","0001-01-01T03:48:58-04:56","Motorist Drive Out - Commercial Driveway / Alley",0,2010,"C: Possible Injury","Residential","20-24",21,"No","0-5 mph","O: No Injury","White","Female","Passenger Car","No","No","Daylight","Urban (>70% Developed)","5 lanes",2,"Straight - Level","Local Street","Dry","Two-Way, Not Divided","None","No Special Feature","Coarse Asphalt","Coastal","Urban","20 - 25  MPH","No Control Present","Clear","No","34.23327, -77.870346",-77.870346,34.23327
"2720",422,423,"Yes","60-69",60,"No","Facing Traffic","B: Evident Injury","Travel Lane","Black","Male","Asheville","Buncombe","No","01-01-04","2010-07-01","Head-On",10,"Non-Intersection","01-07-01","0001-01-01T05:36:58-04:56","Head-On - Bicyclist",0,2010,"B: Evident Injury","Commercial","40-49",43,"No","0-5 mph","O: No Injury","White","Male","Sport Utility","No","No","Daylight","Urban (>70% Developed)","5 lanes",2,"Straight - Level","Local Street","Dry","Two-Way, Not Divided","None","No Special Feature","Smooth Asphalt","Mountains","Urban","40 - 45  MPH","Double Yellow Line, No Passing Zone","Clear","No","35.588806, -82.550644",-82.550644,35.588806
"2721",428,429,"Yes","16-19",17,"No","Facing Traffic","B: Evident Injury","Travel Lane","White","Female","None - Rural Crash","Martin","No","01-01-05","2010-07-16","Head-On",16,"Non-Intersection","01-07-01","0001-01-01T11:53:58-04:56","Head-On - Bicyclist",0,2010,"B: Evident Injury","Farms, Woods, Pastures","60-69",61,"No","16-20 mph","O: No Injury","White","Female","Van","No","No","Daylight","Rural (<30% Developed)","2 lanes",2,"Straight - Level","State Secondary Route","Dry","Two-Way, Not Divided","None","T-Intersection","Smooth Asphalt","Coastal","Rural","50 - 55  MPH","Yield Sign","Clear","No","35.77877, -77.11418",-77.11418,35.77877
"2722",430,431,"Yes","15-Nov",15,"No","Not Applicable","B: Evident Injury","Non-Roadway","Black","Male","High Point","Guilford","No","01-01-02","2010-07-06","Non-Roadway",15,"Non-Roadway","01-07-01","0001-01-01T10:09:58-04:56","Non-Roadway",0,2010,"B: Evident Injury","Commercial","70+",NA,"No","16-20 mph","O: No Injury","Black","Female","Pickup","No","No","Daylight","Urban (>70% Developed)","",2,"Straight - Level","Public Vehicular Area","Dry","Two-Way, Not Divided","None","Driveway, Public","Smooth Asphalt","Piedmont","Urban","5 - 15 MPH","No Control Present","Clear","No","35.98165, -79.978165",-79.978165,35.98165
"2723",432,433,"Yes","30-39",35,"No","With Traffic","B: Evident Injury","Travel Lane","White","Male","Holly Springs","Wake","No","01-01-07","2010-07-11","Motorist Right Turn / Merge",13,"Intersection","01-07-01","0001-01-01T09:01:58-04:56","Motorist Right Turn - Same Direction",0,2010,"B: Evident Injury","Residential","",NA,"No","31-35 mph","Injury","/Missing","","Sport Utility","No","Yes","Daylight","Urban (>70% Developed)","2 lanes",2,"Straight - Level","Local Street","Dry","Two-Way, Not Divided","None","No Special Feature","Coarse Asphalt","Piedmont","Urban","30 - 35  MPH","No Control Present","Clear","No","35.63168, -78.85611",-78.85611,35.63168
"2724",436,437,"Yes","10-Jun",6,"No","Not Applicable","O: No Injury","Driveway / Alley","Black","Male","Durham","Durham","No","01-01-05","2010-06-04","Bicyclist Failed to Yield - Midblock",20,"Non-Intersection","01-06-01","0001-01-01T15:20:58-04:56","Bicyclist Ride Out - Residential Driveway",0,2010,"O: No Injury","Residential","0-19",17,"No","21-25 mph","O: No Injury","Black","Male","Passenger Car","No","No","Dusk","Urban (>70% Developed)","2 lanes",2,"Straight - Level","Local Street","Dry","Two-Way, Not Divided","None","No Special Feature","Coarse Asphalt","Piedmont","Urban","20 - 25  MPH","No Control Present","Clear","No","36.01932, -78.851746",-78.851746,36.01932
"2725",437,438,"Yes","10-Jun",10,"No","With Traffic","B: Evident Injury","Bike Lane / Paved Shoulder","White","Female","Charlotte","Mecklenburg","No","01-01-02","2010-06-29","Motorist Overtaking Bicyclist",18,"Non-Intersection","01-06-01","0001-01-01T13:07:58-04:56","Motorist Overtaking - Bicyclist Swerved",0,2010,"B: Evident Injury","Residential","50-59",59,"No","41-45 mph","O: No Injury","Black","Female","Passenger Car","No","No","Daylight","Urban (>70% Developed)","2 lanes",2,"Straight - Level","Local Street","Dry","Two-Way, Not Divided","None","No Special Feature","Smooth Asphalt","Piedmont","Urban","40 - 45  MPH","No Control Present","Cloudy","No","35.160103, -80.95166",-80.95166,35.160103
"2726",447,448,"Yes","60-69",61,"No","Facing Traffic","B: Evident Injury","Travel Lane","Black","Male","Durham","Durham","No","01-01-05","2010-07-23","Motorist Failed to Yield - Signalized Intersection",20,"Intersection","01-07-01","0001-01-01T15:27:58-04:56","Motorist Drive Out - Right Turn on Red",0,2010,"B: Evident Injury","Commercial","25-29",25,"No","26-30 mph","O: No Injury","Hispanic","Male","Pickup","No","No","Dark - Roadway Not Lighted","Urban (>70% Developed)","4 lanes",2,"Straight - Bottom","Local Street","Dry","Two-Way, Divided, Unprotected Median","None","Four-Way Intersection","Smooth Asphalt","Piedmont","Urban","30 - 35  MPH","Stop And Go Signal","Clear","No","35.986145, -78.89868",-78.89868,35.986145
"2727",448,449,"No","20-24",21,"No","Facing Traffic","C: Possible Injury","Sidewalk / Crosswalk / Driveway Crossing","White","Male","Raleigh","Wake","No","01-01-05","2010-07-02","Motorist Failed to Yield - Sign-Controlled Intersection",19,"Intersection-Related","01-07-01","0001-01-01T14:18:58-04:56","Motorist Drive Out - Sign-Controlled Intersection",0,2010,"C: Possible Injury","Residential","30-39",32,"No","6-10 mph","O: No Injury","Black","Female","Passenger Car","No","No","Daylight","Urban (>70% Developed)","4 lanes",2,"Straight - Level","Local Street","Dry","Two-Way, Divided, Unprotected Median","None","Four-Way Intersection","Coarse Asphalt","Piedmont","Urban","30 - 35  MPH","Stop Sign","Clear","No","35.783493, -78.656685",-78.656685,35.783493
"2728",458,459,"Yes","15-Nov",15,"No","With Traffic","B: Evident Injury","Travel Lane","White","Male","None - Rural Crash","Pasquotank","No","01-01-02","2010-07-27","Bicyclist Left Turn / Merge",9,"Non-Intersection","01-07-01","0001-01-01T04:38:58-04:56","Bicyclist Left Turn - Same Direction",0,2010,"B: Evident Injury","Residential","0-19",18,"No","41-45 mph","O: No Injury","White","Male","Passenger Car","No","No","Daylight","Mixed (30% To 70% Developed)","2 lanes",2,"Straight - Level","State Secondary Route","Dry","Two-Way, Not Divided","None","No Special Feature","Smooth Asphalt","Coastal","Rural","40 - 45  MPH","Double Yellow Line, No Passing Zone","Clear","No","36.27996, -76.26013",-76.26013,36.27996
"2729",463,464,"Yes","15-Nov",14,"No","With Traffic","A: Disabling Injury","Travel Lane","Black","Male","None - Rural Crash","Durham","No","01-01-03","2010-07-28","Bicyclist Failed to Yield - Sign-Controlled Intersection",16,"Intersection","01-07-01","0001-01-01T11:53:58-04:56","Bicyclist Ride Through - Sign-Controlled Intersection",0,2010,"A: Disabling Injury","Residential","30-39",34,"No","31-35 mph","O: No Injury","White","Male","Sport Utility","No","No","Daylight","Mixed (30% To 70% Developed)","2 lanes",2,"Straight - Level","State Secondary Route","Dry","Two-Way, Not Divided","None","Four-Way Intersection","Smooth Asphalt","Piedmont","Rural","30 - 35  MPH","Stop Sign","Clear","No","36.141495, -78.96489",-78.96489,36.141495
"2730",469,470,"Yes","40-49",47,"No","With Traffic","B: Evident Injury","Travel Lane","White","Male","None - Rural Crash","Johnston","No","01-01-05","2010-07-30","Motorist Overtaking Bicyclist",19,"Non-Intersection","01-07-01","0001-01-01T14:49:58-04:56","Motorist Overtaking - Other /",0,2010,"B: Evident Injury","Farms, Woods, Pastures","",NA,"Missing","46-50 mph","Injury","/Missing","","","No","Yes","Daylight","Rural (<30% Developed)","2 lanes",2,"Straight - Level","State Secondary Route","Dry","Two-Way, Not Divided","None","No Special Feature","Coarse Asphalt","Coastal","Rural","40 - 45  MPH","Double Yellow Line, No Passing Zone","Clear","No","35.524525, -78.63152",-78.63152,35.524525
"2731",473,474,"Yes","50-59",59,"No","Facing Traffic","K: Killed","Travel Lane","White","Male","None - Rural Crash","Davie","No","01-01-06","2010-07-31","Motorist Overtaking Bicyclist",18,"Non-Intersection","01-07-01","0001-01-01T13:24:58-04:56","Motorist Overtaking - Other /",0,2010,"K: Killed","Farms, Woods, Pastures","30-39",30,"No","46-50 mph","O: No Injury","White","Male","Pickup","No","No","Daylight","Rural (<30% Developed)","2 lanes",2,"Curve - Level","US Route","Dry","Two-Way, Not Divided","None","No Special Feature","Smooth Asphalt","Piedmont","Rural","50 - 55  MPH","Double Yellow Line, No Passing Zone","Cloudy","No","35.952137, -80.60873",-80.60873,35.952137
"2732",484,485,"Yes","50-59",56,"No","With Traffic","C: Possible Injury","Sidewalk / Crosswalk / Driveway Crossing","White","Male","Greensboro","Guilford","No","01-01-03","2010-07-21","Motorist Overtaking Bicyclist",15,"Intersection","01-07-01","0001-01-01T10:41:58-04:56","Motorist Overtaking - Other /",0,2010,"C: Possible Injury","Commercial","25-29",26,"No","6-10 mph","O: No Injury","Black","Male","Pickup","No","No","Daylight","Mixed (30% To 70% Developed)","5 lanes",2,"Straight - Level","Local Street","Dry","Two-Way, Not Divided","None","Related To Intersection","Smooth Asphalt","Piedmont","Urban","40 - 45  MPH","Stop And Go Signal","Clear","No","36.071404, -79.777954",-79.777954,36.071404
"2733",493,494,"Yes","60-69",66,"No","With Traffic","C: Possible Injury","Sidewalk / Crosswalk / Driveway Crossing","Black","Male","Wilmington","New Hanover","No","01-01-03","2010-07-21","Motorist Left Turn / Merge",17,"Intersection","01-07-01","0001-01-01T12:03:58-04:56","Motorist Left Turn - Opposite Direction",0,2010,"C: Possible Injury","Residential","25-29",25,"No","11-15 mph","O: No Injury","White","Male","Passenger Car","No","No","Daylight","Urban (>70% Developed)","2 lanes",2,"Straight - Level","Local Street","Dry","Two-Way, Not Divided","None","No Special Feature","Smooth Asphalt","Coastal","Urban","20 - 25  MPH","No Control Present","Clear","No","34.23737, -77.92319",-77.92319,34.23737
"2734",495,496,"Yes","50-59",52,"No","With Traffic","B: Evident Injury","Bike Lane / Paved Shoulder","White","Male","None - Rural Crash","Wake","No","01-01-04","2010-08-05","Motorist Overtaking Bicyclist",20,"Non-Intersection","01-08-01","0001-01-01T15:49:58-04:56","Motorist Overtaking - Misjudged Space",0,2010,"B: Evident Injury","Farms, Woods, Pastures","",NA,"No","51-55 mph","Injury","/Missing","","Sport Utility","No","Yes","Dusk","Rural (<30% Developed)","2 lanes",2,"Straight - Grade","NC Route","Wet","Two-Way, Not Divided","None","No Special Feature","Smooth Asphalt","Piedmont","Rural","50 - 55  MPH","Double Yellow Line, No Passing Zone","Rain","No","35.588936, -78.64131",-78.64131,35.588936
"2735",496,497,"No","40-49",41,"No","With Traffic","C: Possible Injury","Travel Lane","White","Male","None - Rural Crash","Wake","No","01-01-04","2010-08-05","Motorist Right Turn / Merge",18,"Intersection","01-08-01","0001-01-01T13:33:58-04:56","Motorist Right Turn - Same Direction",0,2010,"C: Possible Injury","Residential","25-29",25,"No","16-20 mph","O: No Injury","White","Male","Passenger Car","No","Yes","Daylight","Rural (<30% Developed)","2 lanes",2,"Straight - Level","State Secondary Route","Dry","Two-Way, Not Divided","None","Four-Way Intersection","Smooth Asphalt","Piedmont","Rural","50 - 55  MPH","Stop Sign","Cloudy","No","35.737293, -78.44435",-78.44435,35.737293
"2736",499,500,"No","40-49",43,"No","Facing Traffic","C: Possible Injury","Sidewalk / Crosswalk / Driveway Crossing","Black","Male","Charlotte","Mecklenburg","No","01-01-02","2010-07-27","Motorist Failed to Yield - Midblock",17,"Non-Intersection","01-07-01","0001-01-01T12:13:58-04:56","Motorist Drive Out - Commercial Driveway / Alley",0,2010,"C: Possible Injury","Commercial","50-59",50,"No","6-10 mph","O: No Injury","White","Male","Van","No","No","Daylight","Urban (>70% Developed)","",2,"Straight - Level","Public Vehicular Area","Wet","Two-Way, Not Divided","None","No Special Feature","Smooth Asphalt","Piedmont","Urban","5 - 15 MPH","No Control Present","Cloudy","No","35.265244, -80.816574",-80.816574,35.265244