"","FID","OBJECTID","AmbulanceR","BikeAge_Gr","Bike_Age","Bike_Alc_D","Bike_Dir","Bike_Injur","Bike_Pos","Bike_Race","Bike_Sex","City","County","CrashAlcoh","CrashDay","Crash_Date","Crash_Grp","Crash_Hour","Crash_Loc","Crash_Mont","Crash_Time","Crash_Type","Crash_Ty_1","Crash_Year","Crsh_Sevri","Developmen","DrvrAge_Gr","Drvr_Age","Drvr_Alc_D","Drvr_EstSp","Drvr_Injur","Drvr_Race","Drvr_Sex","Drvr_VehTy","ExcsSpdInd","Hit_Run","Light_Cond","Locality","Num_Lanes","Num_Units","Rd_Charact","Rd_Class","Rd_Conditi","Rd_Config","Rd_Defects","Rd_Feature","Rd_Surface","Region","Rural_Urba","Speed_Limi","Traff_Cntr","Weather","Workzone_I","Location","locx","locy"
"2737",505,506,"Yes","50-59",51,"No","With Traffic","B: Evident Injury","Travel Lane","White","Male","Salisbury","Rowan","No","01-01-07","2010-08-08","Motorist Overtaking Bicyclist",22,"Non-Intersection","01-08-01","0001-01-01T17:34:58-04:56","Motorist Overtaking - Other /",0,2010,"B: Evident Injury","Commercial","50-59",50,"No","31-35 mph","O: No Injury","White","Male","Pickup","No","No","Dark - Lighted Roadway","Urban (>70% Developed)","4 lanes",2,"Straight - Hillcrest","Local Street","Dry","Two-Way, Divided, Unprotected Median","None","Bridge","Concrete","Piedmont","Urban","40 - 45  MPH","No Control Present","Clear","No","35.64241, -80.48073",-80.48073,35.64241
"2738",510,511,"Yes","20-24",21,"No","With Traffic","C: Possible Injury","Sidewalk / Crosswalk / Driveway Crossing","Black","Female","Raleigh","Wake","No","01-01-02","2010-07-20","Motorist Failed to Yield - Midblock",17,"Non-Intersection","01-07-01","0001-01-01T12:14:58-04:56","Motorist Drive Out - Commercial Driveway / Alley",0,2010,"C: Possible Injury","Commercial","",NA,"Missing","6-10 mph","Injury","/Missing","","","No","Yes","Daylight","Urban (>70% Developed)","2 lanes",2,"Straight - Level","Local Street","Dry","One-Way, Not Divided","None","No Special Feature","Smooth Asphalt","Piedmont","Urban","5 - 15 MPH","No Control Present","Clear","No","35.778873, -78.638115",-78.638115,35.778873
"2739",516,517,"Yes","60-69",62,"No","Facing Traffic","B: Evident Injury","Multi-use Path","White","Male","Emerald Isle","Carteret","No","01-01-05","2010-07-09","Motorist Failed to Yield - Signalized Intersection",13,"Intersection","01-07-01","0001-01-01T08:55:58-04:56","Motorist Drive Out - Right Turn on Red",0,2010,"B: Evident Injury","Commercial","40-49",40,"No","0-5 mph","O: No Injury","White","Male","Sport Utility","No","No","Daylight","Urban (>70% Developed)","9 or more lanes",2,"Straight - Level","Local Street","Dry","Two-Way, Not Divided","None","Four-Way Intersection","Smooth Asphalt","Coastal","Rural","20 - 25  MPH","Stop And Go Signal","Clear","No","34.664825, -77.034874",-77.034874,34.664825
"2740",520,521,"Yes","25-29",25,"No","With Traffic","C: Possible Injury","Travel Lane","White","Male","Hendersonville","Henderson","No","01-01-05","2010-07-02","Bicyclist Left Turn / Merge",15,"Intersection","01-07-01","0001-01-01T10:31:58-04:56","Bicyclist Left Turn - Same Direction",0,2010,"C: Possible Injury","Commercial","50-59",59,"No","21-25 mph","O: No Injury","White","Female","Passenger Car","No","No","Daylight","Urban (>70% Developed)","2 lanes",2,"Straight - Level","Local Street","Dry","Two-Way, Not Divided","None","No Special Feature","Smooth Asphalt","Mountains","Urban","20 - 25  MPH","No Control Present","Clear","No","35.313725, -82.45714",-82.45714,35.313725
"2741",522,523,"No","30-39",36,"No","Facing Traffic","B: Evident Injury","Sidewalk / Crosswalk / Driveway Crossing","White","Male","Greensboro","Guilford","No","","2010-08-02","Motorist Failed to Yield - Midblock",10,"Non-Intersection","01-08-01","0001-01-01T05:03:58-04:56","Motorist Drive Out - Residential Driveway",0,2010,"B: Evident Injury","Residential","70+",NA,"No","6-10 mph","O: No Injury","White","Female","Passenger Car","No","No","Daylight","Urban (>70% Developed)","4 lanes",2,"Straight - Level","Private Road, Driveway","Dry","Two-Way, Divided, Unprotected Median","None","Driveway, Private","Concrete","Piedmont","Urban","","No Control Present","Cloudy","No","36.090694, -79.85553",-79.85553,36.090694
"2742",525,526,"Yes","40-49",49,"No","","B: Evident Injury","Travel Lane","White","Male","Carolina Beach","New Hanover","No","01-01-06","2010-07-10","Crossing Paths - Other Circumstances",15,"Intersection","01-07-01","0001-01-01T11:00:58-04:56","Crossing Paths - Intersection - Other /",0,2010,"B: Evident Injury","Commercial","50-59",57,"No","16-20 mph","O: No Injury","White","Female","Van","No","No","Daylight","Urban (>70% Developed)","4 lanes",2,"Straight - Level","US Route","Dry","Two-Way, Not Divided","None","No Special Feature","Smooth Asphalt","Coastal","Urban","20 - 25  MPH","No Control Present","Cloudy","No","34.03767, -77.89397",-77.89397,34.03767
"2743",526,527,"Yes","50-59",50,"No","Facing Traffic","B: Evident Injury","Sidewalk / Crosswalk / Driveway Crossing","White","Male","Wake Forest","Wake","No","01-01-02","2010-07-06","Motorist Failed to Yield - Midblock",17,"Non-Intersection","01-07-01","0001-01-01T12:41:58-04:56","Motorist Drive Out - Midblock -",0,2010,"B: Evident Injury","Commercial","40-49",46,"No","0-5 mph","O: No Injury","White","Male","Sport Utility","No","No","Daylight","Urban (>70% Developed)","4 lanes",2,"Straight - Level","US Route","Dry","Two-Way, Divided, Unprotected Median","None","No Special Feature","Smooth Asphalt","Piedmont","Urban","50 - 55  MPH","No Control Present","Clear","No","35.921146, -78.544365",-78.544365,35.921146
"2744",532,533,"No","30-39",37,"No","With Traffic","B: Evident Injury","Travel Lane","White","Male","None - Rural Crash","Durham","No","01-01-05","2010-08-13","Motorist Failed to Yield - Sign-Controlled Intersection",18,"Intersection","01-08-01","0001-01-01T13:03:58-04:56","Motorist Drive Out - Sign-Controlled Intersection",0,2010,"B: Evident Injury","Farms, Woods, Pastures","70+",NA,"No","0-5 mph","O: No Injury","White","Male","Sport Utility","No","No","Daylight","Rural (<30% Developed)","2 lanes",2,"Curve - Grade","State Secondary Route","Dry","Two-Way, Not Divided","None","Four-Way Intersection","Coarse Asphalt","Piedmont","Rural","40 - 45  MPH","Stop Sign","Clear","No","36.01005, -78.99004",-78.99004,36.01005
"2745",536,537,"Yes","30-39",38,"No","With Traffic","O: No Injury","Travel Lane","Black","Male","Smithfield","Johnston","No","01-01-03","2010-08-04","Bicyclist Failed to Yield - Sign-Controlled Intersection",15,"Intersection","01-08-01","0001-01-01T10:26:58-04:56","Bicyclist Ride Out - Sign-Controlled Intersection",0,2010,"O: No Injury","Commercial","50-59",57,"No","31-35 mph","O: No Injury","White","Male","Pickup","No","No","Daylight","Rural (<30% Developed)","5 lanes",2,"Straight - Level","US Route","Dry","Two-Way, Not Divided","None","T-Intersection","Grooved Concrete","Coastal","Urban","30 - 35  MPH","Stop Sign","Clear","No","35.516544, -78.322495",-78.322495,35.516544
"2746",541,542,"No","15-Nov",11,"No","Facing Traffic","C: Possible Injury","Travel Lane","White","Male","Gastonia","Gaston","No","","2010-08-02","Head-On",15,"Non-Intersection","01-08-01","0001-01-01T10:09:58-04:56","Head-On - Bicyclist",0,2010,"C: Possible Injury","Residential","50-59",53,"No","11-15 mph","O: No Injury","Black","Male","Passenger Car","No","No","Daylight","Urban (>70% Developed)","2 lanes",2,"Straight - Grade","Local Street","Dry","Two-Way, Not Divided","None","No Special Feature","Smooth Asphalt","Piedmont","Urban","30 - 35  MPH","No Control Present","Cloudy","No","35.22131, -81.214325",-81.214325,35.22131
"2747",542,543,"No","16-19",18,"No","Facing Traffic","C: Possible Injury","Travel Lane","Black","Male","Greensboro","Guilford","No","01-01-02","2010-08-03","Motorist Failed to Yield - Midblock",18,"Non-Intersection","01-08-01","0001-01-01T13:06:58-04:56","Motorist Drive Out - Commercial Driveway / Alley",0,2010,"C: Possible Injury","Commercial","",NA,"Missing","0-5 mph","Injury","/Missing","","","No","Yes","Daylight","Urban (>70% Developed)","4 lanes",2,"Straight - Level","Local Street","Dry","Two-Way, Not Divided","None","T-Intersection","Smooth Asphalt","Piedmont","Urban","","No Control Present","Clear","No","36.076534, -79.75651",-79.75651,36.076534
"2748",544,545,"Yes","40-49",48,"Yes","With Traffic","A: Disabling Injury","Travel Lane","Black","Male","Rocky Mount","Edgecombe","Yes","","2010-06-07","Bicyclist Failed to Yield - Signalized Intersection",22,"Intersection","01-06-01","0001-01-01T17:49:58-04:56","Bicyclist Ride Through - Signalized Intersection",0,2010,"A: Disabling Injury","Residential","20-24",21,"No","31-35 mph","O: No Injury","Black","Female","Passenger Car","No","No","Dark - Lighted Roadway","Urban (>70% Developed)","4 lanes",3,"Straight - Level","Local Street","Dry","Two-Way, Not Divided","None","Four-Way Intersection","Grooved Concrete","Coastal","Urban","30 - 35  MPH","Stop And Go Signal","Clear","No","35.948654, -77.786095",-77.786095,35.948654
"2749",547,548,"Yes","50-59",52,"No","With Traffic","B: Evident Injury","Travel Lane","White","Male","None - Rural Crash","Durham","No","01-01-02","2010-08-17","Motorist Overtaking Bicyclist",7,"Non-Intersection","01-08-01","0001-01-01T02:20:58-04:56","Motorist Overtaking - Misjudged Space",0,2010,"B: Evident Injury","Farms, Woods, Pastures","40-49",49,"No","41-45 mph","O: No Injury","White","Male","Passenger Car","No","No","Daylight","Rural (<30% Developed)","2 lanes",2,"Straight - Hillcrest","State Secondary Route","Dry","Two-Way, Not Divided","Other","No Special Feature","Smooth Asphalt","Piedmont","Rural","40 - 45  MPH","Double Yellow Line, No Passing Zone","Clear","No","36.22539, -78.90293",-78.90293,36.22539
"2750",552,553,"No","30-39",30,"No","With Traffic","B: Evident Injury","Travel Lane","White","Male","None - Rural Crash","Guilford","No","01-01-06","2010-08-07","Bicyclist Overtaking Motorist",12,"Non-Intersection","01-08-01","0001-01-01T07:48:58-04:56","Bicyclist Overtaking - Other /",0,2010,"B: Evident Injury","Residential","",NA,"Missing","","Injury","/Missing","","Van","No","No","Daylight","Mixed (30% To 70% Developed)","2 lanes",3,"Straight - Level","State Secondary Route","Dry","Two-Way, Not Divided","None","Related To Intersection","Smooth Asphalt","Piedmont","Rural","40 - 45  MPH","Double Yellow Line, No Passing Zone","Clear","No","36.075817, -79.99516",-79.99516,36.075817
"2751",555,556,"Yes","40-49",40,"No","Facing Traffic","B: Evident Injury","Sidewalk / Crosswalk / Driveway Crossing","White","Female","Wilmington","New Hanover","No","01-01-06","2010-07-31","Motorist Failed to Yield - Sign-Controlled Intersection",17,"Intersection","01-07-01","0001-01-01T13:02:58-04:56","Motorist Drive Out - Sign-Controlled Intersection",0,2010,"B: Evident Injury","Commercial","70+",NA,"No","0-5 mph","O: No Injury","White","Male","Passenger Car","No","No","Daylight","Urban (>70% Developed)","2 lanes",2,"Straight - Level","Local Street","Dry","Two-Way, Not Divided","None","T-Intersection","Smooth Asphalt","Coastal","Urban","20 - 25  MPH","Stop Sign","Clear","No","34.251755, -77.82649",-77.82649,34.251755
"2752",562,563,"No","40-49",44,"No","With Traffic","B: Evident Injury","Travel Lane","White","Male","None - Rural Crash","Harnett","No","01-01-02","2010-08-17","Motorist Failed to Yield - Sign-Controlled Intersection",8,"Intersection","01-08-01","0001-01-01T03:42:58-04:56","Motorist Drive Out - Sign-Controlled Intersection",0,2010,"B: Evident Injury","Institutional","0-19",17,"No","11-15 mph","O: No Injury","White","Female","Passenger Car","No","No","Daylight","Rural (<30% Developed)","2 lanes",3,"Straight - Level","State Secondary Route","Dry","Two-Way, Not Divided","None","No Special Feature","Smooth Asphalt","Coastal","Rural","50 - 55  MPH","Stop Sign","Clear","No","35.460594, -78.77848",-78.77848,35.460594
"2753",570,571,"No","0-5",4,"No","Not Applicable","C: Possible Injury","Non-Roadway","Black","Female","Greensboro","Guilford","No","","2010-08-09","Non-Roadway",19,"Non-Roadway","01-08-01","0001-01-01T14:03:58-04:56","Non-Roadway",0,2010,"C: Possible Injury","Residential","60-69",62,"No","6-10 mph","O: No Injury","Black","Female","Passenger Car","No","No","Daylight","Urban (>70% Developed)","",2,"Straight - Level","Public Vehicular Area","Dry","","None","Driveway, Public","Coarse Asphalt","Piedmont","Urban","5 - 15 MPH","No Control Present","Clear","No","36.065228, -79.76195",-79.76195,36.065228
"2754",580,581,"No","40-49",40,"No","With Traffic","B: Evident Injury","Travel Lane","White","Male","None - Rural Crash","Wake","No","","2010-08-16","Loss of Control / Turning Error",9,"Intersection-Related","01-08-01","0001-01-01T04:48:58-04:56","Motorist Lost Control - Other /",0,2010,"B: Evident Injury","Commercial","30-39",39,"No","26-30 mph","O: No Injury","White","Male","Light Truck (Mini-Van, Panel)","No","No","Daylight","Urban (>70% Developed)","",2,"Curve - Hillcrest","Local Street","Dry","Two-Way, Not Divided","None","No Special Feature","Smooth Asphalt","Piedmont","Rural","20 - 25  MPH","Stop And Go Signal","Clear","No","35.771698, -78.65276",-78.65276,35.771698
"2755",600,601,"Yes","16-19",19,"No","","B: Evident Injury","Travel Lane","Hispanic","Male","Fayetteville","Cumberland","No","01-01-04","2010-08-19","Crossing Paths - Other Circumstances",14,"Intersection","01-08-01","0001-01-01T09:18:58-04:56","Signalized Intersection - Other /",0,2010,"B: Evident Injury","Farms, Woods, Pastures","30-39",31,"No","36-40 mph","O: No Injury","White","Female","Pickup","No","No","Daylight","Urban (>70% Developed)","7 lanes",2,"Straight - Level","Local Street","Dry","Two-Way, Divided, Positive Median Barrier","None","No Special Feature","Smooth Asphalt","Coastal","Urban","40 - 45  MPH","Stop And Go Signal","Clear","No","35.04461, -78.934006",-78.934006,35.04461
"2756",606,607,"Yes","10-Jun",8,"No","With Traffic","C: Possible Injury","Travel Lane","White","Female","None - Rural Crash","Guilford","No","","2010-08-16","Backing Vehicle",14,"Intersection-Related","01-08-01","0001-01-01T09:24:58-04:56","Backing Vehicle",0,2010,"C: Possible Injury","Farms, Woods, Pastures","0-19",18,"No","0-5 mph","O: No Injury","White","Female","Passenger Car","No","No","Daylight","Mixed (30% To 70% Developed)","2 lanes",2,"Straight - Level","State Secondary Route","Dry","Two-Way, Not Divided","None","No Special Feature","Coarse Asphalt","Piedmont","Rural","30 - 35  MPH","Other","Clear","No","36.145813, -79.65233",-79.65233,36.145813
"2757",614,615,"Yes","25-29",26,"No","Not Applicable","B: Evident Injury","Multi-use Path","White","Female","None - Rural Crash","Durham","No","01-01-03","2010-09-01","Non-Roadway",8,"Non-Roadway","01-09-01","0001-01-01T03:46:58-04:56","Non-Roadway",0,2010,"B: Evident Injury","Farms, Woods, Pastures","40-49",47,"No","0-5 mph","O: No Injury","White","Male","Passenger Car","No","No","Daylight","Rural (<30% Developed)","2 lanes",3,"Straight - Level","State Secondary Route","Dry","Two-Way, Not Divided","None","Driveway, Private","Smooth Asphalt","Piedmont","Rural","30 - 35  MPH","Stop And Go Signal","Clear","No","35.8891, -78.88066",-78.88066,35.8891
"2758",617,618,"Yes","10-Jun",10,"No","Facing Traffic","C: Possible Injury","Travel Lane","Black","Male","Charlotte","Mecklenburg","No","01-01-05","2010-08-27","Bicyclist Failed to Yield - Sign-Controlled Intersection",18,"Intersection","01-08-01","0001-01-01T13:18:58-04:56","Bicyclist Ride Through - Sign-Controlled Intersection",0,2010,"C: Possible Injury","Residential","30-39",37,"No","11-15 mph","O: No Injury","Asian","Female","Light Truck (Mini-Van, Panel)","No","No","Daylight","Urban (>70% Developed)","2 lanes",2,"Straight - Level","Local Street","Dry","Two-Way, Not Divided","None","No Special Feature","Smooth Asphalt","Piedmont","Urban","30 - 35  MPH","Stop Sign","Clear","No","35.31459, -80.95956",-80.95956,35.31459
"2759",620,621,"Yes","20-24",24,"No","With Traffic","C: Possible Injury","Travel Lane","White","Female","Greensboro","Guilford","No","","2010-08-23","Motorist Right Turn / Merge",17,"Intersection","01-08-01","0001-01-01T12:05:58-04:56","Motorist Right Turn - Same Direction",0,2010,"C: Possible Injury","Commercial","25-29",25,"No","11-15 mph","O: No Injury","White","Female","Passenger Car","No","No","Daylight","Urban (>70% Developed)","",2,"Straight - Level","Local Street","Dry","Two-Way, Not Divided","None","Four-Way Intersection","Smooth Asphalt","Piedmont","Urban","30 - 35  MPH","Stop And Go Signal","Clear","No","36.063725, -79.823845",-79.823845,36.063725
"2760",626,627,"Yes","30-39",30,"No","Facing Traffic","C: Possible Injury","Bike Lane / Paved Shoulder","White","Male","Wilmington","New Hanover","No","01-01-02","2010-08-24","Motorist Failed to Yield - Sign-Controlled Intersection",6,"Intersection","01-08-01","0001-01-01T02:00:58-04:56","Motorist Drive Out - Sign-Controlled Intersection",0,2010,"C: Possible Injury","Residential","50-59",56,"No","0-5 mph","O: No Injury","White","Male","Pickup","No","No","Daylight","Urban (>70% Developed)","6 lanes",2,"Straight - Level","US Route","Dry","Two-Way, Divided, Unprotected Median","None","No Special Feature","Smooth Asphalt","Coastal","Urban","20 - 25  MPH","Stop Sign","Clear","No","34.14818, -77.901215",-77.901215,34.14818
"2761",627,628,"No","15-Nov",11,"No","Not Applicable","O: No Injury","Non-Roadway","Black","Male","Wilson","Wilson","No","01-01-03","2010-08-25","Loss of Control / Turning Error",17,"Intersection-Related","01-08-01","0001-01-01T12:33:58-04:56","Bicyclist Lost Control - Mechanical Problems",0,2010,"O: No Injury","Residential","50-59",56,"No","26-30 mph","O: No Injury","Black","Male","Passenger Car","No","No","Daylight","Urban (>70% Developed)","2 lanes",2,"Straight - Level","Local Street","Dry","Two-Way, Not Divided","None","No Special Feature","Coarse Asphalt","Coastal","Urban","30 - 35  MPH","No Control Present","Cloudy","No","35.732006, -77.89527",-77.89527,35.732006
"2762",634,635,"Yes","40-49",46,"Yes","Facing Traffic","B: Evident Injury","Travel Lane","Black","Male","Burlington","Alamance","Yes","01-01-04","2010-09-02","Bicyclist Failed to Yield - Signalized Intersection",13,"Intersection-Related","01-09-01","0001-01-01T08:09:58-04:56","Bicyclist Ride Through - Signalized Intersection",0,2010,"B: Evident Injury","Commercial","50-59",50,"No","21-25 mph","O: No Injury","White","Male","Passenger Car","No","No","Daylight","Urban (>70% Developed)","4 lanes",2,"Straight - Level","NC Route","Dry","Two-Way, Not Divided","None","T-Intersection","Smooth Asphalt","Piedmont","Urban","30 - 35  MPH","Stop And Go Signal","Clear","No","36.088802, -79.43039",-79.43039,36.088802
"2763",635,636,"No","16-19",19,"No","With Traffic","B: Evident Injury","Travel Lane","White","Male","Chapel Hill","Orange","No","01-01-03","2010-08-25","Motorist Left Turn / Merge",19,"Intersection","01-08-01","0001-01-01T14:28:58-04:56","Motorist Left Turn - Opposite Direction",0,2010,"B: Evident Injury","Institutional","20-24",21,"No","0-5 mph","O: No Injury","White","Male","Sport Utility","No","No","Daylight","Urban (>70% Developed)","2 lanes",2,"Straight - Grade","Local Street","Dry","Two-Way, Not Divided","None","No Special Feature","Smooth Asphalt","Piedmont","Urban","20 - 25  MPH","No Control Present","Clear","No","35.912685, -79.04899",-79.04899,35.912685
"2764",642,643,"Yes","15-Nov",15,"No","With Traffic","B: Evident Injury","Travel Lane","Asian","Male","Morganton","Burke","No","01-01-07","2010-09-05","Bicyclist Left Turn / Merge",13,"Non-Intersection","01-09-01","0001-01-01T08:22:58-04:56","Bicyclist Left Turn - Same Direction",0,2010,"B: Evident Injury","Commercial","40-49",48,"No","16-20 mph","O: No Injury","White","Male","Pickup","No","No","Daylight","Urban (>70% Developed)","2 lanes",2,"Curve - Hillcrest","Local Street","Dry","Two-Way, Not Divided","None","No Special Feature","Smooth Asphalt","Mountains","Urban","40 - 45  MPH","No Control Present","Clear","No","35.724472, -81.743774",-81.743774,35.724472
"2765",651,652,"Yes","40-49",42,"Yes","With Traffic","C: Possible Injury","Travel Lane","Native American","Male","None - Rural Crash","Robeson","Yes","","2010-09-13","Motorist Overtaking Bicyclist",19,"Non-Intersection","01-09-01","0001-01-01T15:01:58-04:56","Motorist Overtaking - Bicyclist Swerved",0,2010,"C: Possible Injury","Residential","25-29",28,"No","41-45 mph","O: No Injury","Native American","Male","Passenger Car","No","No","Dark - Roadway Not Lighted","Rural (<30% Developed)","2 lanes",2,"Straight - Level","NC Route","Dry","Two-Way, Not Divided","None","No Special Feature","Coarse Asphalt","Coastal","Rural","50 - 55  MPH","Double Yellow Line, No Passing Zone","Clear","No","34.702023, -79.150764",-79.150764,34.702023
"2766",656,657,"Yes","25-29",29,"No","With Traffic","B: Evident Injury","Travel Lane","White","Male","Durham","Durham","No","","2010-09-13","Motorist Left Turn / Merge",18,"Intersection","01-09-01","0001-01-01T13:15:58-04:56","Motorist Left Turn - Opposite Direction",0,2010,"B: Evident Injury","Commercial","40-49",43,"No","6-10 mph","C: Possible Injury","Black","Male","Motorcycle","No","No","Daylight","Urban (>70% Developed)","5 lanes",2,"Straight - Grade","Local Street","Dry","Two-Way, Divided, Unprotected Median","None","Four-Way Intersection","Smooth Asphalt","Piedmont","Urban","20 - 25  MPH","Stop And Go Signal","Clear","No","35.963642, -78.907455",-78.907455,35.963642
"2767",657,658,"No","30-39",37,"No","Facing Traffic","C: Possible Injury","Travel Lane","White","Male","Wilmington","New Hanover","No","","2010-08-30","Motorist Failed to Yield - Midblock",18,"Non-Intersection","01-08-01","0001-01-01T13:06:58-04:56","Motorist Drive Out - Midblock -",0,2010,"C: Possible Injury","Commercial","40-49",43,"No","0-5 mph","O: No Injury","White","Female","Passenger Car","No","No","Daylight","Urban (>70% Developed)","4 lanes",2,"Straight - Level","Public Vehicular Area","Dry","Two-Way, Not Divided","None","No Special Feature","Smooth Asphalt","Coastal","Urban","30 - 35  MPH","No Control Present","Clear","No","34.239086, -77.911026",-77.911026,34.239086
"2768",661,662,"No","16-19",16,"No","Not Applicable","O: No Injury","Non-Roadway","White","Male","Brevard","Transylvania","No","01-01-05","2010-09-03","Non-Roadway",15,"Non-Roadway","01-09-01","0001-01-01T10:13:58-04:56","Non-Roadway",0,2010,"O: No Injury","Institutional","0-19",18,"No","6-10 mph","O: No Injury","Other","Male","Sport Utility","No","No","Daylight","Urban (>70% Developed)","2 lanes",2,"Straight - Level","Public Vehicular Area","Dry","Two-Way, Not Divided","None","No Special Feature","Smooth Asphalt","Mountains","Urban","5 - 15 MPH","No Control Present","Clear","No","35.218315, -82.73537",-82.73537,35.218315
"2769",671,672,"Yes","40-49",41,"No","With Traffic","B: Evident Injury","Travel Lane","White","Male","None - Rural Crash","Caldwell","No","01-01-07","2010-09-19","Motorist Left Turn / Merge",9,"Non-Intersection","01-09-01","0001-01-01T04:35:58-04:56","Motorist Left Turn - Same Direction",0,2010,"B: Evident Injury","Farms, Woods, Pastures","50-59",53,"No","0-5 mph","O: No Injury","White","Male","Motorcycle","No","No","Daylight","Rural (<30% Developed)","2 lanes",2,"Straight - Grade","State Secondary Route","Dry","Two-Way, Not Divided","None","No Special Feature","Smooth Asphalt","Mountains","Rural","50 - 55  MPH","Double Yellow Line, No Passing Zone","Clear","No","36.048573, -81.47328",-81.47328,36.048573
"2770",715,716,"No","16-19",16,"No","Facing Traffic","C: Possible Injury","Sidewalk / Crosswalk / Driveway Crossing","White","Male","Fayetteville","Cumberland","No","01-01-05","2008-09-26","Motorist Failed to Yield - Midblock",13,"Non-Intersection","01-09-01","0001-01-01T08:42:58-04:56","Motorist Drive Out - Commercial Driveway / Alley",332322,2008,"C: Possible Injury","Commercial","",NA,"Missing","","Injury","/Missing","","Passenger Car","No","Yes","Daylight","Urban (>70% Developed)","",2,"Straight - Level","Public Vehicular Area","Dry","Two-Way, Not Divided","None","No Special Feature","Coarse Asphalt","Coastal","Urban","30 - 35  MPH","No Control Present","Cloudy","No","0.0, 0.0",0,0
"2771",717,718,"No","40-49",43,"No","Facing Traffic","C: Possible Injury","Sidewalk / Crosswalk / Driveway Crossing","White","Male","Wilmington","New Hanover","No","01-01-05","2008-08-22","Motorist Failed to Yield - Signalized Intersection",11,"Intersection","01-08-01","0001-01-01T06:31:58-04:56","Motorist Drive Out - Right Turn on Red",132151,2008,"C: Possible Injury","Commercial","",NA,"Missing","","Injury","/Missing","","","No","Yes","Daylight","Urban (>70% Developed)","2 lanes",2,"Straight - Level","Local Street","Wet","Two-Way, Not Divided","None","Four-Way Intersection","Smooth Asphalt","Coastal","Urban","","Stop And Go Signal","Rain","No","0.0, 0.0",0,0
"2772",718,719,"No","16-19",17,"No","Not Applicable","O: No Injury","Non-Roadway","White","Male","Raleigh","Wake","No","01-01-03","2008-07-09","Bicyclist Failed to Yield - Midblock",10,"Non-Intersection","01-07-01","0001-01-01T05:28:58-04:56","Bicyclist Ride Out - Other Midblock",363318,2008,"O: No Injury","Commercial","50-59",52,"No","0-5 mph","O: No Injury","Black","Female","Sport Utility","No","No","Daylight","Urban (>70% Developed)","5 lanes",2,"Straight - Level","Local Street","Dry","Two-Way, Divided, Unprotected Median","None","No Special Feature","Smooth Asphalt","Piedmont","Urban","30 - 35  MPH","No Control Present","Clear","No","0.0, 0.0",0,0
"2773",720,721,"Yes","40-49",49,"No","Facing Traffic","C: Possible Injury","Travel Lane","Hispanic","Male","Raleigh","Wake","No","01-01-05","2008-08-15","Motorist Failed to Yield - Signalized Intersection",14,"Intersection","01-08-01","0001-01-01T09:57:58-04:56","Motorist Drive Out - Right Turn on Red",112151,2008,"C: Possible Injury","Commercial","40-49",49,"No","","O: No Injury","White","Female","Sport Utility","No","No","Daylight","Urban (>70% Developed)","9 or more lanes",2,"Straight - Level","Local Street","Dry","Two-Way, Divided, Unprotected Median","None","Four-Way Intersection","Smooth Asphalt","Piedmont","Urban","40 - 45  MPH","Stop And Go Signal","Clear","No","0.0, 0.0",0,0
"2774",730,731,"Yes","40-49",43,"Yes","Facing Traffic","B: Evident Injury","","Hispanic","Male","Statesville","Iredell","Yes","01-01-07","2008-09-14","Crossing Paths - Other Circumstances",14,"Intersection","01-09-01","0001-01-01T09:45:58-04:56","Signalized Intersection - Other /",192158,2008,"B: Evident Injury","Commercial","30-39",39,"No","31-35 mph","O: No Injury","Hispanic","Male","Passenger Car","No","No","Daylight","Urban (>70% Developed)","3 lanes",2,"Straight - Grade","Local Street","Dry","Two-Way, Not Divided","None","Four-Way Intersection","Smooth Asphalt","Piedmont","Urban","30 - 35  MPH","Stop And Go Signal","Clear","No","0.0, 0.0",0,0
"2775",731,732,"Yes","60-69",62,"No","With Traffic","B: Evident Injury","Travel Lane","Black","Male","Goldsboro","Wayne","No","01-01-03","2008-09-17","Motorist Overtaking Bicyclist",20,"Non-Intersection","01-09-01","0001-01-01T15:30:58-04:56","Motorist Overtaking - Other /",311239,2008,"B: Evident Injury","Commercial","",NA,"No","31-35 mph","Injury","/Missing","","Passenger Car","No","Yes","Dark - Roadway Not Lighted","Urban (>70% Developed)","5 lanes",2,"Straight - Level","Local Street","Dry","Two-Way, Divided, Positive Median Barrier","None","Bridge","Coarse Asphalt","Coastal","Urban","30 - 35  MPH","No Control Present","Clear","No","0.0, 0.0",0,0
"2776",734,735,"No","25-29",25,"No","","B: Evident Injury","Sidewalk / Crosswalk / Driveway Crossing","White","Female","Charlotte","Mecklenburg","No","01-01-07","2008-08-10","Motorist Failed to Yield - Midblock",13,"Non-Intersection","01-08-01","0001-01-01T08:33:58-04:56","Motorist Drive Out - Commercial Driveway / Alley",339322,2008,"B: Evident Injury","Commercial","20-24",22,"No","6-10 mph","O: No Injury","White","Female","Passenger Car","No","No","Daylight","Urban (>70% Developed)","3 lanes",2,"Straight - Hillcrest","Local Street","Dry","One-Way, Not Divided","None","No Special Feature","Smooth Asphalt","Piedmont","Urban","30 - 35  MPH","No Control Present","Clear","No","0.0, 0.0",0,0