"","FID","OBJECTID","AmbulanceR","BikeAge_Gr","Bike_Age","Bike_Alc_D","Bike_Dir","Bike_Injur","Bike_Pos","Bike_Race","Bike_Sex","City","County","CrashAlcoh","CrashDay","Crash_Date","Crash_Grp","Crash_Hour","Crash_Loc","Crash_Mont","Crash_Time","Crash_Type","Crash_Ty_1","Crash_Year","Crsh_Sevri","Developmen","DrvrAge_Gr","Drvr_Age","Drvr_Alc_D","Drvr_EstSp","Drvr_Injur","Drvr_Race","Drvr_Sex","Drvr_VehTy","ExcsSpdInd","Hit_Run","Light_Cond","Locality","Num_Lanes","Num_Units","Rd_Charact","Rd_Class","Rd_Conditi","Rd_Config","Rd_Defects","Rd_Feature","Rd_Surface","Region","Rural_Urba","Speed_Limi","Traff_Cntr","Weather","Workzone_I","Location","locx","locy"
"2820",366,367,"Yes","40-49",48,"No","With Traffic","B: Evident Injury","Travel Lane","White","Male","Charlotte","Mecklenburg","No","01-01-06","2008-06-07","Motorist Failed to Yield - Sign-Controlled Intersection",12,"Intersection","01-06-01","0001-01-01T07:13:58-04:56","Motorist Drive Out - Sign-Controlled Intersection",111141,2008,"B: Evident Injury","Commercial","40-49",49,"No","6-10 mph","O: No Injury","White","Female","Passenger Car","No","No","Daylight","Urban (>70% Developed)","2 lanes",2,"Straight - Level","Local Street","Dry","Two-Way, Not Divided","None","Four-Way Intersection","Smooth Asphalt","Piedmont","Urban","30 - 35  MPH","Stop Sign","Clear","No","0.0, 0.0",0,0
"2821",373,374,"No","50-59",51,"Yes","With Traffic","C: Possible Injury","Travel Lane","White","Male","Greensboro","Guilford","Yes","01-01-04","2008-05-29","Bicyclist Left Turn / Merge",15,"Intersection","01-05-01","0001-01-01T10:56:58-04:56","Bicyclist Left Turn - Opposite Direction",111222,2008,"C: Possible Injury","Institutional","30-39",37,"No","21-25 mph","O: No Injury","White","Female","Pickup","No","No","Daylight","Urban (>70% Developed)","3 lanes",2,"Straight - Bottom","Local Street","Dry","Two-Way, Not Divided","None","Four-Way Intersection","Smooth Asphalt","Piedmont","Urban","30 - 35  MPH","Missing","Clear","No","0.0, 0.0",0,0
"2822",376,377,"Yes","16-19",16,"No","Facing Traffic","B: Evident Injury","Bike Lane / Paved Shoulder","Black","Male","Winston-Salem","Forsyth","No","01-01-04","2008-05-29","Motorist Failed to Yield - Midblock",18,"Non-Intersection","01-05-01","0001-01-01T13:06:58-04:56","Motorist Drive Out - Other Midblock",322328,2008,"B: Evident Injury","Commercial","30-39",35,"No","0-5 mph","O: No Injury","Black","Male","Pickup","No","No","Daylight","Urban (>70% Developed)","4 lanes",2,"Curve - Grade","Local Street","Dry","Two-Way, Divided, Positive Median Barrier","None","No Special Feature","Coarse Asphalt","Piedmont","Urban","30 - 35  MPH","Missing","Clear","No","0.0, 0.0",0,0
"2823",380,381,"No","50-59",50,"No","With Traffic","B: Evident Injury","Travel Lane","White","Male","Lewisville","Forsyth","No","01-01-06","2008-05-31","Motorist Failed to Yield - Midblock",9,"Non-Intersection","01-05-01","0001-01-01T05:00:58-04:56","Motorist Drive Out - Residential Driveway",311321,2008,"B: Evident Injury","Residential","70+",NA,"No","0-5 mph","O: No Injury","White","Female","Passenger Car","No","Yes","Daylight","Mixed (30% To 70% Developed)","2 lanes",3,"Curve - Level","State Secondary Route","Dry","Two-Way, Not Divided","None","No Special Feature","Smooth Asphalt","Piedmont","Urban","30 - 35  MPH","Double Yellow Line, No Passing Zone","Clear","No","0.0, 0.0",0,0
"2824",384,385,"Yes","25-29",28,"No","Not Applicable","B: Evident Injury","Non-Roadway","White","Male","Greensboro","Guilford","No","01-01-06","2008-06-07","Bicyclist Failed to Yield - Midblock",15,"Non-Intersection","01-06-01","0001-01-01T10:12:58-04:56","Bicyclist Ride Out - Commercial Driveway / Alley",363312,2008,"B: Evident Injury","Commercial","30-39",30,"No","31-35 mph","O: No Injury","White","Female","Sport Utility","No","No","Daylight","Urban (>70% Developed)","5 lanes",2,"Straight - Level","Local Street","Dry","Two-Way, Divided, Unprotected Median","None","No Special Feature","Smooth Asphalt","Piedmont","Urban","30 - 35  MPH","Missing","Clear","No","0.0, 0.0",0,0
"2825",386,387,"No","50-59",57,"Yes","Not Applicable","Injury","Non-Roadway","White","Male","Boone","Watauga","Yes","01-01-02","2008-06-03","Non-Roadway",10,"Non-Roadway","01-06-01","0001-01-01T05:46:58-04:56","Non-Roadway",460910,2008,"O: No Injury","Commercial","70+",NA,"No","16-20 mph","O: No Injury","White","Female","Passenger Car","No","No","Daylight","Urban (>70% Developed)","",2,"Straight - Level","Public Vehicular Area","Dry","Two-Way, Not Divided","None","No Special Feature","Smooth Asphalt","Mountains","Urban","","Missing","Clear","No","0.0, 0.0",0,0
"2826",392,393,"Yes","40-49",42,"No","With Traffic","B: Evident Injury","Travel Lane","White","Male","Durham","Durham","No","01-01-07","2008-06-29","Motorist Left Turn / Merge",20,"Intersection","01-06-01","0001-01-01T15:55:58-04:56","Motorist Left Turn - Opposite Direction",111212,2008,"B: Evident Injury","Residential","30-39",36,"No","6-10 mph","O: No Injury","Black","Male","Passenger Car","No","No","Dark - Lighted Roadway","Urban (>70% Developed)","2 lanes",2,"Straight - Level","Local Street","Wet","Two-Way, Not Divided","None","No Special Feature","Concrete","Piedmont","Urban","20 - 25  MPH","Stop Sign","Rain","No","0.0, 0.0",0,0
"2827",402,403,"No","10-Jun",9,"No","","B: Evident Injury","","White","Male","None - Rural Crash","Nash","No","01-01-03","2008-06-18","Bicyclist Failed to Yield - Midblock",14,"Non-Intersection","01-06-01","0001-01-01T09:52:58-04:56","Bicyclist Ride Out - Midblock -",399319,2008,"B: Evident Injury","Farms, Woods, Pastures","60-69",60,"No","51-55 mph","O: No Injury","Black","Male","Passenger Car","No","No","Daylight","Rural (<30% Developed)","2 lanes",2,"Straight - Grade","US Route","Dry","Two-Way, Not Divided","None","No Special Feature","Coarse Asphalt","Coastal","Rural","50 - 55  MPH","Missing","Clear","No","0.0, 0.0",0,0
"2828",410,411,"No","16-19",17,"No","Not Applicable","O: No Injury","Non-Roadway","White","Male","Fuquay-Varina","Wake","No","01-01-03","2008-06-04","Non-Roadway",20,"Non-Roadway","01-06-01","0001-01-01T15:06:58-04:56","Non-Roadway",460910,2008,"O: No Injury","Commercial","25-29",25,"No","6-10 mph","O: No Injury","Black","Female","Passenger Car","No","No","Daylight","Urban (>70% Developed)","",2,"Straight - Level","Public Vehicular Area","Dry","Two-Way, Not Divided","None","No Special Feature","Smooth Asphalt","Piedmont","Urban","20 - 25  MPH","No Control Present","Clear","No","0.0, 0.0",0,0
"2829",414,415,"Yes","15-Nov",13,"No","Not Applicable","A: Disabling Injury","Non-Roadway","Black","Male","Greensboro","Guilford","No","","2008-06-09","Bicyclist Failed to Yield - Sign-Controlled Intersection",9,"Intersection","01-06-01","0001-01-01T04:52:58-04:56","Bicyclist Ride Through - Sign-Controlled Intersection",163144,2008,"A: Disabling Injury","Residential","60-69",61,"No","21-25 mph","O: No Injury","Black","Male","Passenger Car","No","No","Daylight","Urban (>70% Developed)","1 lane",2,"Straight - Level","Local Street","Dry","Two-Way, Not Divided","None","Four-Way Intersection","Coarse Asphalt","Piedmont","Urban","20 - 25  MPH","Stop Sign","Clear","No","0.0, 0.0",0,0
"2830",417,418,"Yes","15-Nov",14,"No","Facing Traffic","B: Evident Injury","Travel Lane","White","Male","None - Rural Crash","Pender","No","01-01-05","2008-06-13","Bicyclist Failed to Yield - Sign-Controlled Intersection",15,"Intersection","01-06-01","0001-01-01T10:18:58-04:56","Bicyclist Ride Out - Sign-Controlled Intersection",112142,2008,"B: Evident Injury","Residential","40-49",41,"No","26-30 mph","O: No Injury","White","Female","Passenger Car","No","No","Daylight","Urban (>70% Developed)","2 lanes",2,"Straight - Level","State Secondary Route","Dry","Two-Way, Not Divided","None","T-Intersection","Smooth Asphalt","Coastal","Rural","30 - 35  MPH","Stop Sign","Clear","No","0.0, 0.0",0,0
"2831",425,426,"Yes","16-19",19,"No","With Traffic","C: Possible Injury","Travel Lane","White","Male","Raleigh","Wake","No","01-01-03","2008-06-18","Motorist Left Turn / Merge",19,"Non-Intersection","01-06-01","0001-01-01T14:46:58-04:56","Motorist Left Turn - Opposite Direction",311212,2008,"C: Possible Injury","Commercial","30-39",35,"No","6-10 mph","O: No Injury","White","Male","Pickup","No","No","Daylight","Urban (>70% Developed)","3 lanes",2,"Straight - Level","Local Street","Dry","Two-Way, Not Divided","None","No Special Feature","Coarse Asphalt","Piedmont","Urban","30 - 35  MPH","No Control Present","Clear","No","0.0, 0.0",0,0
"2832",429,430,"Yes","25-29",25,"No","With Traffic","C: Possible Injury","Travel Lane","White","Male","Sylva","Jackson","No","","2008-06-02","Bicyclist Failed to Yield - Signalized Intersection",18,"Intersection","01-06-01","0001-01-01T13:13:58-04:56","Bicyclist Ride Through - Signalized Intersection",111155,2008,"C: Possible Injury","Commercial","30-39",31,"No","6-10 mph","O: No Injury","White","Male","Pickup","No","No","Daylight","Urban (>70% Developed)","2 lanes",2,"Straight - Level","NC Route","Dry","Two-Way, Not Divided","None","Four-Way Intersection","Coarse Asphalt","Mountains","Rural","20 - 25  MPH","Stop And Go Signal","Clear","No","0.0, 0.0",0,0
"2833",430,431,"Yes","16-19",17,"No","Facing Traffic","B: Evident Injury","Sidewalk / Crosswalk / Driveway Crossing","Hispanic","Male","Charlotte","Mecklenburg","No","01-01-05","2008-06-06","Bicyclist Failed to Yield - Signalized Intersection",20,"Intersection","01-06-01","0001-01-01T15:33:58-04:56","Bicyclist Ride Through - Signalized Intersection",132155,2008,"B: Evident Injury","Residential","70+",NA,"No","0-5 mph","O: No Injury","White","Female","Sport Utility","No","No","Daylight","Urban (>70% Developed)","2 lanes",2,"Straight - Level","Local Street","Dry","Two-Way, Not Divided","None","Four-Way Intersection","Smooth Asphalt","Piedmont","Urban","30 - 35  MPH","Stop And Go Signal","Clear","No","0.0, 0.0",0,0
"2834",433,434,"No","50-59",58,"No","Not Applicable","B: Evident Injury","Driveway / Alley","White","Male","None - Rural Crash","Union","No","","2008-06-16","Bicyclist Failed to Yield - Midblock",8,"Non-Intersection","01-06-01","0001-01-01T03:31:58-04:56","Bicyclist Ride Out - Residential Driveway",353311,2008,"B: Evident Injury","Farms, Woods, Pastures","40-49",44,"No","0-5 mph","O: No Injury","White","Female","Passenger Car","No","No","Daylight","Rural (<30% Developed)","2 lanes",2,"Straight - Level","State Secondary Route","Dry","Two-Way, Not Divided","None","Driveway, Private","Smooth Asphalt","Piedmont","Rural","50 - 55  MPH","No Control Present","Clear","No","0.0, 0.0",0,0
"2835",442,443,"No","16-19",18,"No","Not Applicable","O: No Injury","Non-Roadway","White","Male","None - Rural Crash","Chatham","No","01-01-04","2008-07-17","Non-Roadway",17,"Non-Roadway","01-07-01","0001-01-01T12:38:58-04:56","Non-Roadway",460910,2008,"O: No Injury","Commercial","30-39",36,"No","11-15 mph","O: No Injury","White","Female","Van","No","No","Daylight","Rural (<30% Developed)","",2,"Straight - Level","Public Vehicular Area","Dry","Two-Way, Not Divided","None","No Special Feature","Smooth Asphalt","Piedmont","Rural","5 - 15 MPH","No Control Present","Clear","No","0.0, 0.0",0,0
"2836",446,447,"Yes","10-Jun",8,"No","With Traffic","A: Disabling Injury","Travel Lane","Black","Male","Selma","Johnston","No","01-01-02","2008-06-24","Bicyclist Failed to Yield - Sign-Controlled Intersection",13,"Intersection","01-06-01","0001-01-01T08:25:58-04:56","Bicyclist Ride Out - Sign-Controlled Intersection",111142,2008,"A: Disabling Injury","Commercial","60-69",60,"No","31-35 mph","O: No Injury","White","Male","Van","No","No","Daylight","Urban (>70% Developed)","5 lanes",2,"Straight - Level","US Route","Dry","Two-Way, Divided, Unprotected Median","None","Four-Way Intersection","Smooth Asphalt","Coastal","Urban","30 - 35  MPH","Stop Sign","Clear","No","0.0, 0.0",0,0
"2837",454,455,"Yes","16-19",18,"No","With Traffic","K: Killed","Travel Lane","White","Male","Jacksonville","Onslow","Yes","01-01-06","2008-06-21","Motorist Overtaking Bicyclist",23,"Non-Intersection","01-06-01","0001-01-01T18:35:58-04:56","Motorist Overtaking - Undetected Bicyclist",311231,2008,"K: Killed","Commercial","20-24",23,"Yes","56-60 mph","O: No Injury","Hispanic","Male","Passenger Car","No","Yes","Dark - Roadway Not Lighted","Urban (>70% Developed)","6 lanes",3,"Straight - Level","NC Route","Dry","Two-Way, Divided, Positive Median Barrier","None","Bridge Approach","Coarse Asphalt","Coastal","Urban","50 - 55  MPH","No Control Present","Clear","No","0.0, 0.0",0,0
"2838",457,458,"Yes","16-19",18,"No","With Traffic","C: Possible Injury","Sidewalk / Crosswalk / Driveway Crossing","White","Male","Gastonia","Gaston","No","01-01-03","2008-06-25","Parallel Paths - Other Circumstances",12,"Non-Intersection","01-06-01","0001-01-01T07:12:58-04:56","Bicyclist Ride Out - Parallel Path",331225,2008,"C: Possible Injury","Residential","70+",NA,"No","36-40 mph","O: No Injury","White","Female","Passenger Car","No","No","Daylight","Urban (>70% Developed)","5 lanes",2,"Straight - Grade","Local Street","Dry","Two-Way, Not Divided","None","No Special Feature","Coarse Asphalt","Piedmont","Urban","40 - 45  MPH","No Control Present","Clear","No","0.0, 0.0",0,0
"2839",464,465,"No","25-29",28,"No","With Traffic","B: Evident Injury","Bike Lane / Paved Shoulder","White","Male","Charlotte","Mecklenburg","No","","2008-07-07","Motorist Right Turn / Merge",7,"Non-Intersection","01-07-01","0001-01-01T02:27:58-04:56","Motorist Right Turn - Same Direction",321213,2008,"B: Evident Injury","Commercial","40-49",46,"No","31-35 mph","O: No Injury","Black","Male","Passenger Car","No","No","Daylight","Urban (>70% Developed)","2 lanes",2,"Straight - Level","Local Street","Dry","Two-Way, Divided, Unprotected Median","None","No Special Feature","Smooth Asphalt","Piedmont","Urban","30 - 35  MPH","No Control Present","Cloudy","No","0.0, 0.0",0,0
"2840",466,467,"No","60-69",66,"No","With Traffic","C: Possible Injury","Travel Lane","White","Male","None - Rural Crash","Davidson","No","","2008-06-30","Motorist Failed to Yield - Signalized Intersection",10,"Intersection","01-06-01","0001-01-01T05:14:58-04:56","Motorist Drive Through - Signalized Intersection",111154,2008,"C: Possible Injury","Institutional","30-39",32,"No","11-15 mph","O: No Injury","Hispanic","Female","Passenger Car","No","No","Daylight","Mixed (30% To 70% Developed)","4 lanes",2,"Straight - Level","NC Route","Dry","Two-Way, Divided, Unprotected Median","None","Four-Way Intersection","Smooth Asphalt","Piedmont","Rural","50 - 55  MPH","Stop And Go Signal","Clear","No","0.0, 0.0",0,0
"2841",468,469,"No","40-49",45,"No","With Traffic","C: Possible Injury","Travel Lane","White","Female","None - Rural Crash","Guilford","No","","2008-06-30","Motorist Failed to Yield - Sign-Controlled Intersection",11,"Intersection","01-06-01","0001-01-01T06:38:58-04:56","Motorist Drive Out - Sign-Controlled Intersection",111141,2008,"C: Possible Injury","Commercial","30-39",39,"No","11-15 mph","O: No Injury","White","Male","Passenger Car","No","No","Daylight","Urban (>70% Developed)","4 lanes",2,"Straight - Grade","Local Street","Dry","Two-Way, Divided, Unprotected Median","None","Four-Way Intersection","Smooth Asphalt","Piedmont","Rural","30 - 35  MPH","Stop Sign","Clear","No","0.0, 0.0",0,0
"2842",470,471,"No","10-Jun",10,"No","With Traffic","C: Possible Injury","Travel Lane","White","Male","None - Rural Crash","Caldwell","No","01-01-02","2008-07-01","Bicyclist Failed to Yield - Sign-Controlled Intersection",18,"Intersection","01-07-01","0001-01-01T13:24:58-04:56","Bicyclist Ride Through - Sign-Controlled Intersection",111144,2008,"C: Possible Injury","Residential","20-24",23,"No","11-15 mph","O: No Injury","White","Female","Passenger Car","No","No","Daylight","Mixed (30% To 70% Developed)","2 lanes",2,"Straight - Grade","State Secondary Route","Dry","Two-Way, Not Divided","None","Four-Way Intersection","Smooth Asphalt","Mountains","Rural","20 - 25  MPH","Stop Sign","Clear","No","0.0, 0.0",0,0
"2843",472,473,"Yes","40-49",47,"No","With Traffic","C: Possible Injury","Travel Lane","Black","Male","Greensboro","Guilford","No","01-01-06","2008-06-28","Motorist Failed to Yield - Sign-Controlled Intersection",17,"Intersection","01-06-01","0001-01-01T12:03:58-04:56","Motorist Drive Out - Sign-Controlled Intersection",111141,2008,"C: Possible Injury","Residential","70+",NA,"No","16-20 mph","O: No Injury","White","Female","Passenger Car","No","No","Daylight","Urban (>70% Developed)","5 lanes",2,"Straight - Level","Local Street","Dry","Two-Way, Not Divided","None","No Special Feature","Smooth Asphalt","Piedmont","Urban","30 - 35  MPH","No Control Present","Clear","No","0.0, 0.0",0,0
"2844",473,474,"Yes","50-59",59,"No","Facing Traffic","C: Possible Injury","Travel Lane","White","Female","None - Rural Crash","Cumberland","No","","2008-05-26","Head-On",21,"Non-Intersection","01-05-01","0001-01-01T16:13:58-04:56","Head-On - Bicyclist",312250,2008,"C: Possible Injury","Residential","25-29",25,"No","41-45 mph","O: No Injury","White","Female","Passenger Car","No","No","Dark - Roadway Not Lighted","Mixed (30% To 70% Developed)","2 lanes",2,"Straight - Level","State Secondary Route","Dry","Two-Way, Not Divided","None","No Special Feature","Smooth Asphalt","Coastal","Rural","40 - 45  MPH","Double Yellow Line, No Passing Zone","Clear","No","0.0, 0.0",0,0
"2845",476,477,"Yes","40-49",46,"No","Facing Traffic","C: Possible Injury","Sidewalk / Crosswalk / Driveway Crossing","Black","Male","Gastonia","Gaston","No","01-01-05","2008-06-27","Motorist Failed to Yield - Signalized Intersection",8,"Intersection","01-06-01","0001-01-01T03:35:58-04:56","Motorist Drive Out - Signalized Intersection",132152,2008,"C: Possible Injury","Commercial","30-39",30,"No","","O: No Injury","Black","Female","Passenger Car","No","No","Daylight","Urban (>70% Developed)","2 lanes",2,"Straight - Level","Local Street","Dry","Two-Way, Not Divided","None","Four-Way Intersection","Smooth Asphalt","Piedmont","Urban","30 - 35  MPH","Stop And Go Signal","Clear","No","0.0, 0.0",0,0
"2846",477,478,"Yes","16-19",16,"No","Not Applicable","B: Evident Injury","Non-Roadway","White","Male","Knightdale","Wake","No","01-01-04","2008-07-17","Non-Roadway",13,"Non-Roadway","01-07-01","0001-01-01T08:13:58-04:56","Non-Roadway",460910,2008,"B: Evident Injury","Commercial","70+",NA,"No","11-15 mph","O: No Injury","White","Female","Passenger Car","No","No","Daylight","Urban (>70% Developed)","",2,"Straight - Grade","Public Vehicular Area","Dry","Two-Way, Not Divided","None","Driveway, Public","Coarse Asphalt","Piedmont","Urban","30 - 35  MPH","No Control Present","Clear","No","0.0, 0.0",0,0
"2847",478,479,"Yes","50-59",55,"No","With Traffic","B: Evident Injury","Sidewalk / Crosswalk / Driveway Crossing","White","Male","Wilmington","New Hanover","No","01-01-03","2008-05-21","Motorist Failed to Yield - Midblock",15,"Non-Intersection","01-05-01","0001-01-01T10:59:58-04:56","Motorist Drive Out - Other Midblock",331328,2008,"B: Evident Injury","Residential","50-59",50,"No","0-5 mph","O: No Injury","White","Male","Single Unit Truck (2-Axle, 6-Tire)","No","No","Daylight","Urban (>70% Developed)","4 lanes",2,"Straight - Grade","Local Street","Dry","Two-Way, Not Divided","None","Driveway, Private","Smooth Asphalt","Coastal","Urban","30 - 35  MPH","No Control Present","Clear","No","0.0, 0.0",0,0
"2848",481,482,"Yes","10-Jun",9,"No","Not Applicable","B: Evident Injury","Driveway / Alley","White","Male","None - Rural Crash","Wilkes","No","01-01-04","2008-07-03","Bicyclist Failed to Yield - Midblock",14,"Non-Intersection","01-07-01","0001-01-01T09:33:58-04:56","Bicyclist Ride Out - Residential Driveway",353311,2008,"B: Evident Injury","Residential","70+",NA,"No","16-20 mph","O: No Injury","White","Female","Passenger Car","No","No","Daylight","Rural (<30% Developed)","2 lanes",2,"Straight - Level","State Secondary Route","Dry","Two-Way, Not Divided","None","Driveway, Private","Smooth Asphalt","Mountains","Rural","30 - 35  MPH","Double Yellow Line, No Passing Zone","Clear","No","0.0, 0.0",0,0
"2849",496,497,"Yes","25-29",27,"No","Facing Traffic","B: Evident Injury","Travel Lane","White","Male","Greensboro","Guilford","No","","2008-06-30","Motorist Failed to Yield - Sign-Controlled Intersection",22,"Intersection","01-06-01","0001-01-01T17:22:58-04:56","Motorist Drive Out - Sign-Controlled Intersection",112141,2008,"B: Evident Injury","Residential","25-29",29,"No","6-10 mph","O: No Injury","White","Male","Passenger Car","No","No","Dark - Lighted Roadway","Urban (>70% Developed)","4 lanes",2,"Straight - Level","Local Street","Dry","Two-Way, Divided, Unprotected Median","None","Four-Way Intersection","Coarse Asphalt","Piedmont","Urban","30 - 35  MPH","Stop Sign","Clear","No","0.0, 0.0",0,0
"2850",4,5,"No","50-59",57,"No","Facing Traffic","C: Possible Injury","Sidewalk / Crosswalk / Driveway Crossing","Black","Male","Charlotte","Mecklenburg","No","","2008-02-04","Motorist Failed to Yield - Midblock",8,"Non-Intersection","01-02-01","0001-01-01T03:38:58-04:56","Motorist Drive Out - Commercial Driveway / Alley",332322,2008,"C: Possible Injury","Commercial","30-39",39,"No","0-5 mph","O: No Injury","Black","Female","Passenger Car","No","No","Daylight","Urban (>70% Developed)","",2,"Straight - Level","Private Road, Driveway","Dry","","None","Driveway, Public","Other","Piedmont","Urban","20 - 25  MPH","No Control Present","Cloudy","No","0.0, 0.0",0,0
"2851",7,8,"No","20-24",22,"No","Facing Traffic","C: Possible Injury","Sidewalk / Crosswalk / Driveway Crossing","Black","Male","Charlotte","Mecklenburg","No","","2008-02-11","Motorist Failed to Yield - Sign-Controlled Intersection",17,"Intersection","01-02-01","0001-01-01T12:46:58-04:56","Motorist Drive Out - Sign-Controlled Intersection",132141,2008,"C: Possible Injury","Commercial","40-49",44,"No","0-5 mph","O: No Injury","Black","Male","Passenger Car","No","No","Daylight","Urban (>70% Developed)","2 lanes",2,"Straight - Level","Local Street","Dry","Two-Way, Divided, Positive Median Barrier","None","T-Intersection","Smooth Asphalt","Piedmont","Urban","20 - 25  MPH","Stop Sign","Clear","No","0.0, 0.0",0,0
"2852",13,14,"No","40-49",40,"No","Facing Traffic","O: No Injury","Travel Lane","Black","Male","Charlotte","Mecklenburg","No","01-01-02","2008-01-22","Crossing Paths - Other Circumstances",16,"Intersection-Related","","0001-01-01T11:24:58-04:56","Crossing Paths - Intersection - Other /",212180,2008,"O: No Injury","Commercial","25-29",29,"No","11-15 mph","O: No Injury","Asian","Female","Passenger Car","No","No","Daylight","Urban (>70% Developed)","8 lanes",2,"Straight - Level","Local Street","Wet","Two-Way, Divided, Positive Median Barrier","None","No Special Feature","Coarse Asphalt","Piedmont","Urban","40 - 45  MPH","No Control Present","Rain","No","0.0, 0.0",0,0
"2853",14,15,"No","30-39",38,"No","With Traffic","C: Possible Injury","Travel Lane","White","Male","Lenoir","Caldwell","No","","2008-02-25","Motorist Failed to Yield - Sign-Controlled Intersection",9,"Intersection","01-02-01","0001-01-01T04:45:58-04:56","Motorist Drive Out - Sign-Controlled Intersection",111141,2008,"C: Possible Injury","Commercial","70+",NA,"No","0-5 mph","O: No Injury","White","Male","Passenger Car","No","No","Daylight","Urban (>70% Developed)","5 lanes",2,"Straight - Level","Local Street","Dry","Two-Way, Not Divided","None","Four-Way Intersection","Smooth Asphalt","Mountains","Urban","40 - 45  MPH","Stop Sign","Clear","No","0.0, 0.0",0,0
"2854",16,17,"No","10-Jun",8,"No","With Traffic","C: Possible Injury","Sidewalk / Crosswalk / Driveway Crossing","Black","Male","Kinston","Lenoir","No","01-01-07","2008-03-02","Bicyclist Failed to Yield - Sign-Controlled Intersection",14,"Intersection","01-03-01","0001-01-01T09:52:58-04:56","Bicyclist Ride Through - Sign-Controlled Intersection",131144,2008,"C: Possible Injury","Commercial","70+",NA,"No","","O: No Injury","Black","Female","Passenger Car","No","No","Daylight","Urban (>70% Developed)","2 lanes",2,"Straight - Bottom","Local Street","Dry","Two-Way, Not Divided","None","Four-Way Intersection","Coarse Asphalt","Coastal","Urban","","Stop Sign","Clear","No","0.0, 0.0",0,0
"2855",19,20,"Yes","15-Nov",11,"No","Not Applicable","B: Evident Injury","Multi-use Path","White","Male","Cary","Wake","No","01-01-05","2008-03-14","Bicyclist Failed to Yield - Sign-Controlled Intersection",13,"Intersection","01-03-01","0001-01-01T08:13:58-04:56","Bicyclist Ride Through - Sign-Controlled Intersection",143144,2008,"B: Evident Injury","Residential","25-29",29,"No","26-30 mph","O: No Injury","White","Female","Passenger Car","No","No","Daylight","Urban (>70% Developed)","2 lanes",2,"Straight - Grade","Local Street","Dry","Two-Way, Not Divided","None","Shared-Use Paths Or Trails","Smooth Asphalt","Piedmont","Urban","30 - 35  MPH","Stop Sign","Clear","No","0.0, 0.0",0,0
"2856",25,26,"Yes","60-69",68,"No","With Traffic","C: Possible Injury","Travel Lane","White","Male","None - Rural Crash","Guilford","No","01-01-02","2008-01-01","Loss of Control / Turning Error",15,"Intersection","","0001-01-01T10:44:58-04:56","Motorist Turning Error - Left Turn",111111,2008,"C: Possible Injury","Farms, Woods, Pastures","70+",NA,"No","11-15 mph","O: No Injury","White","Male","Pickup","No","No","Daylight","Rural (<30% Developed)","2 lanes",2,"Straight - Level","State Secondary Route","Dry","Two-Way, Not Divided","None","T-Intersection","Coarse Asphalt","Piedmont","Rural","40 - 45  MPH","Stop Sign","Clear","No","0.0, 0.0",0,0
"2857",28,29,"No","0-5",5,"No","Not Applicable","C: Possible Injury","Driveway / Alley","Black","Male","None - Rural Crash","Wake","No","01-01-07","2008-01-06","Bicyclist Failed to Yield - Midblock",13,"Non-Intersection","","0001-01-01T08:58:58-04:56","Bicyclist Ride Out - Residential Driveway",353311,2008,"C: Possible Injury","Farms, Woods, Pastures","",NA,"No","21-25 mph","Injury","/Missing","","","No","Yes","Daylight","Rural (<30% Developed)","2 lanes",2,"Straight - Level","Local Street","Dry","Two-Way, Not Divided","None","No Special Feature","Smooth Asphalt","Piedmont","Rural","40 - 45  MPH","No Control Present","Clear","No","0.0, 0.0",0,0
"2858",30,31,"Yes","40-49",48,"No","With Traffic","B: Evident Injury","Bike Lane / Paved Shoulder","White","Male","Charlotte","Mecklenburg","No","01-01-03","2008-04-02","Motorist Left Turn / Merge",19,"Intersection","01-04-01","0001-01-01T14:44:58-04:56","Motorist Left Turn - Opposite Direction",121212,2008,"B: Evident Injury","Commercial","30-39",34,"No","6-10 mph","O: No Injury","White","Male","Passenger Car","No","No","Daylight","Urban (>70% Developed)","2 lanes",2,"Straight - Grade","Local Street","","Two-Way, Not Divided","None","T-Intersection","Coarse Asphalt","Piedmont","Urban","30 - 35  MPH","Stop Sign","Clear","No","0.0, 0.0",0,0
"2859",38,39,"Yes","60-69",67,"No","With Traffic","C: Possible Injury","Bike Lane / Paved Shoulder","Hispanic","Male","None - Rural Crash","Randolph","No","01-01-03","2008-01-09","Motorist Overtaking Bicyclist",18,"Non-Intersection","","0001-01-01T13:31:58-04:56","Motorist Overtaking - Misjudged Space",321232,2008,"C: Possible Injury","Farms, Woods, Pastures","20-24",20,"No","51-55 mph","O: No Injury","White","Male","Pickup","No","No","Dark - Roadway Not Lighted","Rural (<30% Developed)","2 lanes",2,"Straight - Level","US Route","Dry","Two-Way, Not Divided","None","No Special Feature","Smooth Asphalt","Piedmont","Rural","50 - 55  MPH","Double Yellow Line, No Passing Zone","Clear","No","0.0, 0.0",0,0
"2860",47,48,"No","25-29",26,"No","Not Applicable","O: No Injury","Sidewalk / Crosswalk / Driveway Crossing","White","Male","Raleigh","Wake","No","","2008-01-14","Non-Roadway",18,"Non-Roadway","","0001-01-01T13:36:58-04:56","Non-Roadway",430910,2008,"O: No Injury","Commercial","50-59",56,"No","","O: No Injury","White","Female","Passenger Car","No","No","Dark - Lighted Roadway","Urban (>70% Developed)","",2,"Straight - Level","Public Vehicular Area","Dry","Two-Way, Not Divided","None","Driveway, Public","Smooth Asphalt","Piedmont","Urban","5 - 15 MPH","Missing","Clear","No","0.0, 0.0",0,0