"","FID","OBJECTID","AmbulanceR","BikeAge_Gr","Bike_Age","Bike_Alc_D","Bike_Dir","Bike_Injur","Bike_Pos","Bike_Race","Bike_Sex","City","County","CrashAlcoh","CrashDay","Crash_Date","Crash_Grp","Crash_Hour","Crash_Loc","Crash_Mont","Crash_Time","Crash_Type","Crash_Ty_1","Crash_Year","Crsh_Sevri","Developmen","DrvrAge_Gr","Drvr_Age","Drvr_Alc_D","Drvr_EstSp","Drvr_Injur","Drvr_Race","Drvr_Sex","Drvr_VehTy","ExcsSpdInd","Hit_Run","Light_Cond","Locality","Num_Lanes","Num_Units","Rd_Charact","Rd_Class","Rd_Conditi","Rd_Config","Rd_Defects","Rd_Feature","Rd_Surface","Region","Rural_Urba","Speed_Limi","Traff_Cntr","Weather","Workzone_I","Location","locx","locy"
"2861",55,56,"Yes","25-29",28,"No","Facing Traffic","C: Possible Injury","Sidewalk / Crosswalk / Driveway Crossing","Black","Male","Goldsboro","Wayne","No","","2008-01-21","Crossing Paths - Other Circumstances",17,"Intersection","","0001-01-01T12:13:58-04:56","Signalized Intersection - Other /",132158,2008,"C: Possible Injury","Commercial","30-39",34,"No","0-5 mph","O: No Injury","White","Female","Sport Utility","No","No","Dusk","Urban (>70% Developed)","4 lanes",2,"Straight - Level","Local Street","Dry","Two-Way, Not Divided","None","Four-Way Intersection","Coarse Asphalt","Coastal","Urban","30 - 35  MPH","Stop And Go Signal","Clear","No","0.0, 0.0",0,0
"2862",62,63,"Yes","15-Nov",13,"No","With Traffic","B: Evident Injury","Travel Lane","White","Male","Durham","Durham","No","01-01-05","2008-04-11","Loss of Control / Turning Error",15,"Intersection","01-04-01","0001-01-01T10:29:58-04:56","Bicyclist Lost Control - Oversteering, Improper Braking, Speed",111122,2008,"B: Evident Injury","Commercial","0-19",16,"No","6-10 mph","O: No Injury","White","Female","Sport Utility","No","No","Daylight","Urban (>70% Developed)","8 lanes",2,"Straight - Level","Local Street","Dry","Two-Way, Not Divided","None","Four-Way Intersection","Smooth Asphalt","Piedmont","Urban","30 - 35  MPH","Stop And Go Signal","Clear","No","0.0, 0.0",0,0
"2863",64,65,"No","40-49",41,"No","With Traffic","C: Possible Injury","Travel Lane","White","Male","None - Rural Crash","Davie","No","01-01-06","2008-01-26","Parallel Paths - Other Circumstances",11,"Non-Intersection","","0001-01-01T06:33:58-04:56","Parallel Paths - Other /",311280,2008,"C: Possible Injury","Residential","60-69",61,"No","","O: No Injury","White","Male","Police","No","No","Daylight","Mixed (30% To 70% Developed)","2 lanes",2,"Straight - Level","State Secondary Route","Dry","Two-Way, Not Divided","None","No Special Feature","Smooth Asphalt","Piedmont","Rural","50 - 55  MPH","Missing","Clear","No","0.0, 0.0",0,0
"2864",65,66,"Yes","40-49",42,"No","With Traffic","B: Evident Injury","Travel Lane","White","Male","None - Rural Crash","Wilkes","No","01-01-06","2008-01-26","Motorist Overtaking Bicyclist",19,"Non-Intersection","","0001-01-01T14:13:58-04:56","Motorist Overtaking - Misjudged Space",311232,2008,"B: Evident Injury","Residential","25-29",27,"No","31-35 mph","O: No Injury","White","Female","Van","No","No","Daylight","Mixed (30% To 70% Developed)","2 lanes",2,"Straight - Grade","State Secondary Route","Dry","Two-Way, Not Divided","None","No Special Feature","Smooth Asphalt","Mountains","Rural","50 - 55  MPH","Double Yellow Line, No Passing Zone","Clear","No","0.0, 0.0",0,0
"2865",80,81,"No","15-Nov",12,"No","Not Applicable","B: Evident Injury","Non-Roadway","White","Male","Wilson","Wilson","No","01-01-05","2008-02-01","Non-Roadway",17,"Non-Roadway","01-02-01","0001-01-01T12:12:58-04:56","Non-Roadway",460910,2008,"B: Evident Injury","Commercial","30-39",36,"No","16-20 mph","O: No Injury","White","Female","Passenger Car","No","No","Daylight","Urban (>70% Developed)","",2,"Straight - Level","Public Vehicular Area","Wet","","None","No Special Feature","Smooth Asphalt","Coastal","Urban","30 - 35  MPH","Stop And Go Signal","Clear","No","0.0, 0.0",0,0
"2866",81,82,"No","50-59",51,"Yes","With Traffic","C: Possible Injury","Bike Lane / Paved Shoulder","Black","Male","Spencer","Rowan","Yes","01-01-06","2008-02-02","Motorist Failed to Yield - Midblock",12,"Non-Intersection","01-02-01","0001-01-01T07:22:58-04:56","Motorist Drive Out - Commercial Driveway / Alley",321322,2008,"C: Possible Injury","Commercial","60-69",69,"No","","O: No Injury","White","Female","Passenger Car","No","No","Daylight","Mixed (30% To 70% Developed)","4 lanes",2,"Straight - Level","Public Vehicular Area","Dry","Two-Way, Not Divided","None","Driveway, Public","Smooth Asphalt","Piedmont","Rural","","Missing","Clear","No","0.0, 0.0",0,0
"2867",83,84,"Yes","40-49",41,"No","With Traffic","C: Possible Injury","Travel Lane","White","Male","Wrightsville Beach","New Hanover","No","01-01-06","2008-02-02","Crossing Paths - Other Circumstances",10,"Intersection","01-02-01","0001-01-01T05:32:58-04:56","Sign-Controlled Intersection - Other /",111148,2008,"C: Possible Injury","Residential","0-19",18,"No","0-5 mph","O: No Injury","White","Male","Passenger Car","No","No","Daylight","Urban (>70% Developed)","2 lanes",2,"Straight - Level","Local Street","Dry","Two-Way, Not Divided","None","Four-Way Intersection","Coarse Asphalt","Coastal","Rural","20 - 25  MPH","No Control Present","Clear","No","0.0, 0.0",0,0
"2868",96,97,"No","16-19",18,"No","Facing Traffic","C: Possible Injury","Travel Lane","Black","Male","Fayetteville","Cumberland","No","01-01-04","2008-02-07","Bicyclist Failed to Yield - Signalized Intersection",21,"Intersection","01-02-01","0001-01-01T16:12:58-04:56","Bicyclist Failed to Clear - Trapped",112156,2008,"C: Possible Injury","Commercial","50-59",57,"No","0-5 mph","Injury","White","Female","Passenger Car","No","No","Dark - Lighted Roadway","Urban (>70% Developed)","6 lanes",2,"Straight - Level","Local Street","Dry","Two-Way, Divided, Positive Median Barrier","None","Four-Way Intersection","Coarse Asphalt","Coastal","Urban","40 - 45  MPH","Stop And Go Signal","Clear","No","0.0, 0.0",0,0
"2869",97,98,"No","25-29",26,"No","With Traffic","C: Possible Injury","Travel Lane","White","Male","Boone","Watauga","No","01-01-02","2008-02-05","Bicyclist Failed to Yield - Signalized Intersection",16,"Intersection","01-02-01","0001-01-01T11:46:58-04:56","Bicyclist Ride Through - Signalized Intersection",111155,2008,"C: Possible Injury","Commercial","40-49",43,"No","0-5 mph","O: No Injury","White","Female","Sport Utility","No","No","Daylight","Urban (>70% Developed)","5 lanes",2,"Straight - Level","Local Street","Dry","Two-Way, Not Divided","None","T-Intersection","Smooth Asphalt","Mountains","Urban","30 - 35  MPH","Stop And Go Signal","Clear","No","0.0, 0.0",0,0
"2870",100,101,"Yes","50-59",51,"Yes","Facing Traffic","C: Possible Injury","Sidewalk / Crosswalk / Driveway Crossing","Black","Male","Gastonia","Gaston","Yes","01-01-05","2008-02-08","Motorist Right Turn / Merge",16,"Intersection","01-02-01","0001-01-01T11:51:58-04:56","Motorist Right Turn - Opposite Direction",132214,2008,"C: Possible Injury","Commercial","",NA,"Missing","0-5 mph","Injury","/Missing","","Passenger Car","No","Yes","Daylight","Urban (>70% Developed)","6 lanes",2,"Straight - Grade","Local Street","Dry","Two-Way, Not Divided","None","Four-Way Intersection","Smooth Asphalt","Piedmont","Urban","30 - 35  MPH","Stop And Go Signal","Clear","No","0.0, 0.0",0,0
"2871",114,115,"No","25-29",29,"No","Facing Traffic","C: Possible Injury","Sidewalk / Crosswalk / Driveway Crossing","Other","Male","Raleigh","Wake","No","01-01-03","2008-02-13","Bicyclist Failed to Yield - Signalized Intersection",21,"Intersection","01-02-01","0001-01-01T16:17:58-04:56","Bicyclist Ride Through - Signalized Intersection",132155,2008,"C: Possible Injury","Residential","0-19",19,"No","6-10 mph","O: No Injury","White","Female","Sport Utility","No","No","Dark - Lighted Roadway","Urban (>70% Developed)","5 lanes",2,"Straight - Level","Local Street","Wet","Two-Way, Divided, Unprotected Median","None","Four-Way Intersection","Smooth Asphalt","Piedmont","Urban","30 - 35  MPH","Stop And Go Signal","Rain","No","0.0, 0.0",0,0
"2872",116,117,"Yes","50-59",57,"Yes","Facing Traffic","C: Possible Injury","Travel Lane","Black","Male","None - Rural Crash","Beaufort","Yes","","2008-02-18","Motorist Overtaking Bicyclist",18,"Non-Intersection","01-02-01","0001-01-01T13:44:58-04:56","Motorist Overtaking - Misjudged Space",312232,2008,"C: Possible Injury","Farms, Woods, Pastures","70+",NA,"No","51-55 mph","O: No Injury","White","Male","Passenger Car","No","No","Dark - Roadway Not Lighted","Rural (<30% Developed)","2 lanes",2,"Straight - Level","State Secondary Route","Dry","Two-Way, Not Divided","None","No Special Feature","Smooth Asphalt","Coastal","Rural","50 - 55  MPH","No Control Present","Clear","No","0.0, 0.0",0,0
"2873",120,121,"No","15-Nov",11,"No","With Traffic","C: Possible Injury","Travel Lane","White","Female","Trent Woods","Craven","No","01-01-02","2008-02-19","Bicyclist Left Turn / Merge",17,"Non-Intersection","01-02-01","0001-01-01T12:38:58-04:56","Bicyclist Left Turn - Same Direction",311221,2008,"C: Possible Injury","Residential","70+",NA,"No","","O: No Injury","White","Male","Passenger Car","No","No","Daylight","Urban (>70% Developed)","2 lanes",2,"Straight - Level","Local Street","Dry","Two-Way, Not Divided","None","No Special Feature","Smooth Asphalt","Coastal","Rural","20 - 25  MPH","No Control Present","Clear","No","0.0, 0.0",0,0
"2874",123,124,"No","50-59",55,"No","Facing Traffic","B: Evident Injury","Travel Lane","Black","Male","Greensboro","Guilford","No","01-01-05","2008-02-22","Bicyclist Failed to Yield - Signalized Intersection",1,"Intersection","01-02-01","0000-12-31T20:53:58-04:56","Bicyclist Ride Through - Signalized Intersection",112155,2008,"B: Evident Injury","Commercial","25-29",25,"No","6-10 mph","O: No Injury","Black","Male","Passenger Car","No","No","Dark - Lighted Roadway","Urban (>70% Developed)","5 lanes",2,"Straight - Level","Local Street","Wet","Two-Way, Divided, Unprotected Median","None","Bridge","Smooth Asphalt","Piedmont","Urban","30 - 35  MPH","Stop And Go Signal","Rain","No","0.0, 0.0",0,0
"2875",125,126,"Yes","20-24",22,"Yes","With Traffic","B: Evident Injury","Travel Lane","Black","Female","Kinston","Lenoir","Yes","01-01-02","2008-04-29","Bicyclist Failed to Yield - Sign-Controlled Intersection",23,"Intersection","01-04-01","0001-01-01T18:31:58-04:56","Bicyclist Ride Through - Sign-Controlled Intersection",111144,2008,"B: Evident Injury","Residential","50-59",57,"No","11-15 mph","O: No Injury","Black","Female","Van","No","No","Dark - Lighted Roadway","Urban (>70% Developed)","2 lanes",2,"Straight - Grade","Local Street","Dry","Two-Way, Not Divided","None","Four-Way Intersection","Smooth Asphalt","Coastal","Urban","30 - 35  MPH","Stop Sign","Clear","No","0.0, 0.0",0,0
"2876",128,129,"Yes","30-39",38,"No","With Traffic","C: Possible Injury","Bike Lane / Paved Shoulder","White","Male","Charlotte","Mecklenburg","No","01-01-03","2008-04-30","Motorist Right Turn / Merge",17,"Non-Intersection","01-04-01","0001-01-01T12:56:58-04:56","Motorist Right Turn - Same Direction",321213,2008,"C: Possible Injury","Commercial","40-49",43,"No","31-35 mph","O: No Injury","White","Male","Van","No","No","Daylight","Urban (>70% Developed)","6 lanes",2,"Straight - Level","Local Street","Dry","Two-Way, Divided, Unprotected Median","None","No Special Feature","Smooth Asphalt","Piedmont","Urban","30 - 35  MPH","No Control Present","Clear","No","0.0, 0.0",0,0
"2877",129,130,"No","25-29",28,"No","Facing Traffic","C: Possible Injury","Sidewalk / Crosswalk / Driveway Crossing","White","Male","Gastonia","Gaston","No","","2008-02-25","Motorist Failed to Yield - Midblock",14,"Non-Intersection","01-02-01","0001-01-01T09:47:58-04:56","Motorist Drive Out - Commercial Driveway / Alley",332322,2008,"C: Possible Injury","Commercial","50-59",52,"No","","O: No Injury","White","Female","Passenger Car","No","No","Daylight","Urban (>70% Developed)","",2,"Straight - Grade","Public Vehicular Area","Dry","Two-Way, Not Divided","None","Driveway, Public","Smooth Asphalt","Piedmont","Urban","","Missing","Clear","No","0.0, 0.0",0,0
"2878",130,131,"No","40-49",44,"No","With Traffic","B: Evident Injury","Travel Lane","Black","Male","None - Rural Crash","Edgecombe","No","01-01-02","2008-02-26","Motorist Overtaking Bicyclist",11,"Non-Intersection","01-02-01","0001-01-01T06:50:58-04:56","Motorist Overtaking - Misjudged Space",311232,2008,"B: Evident Injury","Farms, Woods, Pastures","70+",NA,"No","41-45 mph","O: No Injury","White","Male","Passenger Car","No","No","Daylight","Rural (<30% Developed)","2 lanes",2,"Straight - Grade","NC Route","Wet","Two-Way, Not Divided","None","No Special Feature","Smooth Asphalt","Coastal","Rural","50 - 55  MPH","Double Yellow Line, No Passing Zone","Rain","No","0.0, 0.0",0,0
"2879",131,132,"Yes","20-24",23,"No","Not Applicable","C: Possible Injury","Non-Roadway","Black","Male","Jacksonville","Onslow","No","01-01-03","2008-02-27","Bicyclist Failed to Yield - Midblock",16,"Non-Intersection","01-02-01","0001-01-01T12:02:58-04:56","Bicyclist Ride Out - Other Midblock",363318,2008,"C: Possible Injury","Commercial","40-49",47,"No","31-35 mph","O: No Injury","White","Female","Sport Utility","No","No","Daylight","Urban (>70% Developed)","4 lanes",2,"Straight - Level","Local Street","Dry","Two-Way, Divided, Unprotected Median","None","No Special Feature","Smooth Asphalt","Coastal","Urban","30 - 35  MPH","No Control Present","Clear","No","0.0, 0.0",0,0
"2880",133,134,"No","15-Nov",13,"No","With Traffic","B: Evident Injury","Travel Lane","White","Male","None - Rural Crash","Johnston","No","01-01-03","2008-02-27","Bicyclist Left Turn / Merge",17,"Intersection","01-02-01","0001-01-01T12:24:58-04:56","Bicyclist Left Turn - Same Direction",111221,2008,"B: Evident Injury","Residential","60-69",62,"No","51-55 mph","O: No Injury","White","Male","Passenger Car","No","No","Daylight","Rural (<30% Developed)","2 lanes",2,"Straight - Level","State Secondary Route","Dry","Two-Way, Not Divided","None","T-Intersection","Coarse Asphalt","Coastal","Rural","50 - 55  MPH","Double Yellow Line, No Passing Zone","Clear","No","0.0, 0.0",0,0
"2881",921,922,"No","50-59",55,"No","With Traffic","C: Possible Injury","","White","Male","Raleigh","Wake","No","01-01-06","2007-11-10","Motorist Left Turn / Merge",0,"Intersection","01-11-01","0000-12-31T19:18:58-04:56","Motorist Left Turn - Opposite Direction",191212,2007,"C: Possible Injury","Commercial","",NA,"Missing","16-20 mph","Injury","/Missing","","Passenger Car","No","Yes","Dark - Lighted Roadway","Urban (>70% Developed)","5 lanes",2,"Straight - Level","Local Street","Dry","Two-Way, Not Divided","None","T-Intersection","Smooth Asphalt","Piedmont","Urban","40 - 45  MPH","Stop And Go Signal","Clear","No","35.872894, -78.62239",-78.62239,35.872894
"2882",926,927,"Yes","30-39",38,"No","With Traffic","B: Evident Injury","Travel Lane","White","Male","High Point","Guilford","No","01-01-04","2007-11-15","Bicyclist Failed to Yield - Signalized Intersection",16,"Intersection","01-11-01","0001-01-01T11:49:58-04:56","Bicyclist Ride Out - Signalized  Intersection",111153,2007,"B: Evident Injury","Commercial","40-49",48,"No","26-30 mph","O: No Injury","White","Male","Pickup","No","No","Daylight","Urban (>70% Developed)","4 lanes",2,"Straight - Level","Local Street","Dry","Two-Way, Not Divided","None","Four-Way Intersection","Smooth Asphalt","Piedmont","Urban","30 - 35  MPH","Stop And Go Signal","Clear","No","35.931164, -80.03464",-80.03464,35.931164
"2883",934,935,"Yes","40-49",46,"Yes","With Traffic","C: Possible Injury","Travel Lane","Black","Male","None - Rural Crash","Duplin","Yes","01-01-03","2007-11-21","Motorist Failed to Yield - Sign-Controlled Intersection",22,"Intersection","01-11-01","0001-01-01T17:48:58-04:56","Motorist Drive Out - Sign-Controlled Intersection",111141,2007,"C: Possible Injury","Farms, Woods, Pastures","25-29",25,"No","21-25 mph","O: No Injury","White","Male","Pickup","No","No","Dark - Roadway Not Lighted","Rural (<30% Developed)","2 lanes",2,"Straight - Level","NC Route","Dry","Two-Way, Not Divided","None","Four-Way Intersection","Coarse Asphalt","Coastal","Rural","50 - 55  MPH","Stop Sign","Clear","No","34.80681, -77.942726",-77.942726,34.80681
"2884",936,937,"No","40-49",44,"No","With Traffic","O: No Injury","Travel Lane","/Missing","","None - Rural Crash","New Hanover","No","01-01-05","2007-11-23","Motorist Overtaking Bicyclist",6,"Non-Intersection","01-11-01","0001-01-01T01:03:58-04:56","Motorist Overtaking - Misjudged Space",311232,2007,"O: No Injury","Commercial","",NA,"Missing","51-55 mph","Injury","/Missing","","","No","Yes","Dark - Roadway Not Lighted","Mixed (30% To 70% Developed)","4 lanes",2,"Straight - Level","US Route","Dry","Two-Way, Divided, Unprotected Median","None","No Special Feature","Coarse Asphalt","Coastal","Rural","50 - 55  MPH","No Control Present","Cloudy","No","34.112797, -77.90031",-77.90031,34.112797
"2885",941,942,"Yes","50-59",53,"No","","C: Possible Injury","","Black","Male","None - Rural Crash","Lenoir","No","01-01-02","2007-11-27","Other /  - Insufficient Details",6,"Location","01-11-01","0001-01-01T01:20:58-04:56","Location",999980,2007,"C: Possible Injury","Commercial","70+",NA,"No","56-60 mph","O: No Injury","White","Male","Single Unit Truck (2-Axle, 6-Tire)","No","No","Dawn","Mixed (30% To 70% Developed)","2 lanes",2,"Straight - Bottom","US Route","Wet","Two-Way, Not Divided","None","Bridge","Coarse Asphalt","Coastal","Rural","50 - 55  MPH","Double Yellow Line, No Passing Zone","Clear","No","35.22743, -77.61051",-77.61051,35.22743
"2886",951,952,"No","15-Nov",13,"No","With Traffic","C: Possible Injury","Travel Lane","White","Male","Statesville","Iredell","No","01-01-06","2007-12-01","Bicyclist Failed to Yield - Sign-Controlled Intersection",14,"Intersection","01-12-01","0001-01-01T09:03:58-04:56","Bicyclist Ride Out - Sign-Controlled Intersection",111142,2007,"C: Possible Injury","Residential","",NA,"No","0-5 mph","Injury","/Missing","","","No","Yes","Daylight","Urban (>70% Developed)","2 lanes",2,"Straight - Level","Local Street","Dry","Two-Way, Not Divided","None","Four-Way Intersection","Coarse Asphalt","Piedmont","Urban","30 - 35  MPH","Stop Sign","Clear","No","35.793907, -80.87912",-80.87912,35.793907
"2887",954,955,"No","16-19",19,"No","","C: Possible Injury","","White","Male","Lexington","Davidson","No","","2007-12-03","Bicyclist Failed to Yield - Midblock",17,"Non-Intersection","01-12-01","0001-01-01T12:09:58-04:56","Bicyclist Ride Out - Midblock -",399319,2007,"C: Possible Injury","Residential","70+",NA,"No","31-35 mph","O: No Injury","White","Male","Sport Utility","No","No","Daylight","Urban (>70% Developed)","3 lanes",2,"Straight - Level","Local Street","Dry","One-Way, Not Divided","None","No Special Feature","Coarse Asphalt","Piedmont","Urban","30 - 35  MPH","No Control Present","Clear","No","35.833904, -80.253075",-80.253075,35.833904
"2888",955,956,"No","10-Jun",6,"No","With Traffic","O: No Injury","Travel Lane","White","Male","High Point","Guilford","No","01-01-07","2007-12-02","Bicyclist Failed to Yield - Sign-Controlled Intersection",16,"Intersection","01-12-01","0001-01-01T11:03:58-04:56","Bicyclist Ride Through - Sign-Controlled Intersection",111144,2007,"O: No Injury","Residential","50-59",59,"No","11-15 mph","O: No Injury","White","Male","Passenger Car","No","No","Daylight","Urban (>70% Developed)","2 lanes",2,"Straight - Grade","Public Vehicular Area","Dry","Two-Way, Not Divided","None","T-Intersection","Smooth Asphalt","Piedmont","Urban","30 - 35  MPH","Stop Sign","Clear","No","35.97927, -80.03022",-80.03022,35.97927
"2889",956,957,"Yes","40-49",41,"No","With Traffic","C: Possible Injury","Travel Lane","Asian","Male","Tarboro","Edgecombe","No","","2007-12-03","Motorist Overtaking Bicyclist",22,"Non-Intersection","01-12-01","0001-01-01T17:31:58-04:56","Motorist Overtaking - Undetected Bicyclist",311231,2007,"C: Possible Injury","Commercial","20-24",21,"No","41-45 mph","O: No Injury","White","Male","Passenger Car","No","No","Dark - Lighted Roadway","Urban (>70% Developed)","3 lanes",2,"Straight - Level","Local Street","Dry","Two-Way, Divided, Unprotected Median","None","No Special Feature","Smooth Asphalt","Coastal","Urban","40 - 45  MPH","Stop Sign","Clear","No","35.89645, -77.55689",-77.55689,35.89645
"2890",975,976,"Yes","40-49",41,"No","With Traffic","C: Possible Injury","Travel Lane","Black","Male","Goldsboro","Wayne","No","01-01-04","2007-12-13","Bicyclist Left Turn / Merge",14,"Non-Intersection","01-12-01","0001-01-01T09:50:58-04:56","Bicyclist Left Turn - Same Direction",311221,2007,"C: Possible Injury","Commercial","40-49",44,"No","31-35 mph","O: No Injury","Black","Male","Pickup","No","No","Daylight","Urban (>70% Developed)","5 lanes",2,"Straight - Level","Local Street","Dry","Two-Way, Divided, Unprotected Median","None","No Special Feature","Smooth Asphalt","Coastal","Urban","30 - 35  MPH","No Control Present","Cloudy","No","35.375713, -77.96075",-77.96075,35.375713
"2891",988,989,"Yes","40-49",44,"No","With Traffic","B: Evident Injury","Travel Lane","White","Male","Fayetteville","Cumberland","No","01-01-05","2007-12-28","Motorist Overtaking Bicyclist",16,"Non-Intersection","01-12-01","0001-01-01T11:58:58-04:56","Motorist Overtaking - Other /",311239,2007,"B: Evident Injury","Residential","",NA,"Missing","","Injury","/Missing","","","No","Yes","Daylight","Urban (>70% Developed)","2 lanes",2,"Straight - Grade","Local Street","Dry","Two-Way, Not Divided","None","No Special Feature","Coarse Asphalt","Coastal","Urban","20 - 25  MPH","No Control Present","Clear","No","35.0093, -78.968735",-78.968735,35.0093
"2892",991,992,"Yes","25-29",27,"No","Facing Traffic","B: Evident Injury","Travel Lane","Hispanic","Female","None - Rural Crash","Columbus","No","01-01-06","2007-12-29","Head-On",9,"Non-Intersection","01-12-01","0001-01-01T05:01:58-04:56","Head-On - Bicyclist",312250,2007,"B: Evident Injury","Farms, Woods, Pastures","40-49",41,"No","56-60 mph","O: No Injury","White","Male","Pickup","Yes","No","Daylight","Rural (<30% Developed)","2 lanes",2,"Straight - Level","NC Route","Dry","Two-Way, Not Divided","None","No Special Feature","Coarse Asphalt","Coastal","Rural","50 - 55  MPH","Double Yellow Line, No Passing Zone","Clear","No","34.1193, -78.84471",-78.84471,34.1193
"2893",999,1000,"Yes","20-24",20,"No","With Traffic","B: Evident Injury","Travel Lane","White","Female","Kill Devil Hills","Dare","No","01-01-07","2007-06-24","Parallel Paths - Other Circumstances",2,"Non-Intersection","01-06-01","0000-12-31T22:01:58-04:56","Parallel Paths - Other /",311280,2007,"B: Evident Injury","Commercial","0-19",16,"No","","O: No Injury","White","Male","Sport Utility","No","Yes","Dark - Lighted Roadway","Urban (>70% Developed)","4 lanes",2,"Straight - Level","US Route","Dry","Two-Way, Divided, Unprotected Median","None","No Special Feature","Coarse Asphalt","Coastal","Urban","50 - 55  MPH","No Control Present","Clear","No","36.005005, -75.65568",-75.65568,36.005005
"2894",6,7,"No","50-59",51,"Yes","With Traffic","A: Disabling Injury","Travel Lane","Black","Male","None - Rural Crash","Randolph","Yes","01-01-06","2007-01-06","Motorist Overtaking Bicyclist",19,"Non-Intersection","","0001-01-01T14:13:58-04:56","Motorist Overtaking - Undetected Bicyclist",311231,2007,"A: Disabling Injury","Farms, Woods, Pastures","60-69",61,"No","41-45 mph","O: No Injury","White","Male","Pickup","No","No","Dark - Roadway Not Lighted","Rural (<30% Developed)","2 lanes",2,"Straight - Level","State Secondary Route","Dry","Two-Way, Not Divided","None","No Special Feature","Coarse Asphalt","Piedmont","Rural","50 - 55  MPH","Double Yellow Line, No Passing Zone","Cloudy","No","35.839287, -79.59008",-79.59008,35.839287
"2895",9,10,"No","30-39",39,"No","With Traffic","B: Evident Injury","Travel Lane","White","Male","Eden","Rockingham","No","01-01-02","2007-02-20","Motorist Overtaking Bicyclist",9,"Intersection-Related","01-02-01","0001-01-01T04:49:58-04:56","Motorist Overtaking - Other /",211239,2007,"B: Evident Injury","Residential","70+",NA,"No","41-45 mph","Injury","/Missing","Male","Passenger Car","No","Yes","Daylight","Urban (>70% Developed)","2 lanes",2,"Straight - Grade","Local Street","Dry","Two-Way, Not Divided","","No Special Feature","Smooth Asphalt","Piedmont","Urban","30 - 35  MPH","No Control Present","Clear","No","36.512688, -79.75971",-79.75971,36.512688
"2896",10,11,"Yes","16-19",19,"Yes","Facing Traffic","A: Disabling Injury","Travel Lane","Hispanic","Male","Cary","Wake","Yes","01-01-06","2007-02-10","Bicyclist Right Turn / Merge",21,"Non-Intersection","01-02-01","0001-01-01T16:14:58-04:56","Bicyclist Right Turn - Opposite Direction",312224,2007,"A: Disabling Injury","Commercial","20-24",24,"Yes","31-35 mph","O: No Injury","White","Female","Passenger Car","No","No","Dark - Lighted Roadway","Urban (>70% Developed)","4 lanes",2,"Straight - Level","State Secondary Route","Dry","Two-Way, Not Divided","None","No Special Feature","Smooth Asphalt","Piedmont","Urban","30 - 35  MPH","No Control Present","Clear","No","35.79067, -78.77092",-78.77092,35.79067
"2897",32,33,"Yes","16-19",18,"No","Not Applicable","B: Evident Injury","Driveway / Alley","Hispanic","Male","Wilmington","New Hanover","No","01-01-06","2007-01-13","Bicyclist Failed to Yield - Midblock",10,"Non-Intersection","","0001-01-01T05:17:58-04:56","Bicyclist Ride Out - Commercial Driveway / Alley",353312,2007,"B: Evident Injury","Commercial","20-24",23,"No","11-15 mph","O: No Injury","Black","Male","Passenger Car","No","No","Daylight","Urban (>70% Developed)","4 lanes",2,"Straight - Level","Local Street","Dry","Two-Way, Not Divided","None","No Special Feature","Smooth Asphalt","Coastal","Urban","40 - 45  MPH","No Control Present","Clear","No","34.209282, -77.8869",-77.8869,34.209282
"2898",39,40,"Yes","40-49",49,"No","With Traffic","C: Possible Injury","Travel Lane","Black","Male","None - Rural Crash","Pitt","No","01-01-02","2007-01-02","Motorist Overtaking Bicyclist",18,"Non-Intersection","","0001-01-01T13:24:58-04:56","Motorist Overtaking - Undetected Bicyclist",311231,2007,"C: Possible Injury","Farms, Woods, Pastures","40-49",46,"No","36-40 mph","O: No Injury","White","Male","Passenger Car","No","No","Dark - Roadway Not Lighted","Rural (<30% Developed)","2 lanes",2,"Straight - Level","State Secondary Route","Dry","Two-Way, Not Divided","None","No Special Feature","Smooth Asphalt","Coastal","Rural","50 - 55  MPH","No Control Present","Clear","No","35.615498, -77.5762",-77.5762,35.615498
"2899",42,43,"Yes","20-24",21,"No","With Traffic","B: Evident Injury","Travel Lane","White","Female","Asheville","Buncombe","No","","2007-03-26","Motorist Overtaking Bicyclist",23,"Non-Intersection","01-03-01","0001-01-01T18:07:58-04:56","Motorist Overtaking - Bicyclist Swerved",311235,2007,"B: Evident Injury","Institutional","30-39",39,"No","16-20 mph","O: No Injury","Black","Male","Sport Utility","No","No","Dark - Lighted Roadway","Urban (>70% Developed)","2 lanes",2,"Straight - Level","Local Street","Dry","Two-Way, Not Divided","None","No Special Feature","Smooth Asphalt","Mountains","Urban","20 - 25  MPH","No Control Present","Clear","No","35.617664, -82.56375",-82.56375,35.617664
"2900",43,44,"Yes","20-24",22,"No","Facing Traffic","C: Possible Injury","Travel Lane","White","Male","Jacksonville","Onslow","No","01-01-05","2007-01-19","Motorist Failed to Yield - Midblock",13,"Non-Intersection","","0001-01-01T08:29:58-04:56","Motorist Drive Out - Commercial Driveway / Alley",312322,2007,"C: Possible Injury","Commercial","30-39",37,"No","0-5 mph","O: No Injury","White","Male","Pickup","No","No","Daylight","Urban (>70% Developed)","6 lanes",2,"Straight - Level","NC Route","Dry","Two-Way, Divided, Unprotected Median","None","No Special Feature","Smooth Asphalt","Coastal","Urban","40 - 45  MPH","No Control Present","Clear","No","34.74369, -77.38374",-77.38374,34.74369