"","FID","OBJECTID","AmbulanceR","BikeAge_Gr","Bike_Age","Bike_Alc_D","Bike_Dir","Bike_Injur","Bike_Pos","Bike_Race","Bike_Sex","City","County","CrashAlcoh","CrashDay","Crash_Date","Crash_Grp","Crash_Hour","Crash_Loc","Crash_Mont","Crash_Time","Crash_Type","Crash_Ty_1","Crash_Year","Crsh_Sevri","Developmen","DrvrAge_Gr","Drvr_Age","Drvr_Alc_D","Drvr_EstSp","Drvr_Injur","Drvr_Race","Drvr_Sex","Drvr_VehTy","ExcsSpdInd","Hit_Run","Light_Cond","Locality","Num_Lanes","Num_Units","Rd_Charact","Rd_Class","Rd_Conditi","Rd_Config","Rd_Defects","Rd_Feature","Rd_Surface","Region","Rural_Urba","Speed_Limi","Traff_Cntr","Weather","Workzone_I","Location","locx","locy"
"2941",390,391,"Yes","16-19",16,"No","With Traffic","B: Evident Injury","Sidewalk / Crosswalk / Driveway Crossing","White","Male","Wrightsville Beach","New Hanover","No","01-01-04","2011-06-16","Parallel Paths - Other Circumstances",13,"Intersection","01-06-01","0001-01-01T08:25:58-04:56","Bicyclist Ride Out - Parallel Path",131225,2011,"B: Evident Injury","Residential","30-39",39,"No","","O: No Injury","White","Male","Light Truck (Mini-Van, Panel)","No","No","Daylight","Urban (>70% Developed)","1 lane",2,"Straight - Level","Local Street","Dry","One-Way, Not Divided","None","No Special Feature","Smooth Asphalt","Coastal","Rural","5 - 15 MPH","No Control Present","Clear","No","34.21608, -77.7929",-77.7929,34.21608
"2942",392,393,"No","40-49",41,"No","With Traffic","B: Evident Injury","Travel Lane","White","Male","Matthews","Mecklenburg","No","01-01-02","2011-06-21","Motorist Left Turn / Merge",20,"Non-Intersection","01-06-01","0001-01-01T15:09:58-04:56","Motorist Left Turn - Opposite Direction",311212,2011,"B: Evident Injury","Residential","30-39",36,"No","21-25 mph","O: No Injury","White","Female","Passenger Car","No","No","Daylight","Urban (>70% Developed)","2 lanes",2,"Curve - Grade","Local Street","Dry","Two-Way, Not Divided","None","No Special Feature","Smooth Asphalt","Piedmont","Urban","20 - 25  MPH","No Control Present","Clear","No","35.13162, -80.6739",-80.6739,35.13162
"2943",399,400,"Yes","15-Nov",12,"No","With Traffic","C: Possible Injury","Travel Lane","White","Male","Ramseur","Randolph","No","01-01-07","2011-06-19","Bicyclist Failed to Yield - Signalized Intersection",21,"Intersection","01-06-01","0001-01-01T16:17:58-04:56","Bicyclist Ride Out - Signalized  Intersection",111153,2011,"C: Possible Injury","Commercial","50-59",54,"No","21-25 mph","O: No Injury","White","Female","Passenger Car","No","No","Dark - Lighted Roadway","Urban (>70% Developed)","5 lanes",2,"Straight - Hillcrest","US Route","Dry","Two-Way, Not Divided","None","Four-Way Intersection","Smooth Asphalt","Piedmont","Rural","30 - 35  MPH","Stop And Go Signal","Clear","No","35.73758, -79.6553",-79.6553,35.73758
"2944",402,403,"Yes","40-49",42,"Yes","Facing Traffic","B: Evident Injury","Travel Lane","Black","Male","Winston-Salem","Forsyth","Yes","01-01-04","2011-06-23","Head-On",14,"Intersection-Related","01-06-01","0001-01-01T09:22:58-04:56","Head-On - Bicyclist",212250,2011,"B: Evident Injury","Commercial","40-49",42,"No","0-5 mph","O: No Injury","Black","Male","Pickup","No","No","Daylight","Urban (>70% Developed)","2 lanes",2,"Curve - Hillcrest","Local Street","Dry","Two-Way, Not Divided","None","No Special Feature","Smooth Asphalt","Piedmont","Urban","30 - 35  MPH","Stop And Go Signal","Cloudy","No","36.10522, -80.2576",-80.2576,36.10522
"2945",707,708,"Yes","30-39",38,"No","With Traffic","B: Evident Injury","Travel Lane","Black","Female","High Point","Guilford","No","01-01-04","2011-10-06","Motorist Failed to Yield - Sign-Controlled Intersection",11,"Intersection","01-10-01","0001-01-01T06:24:58-04:56","Motorist Drive Out - Sign-Controlled Intersection",111141,2011,"B: Evident Injury","Commercial","70+",NA,"No","6-10 mph","O: No Injury","White","Female","Passenger Car","No","No","Daylight","Urban (>70% Developed)","5 lanes",2,"Straight - Grade","NC Route","Dry","Two-Way, Not Divided","None","T-Intersection","Coarse Asphalt","Piedmont","Urban","30 - 35  MPH","Stop Sign","Clear","No","35.98405, -80.0135",-80.0135,35.98405
"2946",710,711,"Yes","30-39",30,"No","With Traffic","C: Possible Injury","Sidewalk / Crosswalk / Driveway Crossing","White","Male","Morrisville","Wake","No","","2011-10-17","Motorist Right Turn / Merge",16,"Intersection","01-10-01","0001-01-01T11:44:58-04:56","Motorist Right Turn - Same Direction",131213,2011,"C: Possible Injury","Commercial","60-69",60,"No","","O: No Injury","Black","Male","Sport Utility","No","No","Daylight","Urban (>70% Developed)","2 lanes",2,"Straight - Grade","State Secondary Route","Dry","Two-Way, Divided, Unprotected Median","None","Four-Way Intersection","Smooth Asphalt","Piedmont","Urban","","Stop And Go Signal","Clear","No","35.80485, -78.8133",-78.8133,35.80485
"2947",717,718,"Yes","30-39",33,"No","With Traffic","B: Evident Injury","Travel Lane","White","Male","Cary","Wake","No","","2011-10-10","Motorist Right Turn / Merge",8,"Non-Intersection","01-10-01","0001-01-01T03:49:58-04:56","Motorist Right Turn - Same Direction",311213,2011,"B: Evident Injury","Commercial","40-49",46,"No","0-5 mph","O: No Injury","White","Male","Truck/Trailer","No","No","Daylight","Urban (>70% Developed)","4 lanes",2,"Straight - Level","State Secondary Route","Dry","Two-Way, Divided, Unprotected Median","None","Driveway, Public","Smooth Asphalt","Piedmont","Urban","40 - 45  MPH","No Control Present","Clear","No","35.79008, -78.8506",-78.8506,35.79008
"2948",718,719,"Yes","30-39",32,"No","Not Applicable","B: Evident Injury","Travel Lane","White","Male","Greensboro","Guilford","No","01-01-07","2011-09-25","Bicyclist Failed to Yield - Signalized Intersection",19,"Intersection-Related","01-09-01","0001-01-01T14:54:58-04:56","Bicyclist Ride Out - Signalized  Intersection",213153,2011,"B: Evident Injury","Commercial","40-49",41,"No","16-20 mph","O: No Injury","White","Female","Passenger Car","No","No","Dark - Lighted Roadway","Urban (>70% Developed)","5 lanes",2,"Straight - Level","Local Street","Wet","Two-Way, Divided, Unprotected Median","None","No Special Feature","Smooth Asphalt","Piedmont","Urban","30 - 35  MPH","Stop And Go Signal","Rain","No","36.06196, -79.8155",-79.8155,36.06196
"2949",739,740,"No","20-24",22,"No","With Traffic","B: Evident Injury","Travel Lane","White","Male","Mount Airy","Surry","No","","2011-10-17","Motorist Overtaking Bicyclist",21,"Non-Intersection","01-10-01","0001-01-01T16:42:58-04:56","Motorist Overtaking - Other /",311239,2011,"A: Disabling Injury","Residential","40-49",42,"No","21-25 mph","O: No Injury","White","Male","Sport Utility","No","No","Dark - Lighted Roadway","Urban (>70% Developed)","2 lanes",2,"Straight - Grade","Local Street","Dry","Two-Way, Not Divided","None","No Special Feature","Smooth Asphalt","Mountains","Urban","20 - 25  MPH","No Control Present","Clear","No","36.48702, -80.6183",-80.6183,36.48702
"2950",753,754,"Yes","40-49",45,"No","With Traffic","K: Killed","Travel Lane","White","Male","None - Rural Crash","Davidson","No","01-01-02","2011-11-01","Motorist Overtaking Bicyclist",19,"Non-Intersection","01-11-01","0001-01-01T14:14:58-04:56","Motorist Overtaking - Misjudged Space",311232,2011,"K: Killed","Residential","30-39",30,"No","51-55 mph","O: No Injury","White","Male","Pickup","No","Yes","Dark - Roadway Not Lighted","Rural (<30% Developed)","2 lanes",2,"Straight - Level","State Secondary Route","Dry","Two-Way, Not Divided","None","No Special Feature","Smooth Asphalt","Piedmont","Rural","50 - 55  MPH","Double Yellow Line, No Passing Zone","Clear","No","35.73918, -80.1028",-80.1028,35.73918
"2951",754,755,"Yes","40-49",45,"No","Facing Traffic","C: Possible Injury","Travel Lane","Black","Male","Greensboro","Guilford","No","01-01-07","2011-10-09","Loss of Control / Turning Error",11,"Intersection","01-10-01","0001-01-01T06:48:58-04:56","Bicyclist Turning Error - Left Turn",112114,2011,"C: Possible Injury","Residential","30-39",30,"No","0-5 mph","O: No Injury","Black","Female","Passenger Car","No","No","Daylight","Urban (>70% Developed)","2 lanes",2,"Straight - Level","Local Street","Dry","Two-Way, Not Divided","None","No Special Feature","Smooth Asphalt","Piedmont","Urban","30 - 35  MPH","Stop Sign","Clear","No","36.05145, -79.7645",-79.7645,36.05145
"2952",756,757,"Yes","20-24",20,"No","With Traffic","B: Evident Injury","Travel Lane","White","Male","Wilmington","New Hanover","No","","2011-10-17","Motorist Left Turn / Merge",22,"Intersection","01-10-01","0001-01-01T17:59:58-04:56","Motorist Left Turn - Opposite Direction",111212,2011,"B: Evident Injury","Commercial","20-24",21,"No","6-10 mph","O: No Injury","White","Female","Sport Utility","No","No","Dark - Lighted Roadway","Urban (>70% Developed)","2 lanes",2,"Straight - Level","Local Street","Dry","Two-Way, Not Divided","None","T-Intersection","Smooth Asphalt","Coastal","Urban","20 - 25  MPH","Stop Sign","Clear","No","34.22363, -77.8728",-77.8728,34.22363
"2953",759,760,"No","25-29",26,"No","With Traffic","C: Possible Injury","Travel Lane","Black","Male","Greensboro","Guilford","No","01-01-06","2011-10-15","Motorist Overtaking Bicyclist",6,"Non-Intersection","01-10-01","0001-01-01T01:07:58-04:56","Motorist Overtaking - Other /",311239,2011,"C: Possible Injury","Residential","20-24",22,"No","26-30 mph","O: No Injury","White","Male","Passenger Car","No","No","Dark - Roadway Not Lighted","Urban (>70% Developed)","5 lanes",2,"Straight - Bottom","Local Street","Dry","Two-Way, Divided, Unprotected Median","None","No Special Feature","Smooth Asphalt","Piedmont","Urban","","No Control Present","Clear","No","36.03917, -79.9004",-79.9004,36.03917
"2954",783,784,"No","25-29",25,"No","With Traffic","B: Evident Injury","Travel Lane","White","Male","Boone","Watauga","No","01-01-06","2011-11-12","Motorist Left Turn / Merge",10,"Non-Intersection","01-11-01","0001-01-01T05:49:58-04:56","Motorist Left Turn - Opposite Direction",311212,2011,"B: Evident Injury","Institutional","70+",NA,"No","0-5 mph","O: No Injury","White","Male","Sport Utility","No","No","Daylight","Urban (>70% Developed)","4 lanes",2,"Straight - Level","Local Street","Dry","Two-Way, Not Divided","None","Other","Coarse Asphalt","Mountains","Urban","20 - 25  MPH","No Control Present","Clear","No","36.21036, -81.6771",-81.6771,36.21036
"2955",786,787,"No","40-49",40,"No","With Traffic","C: Possible Injury","Travel Lane","Black","Male","Raleigh","Wake","No","01-01-07","2011-11-13","Crossing Paths - Other Circumstances",23,"Intersection","01-11-01","0001-01-01T19:00:58-04:56","Signalized Intersection - Other /",111158,2011,"C: Possible Injury","Commercial","",NA,"Missing","6-10 mph","Injury","/Missing","","Passenger Car","No","Yes","Dark - Lighted Roadway","Urban (>70% Developed)","7 lanes",2,"Straight - Hillcrest","Local Street","Dry","Two-Way, Divided, Unprotected Median","None","No Special Feature","Smooth Asphalt","Piedmont","Urban","40 - 45  MPH","Stop And Go Signal","Clear","No","35.78424, -78.6938",-78.6938,35.78424
"2956",793,794,"No","30-39",37,"No","With Traffic","B: Evident Injury","Travel Lane","White","Male","None - Rural Crash","Pender","No","01-01-04","2011-10-06","Loss of Control / Turning Error",12,"Non-Intersection","01-10-01","0001-01-01T07:15:58-04:56","Bicyclist Lost Control - Other /",311129,2011,"B: Evident Injury","Farms, Woods, Pastures","50-59",59,"No","41-45 mph","O: No Injury","White","Female","Van","No","No","Daylight","Rural (<30% Developed)","4 lanes",3,"Straight - Level","US Route","Dry","Two-Way, Divided, Unprotected Median","None","No Special Feature","Coarse Asphalt","Coastal","Rural","50 - 55  MPH","No Control Present","Cloudy","No","34.31956, -77.7682",-77.7682,34.31956
"2957",797,798,"Yes","60-69",67,"No","With Traffic","A: Disabling Injury","Travel Lane","White","Female","Wilmington","New Hanover","No","01-01-03","2011-10-26","Motorist Failed to Yield - Sign-Controlled Intersection",17,"Intersection","01-10-01","0001-01-01T12:29:58-04:56","Motorist Drive Out - Sign-Controlled Intersection",111141,2011,"A: Disabling Injury","Residential","40-49",49,"No","6-10 mph","O: No Injury","White","Female","Sport Utility","No","No","Daylight","Urban (>70% Developed)","2 lanes",2,"Straight - Level","Local Street","Dry","Two-Way, Not Divided","None","Four-Way Intersection","Coarse Asphalt","Coastal","Urban","20 - 25  MPH","Yield Sign","Clear","No","34.24399, -77.8377",-77.8377,34.24399
"2958",799,800,"No","40-49",46,"No","","C: Possible Injury","Sidewalk / Crosswalk / Driveway Crossing","Hispanic","Male","Charlotte","Mecklenburg","No","01-01-02","2011-11-15","Other /  - Insufficient Details",11,"Intersection","01-11-01","0001-01-01T06:04:58-04:56","Approach Paths",139970,2011,"C: Possible Injury","Commercial","50-59",53,"No","41-45 mph","O: No Injury","White","Female","Pickup","No","No","Daylight","Urban (>70% Developed)","2 lanes",2,"Straight - Level","Local Street","Dry","Two-Way, Divided, Positive Median Barrier","None","No Special Feature","Smooth Asphalt","Piedmont","Urban","40 - 45  MPH","Stop And Go Signal","Cloudy","No","35.25988, -80.7771",-80.7771,35.25988
"2959",800,801,"No","20-24",20,"No","With Traffic","C: Possible Injury","Sidewalk / Crosswalk / Driveway Crossing","White","Male","Conover","Catawba","No","01-01-07","2011-11-20","Motorist Failed to Yield - Sign-Controlled Intersection",8,"Intersection","01-11-01","0001-01-01T03:23:58-04:56","Motorist Drive Out - Sign-Controlled Intersection",131141,2011,"C: Possible Injury","Residential","40-49",41,"No","0-5 mph","O: No Injury","White","Male","Passenger Car","No","No","Daylight","Urban (>70% Developed)","2 lanes",2,"Straight - Hillcrest","Local Street","Dry","Two-Way, Not Divided","None","T-Intersection","Smooth Asphalt","Piedmont","Urban","30 - 35  MPH","Stop Sign","Clear","No","35.7065, -81.2005",-81.2005,35.7065
"2960",827,828,"Yes","16-19",16,"No","","C: Possible Injury","Travel Lane","Black","Male","Raleigh","Wake","No","01-01-04","2011-12-01","Motorist Failed to Yield - Sign-Controlled Intersection",19,"Intersection","01-12-01","0001-01-01T14:14:58-04:56","Motorist Drive Out - Sign-Controlled Intersection",119141,2011,"C: Possible Injury","Residential","20-24",20,"No","16-20 mph","O: No Injury","Black","Male","Passenger Car","No","No","Dark - Lighted Roadway","Urban (>70% Developed)","2 lanes",2,"Straight - Level","Local Street","Dry","Two-Way, Divided, Unprotected Median","None","T-Intersection","Smooth Asphalt","Piedmont","Urban","30 - 35  MPH","Stop Sign","Clear","No","35.79022, -78.5475",-78.5475,35.79022
"2961",833,834,"No","40-49",49,"No","With Traffic","B: Evident Injury","Bike Lane / Paved Shoulder","White","Male","Charlotte","Mecklenburg","No","01-01-02","2011-11-08","Motorist Right Turn / Merge",10,"Intersection","01-11-01","0001-01-01T05:50:58-04:56","Motorist Right Turn - Same Direction",121213,2011,"B: Evident Injury","Commercial","50-59",52,"No","0-5 mph","O: No Injury","Black","Male","Passenger Car","No","No","Daylight","Urban (>70% Developed)","2 lanes",2,"Straight - Level","Local Street","Dry","Two-Way, Not Divided","None","Four-Way Intersection","Smooth Asphalt","Piedmont","Urban","30 - 35  MPH","Stop And Go Signal","Clear","No","35.20493, -80.8485",-80.8485,35.20493
"2962",835,836,"Yes","30-39",32,"No","With Traffic","C: Possible Injury","Sidewalk / Crosswalk / Driveway Crossing","White","Male","Wilmington","New Hanover","Yes","01-01-07","2011-11-13","Loss of Control / Turning Error",1,"Non-Intersection","01-11-01","0000-12-31T20:53:58-04:56","Motorist Lost Control - Alcohol / Drug Impairment",331133,2011,"C: Possible Injury","Residential","20-24",21,"Yes","81-85 mph","C: Possible Injury","White","Male","Passenger Car","No","No","Dark - Lighted Roadway","Urban (>70% Developed)","4 lanes",2,"Straight - Level","US Route","Dry","Two-Way, Divided, Unprotected Median","None","No Special Feature","Smooth Asphalt","Coastal","Urban","40 - 45  MPH","No Control Present","Clear","No","34.23992, -77.8535",-77.8535,34.23992
"2963",841,842,"Yes","50-59",51,"No","Not Applicable","C: Possible Injury","Non-Roadway","Black","Male","Charlotte","Mecklenburg","No","01-01-06","2011-12-10","Non-Roadway",16,"Non-Roadway","01-12-01","0001-01-01T11:11:58-04:56","Non-Roadway",460910,2011,"C: Possible Injury","Commercial","60-69",67,"No","0-5 mph","O: No Injury","Black","Male","Passenger Car","No","No","Daylight","Urban (>70% Developed)","",2,"Straight - Level","Public Vehicular Area","Dry","Two-Way, Not Divided","None","Driveway, Private","Smooth Asphalt","Piedmont","Urban","5 - 15 MPH","No Control Present","Clear","No","35.25392, -80.8036",-80.8036,35.25392
"2964",844,845,"Yes","30-39",37,"No","With Traffic","B: Evident Injury","Travel Lane","White","Male","None - Rural Crash","Mcdowell","No","01-01-02","2011-12-13","Motorist Overtaking Bicyclist",6,"Non-Intersection","01-12-01","0001-01-01T01:35:58-04:56","Motorist Overtaking - Other /",311239,2011,"B: Evident Injury","Farms, Woods, Pastures","40-49",42,"No","46-50 mph","O: No Injury","White","Male","Pickup","No","No","Dark - Roadway Not Lighted","Rural (<30% Developed)","2 lanes",2,"Straight - Grade","US Route","Dry","Two-Way, Not Divided","None","No Special Feature","Smooth Asphalt","Mountains","Rural","50 - 55  MPH","Double Yellow Line, No Passing Zone","Clear","No","35.61779, -81.9858",-81.9858,35.61779
"2965",848,849,"Yes","30-39",31,"No","With Traffic","B: Evident Injury","Travel Lane","Black","Male","None - Rural Crash","Mecklenburg","No","01-01-03","2011-12-14","Motorist Overtaking Bicyclist",4,"Intersection-Related","01-12-01","0000-12-31T23:56:58-04:56","Motorist Overtaking - Undetected Bicyclist",211231,2011,"B: Evident Injury","Commercial","25-29",27,"No","41-45 mph","O: No Injury","White","Male","Passenger Car","No","No","Dark - Lighted Roadway","Urban (>70% Developed)","6 lanes",2,"Straight - Level","Local Street","Dry","Two-Way, Divided, Positive Median Barrier","None","No Special Feature","Smooth Asphalt","Piedmont","Rural","40 - 45  MPH","No Control Present","Clear","No","35.22474, -80.9025",-80.9025,35.22474
"2966",853,854,"Yes","20-24",21,"No","With Traffic","B: Evident Injury","Travel Lane","White","Male","Huntersville","Mecklenburg","No","01-01-06","2011-11-19","Bicyclist Left Turn / Merge",13,"Intersection","01-11-01","0001-01-01T08:35:58-04:56","Bicyclist Left Turn - Same Direction",111221,2011,"B: Evident Injury","Residential","40-49",46,"No","26-30 mph","O: No Injury","White","Male","Pickup","No","No","Daylight","Rural (<30% Developed)","2 lanes",2,"Straight - Hillcrest","Local Street","Dry","Two-Way, Not Divided","None","Four-Way Intersection","Smooth Asphalt","Piedmont","Urban","40 - 45  MPH","No Control Present","Cloudy","No","35.38851, -80.921",-80.921,35.38851
"2967",873,874,"Yes","50-59",50,"No","With Traffic","B: Evident Injury","Travel Lane","Black","Male","Wilson","Wilson","No","01-01-02","2011-11-22","Motorist Overtaking Bicyclist",19,"Non-Intersection","01-11-01","0001-01-01T14:51:58-04:56","Motorist Overtaking - Undetected Bicyclist",311231,2011,"B: Evident Injury","Commercial","60-69",69,"No","41-45 mph","O: No Injury","White","Male","Light Truck (Mini-Van, Panel)","No","No","Dark - Lighted Roadway","Urban (>70% Developed)","5 lanes",2,"Straight - Bottom","Local Street","Dry","Two-Way, Not Divided","None","No Special Feature","Smooth Asphalt","Coastal","Urban","40 - 45  MPH","No Control Present","Cloudy","No","35.75239, -77.9602",-77.9602,35.75239
"2968",874,875,"No","20-24",23,"No","With Traffic","C: Possible Injury","Travel Lane","White","Male","Holly Springs","Wake","No","01-01-03","2011-12-14","Motorist Left Turn / Merge",14,"Intersection","01-12-01","0001-01-01T09:44:58-04:56","Motorist Left Turn - Opposite Direction",111212,2011,"C: Possible Injury","Residential","60-69",65,"No","0-5 mph","O: No Injury","White","Male","Passenger Car","No","No","Daylight","Urban (>70% Developed)","2 lanes",2,"Straight - Level","Local Street","Dry","Two-Way, Not Divided","None","Driveway, Private","Coarse Asphalt","Piedmont","Urban","30 - 35  MPH","No Control Present","Clear","No","35.66465, -78.8006",-78.8006,35.66465
"2969",876,877,"No","50-59",52,"No","With Traffic","O: No Injury","Travel Lane","White","Male","Asheville","Buncombe","No","01-01-07","2011-12-04","Bicyclist Failed to Yield - Signalized Intersection",10,"Intersection","01-12-01","0001-01-01T05:43:58-04:56","Bicyclist Ride Through - Signalized Intersection",111155,2011,"O: No Injury","Commercial","60-69",64,"No","16-20 mph","O: No Injury","White","Male","Passenger Car","No","No","Daylight","Urban (>70% Developed)","2 lanes",2,"Straight - Grade","Local Street","Dry","Two-Way, Not Divided","None","No Special Feature","Smooth Asphalt","Mountains","Urban","30 - 35  MPH","Flashing Stop And Go Signal","Cloudy","No","35.59896, -82.5536",-82.5536,35.59896
"2970",879,880,"Yes","50-59",52,"No","With Traffic","C: Possible Injury","Travel Lane","White","Male","Wilmington","New Hanover","No","01-01-02","2011-12-20","Motorist Left Turn / Merge",16,"Intersection","01-12-01","0001-01-01T11:18:58-04:56","Motorist Left Turn - Opposite Direction",111212,2011,"C: Possible Injury","Commercial","60-69",62,"No","11-15 mph","O: No Injury","Black","Male","Van","No","No","Daylight","Urban (>70% Developed)","4 lanes",2,"Straight - Level","Local Street","Dry","Two-Way, Divided, Unprotected Median","None","No Special Feature","Smooth Asphalt","Coastal","Urban","40 - 45  MPH","No Control Present","Clear","No","34.24659, -77.8674",-77.8674,34.24659
"2971",893,894,"No","16-19",19,"No","Facing Traffic","C: Possible Injury","Sidewalk / Crosswalk / Driveway Crossing","White","Male","Asheville","Buncombe","No","01-01-04","2011-12-29","Bicyclist Failed to Yield - Signalized Intersection",20,"Intersection","01-12-01","0001-01-01T15:47:58-04:56","Bicyclist Ride Through - Signalized Intersection",132155,2011,"C: Possible Injury","Commercial","30-39",37,"No","16-20 mph","O: No Injury","White","Male","Sport Utility","No","No","Dark - Lighted Roadway","Urban (>70% Developed)","3 lanes",2,"Straight - Hillcrest","Local Street","Dry","Two-Way, Not Divided","None","Four-Way Intersection","Smooth Asphalt","Mountains","Urban","20 - 25  MPH","Stop And Go Signal","Clear","No","35.59486, -82.5526",-82.5526,35.59486
"2972",900,901,"No","",NA,"Missing","With Traffic","Injury","Travel Lane","/Missing","","Greensboro","Guilford","No","01-01-02","2011-04-05","Motorist Right Turn / Merge",9,"Intersection","01-04-01","0001-01-01T04:48:58-04:56","Motorist Right Turn - Same Direction",111213,2011,"C: Possible Injury","Institutional","",NA,"Missing","0-5 mph","Injury","/Missing","","","No","Yes","Daylight","Urban (>70% Developed)","2 lanes",2,"Straight - Level","Local Street","Wet","Two-Way, Divided, Positive Median Barrier","None","Four-Way Intersection","Smooth Asphalt","Piedmont","Urban","20 - 25  MPH","Other","Cloudy","No","36.06528, -79.8127",-79.8127,36.06528
"2973",4,5,"Yes","20-24",21,"No","Not Applicable","A: Disabling Injury","Travel Lane","White","Male","None - Rural Crash","Pitt","No","","2012-01-09","Head-On",18,"Non-Intersection","","0001-01-01T13:28:58-04:56","Head-On - Motorist",NA,2012,"A: Disabling Injury","Residential","30-39",31,"No","31-35 mph","O: No Injury","White","Female","Van","No","No","Dark - Roadway Not Lighted","Mixed (30% To 70% Developed)","5 lanes",2,"Straight - Level","US Route","Wet","Two-Way, Not Divided","None","No Special Feature","Coarse Asphalt","Coastal","Rural","50 - 55  MPH","No Control Present","Cloudy","No","35.58072, -77.3013",-77.3013,35.58072
"2974",5,6,"Yes","40-49",44,"Yes","With Traffic","C: Possible Injury","Travel Lane","Black","Male","Green Level","Alamance","Yes","01-01-03","2012-01-04","Bicyclist Failed to Yield - Sign-Controlled Intersection",18,"Intersection","","0001-01-01T13:29:58-04:56","Bicyclist Ride Through - Sign-Controlled Intersection",NA,2012,"C: Possible Injury","Residential","25-29",25,"No","41-45 mph","O: No Injury","White","Male","Passenger Car","No","No","Dark - Lighted Roadway","Mixed (30% To 70% Developed)","2 lanes",2,"Straight - Level","NC Route","Dry","Two-Way, Not Divided","None","T-Intersection","Smooth Asphalt","Piedmont","Rural","40 - 45  MPH","Stop Sign","Clear","No","36.12221, -79.3496",-79.3496,36.12221
"2975",8,9,"No","40-49",41,"No","Not Applicable","C: Possible Injury","Non-Roadway","White","Male","Raleigh","Wake","No","01-01-02","2012-01-10","Motorist Right Turn / Merge",14,"Non-Intersection","","0001-01-01T09:08:58-04:56","Motorist Right Turn - Same Direction",NA,2012,"C: Possible Injury","Commercial","40-49",41,"No","6-10 mph","O: No Injury","White","Female","Passenger Car","No","No","Daylight","Urban (>70% Developed)","4 lanes",2,"Straight - Grade","Local Street","Dry","Two-Way, Divided, Unprotected Median","None","No Special Feature","Smooth Asphalt","Piedmont","Urban","30 - 35  MPH","No Control Present","Clear","No","35.79091, -78.6624",-78.6624,35.79091
"2976",18,19,"Yes","30-39",37,"No","With Traffic","B: Evident Injury","Travel Lane","White","Male","Walkertown","Forsyth","No","01-01-04","2012-01-26","Motorist Overtaking Bicyclist",6,"Non-Intersection","","0001-01-01T01:19:58-04:56","Motorist Overtaking - Other /",NA,2012,"B: Evident Injury","Residential","40-49",46,"No","41-45 mph","O: No Injury","White","Male","Truck/Trailer","No","No","Dark - Roadway Not Lighted","Mixed (30% To 70% Developed)","2 lanes",2,"Straight - Level","NC Route","Dry","Two-Way, Not Divided","None","No Special Feature","Smooth Asphalt","Piedmont","Rural","40 - 45  MPH","Double Yellow Line, No Passing Zone","Cloudy","No","36.17859, -80.1921",-80.1921,36.17859
"2977",25,26,"No","40-49",44,"No","With Traffic","C: Possible Injury","Travel Lane","Black","Male","Durham","Durham","No","01-01-04","2012-02-02","Motorist Overtaking Bicyclist",13,"Non-Intersection","01-02-01","0001-01-01T08:15:58-04:56","Motorist Overtaking - Other /",NA,2012,"C: Possible Injury","Residential","",NA,"Missing","31-35 mph","Injury","/Missing","","Passenger Car","No","Yes","Daylight","Urban (>70% Developed)","2 lanes",2,"Straight - Level","Local Street","Dry","Two-Way, Not Divided","None","No Special Feature","Smooth Asphalt","Piedmont","Urban","30 - 35  MPH","No Control Present","Clear","No","35.9934, -78.886",-78.886,35.9934
"2978",26,27,"No","25-29",26,"No","With Traffic","C: Possible Injury","Travel Lane","White","Male","Durham","Durham","No","01-01-04","2012-02-02","Bicyclist Left Turn / Merge",23,"Intersection","01-02-01","0001-01-01T18:03:58-04:56","Bicyclist Left Turn - Same Direction",NA,2012,"C: Possible Injury","Residential","30-39",37,"No","0-5 mph","O: No Injury","White","Male","Passenger Car","No","No","Dark - Lighted Roadway","Urban (>70% Developed)","2 lanes",2,"Straight - Level","Local Street","Dry","Two-Way, Not Divided","None","No Special Feature","Smooth Asphalt","Piedmont","Urban","20 - 25  MPH","No Control Present","Clear","No","36.01702, -78.9155",-78.9155,36.01702
"2979",35,36,"No","20-24",21,"No","Facing Traffic","C: Possible Injury","Sidewalk / Crosswalk / Driveway Crossing","White","Male","Charlotte","Mecklenburg","No","01-01-04","2012-02-09","Motorist Failed to Yield - Sign-Controlled Intersection",12,"Intersection","01-02-01","0001-01-01T07:22:58-04:56","Motorist Drive Out - Sign-Controlled Intersection",NA,2012,"C: Possible Injury","Commercial","50-59",59,"No","","O: No Injury","White","Female","Sport Utility","No","No","Daylight","Urban (>70% Developed)","2 lanes",2,"Straight - Grade","Local Street","Dry","Two-Way, Divided, Positive Median Barrier","None","T-Intersection","Smooth Asphalt","Piedmont","Urban","20 - 25  MPH","Stop Sign","Clear","No","35.29854, -80.7368",-80.7368,35.29854
"2980",37,38,"No","40-49",40,"No","Not Applicable","B: Evident Injury","Non-Roadway","White","Male","Cary","Wake","No","01-01-05","2012-01-20","Non-Roadway",12,"Non-Roadway","","0001-01-01T08:00:58-04:56","Non-Roadway",NA,2012,"B: Evident Injury","Commercial","50-59",56,"No","0-5 mph","O: No Injury","Black","Male","Pickup","No","No","Daylight","Mixed (30% To 70% Developed)","1 lane",2,"Straight - Level","Public Vehicular Area","Dry","Two-Way, Not Divided","None","Driveway, Public","Smooth Asphalt","Piedmont","Urban","5 - 15 MPH","Stop Sign","Cloudy","No","35.77211, -78.7824",-78.7824,35.77211