"","FID","OBJECTID","AmbulanceR","BikeAge_Gr","Bike_Age","Bike_Alc_D","Bike_Dir","Bike_Injur","Bike_Pos","Bike_Race","Bike_Sex","City","County","CrashAlcoh","CrashDay","Crash_Date","Crash_Grp","Crash_Hour","Crash_Loc","Crash_Mont","Crash_Time","Crash_Type","Crash_Ty_1","Crash_Year","Crsh_Sevri","Developmen","DrvrAge_Gr","Drvr_Age","Drvr_Alc_D","Drvr_EstSp","Drvr_Injur","Drvr_Race","Drvr_Sex","Drvr_VehTy","ExcsSpdInd","Hit_Run","Light_Cond","Locality","Num_Lanes","Num_Units","Rd_Charact","Rd_Class","Rd_Conditi","Rd_Config","Rd_Defects","Rd_Feature","Rd_Surface","Region","Rural_Urba","Speed_Limi","Traff_Cntr","Weather","Workzone_I","Location","locx","locy"
"2981",45,46,"Yes","30-39",30,"No","With Traffic","C: Possible Injury","Travel Lane","White","Male","Southern Pines","Moore","No","01-01-06","2012-02-04","Motorist Left Turn / Merge",15,"Non-Intersection","01-02-01","0001-01-01T10:15:58-04:56","Motorist Left Turn - Opposite Direction",NA,2012,"C: Possible Injury","Institutional","20-24",20,"No","0-5 mph","O: No Injury","Black","Female","Passenger Car","No","No","Daylight","Mixed (30% To 70% Developed)","3 lanes",2,"Straight - Level","Local Street","Wet","Two-Way, Not Divided","None","Related To Intersection","Coarse Asphalt","Piedmont","Urban","40 - 45  MPH","No Control Present","Cloudy","No","35.22368, -79.4074",-79.4074,35.22368
"2982",48,49,"Yes","20-24",24,"No","Not Applicable","B: Evident Injury","","White","Female","Wilmington","New Hanover","No","01-01-03","2012-02-01","Bicyclist Failed to Yield - Midblock",12,"Non-Intersection","01-02-01","0001-01-01T07:18:58-04:56","Bicyclist Ride Out - Midblock -",NA,2012,"B: Evident Injury","Commercial","25-29",28,"No","","O: No Injury","White","Male","Passenger Car","No","No","Daylight","Mixed (30% To 70% Developed)","7 lanes",2,"Straight - Level","NC Route","Dry","Two-Way, Divided, Unprotected Median","None","No Special Feature","Smooth Asphalt","Coastal","Urban","40 - 45  MPH","Flashing Stop And Go Signal","Clear","No","34.24211, -77.8933",-77.8933,34.24211
"2983",55,56,"Yes","50-59",55,"No","With Traffic","B: Evident Injury","Travel Lane","Black","Male","Jacksonville","Onslow","No","01-01-02","2012-02-07","Bicyclist Failed to Yield - Signalized Intersection",16,"Intersection","01-02-01","0001-01-01T11:12:58-04:56","Bicyclist Failed to Clear - Trapped",NA,2012,"B: Evident Injury","Residential","50-59",55,"No","0-5 mph","O: No Injury","White","Female","Passenger Car","No","No","Daylight","Urban (>70% Developed)","4 lanes",2,"Straight - Level","Local Street","Dry","Two-Way, Divided, Unprotected Median","None","No Special Feature","Smooth Asphalt","Coastal","Urban","30 - 35  MPH","Stop And Go Signal","Clear","No","34.7964, -77.4378",-77.4378,34.7964
"2984",60,61,"Yes","10-Jun",6,"No","Not Applicable","C: Possible Injury","Non-Roadway","Black","Female","Wilmington","New Hanover","No","01-01-04","2012-02-09","Bicyclist Failed to Yield - Midblock",17,"Non-Intersection","01-02-01","0001-01-01T12:03:58-04:56","Bicyclist Ride Out - Other Midblock",NA,2012,"C: Possible Injury","Residential","30-39",34,"No","0-5 mph","O: No Injury","Black","Female","Passenger Car","No","No","Dusk","Urban (>70% Developed)","1 lane",2,"Straight - Level","Local Street","Dry","One-Way, Not Divided","None","No Special Feature","Smooth Asphalt","Coastal","Urban","5 - 15 MPH","No Control Present","Clear","No","34.22362, -77.9282",-77.9282,34.22362
"2985",61,62,"Yes","20-24",20,"No","Facing Traffic","C: Possible Injury","Sidewalk / Crosswalk / Driveway Crossing","White","Male","Smithfield","Johnston","No","","2012-02-13","Loss of Control / Turning Error",17,"Non-Intersection","01-02-01","0001-01-01T12:59:58-04:56","Bicyclist Lost Control - Mechanical Problems",NA,2012,"C: Possible Injury","Commercial","20-24",23,"No","","O: No Injury","White","Male","Passenger Car","No","No","Daylight","Urban (>70% Developed)","5 lanes",2,"Straight - Level","US Route","Dry","Two-Way, Not Divided","None","Driveway, Public","Coarse Asphalt","Coastal","Urban","","No Control Present","Clear","No","35.51759, -78.32",-78.32,35.51759
"2986",73,74,"No","50-59",57,"No","Facing Traffic","B: Evident Injury","Sidewalk / Crosswalk / Driveway Crossing","White","Male","Charlotte","Mecklenburg","No","","2012-03-05","Motorist Right Turn / Merge",16,"Intersection","01-03-01","0001-01-01T11:08:58-04:56","Motorist Right Turn - Opposite Direction",NA,2012,"B: Evident Injury","Commercial","",NA,"Missing","0-5 mph","Injury","/Missing","","","No","Yes","Daylight","Urban (>70% Developed)","4 lanes",2,"Straight - Level","Local Street","Dry","Two-Way, Not Divided","None","No Special Feature","Smooth Asphalt","Piedmont","Urban","40 - 45  MPH","Stop And Go Signal","Clear","No","35.25193, -80.8104",-80.8104,35.25193
"2987",77,78,"Yes","20-24",24,"No","Facing Traffic","C: Possible Injury","Sidewalk / Crosswalk / Driveway Crossing","White","Male","Wilmington","New Hanover","No","01-01-03","2012-02-15","Crossing Paths - Other Circumstances",13,"Intersection","01-02-01","0001-01-01T08:03:58-04:56","Sign-Controlled Intersection - Other /",NA,2012,"C: Possible Injury","Residential","40-49",48,"No","0-5 mph","O: No Injury","Black","Female","Passenger Car","No","No","Daylight","Urban (>70% Developed)","4 lanes",2,"Straight - Level","Local Street","Dry","One-Way, Not Divided","None","No Special Feature","Smooth Asphalt","Coastal","Urban","20 - 25  MPH","Stop Sign","Clear","No","34.23201, -77.9271",-77.9271,34.23201
"2988",81,82,"Yes","60-69",62,"No","With Traffic","B: Evident Injury","Travel Lane","Black","Male","Greensboro","Guilford","No","01-01-07","2012-02-19","Head-On",10,"Intersection-Related","01-02-01","0001-01-01T05:54:58-04:56","Head-On - Bicyclist",NA,2012,"B: Evident Injury","Commercial","50-59",52,"No","11-15 mph","O: No Injury","Black","Male","Passenger Car","No","No","Daylight","Urban (>70% Developed)","5 lanes",2,"Straight - Grade","Local Street","Wet","Two-Way, Divided, Positive Median Barrier","None","No Special Feature","Smooth Asphalt","Piedmont","Urban","30 - 35  MPH","Stop And Go Signal","Cloudy","No","36.06448, -79.7892",-79.7892,36.06448
"2989",86,87,"Yes","15-Nov",15,"No","Facing Traffic","B: Evident Injury","Travel Lane","White","Male","Charlotte","Mecklenburg","No","01-01-03","2012-03-14","Motorist Failed to Yield - Sign-Controlled Intersection",18,"Intersection","01-03-01","0001-01-01T13:28:58-04:56","Motorist Drive Out - Sign-Controlled Intersection",NA,2012,"B: Evident Injury","Residential","0-19",17,"No","0-5 mph","O: No Injury","White","Female","Passenger Car","No","No","Daylight","Urban (>70% Developed)","2 lanes",2,"Straight - Level","Local Street","Dry","Two-Way, Not Divided","None","T-Intersection","Smooth Asphalt","Piedmont","Urban","20 - 25  MPH","Stop Sign","Clear","No","35.14032, -80.8022",-80.8022,35.14032
"2990",89,90,"No","30-39",30,"No","Facing Traffic","B: Evident Injury","Travel Lane","Black","Female","Fayetteville","Cumberland","No","01-01-03","2012-02-29","Motorist Failed to Yield - Sign-Controlled Intersection",11,"Intersection","01-02-01","0001-01-01T06:37:58-04:56","Motorist Drive Out - Sign-Controlled Intersection",NA,2012,"B: Evident Injury","Residential","25-29",27,"No","","O: No Injury","White","Female","Pickup","No","No","Daylight","Urban (>70% Developed)","4 lanes",2,"Straight - Level","Local Street","Dry","Two-Way, Not Divided","None","No Special Feature","Coarse Asphalt","Coastal","Urban","30 - 35  MPH","Stop Sign","Clear","No","35.09361, -78.9542",-78.9542,35.09361
"2991",90,91,"Yes","20-24",21,"No","With Traffic","B: Evident Injury","Travel Lane","White","Male","Raleigh","Wake","No","01-01-03","2012-03-14","Motorist Left Turn / Merge",16,"Intersection","01-03-01","0001-01-01T11:54:58-04:56","Motorist Left Turn - Opposite Direction",NA,2012,"B: Evident Injury","Commercial","20-24",22,"No","6-10 mph","O: No Injury","White","Male","Pickup","No","No","Daylight","Urban (>70% Developed)","2 lanes",2,"Straight - Hillcrest","","Dry","Two-Way, Not Divided","None","Four-Way Intersection","Smooth Asphalt","Piedmont","Urban","30 - 35  MPH","No Control Present","Clear","No","35.77927, -78.6871",-78.6871,35.77927
"2992",98,99,"Yes","60-69",68,"No","With Traffic","B: Evident Injury","Travel Lane","Black","Male","Wilmington","New Hanover","No","01-01-04","2012-03-01","Loss of Control / Turning Error",13,"Non-Intersection","01-03-01","0001-01-01T08:35:58-04:56","Bicyclist Lost Control - Mechanical Problems",NA,2012,"B: Evident Injury","Residential","",NA,"Missing","","Injury","/Missing","","Pickup","No","No","Daylight","Urban (>70% Developed)","1 lane",2,"Straight - Grade","Local Street","Dry","One-Way, Not Divided","None","No Special Feature","Smooth Asphalt","Coastal","Urban","20 - 25  MPH","No Control Present","Clear","No","34.23972, -77.9354",-77.9354,34.23972
"2993",104,105,"Yes","40-49",42,"No","Facing Traffic","C: Possible Injury","Sidewalk / Crosswalk / Driveway Crossing","Black","Male","Charlotte","Mecklenburg","No","01-01-02","2012-03-20","Motorist Failed to Yield - Signalized Intersection",7,"Intersection","01-03-01","0001-01-01T02:20:58-04:56","Motorist Drive Out - Right Turn on Red",NA,2012,"C: Possible Injury","Commercial","40-49",42,"No","0-5 mph","O: No Injury","White","Male","Single Unit Truck (2-Axle, 6-Tire)","No","No","Daylight","Urban (>70% Developed)","2 lanes",2,"Straight - Level","Local Street","Dry","Two-Way, Not Divided","None","No Special Feature","Smooth Asphalt","Piedmont","Urban","30 - 35  MPH","Stop And Go Signal","Clear","No","35.23389, -80.8492",-80.8492,35.23389
"2994",107,108,"Yes","50-59",51,"No","With Traffic","B: Evident Injury","Travel Lane","White","Male","Raleigh","Wake","No","01-01-03","2012-03-14","Motorist Left Turn / Merge",18,"Intersection","01-03-01","0001-01-01T13:30:58-04:56","Motorist Left Turn - Opposite Direction",NA,2012,"B: Evident Injury","Commercial","50-59",51,"No","6-10 mph","O: No Injury","White","Male","Passenger Car","No","No","Daylight","Urban (>70% Developed)","2 lanes",2,"Straight - Level","Local Street","Dry","Two-Way, Not Divided","None","Related To Intersection","Coarse Asphalt","Piedmont","Urban","30 - 35  MPH","Stop Sign","Clear","No","35.81487, -78.7143",-78.7143,35.81487
"2995",110,111,"Yes","15-Nov",14,"No","With Traffic","B: Evident Injury","Travel Lane","White","Male","Albemarle","Stanly","No","01-01-02","2012-03-06","Motorist Overtaking Bicyclist",23,"Intersection-Related","01-03-01","0001-01-01T18:19:58-04:56","Motorist Overtaking - Other /",NA,2012,"B: Evident Injury","Commercial","70",70,"No","31-35 mph","C: Possible Injury","White","Female","Passenger Car","No","No","Dark - Lighted Roadway","Urban (>70% Developed)","5 lanes",2,"Straight - Level","Local Street","Dry","Two-Way, Divided, Unprotected Median","None","Four-Way Intersection","Coarse Asphalt","Piedmont","Urban","40 - 45  MPH","Stop And Go Signal","Clear","No","35.35377, -80.1668",-80.1668,35.35377
"2996",114,115,"Yes","50-59",54,"No","With Traffic","C: Possible Injury","Travel Lane","Black","Male","Goldsboro","Wayne","No","01-01-05","2012-03-09","Motorist Left Turn / Merge",19,"Intersection","01-03-01","0001-01-01T14:23:58-04:56","Motorist Left Turn - Opposite Direction",NA,2012,"C: Possible Injury","Commercial","50-59",59,"No","0-5 mph","O: No Injury","Black","Female","Passenger Car","No","No","Dark - Roadway Not Lighted","Urban (>70% Developed)","2 lanes",2,"Straight - Level","Local Street","Dry","Two-Way, Not Divided","None","No Special Feature","Coarse Asphalt","Coastal","Urban","30 - 35  MPH","Stop Sign","Clear","No","35.39264, -77.9949",-77.9949,35.39264
"2997",119,120,"No","40-49",43,"No","With Traffic","C: Possible Injury","Travel Lane","White","Male","Lumberton","Robeson","No","01-01-02","2012-03-27","Bicyclist Failed to Yield - Signalized Intersection",13,"Intersection","01-03-01","0001-01-01T08:03:58-04:56","Bicyclist Failed to Clear - Trapped",NA,2012,"C: Possible Injury","Commercial","25-29",25,"No","31-35 mph","O: No Injury","White","Female","Passenger Car","No","No","Daylight","Urban (>70% Developed)","8 lanes",2,"Straight - Level","Local Street","Dry","Two-Way, Not Divided","None","Four-Way Intersection","Coarse Asphalt","Coastal","Urban","30 - 35  MPH","Stop And Go Signal","Clear","No","34.61207, -78.9803",-78.9803,34.61207
"2998",125,126,"Yes","10-Jun",8,"No","Facing Traffic","K: Killed","Travel Lane","Black","Male","Dunn","Harnett","No","01-01-07","2012-03-18","Bicyclist Failed to Yield - Sign-Controlled Intersection",15,"Intersection","01-03-01","0001-01-01T10:24:58-04:56","Bicyclist Ride Through - Sign-Controlled Intersection",NA,2012,"K: Killed","Residential","0-19",18,"No","31-35 mph","O: No Injury","Native American","Female","Passenger Car","No","No","Daylight","Urban (>70% Developed)","2 lanes",2,"Straight - Level","Local Street","Dry","Two-Way, Not Divided","None","Four-Way Intersection","Coarse Asphalt","Coastal","Urban","30 - 35  MPH","Stop Sign","Cloudy","No","35.30579, -78.6187",-78.6187,35.30579
"2999",127,128,"Yes","30-39",39,"No","With Traffic","C: Possible Injury","Travel Lane","Hispanic","Female","None - Rural Crash","Hoke","No","01-01-07","2012-04-01","Motorist Overtaking Bicyclist",10,"Non-Intersection","01-04-01","0001-01-01T05:10:58-04:56","Motorist Overtaking - Misjudged Space",NA,2012,"C: Possible Injury","Farms, Woods, Pastures","0-19",16,"No","41-45 mph","O: No Injury","Black","Female","Sport Utility","No","No","Daylight","Rural (<30% Developed)","2 lanes",2,"Curve - Grade","State Secondary Route","Dry","Two-Way, Not Divided","None","No Special Feature","Coarse Asphalt","Coastal","Rural","40 - 45  MPH","Double Yellow Line, No Passing Zone","Clear","No","34.99111, -79.1668",-79.1668,34.99111
"3000",128,129,"Yes","20-24",23,"No","Facing Traffic","A: Disabling Injury","Travel Lane","White","Male","None - Rural Crash","Yadkin","No","01-01-06","2012-03-03","Head-On",16,"Non-Intersection","01-03-01","0001-01-01T11:05:58-04:56","Head-On - Bicyclist",NA,2012,"A: Disabling Injury","Farms, Woods, Pastures","60-69",63,"No","31-35 mph","O: No Injury","White","Female","Passenger Car","No","No","Daylight","Rural (<30% Developed)","2 lanes",2,"Straight - Level","State Secondary Route","Dry","Two-Way, Not Divided","None","No Special Feature","Smooth Asphalt","Mountains","Rural","50 - 55  MPH","Human Control","Clear","No","36.1718, -80.4778",-80.4778,36.1718
"3001",307,308,"Yes","30-39",35,"No","With Traffic","C: Possible Injury","Bike Lane / Paved Shoulder","White","Male","Chapel Hill","Orange","Yes","01-01-05","2012-05-18","Motorist Right Turn / Merge",16,"Non-Intersection","01-05-01","0001-01-01T11:06:58-04:56","Motorist Right Turn - Same Direction",NA,2012,"C: Possible Injury","Residential","20-24",22,"Yes","16-20 mph","O: No Injury","White","Male","","No","Yes","Daylight","Urban (>70% Developed)","4 lanes",2,"Straight - Grade","NC Route","Dry","Two-Way, Divided, Unprotected Median","None","No Special Feature","Smooth Asphalt","Piedmont","Urban","30 - 35  MPH","Double Yellow Line, No Passing Zone","Cloudy","No","35.92287, -79.055",-79.055,35.92287
"3002",315,316,"No","40-49",45,"No","With Traffic","C: Possible Injury","Travel Lane","White","Female","None - Rural Crash","Henderson","No","01-01-06","2012-05-26","Motorist Overtaking Bicyclist",13,"Non-Intersection","01-05-01","0001-01-01T08:48:58-04:56","Motorist Overtaking - Misjudged Space",NA,2012,"C: Possible Injury","Residential","70",70,"No","16-20 mph","O: No Injury","White","Female","Passenger Car","No","No","Daylight","Rural (<30% Developed)","2 lanes",2,"Straight - Grade","State Secondary Route","Dry","Two-Way, Not Divided","None","No Special Feature","Coarse Asphalt","Mountains","Rural","30 - 35  MPH","Double Yellow Line, No Passing Zone","Clear","No","35.39594, -82.3931",-82.3931,35.39594
"3003",317,318,"Yes","15-Nov",13,"No","With Traffic","A: Disabling Injury","Travel Lane","Black","Male","None - Rural Crash","Dare","No","","2012-05-28","Bicyclist Failed to Yield - Sign-Controlled Intersection",13,"Intersection","01-05-01","0001-01-01T08:15:58-04:56","Bicyclist Ride Through - Sign-Controlled Intersection",NA,2012,"A: Disabling Injury","Residential","40-49",44,"No","21-25 mph","O: No Injury","Black","Female","Van","No","No","Daylight","Mixed (30% To 70% Developed)","2 lanes",2,"Straight - Level","State Secondary Route","Dry","Two-Way, Not Divided","None","T-Intersection","Coarse Asphalt","Coastal","Rural","20 - 25  MPH","Double Yellow Line, No Passing Zone","Cloudy","No","35.90847, -75.6807",-75.6807,35.90847
"3004",318,319,"Yes","40-49",46,"No","With Traffic","C: Possible Injury","Travel Lane","Black","Male","Greensboro","Guilford","No","01-01-07","2012-05-27","Bicyclist Failed to Yield - Signalized Intersection",14,"Intersection","01-05-01","0001-01-01T09:53:58-04:56","Bicyclist Ride Through - Signalized Intersection",NA,2012,"C: Possible Injury","Commercial","50-59",57,"No","31-35 mph","O: No Injury","White","Female","Passenger Car","No","Yes","Daylight","Urban (>70% Developed)","5 lanes",2,"Straight - Level","Local Street","Dry","Two-Way, Divided, Positive Median Barrier","None","Four-Way Intersection","Smooth Asphalt","Piedmont","Urban","30 - 35  MPH","Stop And Go Signal","Clear","No","36.09728, -79.8175",-79.8175,36.09728
"3005",320,321,"Yes","20-24",21,"No","With Traffic","A: Disabling Injury","Travel Lane","Black","Male","Ahoskie","Hertford","No","","2012-02-13","Other / Unusual Circumstances",23,"Non-Intersection","01-02-01","0001-01-01T18:46:58-04:56","Unusual Circumstances",NA,2012,"A: Disabling Injury","Residential","25-29",26,"No","31-35 mph","O: No Injury","Black","Female","Passenger Car","No","No","Dark - Lighted Roadway","Urban (>70% Developed)","2 lanes",2,"Straight - Grade","Local Street","Dry","Two-Way, Not Divided","None","No Special Feature","Coarse Asphalt","Coastal","Rural","20 - 25  MPH","No Control Present","Clear","No","36.28947, -76.9933",-76.9933,36.28947
"3006",326,327,"Yes","25-29",28,"No","Facing Traffic","B: Evident Injury","Sidewalk / Crosswalk / Driveway Crossing","White","Male","Greenville","Pitt","No","","2012-05-14","Motorist Failed to Yield - Sign-Controlled Intersection",17,"Intersection","01-05-01","0001-01-01T12:20:58-04:56","Motorist Drive Out - Sign-Controlled Intersection",NA,2012,"B: Evident Injury","Institutional","25-29",26,"No","0-5 mph","O: No Injury","Black","Female","Passenger Car","No","No","Daylight","Mixed (30% To 70% Developed)","1 lane",2,"Straight - Level","Local Street","Dry","One-Way, Not Divided","None","T-Intersection","Smooth Asphalt","Coastal","Urban","","Stop Sign","Cloudy","No","35.61072, -77.4014",-77.4014,35.61072
"3007",1002,1003,"Yes","30-39",32,"Yes","Facing Traffic","B: Evident Injury","Travel Lane","Hispanic","Male","Charlotte","Mecklenburg","Yes","","2008-12-22","Crossing Paths - Other Circumstances",5,"Intersection","01-12-01","0001-01-01T00:58:58-04:56","Signalized Intersection - Other /",112158,2008,"B: Evident Injury","Commercial","50-59",50,"No","41-45 mph","O: No Injury","Black","Male","Passenger Car","No","No","Dusk","Urban (>70% Developed)","6 lanes",2,"Straight - Level","Local Street","Dry","Two-Way, Divided, Positive Median Barrier","None","No Special Feature","Smooth Asphalt","Piedmont","Urban","40 - 45  MPH","Stop And Go Signal","Clear","No","0.0, 0.0",0,0
"3008",1013,1014,"Yes","40-49",44,"Yes","With Traffic","C: Possible Injury","Travel Lane","White","Male","Eden","Rockingham","Yes","01-01-04","2008-07-03","Bicyclist Left Turn / Merge",17,"Non-Intersection","01-07-01","0001-01-01T12:13:58-04:56","Bicyclist Left Turn - Same Direction",311221,2008,"C: Possible Injury","Residential","25-29",29,"No","26-30 mph","O: No Injury","Black","Female","Passenger Car","No","No","Daylight","Urban (>70% Developed)","2 lanes",2,"Straight - Level","Local Street","Dry","Two-Way, Not Divided","None","No Special Feature","Smooth Asphalt","Piedmont","Urban","20 - 25  MPH","No Control Present","Clear","No","0.0, 0.0",0,0
"3009",1014,1015,"Yes","15-Nov",11,"No","With Traffic","B: Evident Injury","Travel Lane","Black","Male","Greensboro","Guilford","No","01-01-05","2008-08-22","Loss of Control / Turning Error",14,"Intersection","01-08-01","0001-01-01T09:51:58-04:56","Bicyclist Lost Control - Mechanical Problems",111121,2008,"B: Evident Injury","Residential","30-39",34,"No","16-20 mph","O: No Injury","Black","Female","Passenger Car","No","No","Daylight","Urban (>70% Developed)","2 lanes",2,"Straight - Grade","Local Street","Dry","Two-Way, Not Divided","None","Related To Intersection","Smooth Asphalt","Piedmont","Urban","20 - 25  MPH","Stop Sign","Clear","No","0.0, 0.0",0,0
"3010",1016,1017,"No","15-Nov",15,"No","Facing Traffic","C: Possible Injury","Sidewalk / Crosswalk / Driveway Crossing","Black","Male","Wilson","Wilson","No","01-01-02","2008-09-23","Motorist Failed to Yield - Sign-Controlled Intersection",19,"Intersection","01-09-01","0001-01-01T14:54:58-04:56","Motorist Drive Out - Sign-Controlled Intersection",132141,2008,"C: Possible Injury","Residential","30-39",37,"No","0-5 mph","O: No Injury","Black","Female","Sport Utility","No","No","Dusk","Urban (>70% Developed)","2 lanes",2,"Straight - Level","Local Street","Dry","Two-Way, Not Divided","None","No Special Feature","Coarse Asphalt","Coastal","Urban","30 - 35  MPH","Stop Sign","Clear","No","0.0, 0.0",0,0
"3011",1,2,"Yes","40-49",49,"No","With Traffic","C: Possible Injury","Travel Lane","White","Male","Cary","Wake","No","01-01-06","2009-01-10","Motorist Failed to Yield - Sign-Controlled Intersection",12,"Intersection","","0001-01-01T07:21:58-04:56","Motorist Drive Out - Sign-Controlled Intersection",111141,2009,"C: Possible Injury","Commercial","0-19",17,"No","11-15 mph","O: No Injury","White","Male","Passenger Car","No","No","Daylight","Urban (>70% Developed)","3 lanes",2,"Straight - Level","State Secondary Route","Dry","Two-Way, Not Divided","None","Four-Way Intersection","Smooth Asphalt","Piedmont","Urban","40 - 45  MPH","Stop Sign","Clear","No","35.78743, -78.87222",-78.87222,35.78743
"3012",4,5,"No","30-39",36,"No","With Traffic","B: Evident Injury","Travel Lane","Hispanic","Male","Durham","Durham","No","01-01-06","2009-01-24","Motorist Failed to Yield - Sign-Controlled Intersection",7,"Intersection","","0001-01-01T02:30:58-04:56","Motorist Drive Through - Sign-Controlled Intersection",111143,2009,"B: Evident Injury","Residential","40-49",41,"No","11-15 mph","O: No Injury","Black","Female","Sport Utility","No","No","Dark - Roadway Not Lighted","Urban (>70% Developed)","2 lanes",2,"Straight - Level","Local Street","Dry","Two-Way, Not Divided","None","Four-Way Intersection","Coarse Asphalt","Piedmont","Urban","30 - 35  MPH","Stop Sign","Clear","No","35.992195, -78.813736",-78.813736,35.992195
"3013",12,13,"No","50-59",53,"No","With Traffic","C: Possible Injury","Travel Lane","Black","Male","None - Rural Crash","Onslow","No","01-01-04","2009-01-08","Motorist Left Turn / Merge",19,"Intersection","","0001-01-01T14:18:58-04:56","Motorist Left Turn - Same Direction",111211,2009,"C: Possible Injury","Farms, Woods, Pastures","50-59",55,"No","16-20 mph","O: No Injury","White","Female","Passenger Car","No","No","Dark - Roadway Not Lighted","Rural (<30% Developed)","5 lanes",2,"Straight - Level","US Route","Wet","Two-Way, Not Divided","None","T-Intersection","Coarse Asphalt","Coastal","Rural","40 - 45  MPH","No Control Present","Cloudy","No","34.75704, -77.480286",-77.480286,34.75704
"3014",16,17,"Yes","40-49",44,"No","With Traffic","C: Possible Injury","Travel Lane","Black","Male","None - Rural Crash","Martin","No","01-01-05","2009-01-09","Motorist Overtaking Bicyclist",17,"Non-Intersection","","0001-01-01T13:01:58-04:56","Motorist Overtaking - Bicyclist Swerved",311235,2009,"C: Possible Injury","Farms, Woods, Pastures","50-59",58,"No","41-45 mph","O: No Injury","Black","Female","Passenger Car","No","No","Dark - Roadway Not Lighted","Rural (<30% Developed)","2 lanes",2,"Straight - Level","NC Route","Wet","Two-Way, Not Divided","None","No Special Feature","Coarse Asphalt","Coastal","Rural","50 - 55  MPH","Double Yellow Line, No Passing Zone","Cloudy","No","36.023735, -77.379196",-77.379196,36.023735
"3015",17,18,"No","20-24",24,"No","With Traffic","C: Possible Injury","Travel Lane","White","Male","Charlotte","Mecklenburg","No","","2009-01-12","Motorist Left Turn / Merge",7,"Intersection","","0001-01-01T02:59:58-04:56","Motorist Left Turn - Opposite Direction",111212,2009,"C: Possible Injury","Residential","25-29",29,"No","0-5 mph","O: No Injury","White","Male","Passenger Car","No","No","Daylight","Urban (>70% Developed)","4 lanes",2,"Straight - Level","Local Street","Dry","Two-Way, Not Divided","None","T-Intersection","Smooth Asphalt","Piedmont","Urban","30 - 35  MPH","Stop Sign","Clear","No","35.216675, -80.8211",-80.8211,35.216675
"3016",28,29,"Yes","40-49",48,"No","With Traffic","B: Evident Injury","Travel Lane","Black","Male","None - Rural Crash","Anson","No","01-01-05","2009-01-23","Motorist Overtaking Bicyclist",8,"Non-Intersection","","0001-01-01T03:03:58-04:56","Motorist Overtaking - Undetected Bicyclist",311231,2009,"B: Evident Injury","Farms, Woods, Pastures","60-69",63,"No","51-55 mph","O: No Injury","White","Male","Tractor/Semi-Trailer","No","No","Daylight","Rural (<30% Developed)","4 lanes",2,"Straight - Level","US Route","Dry","Two-Way, Divided, Unprotected Median","None","No Special Feature","Smooth Asphalt","Piedmont","Rural","50 - 55  MPH","No Control Present","Clear","No","34.98934, -80.155876",-80.155876,34.98934
"3017",31,32,"Yes","16-19",18,"No","Not Applicable","B: Evident Injury","Non-Roadway","Black","Male","None - Rural Crash","Cumberland","No","01-01-04","2009-02-19","Crossing Paths - Other Circumstances",17,"Intersection","01-02-01","0001-01-01T12:38:58-04:56","Crossing Paths - Uncontrolled Intersection",163160,2009,"B: Evident Injury","Residential","50-59",54,"Missing","41-45 mph","O: No Injury","Black","Female","Pickup","No","No","Dark - Roadway Not Lighted","Urban (>70% Developed)","2 lanes",2,"Straight - Level","State Secondary Route","Dry","Two-Way, Not Divided","None","T-Intersection","Coarse Asphalt","Coastal","Rural","40 - 45  MPH","Stop Sign","Clear","No","35.144928, -78.91045",-78.91045,35.144928
"3018",32,33,"Yes","40-49",49,"No","With Traffic","B: Evident Injury","Travel Lane","Black","Male","Charlotte","Mecklenburg","No","01-01-04","2009-01-29","Motorist Failed to Yield - Sign-Controlled Intersection",10,"Intersection","","0001-01-01T05:24:58-04:56","Motorist Drive Through - Sign-Controlled Intersection",111143,2009,"B: Evident Injury","Residential","",NA,"Missing","21-25 mph","Injury","/Missing","","","No","Yes","Daylight","Urban (>70% Developed)","2 lanes",2,"Straight - Level","Local Street","Dry","Two-Way, Not Divided","None","No Special Feature","Smooth Asphalt","Piedmont","Urban","20 - 25  MPH","Stop Sign","Clear","No","35.23086, -80.81706",-80.81706,35.23086
"3019",33,34,"Yes","70+",NA,"No","With Traffic","A: Disabling Injury","Travel Lane","White","Male","None - Rural Crash","Currituck","No","01-01-05","2009-02-06","Bicyclist Failed to Yield - Midblock",14,"Non-Intersection","01-02-01","0001-01-01T09:33:58-04:56","Bicyclist Ride Out - Midblock -",311319,2009,"A: Disabling Injury","Residential","25-29",29,"No","0-5 mph","O: No Injury","White","Male","Sport Utility","No","No","Daylight","Mixed (30% To 70% Developed)","2 lanes",2,"Curve - Grade","Public Vehicular Area","Dry","Two-Way, Not Divided","None","Driveway, Private","Coarse Asphalt","Coastal","Rural","","No Control Present","Clear","No","36.34932, -75.82227",-75.82227,36.34932
"3020",34,35,"Yes","40-49",49,"Yes","Facing Traffic","O: No Injury","Sidewalk / Crosswalk / Driveway Crossing","Black","Male","Raleigh","Wake","Yes","01-01-05","2009-01-09","Motorist Failed to Yield - Signalized Intersection",20,"Intersection","","0001-01-01T15:32:58-04:56","Motorist Drive Out - Signalized Intersection",132152,2009,"O: No Injury","Commercial","20-24",24,"No","31-35 mph","O: No Injury","White","Male","Passenger Car","No","No","Dark - Lighted Roadway","Urban (>70% Developed)","2 lanes",2,"Straight - Level","Local Street","Dry","Two-Way, Not Divided","None","No Special Feature","Smooth Asphalt","Piedmont","Urban","30 - 35  MPH","Stop And Go Signal","Clear","No","35.780838, -78.647606",-78.647606,35.780838