"","FID","OBJECTID","AmbulanceR","BikeAge_Gr","Bike_Age","Bike_Alc_D","Bike_Dir","Bike_Injur","Bike_Pos","Bike_Race","Bike_Sex","City","County","CrashAlcoh","CrashDay","Crash_Date","Crash_Grp","Crash_Hour","Crash_Loc","Crash_Mont","Crash_Time","Crash_Type","Crash_Ty_1","Crash_Year","Crsh_Sevri","Developmen","DrvrAge_Gr","Drvr_Age","Drvr_Alc_D","Drvr_EstSp","Drvr_Injur","Drvr_Race","Drvr_Sex","Drvr_VehTy","ExcsSpdInd","Hit_Run","Light_Cond","Locality","Num_Lanes","Num_Units","Rd_Charact","Rd_Class","Rd_Conditi","Rd_Config","Rd_Defects","Rd_Feature","Rd_Surface","Region","Rural_Urba","Speed_Limi","Traff_Cntr","Weather","Workzone_I","Location","locx","locy"
"3021",35,36,"Yes","10-Jun",9,"No","With Traffic","B: Evident Injury","Travel Lane","White","Female","Cary","Wake","No","01-01-04","2009-02-26","Bicyclist Failed to Yield - Sign-Controlled Intersection",16,"Intersection","01-02-01","0001-01-01T12:01:58-04:56","Bicyclist Ride Through - Sign-Controlled Intersection",111144,2009,"B: Evident Injury","Residential","20-24",22,"No","21-25 mph","O: No Injury","Black","Male","Passenger Car","No","No","Daylight","Mixed (30% To 70% Developed)","1 lane",2,"Straight - Level","Local Street","Dry","Two-Way, Not Divided","None","T-Intersection","Smooth Asphalt","Piedmont","Urban","20 - 25  MPH","Stop Sign","Clear","No","35.82186, -78.88707",-78.88707,35.82186
"3022",36,37,"Yes","20-24",20,"No","Not Applicable","B: Evident Injury","Non-Roadway","Black","Male","Raleigh","Wake","No","01-01-06","2009-01-24","Non-Roadway",16,"Non-Roadway","","0001-01-01T11:49:58-04:56","Non-Roadway",460910,2009,"B: Evident Injury","Residential","30-39",35,"No","16-20 mph","O: No Injury","Black","Male","Passenger Car","No","No","Daylight","Urban (>70% Developed)","",2,"Straight - Level","Public Vehicular Area","Dry","Two-Way, Not Divided","None","No Special Feature","Smooth Asphalt","Piedmont","Urban","5 - 15 MPH","No Control Present","Clear","No","35.89806, -78.807625",-78.807625,35.89806
"3023",39,40,"No","20-24",24,"No","With Traffic","C: Possible Injury","Travel Lane","Black","Male","Wallace","Duplin","No","01-01-06","2009-02-07","Motorist Overtaking Bicyclist",12,"Intersection","01-02-01","0001-01-01T07:43:58-04:56","Motorist Overtaking - Bicyclist Swerved",111235,2009,"C: Possible Injury","Commercial","60-69",64,"No","26-30 mph","O: No Injury","Black","Female","Passenger Car","No","No","Daylight","Mixed (30% To 70% Developed)","2 lanes",2,"Straight - Level","State Secondary Route","Dry","Two-Way, Divided, Unprotected Median","None","Four-Way Intersection","Coarse Asphalt","Coastal","Rural","30 - 35  MPH","No Control Present","Clear","No","34.73573, -77.99819",-77.99819,34.73573
"3024",46,47,"No","40-49",43,"No","With Traffic","C: Possible Injury","Travel Lane","Native American","Male","None - Rural Crash","Robeson","No","01-01-04","2009-03-05","Motorist Overtaking Bicyclist",17,"Non-Intersection","01-03-01","0001-01-01T12:46:58-04:56","Motorist Overtaking - Undetected Bicyclist",311231,2009,"C: Possible Injury","Residential","25-29",26,"No","51-55 mph","O: No Injury","Black","Female","Sport Utility","No","No","Daylight","Mixed (30% To 70% Developed)","2 lanes",2,"Straight - Level","NC Route","Dry","Two-Way, Not Divided","None","No Special Feature","Coarse Asphalt","Coastal","Rural","50 - 55  MPH","No Control Present","Clear","No","34.848984, -79.128204",-79.128204,34.848984
"3025",50,51,"Yes","20-24",24,"No","Facing Traffic","C: Possible Injury","Sidewalk / Crosswalk / Driveway Crossing","Black","Male","Concord","Cabarrus","No","01-01-02","2009-02-17","Motorist Failed to Yield - Midblock",15,"Non-Intersection","01-02-01","0001-01-01T10:28:58-04:56","Motorist Drive Out - Commercial Driveway / Alley",332322,2009,"C: Possible Injury","Commercial","70+",NA,"No","0-5 mph","O: No Injury","White","Male","Pickup","No","No","Daylight","Urban (>70% Developed)","4 lanes",2,"Straight - Level","US Route","Dry","Two-Way, Divided, Unprotected Median","None","T-Intersection","Coarse Asphalt","Piedmont","Urban","40 - 45  MPH","No Control Present","Clear","No","35.3951, -80.614944",-80.614944,35.3951
"3026",51,52,"Yes","50-59",58,"No","With Traffic","A: Disabling Injury","Travel Lane","White","Male","Winston-Salem","Forsyth","No","01-01-06","2009-02-21","Motorist Overtaking Bicyclist",19,"Non-Intersection","01-02-01","0001-01-01T14:42:58-04:56","Motorist Overtaking - Other /",311239,2009,"A: Disabling Injury","Commercial","50-59",51,"No","31-35 mph","O: No Injury","White","Female","Passenger Car","No","No","Dark - Lighted Roadway","Urban (>70% Developed)","4 lanes",2,"Straight - Level","Local Street","Dry","Two-Way, Not Divided","None","No Special Feature","Smooth Asphalt","Piedmont","Urban","30 - 35  MPH","No Control Present","Clear","No","36.079838, -80.33576",-80.33576,36.079838
"3027",54,55,"Yes","50-59",52,"No","Facing Traffic","B: Evident Injury","Travel Lane","Black","Male","Matthews","Mecklenburg","No","","2009-02-23","Motorist Failed to Yield - Sign-Controlled Intersection",15,"Intersection","01-02-01","0001-01-01T10:58:58-04:56","Motorist Drive Out - Sign-Controlled Intersection",112141,2009,"B: Evident Injury","Commercial","30-39",34,"No","0-5 mph","O: No Injury","White","Male","Passenger Car","No","No","Daylight","Urban (>70% Developed)","4 lanes",2,"Straight - Grade","NC Route","Dry","Two-Way, Divided, Unprotected Median","None","T-Intersection","Smooth Asphalt","Piedmont","Urban","20 - 25  MPH","Stop Sign","Clear","No","35.12397, -80.708176",-80.708176,35.12397
"3028",76,77,"Yes","10-Jun",9,"No","Not Applicable","B: Evident Injury","Multi-use Path","Black","Male","Charlotte","Mecklenburg","No","01-01-02","2009-03-17","Bicyclist Failed to Yield - Midblock",17,"Non-Intersection","01-03-01","0001-01-01T12:42:58-04:56","Bicyclist Ride Out - Other Midblock",343318,2009,"B: Evident Injury","Residential","60-69",69,"No","16-20 mph","O: No Injury","White","Female","Van","No","No","Daylight","Urban (>70% Developed)","2 lanes",2,"Straight - Level","Local Street","Dry","Two-Way, Not Divided","None","No Special Feature","Smooth Asphalt","Piedmont","Urban","20 - 25  MPH","No Control Present","Clear","No","35.381763, -80.77205",-80.77205,35.381763
"3029",83,84,"Yes","16-19",19,"No","","B: Evident Injury","","White","Male","Andrews","Cherokee","No","01-01-05","2009-03-06","Other /  - Insufficient Details",19,"Location","01-03-01","0001-01-01T14:21:58-04:56","Location",999980,2009,"B: Evident Injury","Commercial","30-39",30,"No","31-35 mph","O: No Injury","White","Male","Passenger Car","No","No","Dark - Lighted Roadway","Mixed (30% To 70% Developed)","3 lanes",2,"Straight - Level","US Route","Dry","Two-Way, Not Divided","None","No Special Feature","Smooth Asphalt","Mountains","Rural","30 - 35  MPH","No Control Present","Clear","No","35.200768, -83.83379",-83.83379,35.200768
"3030",84,85,"Yes","40-49",47,"No","With Traffic","B: Evident Injury","Travel Lane","Black","Male","Durham","Durham","No","01-01-06","2009-04-04","Motorist Overtaking Bicyclist",3,"Intersection","01-04-01","0000-12-31T22:33:58-04:56","Motorist Overtaking - Other /",111239,2009,"B: Evident Injury","Residential","",NA,"Missing","11-15 mph","Injury","/Missing","","Passenger Car","No","Yes","Dark - Lighted Roadway","Urban (>70% Developed)","2 lanes",2,"Straight - Level","Local Street","Dry","Two-Way, Not Divided","None","No Special Feature","Concrete","Piedmont","Urban","30 - 35  MPH","Stop And Go Signal","Clear","No","36.00718, -78.88549",-78.88549,36.00718
"3031",86,87,"No","20-24",24,"No","With Traffic","B: Evident Injury","Travel Lane","White","Male","Greensboro","Guilford","No","01-01-03","2009-03-25","Motorist Left Turn / Merge",15,"Intersection","01-03-01","0001-01-01T10:24:58-04:56","Motorist Left Turn - Opposite Direction",111212,2009,"B: Evident Injury","Residential","60-69",60,"No","11-15 mph","O: No Injury","White","Male","Single Unit Truck (2-Axle, 6-Tire)","No","No","Daylight","Urban (>70% Developed)","7 lanes",2,"Straight - Level","Local Street","Wet","Two-Way, Not Divided","None","T-Intersection","Smooth Asphalt","Piedmont","Urban","30 - 35  MPH","Stop And Go Signal","Rain","No","36.053383, -79.84245",-79.84245,36.053383
"3032",90,91,"No","10-Jun",10,"No","Not Applicable","C: Possible Injury","Driveway / Alley","White","Male","None - Rural Crash","Caldwell","No","01-01-05","2009-04-03","Non-Roadway",18,"Non-Roadway","01-04-01","0001-01-01T13:05:58-04:56","Non-Roadway",450910,2009,"C: Possible Injury","Residential","30-39",33,"No","0-5 mph","O: No Injury","White","Female","Van","No","No","Daylight","Rural (<30% Developed)","1 lane",2,"Straight - Grade","Private Road, Driveway","Dry","One-Way, Not Divided","None","Driveway, Public","Gravel","Mountains","Rural","5 - 15 MPH","No Control Present","Clear","No","35.827843, -81.58072",-81.58072,35.827843
"3033",94,95,"Yes","15-Nov",12,"No","Facing Traffic","C: Possible Injury","Travel Lane","White","Male","Raleigh","Wake","No","01-01-05","2009-02-27","Crossing Paths - Other Circumstances",17,"Intersection","01-02-01","0001-01-01T12:44:58-04:56","Sign-Controlled Intersection - Other /",112148,2009,"C: Possible Injury","Residential","50-59",56,"No","21-25 mph","O: No Injury","Black","Female","Passenger Car","No","No","Dusk","Urban (>70% Developed)","2 lanes",2,"Curve - Grade","Local Street","Dry","Two-Way, Not Divided","Other","T-Intersection","Coarse Asphalt","Piedmont","Urban","20 - 25  MPH","Stop Sign","Cloudy","No","35.807587, -78.550545",-78.550545,35.807587
"3034",97,98,"No","20-24",21,"No","Facing Traffic","O: No Injury","Travel Lane","Black","Male","Washington","Beaufort","No","01-01-04","2009-03-19","Motorist Overtaking Bicyclist",16,"Non-Intersection","01-03-01","0001-01-01T11:34:58-04:56","Motorist Overtaking - Other /",312239,2009,"O: No Injury","Residential","50-59",53,"No","6-10 mph","O: No Injury","Black","Female","Passenger Car","No","No","Daylight","Urban (>70% Developed)","1 lane",2,"Straight - Level","Local Street","Dry","Two-Way, Not Divided","None","No Special Feature","Coarse Asphalt","Coastal","Urban","30 - 35  MPH","No Control Present","Clear","No","35.55009, -77.055565",-77.055565,35.55009
"3035",98,99,"Yes","15-Nov",15,"No","Facing Traffic","B: Evident Injury","Travel Lane","Black","Male","Charlotte","Mecklenburg","No","01-01-03","2009-04-01","Crossing Paths - Other Circumstances",20,"Intersection","01-04-01","0001-01-01T15:30:58-04:56","Sign-Controlled Intersection - Other /",112148,2009,"B: Evident Injury","Commercial","",NA,"Missing","6-10 mph","Injury","/Missing","","","No","Yes","Dark - Lighted Roadway","Mixed (30% To 70% Developed)","2 lanes",2,"Straight - Level","Local Street","Dry","Two-Way, Not Divided","None","Four-Way Intersection","Smooth Asphalt","Piedmont","Urban","30 - 35  MPH","No Control Present","Clear","No","35.280754, -80.793785",-80.793785,35.280754
"3036",100,101,"Yes","15-Nov",14,"No","With Traffic","A: Disabling Injury","Travel Lane","Black","Male","Charlotte","Mecklenburg","No","01-01-05","2009-04-03","Bicyclist Failed to Yield - Sign-Controlled Intersection",17,"Intersection","01-04-01","0001-01-01T12:21:58-04:56","Bicyclist Ride Through - Sign-Controlled Intersection",111144,2009,"A: Disabling Injury","Residential","25-29",26,"No","21-25 mph","O: No Injury","Black","Male","Passenger Car","No","No","Daylight","Urban (>70% Developed)","2 lanes",2,"Straight - Bottom","Local Street","Dry","Two-Way, Not Divided","None","T-Intersection","Smooth Asphalt","Piedmont","Urban","20 - 25  MPH","Stop Sign","Clear","No","35.234154, -80.81914",-80.81914,35.234154
"3037",109,110,"Yes","40-49",44,"No","Facing Traffic","B: Evident Injury","Sidewalk / Crosswalk / Driveway Crossing","White","Female","Wilmington","New Hanover","No","","2009-04-06","Bicyclist Failed to Yield - Sign-Controlled Intersection",17,"Intersection","01-04-01","0001-01-01T12:09:58-04:56","Bicyclist Ride Through - Sign-Controlled Intersection",132144,2009,"B: Evident Injury","Commercial","40-49",44,"No","","O: No Injury","White","Female","Passenger Car","No","No","Daylight","Urban (>70% Developed)","4 lanes",2,"Straight - Level","Local Street","Dry","Two-Way, Not Divided","None","Four-Way Intersection","Smooth Asphalt","Coastal","Urban","30 - 35  MPH","Stop And Go Signal","Clear","No","34.23898, -77.94661",-77.94661,34.23898
"3038",120,121,"No","10-Jun",7,"No","With Traffic","B: Evident Injury","Travel Lane","Black","Male","Spencer","Rowan","No","01-01-02","2009-04-14","Bicyclist Failed to Yield - Sign-Controlled Intersection",19,"Intersection","01-04-01","0001-01-01T14:35:58-04:56","Bicyclist Ride Through - Sign-Controlled Intersection",111144,2009,"B: Evident Injury","Residential","40-49",46,"No","16-20 mph","O: No Injury","White","Male","Passenger Car","No","No","Dusk","Urban (>70% Developed)","2 lanes",2,"Straight - Grade","Local Street","Dry","Two-Way, Not Divided","None","No Special Feature","Coarse Asphalt","Piedmont","Rural","20 - 25  MPH","Stop Sign","Clear","No","35.688663, -80.4397",-80.4397,35.688663
"3039",122,123,"Yes","20-24",21,"No","With Traffic","B: Evident Injury","Travel Lane","White","Male","None - Rural Crash","Pitt","No","01-01-05","2009-04-24","Backing Vehicle",15,"Non-Intersection","01-04-01","0001-01-01T10:29:58-04:56","Backing Vehicle",311600,2009,"B: Evident Injury","Farms, Woods, Pastures","25-29",29,"No","0-5 mph","O: No Injury","White","Female","Passenger Car","No","No","Daylight","Rural (<30% Developed)","2 lanes",2,"Straight - Level","State Secondary Route","Dry","Two-Way, Not Divided","None","Driveway, Private","Smooth Asphalt","Coastal","Rural","50 - 55  MPH","No Control Present","Clear","No","35.577713, -77.46039",-77.46039,35.577713
"3040",124,125,"No","30-39",36,"No","Facing Traffic","C: Possible Injury","Travel Lane","Asian","Male","Raleigh","Wake","No","","2009-03-23","Motorist Failed to Yield - Sign-Controlled Intersection",7,"Intersection","01-03-01","0001-01-01T02:41:58-04:56","Motorist Drive Out - Sign-Controlled Intersection",112141,2009,"C: Possible Injury","Residential","25-29",28,"No","0-5 mph","O: No Injury","White","Female","Passenger Car","No","No","Daylight","Urban (>70% Developed)","3 lanes",2,"Straight - Level","Local Street","Dry","Two-Way, Not Divided","None","Four-Way Intersection","Smooth Asphalt","Piedmont","Urban","20 - 25  MPH","Stop Sign","Clear","No","35.79967, -78.68372",-78.68372,35.79967
"3041",127,128,"Yes","40-49",47,"No","With Traffic","K: Killed","Travel Lane","Black","Male","Elizabeth City","Pasquotank","No","","2009-04-13","Motorist Overtaking Bicyclist",1,"Non-Intersection","01-04-01","0000-12-31T20:39:58-04:56","Motorist Overtaking - Other /",311239,2009,"K: Killed","Commercial","20-24",24,"No","46-50 mph","O: No Injury","Black","Female","Passenger Car","No","No","Dark - Lighted Roadway","Urban (>70% Developed)","5 lanes",2,"Straight - Level","NC Route","Dry","Two-Way, Divided, Unprotected Median","None","No Special Feature","Smooth Asphalt","Coastal","Urban","50 - 55  MPH","No Control Present","Clear","No","36.284145, -76.23578",-76.23578,36.284145
"3042",131,132,"Yes","30-39",36,"No","With Traffic","C: Possible Injury","Travel Lane","White","Male","Charlotte","Mecklenburg","No","01-01-04","2009-04-23","Motorist Overtaking Bicyclist",7,"Non-Intersection","01-04-01","0001-01-01T02:33:58-04:56","Motorist Overtaking - Other /",311239,2009,"C: Possible Injury","Residential","25-29",25,"No","41-45 mph","O: No Injury","White","Male","Passenger Car","No","No","Daylight","Mixed (30% To 70% Developed)","2 lanes",2,"Straight - Level","Local Street","Dry","Two-Way, Not Divided","None","No Special Feature","Coarse Asphalt","Piedmont","Urban","40 - 45  MPH","No Control Present","Clear","No","35.282616, -80.73358",-80.73358,35.282616
"3043",134,135,"Yes","30-39",36,"No","With Traffic","A: Disabling Injury","Travel Lane","White","Male","None - Rural Crash","Guilford","No","01-01-03","2009-04-29","Motorist Left Turn / Merge",6,"Intersection","01-04-01","0001-01-01T01:27:58-04:56","Motorist Left Turn - Opposite Direction",111212,2009,"A: Disabling Injury","Commercial","30-39",33,"No","41-45 mph","O: No Injury","White","Male","Passenger Car","No","No","Dawn","Mixed (30% To 70% Developed)","2 lanes",2,"Straight - Level","NC Route","Dry","Two-Way, Not Divided","None","Driveway, Public","Smooth Asphalt","Piedmont","Rural","50 - 55  MPH","Double Yellow Line, No Passing Zone","Clear","No","35.912296, -79.707794",-79.707794,35.912296
"3044",142,143,"No","20-24",22,"No","With Traffic","B: Evident Injury","Travel Lane","White","Male","Asheville","Buncombe","No","01-01-03","2009-04-22","Motorist Right Turn / Merge",9,"Intersection","01-04-01","0001-01-01T05:02:58-04:56","Motorist Right Turn - Same Direction",111213,2009,"B: Evident Injury","Commercial","40-49",49,"No","21-25 mph","Injury","White","Male","Passenger Car","No","No","Daylight","Urban (>70% Developed)","4 lanes",2,"Straight - Level","US Route","Dry","Two-Way, Not Divided","None","Other","Coarse Asphalt","Mountains","Urban","30 - 35  MPH","No Control Present","Clear","No","35.600124, -82.55402",-82.55402,35.600124
"3045",143,144,"Yes","15-Nov",11,"No","Not Applicable","B: Evident Injury","Driveway / Alley","White","Female","Emerald Isle","Carteret","No","01-01-06","2009-04-25","Bicyclist Failed to Yield - Midblock",8,"Non-Intersection","01-04-01","0001-01-01T04:00:58-04:56","Bicyclist Ride Out - Residential Driveway",353311,2009,"B: Evident Injury","Commercial","40-49",46,"No","11-15 mph","O: No Injury","White","Female","Passenger Car","No","No","Daylight","Urban (>70% Developed)","2 lanes",2,"Straight - Level","Local Street","Dry","Two-Way, Not Divided","None","Driveway, Public","Coarse Asphalt","Coastal","Rural","20 - 25  MPH","No Control Present","Clear","No","34.665237, -77.0165",-77.0165,34.665237
"3046",152,153,"Yes","60-69",60,"No","Facing Traffic","C: Possible Injury","Bike Lane / Paved Shoulder","White","Female","None - Rural Crash","New Hanover","No","01-01-05","2009-05-08","Motorist Failed to Yield - Sign-Controlled Intersection",18,"Intersection","01-05-01","0001-01-01T13:53:58-04:56","Motorist Drive Out - Sign-Controlled Intersection",122141,2009,"C: Possible Injury","Residential","0-19",19,"No","0-5 mph","O: No Injury","Black","Female","Passenger Car","No","No","Daylight","Urban (>70% Developed)","2 lanes",2,"Straight - Level","Public Vehicular Area","Dry","Two-Way, Not Divided","None","T-Intersection","Smooth Asphalt","Coastal","Rural","5 - 15 MPH","Stop Sign","Clear","No","34.15338, -77.90628",-77.90628,34.15338
"3047",156,157,"Yes","30-39",30,"No","Facing Traffic","O: No Injury","Travel Lane","White","Female","Statesville","Iredell","No","01-01-04","2009-04-30","Motorist Overtaking Bicyclist",19,"Non-Intersection","01-04-01","0001-01-01T14:28:58-04:56","Motorist Overtaking - Bicyclist Swerved",312235,2009,"B: Evident Injury","Commercial","0-19",16,"No","31-35 mph","B: Evident Injury","Black","Male","Passenger Car","No","No","Daylight","Urban (>70% Developed)","2 lanes",2,"Straight - Level","Local Street","Dry","Two-Way, Not Divided","None","No Special Feature","Coarse Asphalt","Piedmont","Urban","30 - 35  MPH","No Control Present","Clear","No","35.775608, -80.86939",-80.86939,35.775608
"3048",160,161,"Yes","10-Jun",7,"No","With Traffic","C: Possible Injury","Travel Lane","Black","Male","Durham","Durham","No","01-01-05","2009-05-01","Bicyclist Left Turn / Merge",16,"Non-Intersection","01-05-01","0001-01-01T11:18:58-04:56","Bicyclist Left Turn - Same Direction",311221,2009,"C: Possible Injury","Residential","40-49",41,"No","11-15 mph","O: No Injury","Black","Male","Passenger Car","No","No","Daylight","Urban (>70% Developed)","2 lanes",2,"Straight - Grade","Local Street","Dry","Two-Way, Not Divided","None","No Special Feature","Smooth Asphalt","Piedmont","Urban","30 - 35  MPH","No Control Present","Clear","No","35.99807, -78.86978",-78.86978,35.99807
"3049",165,166,"Yes","15-Nov",12,"No","With Traffic","C: Possible Injury","Travel Lane","White","Male","None - Rural Crash","Nash","No","01-01-05","2009-05-01","Backing Vehicle",21,"Non-Intersection","01-05-01","0001-01-01T16:13:58-04:56","Backing Vehicle",311600,2009,"C: Possible Injury","Residential","30-39",31,"No","0-5 mph","O: No Injury","Hispanic","Male","Van","No","No","Dark -  Lighting","Urban (>70% Developed)","2 lanes",2,"Straight - Level","Private Road, Driveway","Dry","Two-Way, Not Divided","None","Driveway, Private","Coarse Asphalt","Coastal","Rural","5 - 15 MPH","No Control Present","Clear","No","35.896248, -77.86056",-77.86056,35.896248
"3050",168,169,"Yes","20-24",20,"No","Facing Traffic","C: Possible Injury","Sidewalk / Crosswalk / Driveway Crossing","White","Female","Raleigh","Wake","No","01-01-04","2009-04-16","Motorist Failed to Yield - Signalized Intersection",9,"Intersection","01-04-01","0001-01-01T04:55:58-04:56","Motorist Drive Out - Signalized Intersection",132152,2009,"C: Possible Injury","Commercial","50-59",51,"No","0-5 mph","O: No Injury","White","Female","Sport Utility","No","No","Daylight","Urban (>70% Developed)","2 lanes",2,"Straight - Level","Local Street","Dry","One-Way, Not Divided","None","Four-Way Intersection","Coarse Asphalt","Piedmont","Urban","30 - 35  MPH","Stop And Go Signal","Clear","No","35.778374, -78.64024",-78.64024,35.778374
"3051",174,175,"Yes","40-49",41,"No","With Traffic","Injury","Travel Lane","White","Female","Shelby","Cleveland","No","01-01-06","2009-05-09","Motorist Failed to Yield - Sign-Controlled Intersection",10,"Intersection","01-05-01","0001-01-01T05:20:58-04:56","Motorist Drive Out - Sign-Controlled Intersection",111141,2009,"O: No Injury","Residential","70+",NA,"No","11-15 mph","O: No Injury","White","Male","Passenger Car","No","No","Daylight","Urban (>70% Developed)","5 lanes",2,"Straight - Level","Local Street","Dry","Two-Way, Not Divided","None","Four-Way Intersection","Coarse Asphalt","Mountains","Urban","30 - 35  MPH","Stop Sign","Clear","No","35.284695, -81.562065",-81.562065,35.284695
"3052",182,183,"No","16-19",17,"No","With Traffic","B: Evident Injury","Travel Lane","White","Male","Hickory","Catawba","No","01-01-02","2009-05-12","Motorist Overtaking Bicyclist",21,"Non-Intersection","01-05-01","0001-01-01T16:10:58-04:56","Motorist Overtaking - Misjudged Space",311232,2009,"B: Evident Injury","Residential","",NA,"No","41-45 mph","Injury","/Missing","","Passenger Car","No","Yes","Dark - Lighted Roadway","Urban (>70% Developed)","2 lanes",2,"Straight - Level","Local Street","Dry","Two-Way, Not Divided","None","No Special Feature","Coarse Asphalt","Piedmont","Urban","40 - 45  MPH","No Control Present","Clear","No","35.77979, -81.29472",-81.29472,35.77979
"3053",184,185,"No","30-39",39,"No","With Traffic","C: Possible Injury","Travel Lane","White","Male","Huntersville","Mecklenburg","No","01-01-02","2009-05-12","Motorist Overtaking Bicyclist",19,"Intersection","01-05-01","0001-01-01T14:59:58-04:56","Motorist Overtaking - Misjudged Space",111232,2009,"C: Possible Injury","Residential","30-39",37,"No","","O: No Injury","White","Female","","No","Yes","Daylight","Mixed (30% To 70% Developed)","2 lanes",2,"Straight - Grade","NC Route","Dry","Two-Way, Not Divided","None","No Special Feature","Smooth Asphalt","Piedmont","Urban","40 - 45  MPH","Double Yellow Line, No Passing Zone","Clear","No","35.39871, -80.83822",-80.83822,35.39871
"3054",188,189,"Yes","16-19",19,"No","With Traffic","Injury","Travel Lane","/Missing","","Rocky Mount","Edgecombe","No","01-01-02","2009-04-21","Other / Unusual Circumstances",20,"Non-Intersection","01-04-01","0001-01-01T15:09:58-04:56","Motorist Intentionally Caused",311510,2009,"C: Possible Injury","Residential","0-19",19,"No","31-35 mph","C: Possible Injury","Asian","Male","Sport Utility","No","Yes","Dark - Lighted Roadway","Urban (>70% Developed)","2 lanes",2,"Straight - Level","Local Street","Wet","Two-Way, Not Divided","None","No Special Feature","Coarse Asphalt","Coastal","Urban","30 - 35  MPH","No Control Present","Rain","No","35.924282, -77.78992",-77.78992,35.924282
"3055",193,194,"Yes","20-24",21,"No","Not Applicable","C: Possible Injury","Sidewalk / Crosswalk / Driveway Crossing","White","Male","Kannapolis","Rowan","No","","2009-05-18","Motorist Failed to Yield - Midblock",13,"Non-Intersection","01-05-01","0001-01-01T08:45:58-04:56","Motorist Drive Out - Residential Driveway",333321,2009,"C: Possible Injury","Commercial","40-49",43,"No","0-5 mph","O: No Injury","Black","Male","Passenger Car","No","No","Daylight","Urban (>70% Developed)","2 lanes",2,"Straight - Level","NC Route","Dry","","None","Driveway, Public","Smooth Asphalt","Piedmont","Urban","30 - 35  MPH","No Control Present","Clear","No","35.50998, -80.61559",-80.61559,35.50998
"3056",202,203,"Yes","25-29",25,"No","With Traffic","B: Evident Injury","Travel Lane","Black","Male","Fayetteville","Cumberland","No","01-01-07","2009-05-31","Bicyclist Failed to Yield - Sign-Controlled Intersection",12,"Intersection","01-05-01","0001-01-01T07:35:58-04:56","Bicyclist Ride Out - Sign-Controlled Intersection",111142,2009,"B: Evident Injury","Residential","30-39",30,"No","21-25 mph","O: No Injury","White","Male","Passenger Car","No","No","Daylight","Urban (>70% Developed)","2 lanes",2,"Straight - Level","Local Street","Dry","Two-Way, Not Divided","None","Four-Way Intersection","Concrete","Coastal","Urban","20 - 25  MPH","Stop Sign","Clear","No","35.097603, -78.95288",-78.95288,35.097603
"3057",207,208,"No","20-24",21,"No","Not Applicable","O: No Injury","Other","Black","Male","Fayetteville","Cumberland","No","01-01-03","2009-05-20","Bicyclist Failed to Yield - Midblock",21,"Non-Intersection","01-05-01","0001-01-01T16:49:58-04:56","Bicyclist Ride Out - Midblock -",383319,2009,"O: No Injury","Commercial","70+",NA,"No","16-20 mph","O: No Injury","Black","Male","Passenger Car","No","No","Dark - Lighted Roadway","Urban (>70% Developed)","4 lanes",2,"Straight - Level","Local Street","Dry","Two-Way, Not Divided","None","No Special Feature","Concrete","Coastal","Urban","30 - 35  MPH","No Control Present","Clear","No","35.053764, -78.8665",-78.8665,35.053764
"3058",208,209,"Yes","0-5",5,"No","With Traffic","B: Evident Injury","Travel Lane","White","Female","Oak Island","Brunswick","No","01-01-07","2009-05-17","Bicyclist Failed to Yield - Midblock",12,"Non-Intersection","01-05-01","0001-01-01T07:13:58-04:56","Bicyclist Ride Out - Other Midblock",311318,2009,"B: Evident Injury","Residential","25-29",28,"No","36-40 mph","O: No Injury","White","Female","Sport Utility","No","No","Daylight","Urban (>70% Developed)","2 lanes",2,"Straight - Level","Local Street","Dry","Two-Way, Not Divided","None","No Special Feature","Smooth Asphalt","Coastal","Urban","30 - 35  MPH","No Control Present","Clear","No","33.920334, -78.128624",-78.128624,33.920334
"3059",211,212,"Yes","40-49",42,"No","With Traffic","B: Evident Injury","Travel Lane","Black","Male","High Point","Guilford","No","01-01-05","2009-05-15","Motorist Left Turn / Merge",22,"Intersection","01-05-01","0001-01-01T17:42:58-04:56","Motorist Left Turn - Opposite Direction",111212,2009,"B: Evident Injury","Commercial","0-19",18,"No","31-35 mph","O: No Injury","White","Male","Passenger Car","No","No","Dark - Lighted Roadway","Urban (>70% Developed)","2 lanes",2,"Straight - Level","Local Street","Dry","Two-Way, Not Divided","None","No Special Feature","Coarse Asphalt","Piedmont","Urban","30 - 35  MPH","Stop Sign","Cloudy","No","35.987892, -80.02494",-80.02494,35.987892
"3060",212,213,"Yes","15-Nov",13,"No","With Traffic","B: Evident Injury","Travel Lane","Black","Male","Chapel Hill","Orange","No","01-01-06","2009-05-16","Bicyclist Overtaking Motorist",15,"Non-Intersection","01-05-01","0001-01-01T10:16:58-04:56","Bicyclist Overtaking - Passing on Right",311241,2009,"B: Evident Injury","Commercial","40-49",44,"No","","O: No Injury","White","Female","Sport Utility","No","No","Daylight","Urban (>70% Developed)","4 lanes",2,"Straight - Level","Local Street","Dry","Two-Way, Not Divided","None","No Special Feature","Smooth Asphalt","Piedmont","Urban","20 - 25  MPH","Stop And Go Signal","Clear","No","35.914276, -79.052704",-79.052704,35.914276