"","FID","OBJECTID","AmbulanceR","BikeAge_Gr","Bike_Age","Bike_Alc_D","Bike_Dir","Bike_Injur","Bike_Pos","Bike_Race","Bike_Sex","City","County","CrashAlcoh","CrashDay","Crash_Date","Crash_Grp","Crash_Hour","Crash_Loc","Crash_Mont","Crash_Time","Crash_Type","Crash_Ty_1","Crash_Year","Crsh_Sevri","Developmen","DrvrAge_Gr","Drvr_Age","Drvr_Alc_D","Drvr_EstSp","Drvr_Injur","Drvr_Race","Drvr_Sex","Drvr_VehTy","ExcsSpdInd","Hit_Run","Light_Cond","Locality","Num_Lanes","Num_Units","Rd_Charact","Rd_Class","Rd_Conditi","Rd_Config","Rd_Defects","Rd_Feature","Rd_Surface","Region","Rural_Urba","Speed_Limi","Traff_Cntr","Weather","Workzone_I","Location","locx","locy"
"3061",215,216,"No","30-39",38,"No","With Traffic","C: Possible Injury","Travel Lane","White","Male","None - Rural Crash","Union","No","01-01-02","2009-05-19","Motorist Right Turn / Merge",15,"Non-Intersection","01-05-01","0001-01-01T10:18:58-04:56","Motorist Right Turn - Same Direction",311213,2009,"C: Possible Injury","Residential","0-19",17,"No","11-15 mph","O: No Injury","White","Female","Passenger Car","No","No","Daylight","Urban (>70% Developed)","2 lanes",2,"Straight - Level","State Secondary Route","Dry","Two-Way, Not Divided","None","No Special Feature","Smooth Asphalt","Piedmont","Rural","40 - 45  MPH","Double Yellow Line, No Passing Zone","Clear","No","35.056263, -80.73439",-80.73439,35.056263
"3062",224,225,"Yes","16-19",16,"No","With Traffic","C: Possible Injury","Travel Lane","Black","Male","Kenly","Johnston","No","01-01-06","2009-06-06","Motorist Left Turn / Merge",13,"Intersection","01-06-01","0001-01-01T08:28:58-04:56","Motorist Left Turn - Opposite Direction",111212,2009,"C: Possible Injury","Residential","70+",NA,"No","0-5 mph","O: No Injury","White","Male","Pickup","No","No","Daylight","Urban (>70% Developed)","2 lanes",2,"Straight - Level","Local Street","Dry","Two-Way, Divided, Unprotected Median","None","No Special Feature","Coarse Asphalt","Coastal","Rural","30 - 35  MPH","Stop Sign","Cloudy","No","35.596935, -78.12538",-78.12538,35.596935
"3063",225,226,"Yes","20-24",20,"No","Not Applicable","B: Evident Injury","Travel Lane","White","Male","Cary","Wake","No","01-01-06","2009-06-06","Non-Roadway",13,"Non-Roadway","01-06-01","0001-01-01T08:10:58-04:56","Non-Roadway",410910,2009,"B: Evident Injury","Commercial","40-49",41,"No","6-10 mph","O: No Injury","White","Male","Sport Utility","No","No","Daylight","Urban (>70% Developed)","",2,"Straight - Level","Public Vehicular Area","Dry","Two-Way, Not Divided","None","Alley Intersection","Smooth Asphalt","Piedmont","Urban","5 - 15 MPH","No Control Present","Clear","No","35.785946, -78.87347",-78.87347,35.785946
"3064",227,228,"Yes","40-49",42,"No","With Traffic","B: Evident Injury","Travel Lane","White","Male","None - Rural Crash","Guilford","No","01-01-07","2009-05-24","Motorist Overtaking Bicyclist",9,"Non-Intersection","01-05-01","0001-01-01T04:40:58-04:56","Motorist Overtaking - Misjudged Space",311232,2009,"B: Evident Injury","Farms, Woods, Pastures","70+",NA,"No","41-45 mph","O: No Injury","White","Female","Passenger Car","No","No","Daylight","Rural (<30% Developed)","2 lanes",2,"Straight - Level","NC Route","Wet","Two-Way, Not Divided","None","No Special Feature","Smooth Asphalt","Piedmont","Rural","40 - 45  MPH","Double Yellow Line, No Passing Zone","Cloudy","No","35.923332, -79.93904",-79.93904,35.923332
"3065",229,230,"No","15-Nov",13,"No","Facing Traffic","B: Evident Injury","Sidewalk / Crosswalk / Driveway Crossing","White","Male","Cary","Wake","No","","2009-06-08","Motorist Right Turn / Merge",14,"Intersection","01-06-01","0001-01-01T09:21:58-04:56","Motorist Right Turn - Same Direction",132213,2009,"B: Evident Injury","Commercial","",NA,"Missing","0-5 mph","Injury","/Missing","","Light Truck (Mini-Van, Panel)","No","Yes","Daylight","Urban (>70% Developed)","5 lanes",2,"Straight - Grade","NC Route","Dry","Two-Way, Divided, Unprotected Median","None","Four-Way Intersection","Smooth Asphalt","Piedmont","Urban","40 - 45  MPH","Stop And Go Signal","Clear","No","35.798923, -78.79616",-78.79616,35.798923
"3066",235,236,"Yes","16-19",18,"No","Facing Traffic","B: Evident Injury","Travel Lane","White","Male","Southern Pines","Moore","No","01-01-03","2009-05-27","Bicyclist Failed to Yield - Sign-Controlled Intersection",14,"Intersection","01-05-01","0001-01-01T10:00:58-04:56","Bicyclist Ride Through - Sign-Controlled Intersection",112144,2009,"B: Evident Injury","Commercial","70+",NA,"No","16-20 mph","O: No Injury","White","Female","Passenger Car","No","No","Daylight","Urban (>70% Developed)","4 lanes",2,"Straight - Level","Local Street","Dry","Two-Way, Divided, Positive Median Barrier","None","Four-Way Intersection","Coarse Asphalt","Piedmont","Urban","20 - 25  MPH","Stop Sign","Cloudy","No","35.174446, -79.3906",-79.3906,35.174446
"3067",246,247,"Yes","20-24",24,"No","With Traffic","B: Evident Injury","Travel Lane","Black","Male","Salisbury","Rowan","No","01-01-04","2009-06-11","Bicyclist Failed to Yield - Sign-Controlled Intersection",17,"Intersection","01-06-01","0001-01-01T12:28:58-04:56","Bicyclist Ride Through - Sign-Controlled Intersection",111144,2009,"B: Evident Injury","Residential","0-19",19,"No","21-25 mph","O: No Injury","White","Male","Passenger Car","No","No","Daylight","Urban (>70% Developed)","2 lanes",2,"Straight - Level","Local Street","Wet","Two-Way, Not Divided","None","Four-Way Intersection","Coarse Asphalt","Piedmont","Urban","20 - 25  MPH","Stop Sign","Cloudy","No","35.6646, -80.46022",-80.46022,35.6646
"3068",248,249,"Yes","40-49",44,"Yes","With Traffic","B: Evident Injury","Travel Lane","White","Male","None - Rural Crash","Brunswick","Yes","01-01-04","2009-06-11","Motorist Overtaking Bicyclist",20,"Non-Intersection","01-06-01","0001-01-01T15:42:58-04:56","Motorist Overtaking - Misjudged Space",311232,2009,"B: Evident Injury","Farms, Woods, Pastures","",NA,"Missing","","Injury","/Missing","","","No","Yes","Dark - Roadway Not Lighted","Rural (<30% Developed)","2 lanes",2,"Curve - Level","State Secondary Route","Dry","Two-Way, Not Divided","None","No Special Feature","Coarse Asphalt","Coastal","Rural","50 - 55  MPH","Double Yellow Line, No Passing Zone","Clear","No","34.30124, -78.06965",-78.06965,34.30124
"3069",251,252,"Yes","70+",NA,"No","Not Applicable","C: Possible Injury","Non-Roadway","White","Male","Chapel Hill","Orange","No","01-01-02","2009-06-02","Non-Roadway",7,"Non-Roadway","01-06-01","0001-01-01T02:28:58-04:56","Non-Roadway",460910,2009,"C: Possible Injury","Commercial","25-29",25,"No","0-5 mph","O: No Injury","White","Female","Passenger Car","No","No","Daylight","Urban (>70% Developed)","",2,"Straight - Level","Public Vehicular Area","Dry","Two-Way, Not Divided","None","No Special Feature","Smooth Asphalt","Piedmont","Urban","","No Control Present","Clear","No","35.904778, -79.0119",-79.0119,35.904778
"3070",253,254,"Yes","40-49",44,"No","","C: Possible Injury","","Black","Male","Elizabeth City","Pasquotank","No","01-01-02","2009-06-02","Other /  - Insufficient Details",5,"Intersection","01-06-01","0001-01-01T00:20:58-04:56","Approach Paths",199970,2009,"C: Possible Injury","Residential","30-39",37,"No","21-25 mph","O: No Injury","White","Male","Van","No","No","Daylight","Mixed (30% To 70% Developed)","4 lanes",2,"Straight - Grade","Local Street","Wet","Two-Way, Divided, Unprotected Median","None","No Special Feature","Smooth Asphalt","Coastal","Urban","30 - 35  MPH","Stop And Go Signal","Clear","No","36.301373, -76.21926",-76.21926,36.301373
"3071",256,257,"Yes","40-49",44,"No","","B: Evident Injury","Sidewalk / Crosswalk / Driveway Crossing","Black","Male","Greenville","Pitt","No","01-01-03","2009-06-03","Parallel Paths - Other Circumstances",16,"Non-Intersection","01-06-01","0001-01-01T11:33:58-04:56","Bicyclist Ride Out - Parallel Path",339225,2009,"B: Evident Injury","Residential","30-39",38,"No","21-25 mph","O: No Injury","Hispanic","Male","Passenger Car","No","No","Daylight","Urban (>70% Developed)","2 lanes",2,"Straight - Level","Local Street","Dry","Two-Way, Not Divided","None","Four-Way Intersection","Coarse Asphalt","Coastal","Urban","20 - 25  MPH","Stop Sign","Clear","No","35.60956, -77.36746",-77.36746,35.60956
"3072",258,259,"Yes","16-19",17,"No","Facing Traffic","C: Possible Injury","Travel Lane","White","Male","Greensboro","Guilford","No","01-01-04","2009-06-04","Bicyclist Failed to Yield - Signalized Intersection",15,"Intersection","01-06-01","0001-01-01T10:50:58-04:56","Bicyclist Ride Through - Signalized Intersection",112155,2009,"C: Possible Injury","Commercial","30-39",34,"No","21-25 mph","O: No Injury","Black","Female","Passenger Car","No","No","Daylight","Urban (>70% Developed)","",2,"Straight - Level","Local Street","Wet","Two-Way, Divided, Unprotected Median","None","T-Intersection","Coarse Asphalt","Piedmont","Urban","30 - 35  MPH","Stop And Go Signal","Cloudy","No","36.11033, -79.788506",-79.788506,36.11033
"3073",267,268,"Yes","30-39",37,"No","With Traffic","C: Possible Injury","Travel Lane","Black","Male","Lumberton","Robeson","No","01-01-05","2009-06-12","Motorist Overtaking Bicyclist",22,"Intersection","01-06-01","0001-01-01T17:22:58-04:56","Motorist Overtaking - Other /",111239,2009,"C: Possible Injury","Residential","40-49",45,"No","26-30 mph","O: No Injury","Black","Male","Passenger Car","No","Yes","Dark - Lighted Roadway","Urban (>70% Developed)","4 lanes",2,"Straight - Level","Local Street","Dry","Two-Way, Not Divided","None","Four-Way Intersection","Coarse Asphalt","Coastal","Urban","30 - 35  MPH","No Control Present","Clear","No","34.616318, -78.999825",-78.999825,34.616318
"3074",273,274,"Yes","10-Jun",7,"No","Facing Traffic","C: Possible Injury","Travel Lane","Black","Male","Durham","Durham","No","01-01-02","2009-06-23","Bicyclist Failed to Yield - Sign-Controlled Intersection",14,"Intersection","01-06-01","0001-01-01T09:07:58-04:56","Bicyclist Ride Out - Sign-Controlled Intersection",112142,2009,"C: Possible Injury","Residential","20-24",22,"No","26-30 mph","O: No Injury","Black","Male","Passenger Car","No","No","Daylight","Urban (>70% Developed)","2 lanes",2,"Straight - Grade","Local Street","Dry","Two-Way, Not Divided","None","Four-Way Intersection","Smooth Asphalt","Piedmont","Urban","30 - 35  MPH","Stop Sign","Clear","No","35.975304, -78.8884",-78.8884,35.975304
"3075",280,281,"No","30-39",33,"No","Facing Traffic","O: No Injury","Sidewalk / Crosswalk / Driveway Crossing","White","Male","Salisbury","Rowan","No","01-01-04","2009-06-25","Motorist Failed to Yield - Midblock",16,"Non-Intersection","01-06-01","0001-01-01T11:50:58-04:56","Motorist Drive Out - Commercial Driveway / Alley",332322,2009,"O: No Injury","Commercial","50-59",51,"No","6-10 mph","O: No Injury","White","Male","Van","No","No","Daylight","Mixed (30% To 70% Developed)","2 lanes",2,"Straight - Level","Local Street","Dry","Two-Way, Not Divided","None","No Special Feature","Coarse Asphalt","Piedmont","Urban","30 - 35  MPH","No Control Present","Clear","No","35.673916, -80.47812",-80.47812,35.673916
"3076",283,284,"No","10-Jun",6,"No","Not Applicable","O: No Injury","Non-Roadway","Hispanic","Male","Raleigh","Wake","No","01-01-04","2009-05-14","Non-Roadway",19,"Non-Roadway","01-05-01","0001-01-01T14:30:58-04:56","Non-Roadway",460910,2009,"O: No Injury","Residential","40-49",44,"No","","O: No Injury","White","Male","Passenger Car","No","No","Daylight","Urban (>70% Developed)","",2,"Straight - Level","Public Vehicular Area","Dry","Two-Way, Not Divided","None","No Special Feature","Smooth Asphalt","Piedmont","Urban","","No Control Present","Clear","No","35.73893, -78.63489",-78.63489,35.73893
"3077",284,285,"No","40-49",49,"Yes","With Traffic","O: No Injury","Sidewalk / Crosswalk / Driveway Crossing","White","Male","Raleigh","Wake","Yes","01-01-03","2009-05-27","Motorist Failed to Yield - Sign-Controlled Intersection",17,"Intersection","01-05-01","0001-01-01T12:56:58-04:56","Motorist Drive Out - Sign-Controlled Intersection",131141,2009,"O: No Injury","Residential","50-59",50,"No","11-15 mph","O: No Injury","White","Female","Passenger Car","No","No","Daylight","Urban (>70% Developed)","2 lanes",2,"Straight - Level","Local Street","Dry","Two-Way, Not Divided","None","T-Intersection","Coarse Asphalt","Piedmont","Urban","30 - 35  MPH","Stop Sign","Cloudy","No","35.903255, -78.58375",-78.58375,35.903255
"3078",294,295,"Yes","40-49",48,"No","Not Applicable","C: Possible Injury","Non-Roadway","Black","Male","Clayton","Johnston","No","","2009-06-15","Non-Roadway",14,"Non-Roadway","01-06-01","0001-01-01T09:07:58-04:56","Non-Roadway",460910,2009,"C: Possible Injury","Commercial","30-39",38,"No","6-10 mph","O: No Injury","Black","Female","Passenger Car","No","No","Daylight","Urban (>70% Developed)","1 lane",2,"Curve - Level","Public Vehicular Area","Dry","One-Way, Not Divided","None","Driveway, Public","Smooth Asphalt","Coastal","Urban","5 - 15 MPH","No Control Present","Cloudy","No","35.640934, -78.450226",-78.450226,35.640934
"3079",297,298,"Yes","15-Nov",13,"No","With Traffic","B: Evident Injury","Travel Lane","White","Male","Graham","Alamance","No","01-01-07","2009-06-21","Bicyclist Failed to Yield - Signalized Intersection",21,"Intersection","01-06-01","0001-01-01T16:44:58-04:56","Bicyclist Ride Through - Signalized Intersection",111155,2009,"B: Evident Injury","Residential","25-29",26,"No","6-10 mph","O: No Injury","White","Male","Sport Utility","No","No","Dark - Lighted Roadway","Mixed (30% To 70% Developed)","4 lanes",2,"Straight - Grade","NC Route","Dry","Two-Way, Not Divided","None","T-Intersection","Smooth Asphalt","Piedmont","Urban","30 - 35  MPH","Stop And Go Signal","Clear","No","36.067417, -79.38857",-79.38857,36.067417
"3080",304,305,"Yes","50-59",55,"No","With Traffic","C: Possible Injury","Travel Lane","White","Male","None - Rural Crash","Wake","No","01-01-07","2009-06-28","Motorist Left Turn / Merge",20,"Non-Intersection","01-06-01","0001-01-01T15:41:58-04:56","Motorist Left Turn - Opposite Direction",311212,2009,"C: Possible Injury","Farms, Woods, Pastures","20-24",22,"No","41-45 mph","O: No Injury","White","Male","Pickup","No","No","Daylight","Rural (<30% Developed)","2 lanes",2,"Straight - Level","State Secondary Route","Dry","Two-Way, Not Divided","None","No Special Feature","Coarse Asphalt","Piedmont","Rural","40 - 45  MPH","Double Yellow Line, No Passing Zone","Clear","No","35.792336, -78.41242",-78.41242,35.792336
"3081",310,311,"Yes","15-Nov",13,"No","Not Applicable","O: No Injury","Non-Roadway","White","Male","Durham","Durham","No","01-01-05","2009-07-03","Motorist Left Turn / Merge",11,"Non-Intersection","01-07-01","0001-01-01T06:44:58-04:56","Motorist Left Turn - Opposite Direction",363212,2009,"A: Disabling Injury","Commercial","60-69",67,"No","11-15 mph","O: No Injury","Black","Female","Passenger Car","No","No","Daylight","Urban (>70% Developed)","3 lanes",2,"Straight - Hillcrest","Local Street","Dry","Two-Way, Not Divided","None","Driveway, Public","Coarse Asphalt","Piedmont","Urban","30 - 35  MPH","No Control Present","Clear","No","35.992897, -78.87003",-78.87003,35.992897
"3082",311,312,"No","20-24",24,"No","With Traffic","C: Possible Injury","Travel Lane","White","Male","Wilmington","New Hanover","Yes","01-01-05","2009-06-19","Motorist Overtaking Bicyclist",21,"Non-Intersection","01-06-01","0001-01-01T16:45:58-04:56","Motorist Overtaking - Undetected Bicyclist",311231,2009,"C: Possible Injury","Residential","40-49",45,"Yes","26-30 mph","O: No Injury","Black","Male","Light Truck (Mini-Van, Panel)","No","No","Dark - Roadway Not Lighted","Urban (>70% Developed)","6 lanes",2,"Straight - Level","Local Street","Dry","Two-Way, Not Divided","None","Four-Way Intersection","Coarse Asphalt","Coastal","Urban","40 - 45  MPH","Stop And Go Signal","Clear","No","34.226364, -77.91203",-77.91203,34.226364
"3083",314,315,"No","60-69",65,"No","Facing Traffic","O: No Injury","","Black","Male","Salisbury","Rowan","No","01-01-02","2009-07-07","Motorist Left Turn / Merge",13,"Intersection","01-07-01","0001-01-01T08:53:58-04:56","Motorist Left Turn - Same Direction",192211,2009,"O: No Injury","Residential","50-59",51,"No","0-5 mph","O: No Injury","Black","Male","Passenger Car","No","No","Daylight","Urban (>70% Developed)","2 lanes",2,"Straight - Level","Local Street","Dry","Two-Way, Not Divided","None","Four-Way Intersection","Smooth Asphalt","Piedmont","Urban","30 - 35  MPH","Stop Sign","Clear","No","35.671776, -80.475174",-80.475174,35.671776
"3084",315,316,"No","20-24",20,"No","With Traffic","B: Evident Injury","Bike Lane / Paved Shoulder","White","Male","None - Rural Crash","Wilson","No","01-01-07","2009-06-28","Bicyclist Right Turn / Merge",17,"Non-Intersection","01-06-01","0001-01-01T12:41:58-04:56","Bicyclist Right Turn - Same Direction",321223,2009,"B: Evident Injury","Farms, Woods, Pastures","50-59",52,"No","51-55 mph","B: Evident Injury","White","Male","Motorcycle","No","No","Daylight","Mixed (30% To 70% Developed)","4 lanes",2,"Straight - Level","US Route","Dry","Two-Way, Divided, Unprotected Median","None","No Special Feature","Coarse Asphalt","Coastal","Rural","50 - 55  MPH","No Control Present","Clear","No","35.76409, -78.011024",-78.011024,35.76409
"3085",317,318,"Yes","20-24",21,"No","With Traffic","B: Evident Injury","Travel Lane","White","Male","None - Rural Crash","Haywood","No","","2009-06-22","Motorist Overtaking Bicyclist",16,"Non-Intersection","01-06-01","0001-01-01T11:51:58-04:56","Motorist Overtaking - Other /",311239,2009,"B: Evident Injury","Farms, Woods, Pastures","",NA,"Missing","36-40 mph","Injury","/Missing","","","No","Yes","Daylight","Rural (<30% Developed)","3 lanes",2,"Straight - Level","NC Route","Dry","Two-Way, Not Divided","None","No Special Feature","Coarse Asphalt","Mountains","Rural","50 - 55  MPH","No Control Present","Clear","No","35.584183, -82.94311",-82.94311,35.584183
"3086",319,320,"Yes","20-24",22,"No","Not Applicable","C: Possible Injury","","Black","Male","Raleigh","Wake","No","","2009-06-15","Bicyclist Failed to Yield - Midblock",16,"Non-Intersection","01-06-01","0001-01-01T11:26:58-04:56","Bicyclist Ride Out - Midblock -",393319,2009,"C: Possible Injury","Residential","",NA,"No","41-45 mph","Injury","/Missing","","Sport Utility","Yes","Yes","Daylight","Urban (>70% Developed)","2 lanes",2,"Straight - Level","Local Street","Dry","Two-Way, Not Divided","None","No Special Feature","Smooth Asphalt","Piedmont","Urban","30 - 35  MPH","No Control Present","Clear","No","35.77201, -78.59304",-78.59304,35.77201
"3087",329,330,"Yes","10-Jun",9,"No","Not Applicable","C: Possible Injury","","Black","Female","Smithfield","Johnston","No","01-01-06","2009-06-20","Bicyclist Failed to Yield - Midblock",11,"Non-Intersection","01-06-01","0001-01-01T06:14:58-04:56","Bicyclist Ride Out - Midblock -",393319,2009,"C: Possible Injury","Residential","70+",NA,"No","21-25 mph","O: No Injury","Black","Female","Sport Utility","No","No","Daylight","Urban (>70% Developed)","2 lanes",2,"Straight - Level","Local Street","Dry","Two-Way, Not Divided","None","No Special Feature","Smooth Asphalt","Coastal","Urban","20 - 25  MPH","No Control Present","Clear","No","35.49612, -78.34752",-78.34752,35.49612
"3088",330,331,"Yes","25-29",27,"No","With Traffic","B: Evident Injury","Travel Lane","White","Male","Sylva","Jackson","No","01-01-05","2009-06-26","Head-On",17,"Non-Intersection","01-06-01","0001-01-01T12:18:58-04:56","Head-On - Bicyclist",311250,2009,"B: Evident Injury","Commercial","70+",NA,"No","6-10 mph","O: No Injury","White","Male","Pickup","No","No","Daylight","Urban (>70% Developed)","2 lanes",2,"Straight - Grade","Public Vehicular Area","Dry","Two-Way, Not Divided","None","Driveway, Public","Smooth Asphalt","Mountains","Rural","5 - 15 MPH","No Control Present","Clear","No","35.373833, -83.213",-83.213,35.373833
"3089",333,334,"Yes","15-Nov",12,"No","Not Applicable","C: Possible Injury","Sidewalk / Crosswalk / Driveway Crossing","Black","Male","Edenton","Chowan","No","01-01-02","2009-06-30","Bicyclist Failed to Yield - Midblock",17,"Non-Intersection","01-06-01","0001-01-01T12:32:58-04:56","Bicyclist Ride Out - Other Midblock",333318,2009,"C: Possible Injury","Residential","50-59",51,"No","","O: No Injury","Black","Female","Passenger Car","No","No","Daylight","Urban (>70% Developed)","2 lanes",2,"Straight - Level","Local Street","Dry","Two-Way, Not Divided","None","No Special Feature","Coarse Asphalt","Coastal","Urban","","No Control Present","Clear","No","36.063725, -76.6032",-76.6032,36.063725
"3090",338,339,"Yes","40-49",43,"No","With Traffic","C: Possible Injury","Travel Lane","White","Male","Wilmington","New Hanover","No","01-01-06","2009-06-27","Crossing Paths - Other Circumstances",17,"Intersection","01-06-01","0001-01-01T12:09:58-04:56","Crossing Paths - Intersection - Other /",111180,2009,"C: Possible Injury","Commercial","25-29",28,"No","21-25 mph","O: No Injury","White","Male","Passenger Car","No","No","Daylight","Urban (>70% Developed)","5 lanes",2,"Straight - Level","Local Street","Dry","Two-Way, Not Divided","None","No Special Feature","Smooth Asphalt","Coastal","Urban","30 - 35  MPH","No Control Present","Cloudy","No","34.214256, -77.886604",-77.886604,34.214256
"3091",343,344,"No","25-29",26,"No","Facing Traffic","O: No Injury","Sidewalk / Crosswalk / Driveway Crossing","White","Male","Boone","Watauga","No","01-01-03","2009-07-08","Motorist Failed to Yield - Midblock",16,"Non-Intersection","01-07-01","0001-01-01T11:52:58-04:56","Motorist Drive Out - Commercial Driveway / Alley",332322,2009,"O: No Injury","Commercial","0-19",16,"No","6-10 mph","O: No Injury","White","Female","Pickup","No","No","Daylight","Urban (>70% Developed)","",2,"Straight - Level","Public Vehicular Area","Dry","Two-Way, Not Divided","None","No Special Feature","Smooth Asphalt","Mountains","Urban","","No Control Present","Clear","No","36.20327, -81.66558",-81.66558,36.20327
"3092",347,348,"Yes","25-29",26,"No","With Traffic","C: Possible Injury","Travel Lane","White","Male","None - Rural Crash","Wilson","No","01-01-06","2009-07-18","Bicyclist Left Turn / Merge",9,"Non-Intersection","01-07-01","0001-01-01T04:47:58-04:56","Bicyclist Left Turn - Same Direction",311221,2009,"C: Possible Injury","Farms, Woods, Pastures","40-49",45,"No","51-55 mph","O: No Injury","White","Female","Pickup","No","No","Daylight","Rural (<30% Developed)","2 lanes",2,"Straight - Level","NC Route","Dry","Two-Way, Not Divided","None","No Special Feature","Smooth Asphalt","Coastal","Rural","50 - 55  MPH","Double Yellow Line, No Passing Zone","Cloudy","No","35.731434, -77.84645",-77.84645,35.731434
"3093",355,356,"No","40-49",49,"No","With Traffic","C: Possible Injury","Travel Lane","Black","Female","Raleigh","Wake","No","01-01-07","2009-04-12","Parallel Paths - Other Circumstances",15,"Intersection","01-04-01","0001-01-01T10:38:58-04:56","Parallel Paths - Other /",111280,2009,"C: Possible Injury","Residential","50-59",55,"No","26-30 mph","O: No Injury","Black","Female","Passenger Car","No","No","Daylight","Urban (>70% Developed)","2 lanes",2,"Straight - Level","Local Street","Dry","Two-Way, Not Divided","None","No Special Feature","Smooth Asphalt","Piedmont","Urban","30 - 35  MPH","No Control Present","Clear","No","35.772366, -78.58728",-78.58728,35.772366
"3094",360,361,"Yes","30-39",31,"No","","C: Possible Injury","Multi-use Path","White","Female","Duck","Dare","No","01-01-05","2009-07-10","Motorist Failed to Yield - Sign-Controlled Intersection",9,"Intersection","01-07-01","0001-01-01T04:59:58-04:56","Motorist Drive Out - Sign-Controlled Intersection",149141,2009,"C: Possible Injury","Residential","25-29",29,"No","0-5 mph","O: No Injury","White","Male","Passenger Car","No","No","Daylight","Mixed (30% To 70% Developed)","2 lanes",2,"Straight - Level","Local Street","Dry","Two-Way, Not Divided","None","No Special Feature","Coarse Asphalt","Coastal","Rural","5 - 15 MPH","Stop Sign","Clear","No","36.156914, -75.74721",-75.74721,36.156914
"3095",367,368,"No","40-49",45,"No","With Traffic","B: Evident Injury","Sidewalk / Crosswalk / Driveway Crossing","White","Male","Charlotte","Mecklenburg","No","01-01-05","2009-05-01","Motorist Left Turn / Merge",18,"Intersection","01-05-01","0001-01-01T13:51:58-04:56","Motorist Left Turn - Opposite Direction",131212,2009,"B: Evident Injury","Residential","0-19",14,"No","31-35 mph","O: No Injury","Black","Male","Passenger Car","No","No","Daylight","Rural (<30% Developed)","5 lanes",2,"Straight - Level","Local Street","Dry","Two-Way, Divided, Unprotected Median","None","Four-Way Intersection","Smooth Asphalt","Piedmont","Urban","30 - 35  MPH","Stop And Go Signal","Clear","No","35.186047, -80.72991",-80.72991,35.186047
"3096",369,370,"Yes","20-24",22,"No","With Traffic","A: Disabling Injury","Travel Lane","Black","Male","Fayetteville","Cumberland","No","01-01-03","2009-07-15","Loss of Control / Turning Error",19,"Non-Intersection","01-07-01","0001-01-01T14:56:58-04:56","Bicyclist Lost Control - Other /",311129,2009,"A: Disabling Injury","Residential","",NA,"Missing","","Injury","/Missing","","","No","Yes","Dusk","Urban (>70% Developed)","2 lanes",2,"Straight - Level","Local Street","Dry","Two-Way, Not Divided","Work Zone","No Special Feature","Coarse Asphalt","Coastal","Urban","30 - 35  MPH","Flashing Signal With Stop Sign","Clear","No","35.05263, -78.89622",-78.89622,35.05263
"3097",371,372,"Yes","40-49",46,"No","With Traffic","C: Possible Injury","Travel Lane","White","Female","Wrightsville Beach","New Hanover","No","01-01-07","2009-05-31","Bicyclist Overtaking Motorist",11,"Non-Intersection","01-05-01","0001-01-01T06:28:58-04:56","Bicyclist Overtaking - Extended Door",311244,2009,"C: Possible Injury","Residential","40-49",43,"No","","O: No Injury","White","Male","Sport Utility","No","No","Daylight","Urban (>70% Developed)","4 lanes",2,"Straight - Level","Local Street","Dry","Two-Way, Not Divided","None","No Special Feature","Coarse Asphalt","Coastal","Rural","20 - 25  MPH","No Control Present","Clear","No","34.19577, -77.805786",-77.805786,34.19577
"3098",380,381,"No","30-39",30,"No","With Traffic","B: Evident Injury","Travel Lane","White","Female","Apex","Wake","No","01-01-07","2009-07-19","Motorist Left Turn / Merge",12,"Intersection","01-07-01","0001-01-01T07:24:58-04:56","Motorist Left Turn - Opposite Direction",111212,2009,"B: Evident Injury","Commercial","60-69",69,"No","11-15 mph","O: No Injury","White","Female","Passenger Car","No","No","Daylight","Urban (>70% Developed)","2 lanes",2,"Straight - Grade","Local Street","Dry","Two-Way, Not Divided","None","Four-Way Intersection","Smooth Asphalt","Piedmont","Urban","30 - 35  MPH","No Control Present","Clear","No","35.74037, -78.85881",-78.85881,35.74037
"3099",381,382,"Yes","15-Nov",14,"No","Facing Traffic","B: Evident Injury","Travel Lane","White","Male","Hickory","Catawba","No","01-01-03","2009-07-22","Bicyclist Failed to Yield - Sign-Controlled Intersection",18,"Intersection","01-07-01","0001-01-01T13:06:58-04:56","Bicyclist Ride Through - Sign-Controlled Intersection",112144,2009,"B: Evident Injury","Residential","0-19",19,"No","31-35 mph","O: No Injury","White","Female","Passenger Car","No","No","Daylight","Urban (>70% Developed)","2 lanes",2,"Straight - Grade","Local Street","Wet","Two-Way, Not Divided","None","Related To Intersection","Smooth Asphalt","Piedmont","Urban","30 - 35  MPH","Stop Sign","Cloudy","No","35.72828, -81.37019",-81.37019,35.72828
"3100",382,383,"No","16-19",18,"No","Facing Traffic","C: Possible Injury","Travel Lane","Black","Male","Charlotte","Mecklenburg","No","","2009-07-20","Motorist Failed to Yield - Sign-Controlled Intersection",18,"Intersection","01-07-01","0001-01-01T13:04:58-04:56","Motorist Drive Out - Sign-Controlled Intersection",112141,2009,"C: Possible Injury","Residential","",NA,"Missing","11-15 mph","Injury","/Missing","","Passenger Car","No","Yes","Daylight","Urban (>70% Developed)","2 lanes",2,"Straight - Level","Local Street","Dry","Two-Way, Not Divided","None","No Special Feature","Smooth Asphalt","Piedmont","Urban","30 - 35  MPH","Stop Sign","Clear","No","35.23966, -80.801094",-80.801094,35.23966
"3101",292,293,"No","40-49",42,"No","With Traffic","B: Evident Injury","Travel Lane","White","Male","None - Rural Crash","Wake","No","01-01-02","2009-06-30","Bicyclist Right Turn / Merge",18,"Intersection","01-06-01","0001-01-01T13:33:58-04:56","Bicyclist Right Turn - Same Direction",111223,2009,"B: Evident Injury","Farms, Woods, Pastures","25-29",27,"No","41-45 mph","O: No Injury","White","Male","Passenger Car","No","No","Daylight","Rural (<30% Developed)","2 lanes",2,"Straight - Grade","State Secondary Route","Dry","Two-Way, Not Divided","None","T-Intersection","Coarse Asphalt","Piedmont","Rural","40 - 45  MPH","Double Yellow Line, No Passing Zone","Clear","No","35.654915, -78.925835",-78.925835,35.654915