"","FID","OBJECTID","AmbulanceR","BikeAge_Gr","Bike_Age","Bike_Alc_D","Bike_Dir","Bike_Injur","Bike_Pos","Bike_Race","Bike_Sex","City","County","CrashAlcoh","CrashDay","Crash_Date","Crash_Grp","Crash_Hour","Crash_Loc","Crash_Mont","Crash_Time","Crash_Type","Crash_Ty_1","Crash_Year","Crsh_Sevri","Developmen","DrvrAge_Gr","Drvr_Age","Drvr_Alc_D","Drvr_EstSp","Drvr_Injur","Drvr_Race","Drvr_Sex","Drvr_VehTy","ExcsSpdInd","Hit_Run","Light_Cond","Locality","Num_Lanes","Num_Units","Rd_Charact","Rd_Class","Rd_Conditi","Rd_Config","Rd_Defects","Rd_Feature","Rd_Surface","Region","Rural_Urba","Speed_Limi","Traff_Cntr","Weather","Workzone_I","Location","locx","locy"
"3102",302,303,"Yes","16-19",16,"No","With Traffic","C: Possible Injury","Travel Lane","Black","Male","High Point","Guilford","No","01-01-04","2009-06-25","Parallel Paths - Other Circumstances",23,"Intersection","01-06-01","0001-01-01T18:10:58-04:56","Motorist Turn / Merge - Other /",111219,2009,"C: Possible Injury","Residential","50-59",55,"No","0-5 mph","O: No Injury","White","Female","Passenger Car","No","No","Dark - Lighted Roadway","Urban (>70% Developed)","4 lanes",2,"Straight - Level","Local Street","Dry","Two-Way, Not Divided","None","T-Intersection","Coarse Asphalt","Piedmont","Urban","30 - 35  MPH","Stop Sign","Clear","No","35.997658, -80.02825",-80.02825,35.997658
"3103",316,317,"Yes","25-29",25,"No","With Traffic","A: Disabling Injury","Travel Lane","White","Male","None - Rural Crash","Onslow","No","01-01-07","2009-06-28","Motorist Overtaking Bicyclist",21,"Non-Intersection","01-06-01","0001-01-01T16:17:58-04:56","Motorist Overtaking - Other /",311239,2009,"A: Disabling Injury","Farms, Woods, Pastures","",NA,"Missing","41-45 mph","Injury","/Missing","","","No","Yes","Dark - Roadway Not Lighted","Rural (<30% Developed)","3 lanes",2,"Straight - Level","NC Route","Dry","Two-Way, Not Divided","None","Driveway, Private","Coarse Asphalt","Coastal","Rural","40 - 45  MPH","No Control Present","Clear","No","34.73595, -77.56597",-77.56597,34.73595
"3104",323,324,"No","40-49",48,"No","With Traffic","B: Evident Injury","Travel Lane","White","Male","None - Rural Crash","Richmond","No","01-01-06","2009-07-04","Motorist Overtaking Bicyclist",19,"Intersection","01-07-01","0001-01-01T14:33:58-04:56","Motorist Overtaking - Other /",111239,2009,"B: Evident Injury","Residential","20-24",22,"No","31-35 mph","Injury","White","Female","Passenger Car","No","Yes","Daylight","Urban (>70% Developed)","2 lanes",2,"Straight - Level","State Secondary Route","Dry","Two-Way, Not Divided","None","T-Intersection","Smooth Asphalt","Piedmont","Rural","30 - 35  MPH","Double Yellow Line, No Passing Zone","Clear","No","34.921494, -79.76793",-79.76793,34.921494
"3105",331,332,"No","15-Nov",14,"No","With Traffic","B: Evident Injury","Travel Lane","White","Male","Asheville","Buncombe","No","","2009-06-29","Bicyclist Failed to Yield - Signalized Intersection",18,"Intersection","01-06-01","0001-01-01T13:20:58-04:56","Bicyclist Ride Through - Signalized Intersection",111155,2009,"B: Evident Injury","Commercial","25-29",26,"No","41-45 mph","O: No Injury","White","Male","Passenger Car","No","No","Daylight","Urban (>70% Developed)","8 lanes",2,"Straight - Level","US Route","Dry","Two-Way, Divided, Positive Median Barrier","None","Four-Way Intersection","Concrete","Mountains","Urban","40 - 45  MPH","Stop And Go Signal","Clear","No","35.58661, -82.59188",-82.59188,35.58661
"3106",339,340,"No","20-24",23,"Yes","","K: Killed","Bike Lane / Paved Shoulder","Black","Male","Fayetteville","Cumberland","Yes","01-01-05","2009-07-03","Crossing Paths - Other Circumstances",21,"Intersection-Related","01-07-01","0001-01-01T16:59:58-04:56","Sign-Controlled Intersection - Other /",229148,2009,"K: Killed","Commercial","0-19",16,"No","46-50 mph","C: Possible Injury","Black","Female","Passenger Car","No","No","Dark - Lighted Roadway","Urban (>70% Developed)","4 lanes",3,"Straight - Level","Local Street","Dry","Two-Way, Divided, Unprotected Median","None","Four-Way Intersection","Coarse Asphalt","Coastal","Urban","50 - 55  MPH","Stop And Go Signal","Clear","No","35.058243, -78.992836",-78.992836,35.058243
"3107",341,342,"Yes","30-39",36,"No","Facing Traffic","C: Possible Injury","Travel Lane","Black","Male","None - Rural Crash","New Hanover","No","01-01-02","2009-07-07","Motorist Failed to Yield - Sign-Controlled Intersection",15,"Intersection","01-07-01","0001-01-01T10:48:58-04:56","Motorist Drive Out - Sign-Controlled Intersection",112141,2009,"C: Possible Injury","Residential","40-49",48,"No","0-5 mph","O: No Injury","White","Female","Passenger Car","No","No","Daylight","Urban (>70% Developed)","4 lanes",2,"Straight - Level","US Route","Dry","Two-Way, Divided, Unprotected Median","None","T-Intersection","Coarse Asphalt","Coastal","Rural","50 - 55  MPH","Stop Sign","Cloudy","No","34.094852, -77.89784",-77.89784,34.094852
"3108",351,352,"Yes","10-Jun",8,"No","With Traffic","B: Evident Injury","Sidewalk / Crosswalk / Driveway Crossing","Black","Male","Greensboro","Guilford","No","01-01-04","2009-07-09","Bicyclist Failed to Yield - Sign-Controlled Intersection",14,"Intersection","01-07-01","0001-01-01T09:35:58-04:56","Bicyclist Ride Through - Sign-Controlled Intersection",131144,2009,"B: Evident Injury","Residential","40-49",47,"No","21-25 mph","O: No Injury","Black","Male","Pickup","No","No","Daylight","Urban (>70% Developed)","2 lanes",2,"Straight - Hillcrest","Local Street","Dry","Two-Way, Not Divided","None","T-Intersection","Smooth Asphalt","Piedmont","Urban","20 - 25  MPH","Stop Sign","Clear","No","36.063557, -79.78272",-79.78272,36.063557
"3109",354,355,"Yes","16-19",19,"No","With Traffic","C: Possible Injury","Travel Lane","White","Female","None - Rural Crash","New Hanover","No","01-01-06","2009-07-04","Motorist Overtaking Bicyclist",20,"Non-Intersection","01-07-01","0001-01-01T15:53:58-04:56","Motorist Overtaking - Undetected Bicyclist",311231,2009,"C: Possible Injury","Commercial","20-24",21,"No","41-45 mph","O: No Injury","White","Female","Passenger Car","No","No","Dusk","Mixed (30% To 70% Developed)","5 lanes",2,"Straight - Level","NC Route","Dry","Two-Way, Divided, Unprotected Median","None","No Special Feature","Smooth Asphalt","Coastal","Rural","40 - 45  MPH","No Control Present","Clear","No","34.16604, -77.89144",-77.89144,34.16604
"3110",364,365,"Yes","15-Nov",14,"No","With Traffic","B: Evident Injury","Travel Lane","Black","Male","None - Rural Crash","Pitt","No","01-01-03","2009-07-15","Motorist Overtaking Bicyclist",14,"Non-Intersection","01-07-01","0001-01-01T09:36:58-04:56","Motorist Overtaking - Bicyclist Swerved",311235,2009,"B: Evident Injury","Farms, Woods, Pastures","40-49",49,"No","46-50 mph","O: No Injury","White","Female","Sport Utility","No","No","Daylight","Rural (<30% Developed)","2 lanes",2,"Straight - Level","State Secondary Route","Dry","Two-Way, Not Divided","None","No Special Feature","Coarse Asphalt","Coastal","Rural","50 - 55  MPH","No Control Present","Clear","No","35.52624, -77.31117",-77.31117,35.52624
"3111",366,367,"Yes","40-49",40,"No","With Traffic","B: Evident Injury","Travel Lane","Black","Male","Winston-Salem","Forsyth","Yes","01-01-05","2009-07-10","Motorist Left Turn / Merge",0,"Intersection","01-07-01","0000-12-31T19:51:58-04:56","Motorist Left Turn - Opposite Direction",111212,2009,"B: Evident Injury","Commercial","0-19",19,"Yes","0-5 mph","O: No Injury","Black","Male","Passenger Car","No","No","Dark - Lighted Roadway","Urban (>70% Developed)","2 lanes",2,"Straight - Grade","Local Street","Dry","Two-Way, Not Divided","None","Four-Way Intersection","Coarse Asphalt","Piedmont","Urban","30 - 35  MPH","Stop And Go Signal","Clear","No","36.09642, -80.25642",-80.25642,36.09642
"3112",368,369,"Yes","60-69",60,"No","Not Applicable","B: Evident Injury","Travel Lane","White","Female","Beaufort","Carteret","No","01-01-05","2009-07-24","Non-Roadway",11,"Non-Roadway","01-07-01","0001-01-01T06:33:58-04:56","Non-Roadway",410910,2009,"B: Evident Injury","Commercial","50-59",57,"No","11-15 mph","O: No Injury","White","Male","Pickup","No","No","Daylight","Urban (>70% Developed)","2 lanes",2,"Straight - Level","Public Vehicular Area","Dry","Two-Way, Not Divided","None","Driveway, Public","Coarse Asphalt","Coastal","Rural","30 - 35  MPH","No Control Present","Cloudy","No","34.72436, -76.64756",-76.64756,34.72436
"3113",373,374,"Yes","30-39",32,"No","With Traffic","B: Evident Injury","Travel Lane","White","Female","Charlotte","Mecklenburg","No","01-01-03","2009-07-15","Motorist Failed to Yield - Sign-Controlled Intersection",19,"Intersection","01-07-01","0001-01-01T14:26:58-04:56","Motorist Drive Out - Sign-Controlled Intersection",111141,2009,"B: Evident Injury","Residential","50-59",54,"No","6-10 mph","O: No Injury","White","Male","Sport Utility","No","No","Daylight","Urban (>70% Developed)","2 lanes",2,"Straight - Level","Local Street","Dry","Two-Way, Not Divided","None","No Special Feature","Smooth Asphalt","Piedmont","Urban","30 - 35  MPH","Stop Sign","Clear","No","35.03165, -80.79256",-80.79256,35.03165
"3114",376,377,"No","25-29",26,"No","Not Applicable","O: No Injury","Non-Roadway","White","Male","Durham","Durham","No","","2009-07-27","Non-Roadway",8,"Non-Roadway","01-07-01","0001-01-01T03:03:58-04:56","Non-Roadway",460910,2009,"O: No Injury","Residential","20-24",24,"No","0-5 mph","O: No Injury","White","Male","Passenger Car","No","No","Daylight","Urban (>70% Developed)","2 lanes",2,"Straight - Grade","Public Vehicular Area","Dry","Two-Way, Not Divided","None","No Special Feature","Smooth Asphalt","Piedmont","Urban","5 - 15 MPH","No Control Present","Clear","No","35.918606, -78.91196",-78.91196,35.918606
"3115",383,384,"No","50-59",59,"No","","O: No Injury","Driveway / Alley","/Missing","Male","Rocky Mount","Nash","No","","2009-07-13","Motorist Overtaking Bicyclist",18,"Non-Intersection","01-07-01","0001-01-01T13:52:58-04:56","Motorist Overtaking - Other /",359239,2009,"O: No Injury","Commercial","",NA,"Missing","","Injury","/Missing","","Passenger Car","No","Yes","Daylight","Urban (>70% Developed)","2 lanes",2,"Straight - Level","Local Street","Dry","Two-Way, Not Divided","None","Alley Intersection","Coarse Asphalt","Coastal","Urban","5 - 15 MPH","No Control Present","Clear","No","35.9433, -77.79573",-77.79573,35.9433
"3116",387,388,"No","40-49",44,"Yes","Facing Traffic","C: Possible Injury","Sidewalk / Crosswalk / Driveway Crossing","White","Male","Charlotte","Mecklenburg","Yes","01-01-05","2009-07-24","Motorist Right Turn / Merge",20,"Intersection","01-07-01","0001-01-01T15:54:58-04:56","Motorist Right Turn - Opposite Direction",132214,2009,"C: Possible Injury","Commercial","60-69",68,"No","11-15 mph","O: No Injury","White","Male","Passenger Car","No","No","Dusk","Urban (>70% Developed)","2 lanes",2,"Straight - Grade","Local Street","Dry","One-Way, Not Divided","None","No Special Feature","Smooth Asphalt","Piedmont","Urban","30 - 35  MPH","No Control Present","Clear","No","35.214737, -80.83207",-80.83207,35.214737
"3117",393,394,"No","40-49",45,"No","With Traffic","B: Evident Injury","Travel Lane","/Missing","Male","Charlotte","Mecklenburg","No","01-01-02","2009-07-28","Motorist Overtaking Bicyclist",16,"Non-Intersection","01-07-01","0001-01-01T11:19:58-04:56","Motorist Overtaking - Other /",311239,2009,"B: Evident Injury","Commercial","",NA,"Missing","31-35 mph","Injury","/Missing","","","No","Yes","Dawn","Urban (>70% Developed)","4 lanes",2,"Straight - Level","Local Street","Dry","Two-Way, Divided, Unprotected Median","None","No Special Feature","Smooth Asphalt","Piedmont","Urban","30 - 35  MPH","No Control Present","Clear","No","35.251175, -80.81205",-80.81205,35.251175
"3118",397,398,"Yes","20-24",20,"No","Facing Traffic","B: Evident Injury","Sidewalk / Crosswalk / Driveway Crossing","White","Male","Apex","Wake","No","","2009-07-27","Motorist Right Turn / Merge",20,"Intersection","01-07-01","0001-01-01T15:47:58-04:56","Motorist Right Turn - Opposite Direction",132214,2009,"B: Evident Injury","Commercial","60-69",65,"No","31-35 mph","O: No Injury","White","Female","Sport Utility","No","No","Dark - Lighted Roadway","Urban (>70% Developed)","5 lanes",2,"Straight - Level","NC Route","Dry","Two-Way, Not Divided","None","Four-Way Intersection","Smooth Asphalt","Piedmont","Urban","40 - 45  MPH","Stop And Go Signal","Clear","No","35.735813, -78.86255",-78.86255,35.735813
"3119",407,408,"Yes","50-59",54,"No","With Traffic","C: Possible Injury","Travel Lane","White","Male","Charlotte","Mecklenburg","No","01-01-06","2009-08-01","Motorist Overtaking Bicyclist",10,"Non-Intersection","01-08-01","0001-01-01T05:26:58-04:56","Motorist Overtaking - Undetected Bicyclist",311231,2009,"C: Possible Injury","Commercial","70+",NA,"No","41-45 mph","O: No Injury","White","Male","Passenger Car","No","No","Daylight","Urban (>70% Developed)","4 lanes",2,"Straight - Grade","Local Street","Dry","Two-Way, Divided, Unprotected Median","None","No Special Feature","Smooth Asphalt","Piedmont","Urban","40 - 45  MPH","No Control Present","Cloudy","No","35.093422, -80.77647",-80.77647,35.093422
"3120",409,410,"Yes","20-24",22,"Yes","With Traffic","A: Disabling Injury","Travel Lane","White","Male","Durham","Durham","Yes","01-01-06","2009-08-08","Motorist Left Turn / Merge",23,"Intersection","01-08-01","0001-01-01T18:54:58-04:56","Motorist Left Turn - Opposite Direction",111212,2009,"A: Disabling Injury","Residential","25-29",26,"No","31-35 mph","O: No Injury","Black","Female","Passenger Car","No","Yes","Dark - Roadway Not Lighted","Urban (>70% Developed)","2 lanes",2,"Straight - Grade","Local Street","Dry","Two-Way, Not Divided","None","Four-Way Intersection","Smooth Asphalt","Piedmont","Urban","30 - 35  MPH","Stop And Go Signal","Clear","No","35.94335, -78.98319",-78.98319,35.94335
"3121",425,426,"Yes","40-49",42,"No","With Traffic","C: Possible Injury","Travel Lane","White","Female","None - Rural Crash","Wake","No","01-01-04","2009-08-06","Motorist Overtaking Bicyclist",18,"Non-Intersection","01-08-01","0001-01-01T13:56:58-04:56","Motorist Overtaking - Other /",311239,2009,"C: Possible Injury","Farms, Woods, Pastures","50-59",50,"No","31-35 mph","O: No Injury","White","Male","Pickup","No","No","Daylight","Mixed (30% To 70% Developed)","2 lanes",2,"Straight - Hillcrest","State Secondary Route","Dry","Two-Way, Not Divided","None","No Special Feature","Coarse Asphalt","Piedmont","Rural","40 - 45  MPH","Double Yellow Line, No Passing Zone","Clear","No","36.013577, -78.56324",-78.56324,36.013577
"3122",436,437,"No","10-Jun",9,"No","Facing Traffic","Injury","Travel Lane","Black","Male","Asheville","Buncombe","No","01-01-05","2009-06-05","Crossing Paths - Other Circumstances",17,"Intersection","01-06-01","0001-01-01T12:07:58-04:56","Crossing Paths - Intersection - Other /",112180,2009,"C: Possible Injury","Residential","40-49",42,"No","16-20 mph","O: No Injury","Black","Female","Passenger Car","No","No","Daylight","Urban (>70% Developed)","2 lanes",2,"Straight - Grade","Local Street","Dry","Two-Way, Not Divided","None","Four-Way Intersection","Smooth Asphalt","Mountains","Urban","20 - 25  MPH","Other","Clear","No","35.56743, -82.57855",-82.57855,35.56743
"3123",446,447,"Yes","20-24",21,"No","With Traffic","B: Evident Injury","Travel Lane","White","Female","Chapel Hill","Orange","Yes","01-01-04","2009-08-06","Motorist Failed to Yield - Signalized Intersection",16,"Intersection","01-08-01","0001-01-01T11:18:58-04:56","Motorist Drive Through - Signalized Intersection",111154,2009,"B: Evident Injury","Institutional","20-24",22,"Yes","11-15 mph","O: No Injury","White","Male","Passenger Car","No","No","Daylight","Urban (>70% Developed)","",2,"Straight - Grade","Local Street","Dry","One-Way, Not Divided","None","No Special Feature","Coarse Asphalt","Piedmont","Urban","20 - 25  MPH","Stop And Go Signal","Clear","No","35.910667, -79.05426",-79.05426,35.910667
"3124",451,452,"No","30-39",31,"No","With Traffic","C: Possible Injury","Sidewalk / Crosswalk / Driveway Crossing","White","Male","Raleigh","Wake","No","01-01-02","2009-08-11","Motorist Failed to Yield - Sign-Controlled Intersection",16,"Intersection","01-08-01","0001-01-01T11:48:58-04:56","Motorist Drive Out - Sign-Controlled Intersection",131141,2009,"C: Possible Injury","Commercial","25-29",26,"No","0-5 mph","O: No Injury","White","Male","Passenger Car","No","No","Daylight","Urban (>70% Developed)","",2,"Straight - Grade","Public Vehicular Area","Dry","Two-Way, Not Divided","None","No Special Feature","Smooth Asphalt","Piedmont","Urban","5 - 15 MPH","Stop Sign","Clear","No","35.84283, -78.64345",-78.64345,35.84283
"3125",454,455,"Yes","15-Nov",15,"No","With Traffic","C: Possible Injury","Bike Lane / Paved Shoulder","White","Male","None - Rural Crash","Pitt","No","01-01-05","2009-07-17","Motorist Overtaking Bicyclist",15,"Non-Intersection","01-07-01","0001-01-01T10:33:58-04:56","Motorist Overtaking - Bicyclist Swerved",321235,2009,"C: Possible Injury","Farms, Woods, Pastures","30-39",39,"No","51-55 mph","O: No Injury","Black","Male","Passenger Car","No","No","Daylight","Rural (<30% Developed)","2 lanes",2,"Straight - Grade","NC Route","Wet","Two-Way, Not Divided","None","No Special Feature","Coarse Asphalt","Coastal","Rural","50 - 55  MPH","Double Yellow Line, No Passing Zone","Rain","No","35.425457, -77.260925",-77.260925,35.425457
"3126",462,463,"Yes","20-24",22,"No","With Traffic","B: Evident Injury","Travel Lane","White","Male","Rockingham","Richmond","No","01-01-07","2009-08-23","Bicyclist Failed to Yield - Sign-Controlled Intersection",18,"Intersection","01-08-01","0001-01-01T13:13:58-04:56","Bicyclist Ride Through - Sign-Controlled Intersection",111144,2009,"B: Evident Injury","Residential","25-29",29,"No","21-25 mph","O: No Injury","White","Male","Van","No","No","Daylight","Urban (>70% Developed)","2 lanes",2,"Straight - Hillcrest","Local Street","Dry","Two-Way, Not Divided","None","Four-Way Intersection","Smooth Asphalt","Piedmont","Urban","30 - 35  MPH","Stop Sign","Clear","No","34.944496, -79.78071",-79.78071,34.944496
"3127",474,475,"Yes","10-Jun",7,"No","Not Applicable","B: Evident Injury","Non-Roadway","White","Male","Wilmington","New Hanover","No","","2009-08-24","Bicyclist Failed to Yield - Midblock",17,"Non-Intersection","01-08-01","0001-01-01T12:41:58-04:56","Bicyclist Ride Out - Other Midblock",363318,2009,"B: Evident Injury","Residential","60-69",60,"No","6-10 mph","O: No Injury","White","Male","Passenger Car","No","No","Daylight","Urban (>70% Developed)","2 lanes",2,"Straight - Level","Local Street","Dry","Two-Way, Not Divided","None","Driveway, Public","Smooth Asphalt","Coastal","Urban","20 - 25  MPH","No Control Present","Clear","No","34.192734, -77.908806",-77.908806,34.192734
"3128",478,479,"Yes","50-59",52,"No","With Traffic","A: Disabling Injury","Travel Lane","White","Male","None - Rural Crash","Richmond","No","01-01-03","2009-09-02","Motorist Overtaking Bicyclist",20,"Non-Intersection","01-09-01","0001-01-01T15:18:58-04:56","Motorist Overtaking - Other /",311239,2009,"A: Disabling Injury","Farms, Woods, Pastures","",NA,"No","51-55 mph","Injury","/Missing","","Pickup","No","Yes","Dark - Roadway Not Lighted","Rural (<30% Developed)","2 lanes",2,"Straight - Grade","NC Route","Dry","Two-Way, Not Divided","None","No Special Feature","Smooth Asphalt","Piedmont","Rural","50 - 55  MPH","No Control Present","Clear","No","34.846863, -79.69628",-79.69628,34.846863
"3129",481,482,"No","16-19",17,"No","With Traffic","C: Possible Injury","Travel Lane","White","Male","None - Rural Crash","Person","No","01-01-03","2009-08-05","Motorist Overtaking Bicyclist",19,"Non-Intersection","01-08-01","0001-01-01T14:49:58-04:56","Motorist Overtaking - Bicyclist Swerved",311235,2009,"C: Possible Injury","Farms, Woods, Pastures","30-39",32,"No","51-55 mph","O: No Injury","Black","Male","Van","No","No","Daylight","Rural (<30% Developed)","2 lanes",2,"Straight - Level","NC Route","Dry","Two-Way, Not Divided","None","No Special Feature","Smooth Asphalt","Piedmont","Rural","50 - 55  MPH","Double Yellow Line, No Passing Zone","Cloudy","No","36.434635, -79.05561",-79.05561,36.434635
"3130",175,176,"No","10-Jun",6,"No","Facing Traffic","B: Evident Injury","Travel Lane","White","Male","Statesville","Iredell","No","01-01-06","2010-04-17","Motorist Failed to Yield - Sign-Controlled Intersection",14,"Intersection","01-04-01","0001-01-01T09:18:58-04:56","Motorist Drive Out - Sign-Controlled Intersection",0,2010,"B: Evident Injury","Residential","25-29",27,"No","0-5 mph","O: No Injury","White","Female","Passenger Car","No","No","Daylight","Urban (>70% Developed)","2 lanes",2,"Curve - Level","Local Street","Dry","Two-Way, Not Divided","None","T-Intersection","Smooth Asphalt","Piedmont","Urban","30 - 35  MPH","Stop Sign","Clear","No","35.796837, -80.88267",-80.88267,35.796837
"3131",190,191,"Yes","50-59",56,"No","With Traffic","B: Evident Injury","Travel Lane","Black","Male","None - Rural Crash","Hertford","No","01-01-07","2010-04-25","Bicyclist Left Turn / Merge",18,"Non-Intersection","01-04-01","0001-01-01T13:08:58-04:56","Bicyclist Left Turn - Same Direction",0,2010,"B: Evident Injury","Farms, Woods, Pastures","25-29",26,"No","36-40 mph","O: No Injury","Black","Male","Passenger Car","No","No","Daylight","Rural (<30% Developed)","2 lanes",2,"Straight - Level","State Secondary Route","","Two-Way, Not Divided","None","No Special Feature","Smooth Asphalt","Coastal","Rural","50 - 55  MPH","No Control Present","Clear","No","36.443092, -77.12053",-77.12053,36.443092
"3132",204,205,"Yes","15-Nov",13,"No","Facing Traffic","B: Evident Injury","Sidewalk / Crosswalk / Driveway Crossing","White","Female","Fayetteville","Cumberland","No","01-01-04","2010-05-06","Motorist Failed to Yield - Sign-Controlled Intersection",16,"Intersection","01-05-01","0001-01-01T11:07:58-04:56","Motorist Drive Out - Sign-Controlled Intersection",0,2010,"B: Evident Injury","Residential","50-59",59,"No","0-5 mph","O: No Injury","Black","Male","Pickup","No","No","Daylight","Urban (>70% Developed)","3 lanes",2,"Straight - Grade","Local Street","Dry","Two-Way, Divided, Unprotected Median","None","Four-Way Intersection","Coarse Asphalt","Coastal","Urban","30 - 35  MPH","Stop Sign","Clear","No","35.02864, -78.94467",-78.94467,35.02864
"3133",208,209,"Yes","10-Jun",9,"No","Not Applicable","B: Evident Injury","Travel Lane","Black","Male","Kinston","Lenoir","No","01-01-05","2010-05-07","Bicyclist Failed to Yield - Midblock",17,"Non-Intersection","01-05-01","0001-01-01T13:01:58-04:56","Bicyclist Ride Out - Other Midblock",0,2010,"B: Evident Injury","Residential","70+",NA,"No","31-35 mph","O: No Injury","White","Female","Van","No","No","Daylight","Urban (>70% Developed)","4 lanes",2,"Straight - Level","NC Route","Dry","Two-Way, Not Divided","None","No Special Feature","Smooth Asphalt","Coastal","Urban","30 - 35  MPH","No Control Present","Clear","No","35.264606, -77.572395",-77.572395,35.264606
"3134",234,235,"Yes","20-24",20,"No","With Traffic","C: Possible Injury","Travel Lane","White","Male","Davidson","Mecklenburg","No","01-01-04","2010-05-06","Motorist Overtaking Bicyclist",13,"Non-Intersection","01-05-01","0001-01-01T09:00:58-04:56","Motorist Overtaking - Bicyclist Swerved",0,2010,"C: Possible Injury","Residential","30-39",39,"No","21-25 mph","O: No Injury","White","Female","Light Truck (Mini-Van, Panel)","No","No","Daylight","Urban (>70% Developed)","2 lanes",2,"Curve - Level","Local Street","Dry","Two-Way, Divided, Unprotected Median","None","No Special Feature","Smooth Asphalt","Piedmont","Urban","30 - 35  MPH","Double Yellow Line, No Passing Zone","Clear","No","35.504475, -80.85331",-80.85331,35.504475
"3135",249,250,"Yes","10-Jun",9,"No","Not Applicable","B: Evident Injury","Driveway / Alley","White","Male","Asheville","Buncombe","No","","2010-05-03","Bicyclist Failed to Yield - Midblock",16,"Non-Intersection","01-05-01","0001-01-01T11:35:58-04:56","Bicyclist Ride Out - Residential Driveway",0,2010,"B: Evident Injury","Residential","40-49",45,"No","16-20 mph","O: No Injury","White","Male","Pickup","No","No","Daylight","Urban (>70% Developed)","2 lanes",2,"Straight - Level","Local Street","Dry","Two-Way, Not Divided","None","T-Intersection","Smooth Asphalt","Mountains","Urban","30 - 35  MPH","Stop Sign","Clear","No","35.474148, -82.51645",-82.51645,35.474148
"3136",250,251,"No","40-49",40,"No","Facing Traffic","B: Evident Injury","Sidewalk / Crosswalk / Driveway Crossing","White","Male","Greensboro","Guilford","No","01-01-05","2010-05-07","Motorist Failed to Yield - Midblock",22,"Non-Intersection","01-05-01","0001-01-01T17:16:58-04:56","Motorist Drive Out - Commercial Driveway / Alley",0,2010,"B: Evident Injury","Commercial","25-29",25,"No","0-5 mph","O: No Injury","White","Female","Passenger Car","No","No","Dark - Lighted Roadway","Urban (>70% Developed)","",2,"Straight - Level","Public Vehicular Area","Dry","One-Way, Not Divided","None","Driveway, Public","Smooth Asphalt","Piedmont","Urban","5 - 15 MPH","No Control Present","Clear","No","36.039913, -79.84802",-79.84802,36.039913
"3137",255,256,"Yes","10-Jun",6,"No","Facing Traffic","A: Disabling Injury","Travel Lane","Black","Male","Asheville","Buncombe","No","01-01-06","2010-05-01","Loss of Control / Turning Error",13,"Intersection","01-05-01","0001-01-01T08:50:58-04:56","Bicyclist Lost Control - Mechanical Problems",0,2010,"A: Disabling Injury","Residential","20-24",23,"No","11-15 mph","O: No Injury","Black","Male","Passenger Car","No","No","Daylight","Urban (>70% Developed)","2 lanes",2,"Straight - Hillcrest","Local Street","Dry","Two-Way, Not Divided","None","T-Intersection","Smooth Asphalt","Mountains","Urban","20 - 25  MPH","Other","Clear","No","35.577477, -82.55465",-82.55465,35.577477
"3138",257,258,"Yes","40-49",46,"Yes","With Traffic","B: Evident Injury","Travel Lane","Black","Female","Charlotte","Mecklenburg","Yes","","2010-04-26","Loss of Control / Turning Error",12,"Non-Intersection","01-04-01","0001-01-01T07:48:58-04:56","Bicyclist Lost Control - Other /",0,2010,"B: Evident Injury","Residential","40-49",48,"No","21-25 mph","O: No Injury","Black","Male","Pickup","No","No","Daylight","Urban (>70% Developed)","2 lanes",2,"Straight - Grade","Local Street","Dry","Two-Way, Divided, Positive Median Barrier","None","No Special Feature","Smooth Asphalt","Piedmont","Urban","20 - 25  MPH","No Control Present","Clear","No","35.28069, -80.857376",-80.857376,35.28069
"3139",258,259,"No","50-59",50,"No","","C: Possible Injury","Travel Lane","White","Male","Charlotte","Mecklenburg","No","01-01-06","2010-05-01","Other /  - Insufficient Details",16,"Non-Intersection","01-05-01","0001-01-01T11:35:58-04:56","Approach Paths",0,2010,"C: Possible Injury","Residential","30-39",39,"No","0-5 mph","O: No Injury","Asian","Male","Sport Utility","No","No","Daylight","Urban (>70% Developed)","2 lanes",2,"Straight - Level","Local Street","Dry","Two-Way, Not Divided","None","No Special Feature","Smooth Asphalt","Piedmont","Urban","30 - 35  MPH","Stop Sign","Clear","No","35.13449, -80.84012",-80.84012,35.13449
"3140",259,260,"Yes","50-59",54,"No","With Traffic","C: Possible Injury","Travel Lane","White","Male","Wilson","Wilson","No","01-01-06","2010-05-01","Bicyclist Left Turn / Merge",16,"Non-Intersection","01-05-01","0001-01-01T11:45:58-04:56","Bicyclist Left Turn - Same Direction",0,2010,"C: Possible Injury","Commercial","60-69",66,"No","21-25 mph","O: No Injury","White","Male","Pickup","No","No","Daylight","Urban (>70% Developed)","2 lanes",2,"Straight - Level","Local Street","Dry","Two-Way, Not Divided","None","No Special Feature","Smooth Asphalt","Coastal","Urban","30 - 35  MPH","No Control Present","Clear","No","35.697323, -77.89301",-77.89301,35.697323