"","FID","OBJECTID","AmbulanceR","BikeAge_Gr","Bike_Age","Bike_Alc_D","Bike_Dir","Bike_Injur","Bike_Pos","Bike_Race","Bike_Sex","City","County","CrashAlcoh","CrashDay","Crash_Date","Crash_Grp","Crash_Hour","Crash_Loc","Crash_Mont","Crash_Time","Crash_Type","Crash_Ty_1","Crash_Year","Crsh_Sevri","Developmen","DrvrAge_Gr","Drvr_Age","Drvr_Alc_D","Drvr_EstSp","Drvr_Injur","Drvr_Race","Drvr_Sex","Drvr_VehTy","ExcsSpdInd","Hit_Run","Light_Cond","Locality","Num_Lanes","Num_Units","Rd_Charact","Rd_Class","Rd_Conditi","Rd_Config","Rd_Defects","Rd_Feature","Rd_Surface","Region","Rural_Urba","Speed_Limi","Traff_Cntr","Weather","Workzone_I","Location","locx","locy"
"3181",488,489,"Yes","16-19",18,"No","Facing Traffic","C: Possible Injury","Sidewalk / Crosswalk / Driveway Crossing","Black","Male","Charlotte","Mecklenburg","No","01-01-07","2010-07-25","Motorist Failed to Yield - Midblock",21,"Non-Intersection","01-07-01","0001-01-01T16:43:58-04:56","Motorist Drive Out - Commercial Driveway / Alley",0,2010,"C: Possible Injury","Commercial","25-29",28,"No","0-5 mph","O: No Injury","Asian","Male","Passenger Car","No","No","Dark -  Lighting","Urban (>70% Developed)","",2,"Straight - Level","Local Street","Wet","Two-Way, Not Divided","None","No Special Feature","Smooth Asphalt","Piedmont","Urban","5 - 15 MPH","No Control Present","Rain","No","35.203293, -80.743355",-80.743355,35.203293
"3182",489,490,"No","30-39",39,"No","With Traffic","B: Evident Injury","Travel Lane","White","Male","None - Rural Crash","Wake","No","01-01-02","2010-08-03","Motorist Right Turn / Merge",18,"Intersection-Related","01-08-01","0001-01-01T13:28:58-04:56","Motorist Right Turn - Same Direction",0,2010,"B: Evident Injury","Farms, Woods, Pastures","50-59",58,"No","41-45 mph","O: No Injury","Black","Female","Passenger Car","No","No","Daylight","Mixed (30% To 70% Developed)","2 lanes",2,"Straight - Hillcrest","State Secondary Route","Dry","Two-Way, Not Divided","None","T-Intersection","Smooth Asphalt","Piedmont","Rural","40 - 45  MPH","Stop Sign","Clear","No","35.775204, -78.919136",-78.919136,35.775204
"3183",501,502,"Yes","40-49",46,"No","With Traffic","B: Evident Injury","Travel Lane","White","Male","None - Rural Crash","Davidson","No","01-01-06","2010-08-07","Motorist Failed to Yield - Midblock",11,"Non-Intersection","01-08-01","0001-01-01T06:29:58-04:56","Motorist Drive Out - Other Midblock",0,2010,"B: Evident Injury","Farms, Woods, Pastures","0-19",19,"No","0-5 mph","O: No Injury","White","Female","Passenger Car","No","No","Daylight","Rural (<30% Developed)","2 lanes",2,"Straight - Grade","State Secondary Route","Dry","Two-Way, Not Divided","None","Driveway, Private","Smooth Asphalt","Piedmont","Rural","40 - 45  MPH","Double Yellow Line, No Passing Zone","Clear","No","35.97599, -80.2505",-80.2505,35.97599
"3184",508,509,"Yes","30-39",36,"No","Facing Traffic","B: Evident Injury","Sidewalk / Crosswalk / Driveway Crossing","Black","Male","Raleigh","Wake","No","01-01-03","2010-07-21","Motorist Failed to Yield - Sign-Controlled Intersection",9,"Intersection","01-07-01","0001-01-01T04:22:58-04:56","Motorist Drive Out - Sign-Controlled Intersection",0,2010,"B: Evident Injury","Residential","60-69",62,"No","0-5 mph","O: No Injury","White","Female","Passenger Car","No","No","Daylight","Urban (>70% Developed)","2 lanes",2,"Straight - Grade","Local Street","Dry","Two-Way, Not Divided","None","T-Intersection","Smooth Asphalt","Piedmont","Urban","30 - 35  MPH","Stop Sign","Clear","No","35.87336, -78.689766",-78.689766,35.87336
"3185",517,518,"Yes","40-49",46,"No","With Traffic","B: Evident Injury","Travel Lane","White","Male","None - Rural Crash","Davidson","No","01-01-02","2010-08-10","Backing Vehicle",16,"Non-Intersection","01-08-01","0001-01-01T11:51:58-04:56","Backing Vehicle",0,2010,"B: Evident Injury","Residential","0-19",17,"No","6-10 mph","O: No Injury","White","Male","Pickup","No","No","Daylight","Rural (<30% Developed)","2 lanes",2,"Straight - Level","State Secondary Route","Dry","Two-Way, Not Divided","None","No Special Feature","Smooth Asphalt","Piedmont","Rural","40 - 45  MPH","Double Yellow Line, No Passing Zone","Clear","No","35.945763, -80.25821",-80.25821,35.945763
"3186",530,531,"No","40-49",42,"No","With Traffic","B: Evident Injury","Travel Lane","White","Male","Raleigh","Wake","No","01-01-03","2010-07-28","Motorist Left Turn / Merge",17,"Intersection","01-07-01","0001-01-01T12:38:58-04:56","Motorist Left Turn - Opposite Direction",0,2010,"B: Evident Injury","Commercial","40-49",47,"No","31-35 mph","O: No Injury","Black","Female","Passenger Car","No","No","Daylight","Urban (>70% Developed)","2 lanes",2,"Straight - Level","Local Street","Dry","Two-Way, Not Divided","None","No Special Feature","Smooth Asphalt","Piedmont","Urban","30 - 35  MPH","Stop And Go Signal","Clear","No","35.78894, -78.68632",-78.68632,35.78894
"3187",537,538,"No","16-19",19,"No","Facing Traffic","O: No Injury","Sidewalk / Crosswalk / Driveway Crossing","Black","Male","Charlotte","Mecklenburg","No","01-01-03","2010-08-04","Motorist Failed to Yield - Sign-Controlled Intersection",15,"Intersection","01-08-01","0001-01-01T10:21:58-04:56","Motorist Drive Out - Sign-Controlled Intersection",0,2010,"O: No Injury","Commercial","",NA,"Missing","6-10 mph","Injury","/Missing","","","No","Yes","Daylight","Urban (>70% Developed)","2 lanes",2,"Straight - Level","Local Street","Dry","Two-Way, Divided, Unprotected Median","None","Four-Way Intersection","Concrete","Piedmont","Urban","5 - 15 MPH","Stop Sign","Clear","No","35.3423, -80.76881",-80.76881,35.3423
"3188",538,539,"No","25-29",25,"No","With Traffic","B: Evident Injury","Bike Lane / Paved Shoulder","White","Male","Charlotte","Mecklenburg","No","01-01-04","2010-08-05","Motorist Left Turn / Merge",23,"Non-Intersection","01-08-01","0001-01-01T18:59:58-04:56","Motorist Left Turn - Same Direction",0,2010,"B: Evident Injury","Commercial","20-24",22,"No","21-25 mph","O: No Injury","White","Female","Passenger Car","No","No","Dark - Lighted Roadway","Urban (>70% Developed)","3 lanes",2,"Straight - Level","Local Street","Dry","One-Way, Not Divided","None","No Special Feature","Smooth Asphalt","Piedmont","Urban","30 - 35  MPH","Other","Clear","No","35.228203, -80.83928",-80.83928,35.228203
"3189",539,540,"Yes","15-Nov",12,"No","Not Applicable","B: Evident Injury","Driveway / Alley","White","Male","None - Rural Crash","Guilford","No","","2010-08-16","Bicyclist Failed to Yield - Midblock",14,"Non-Intersection","01-08-01","0001-01-01T09:07:58-04:56","Bicyclist Ride Out - Residential Driveway",0,2010,"B: Evident Injury","Residential","40-49",40,"No","31-35 mph","O: No Injury","Black","Male","Passenger Car","No","No","Daylight","Mixed (30% To 70% Developed)","2 lanes",2,"Straight - Level","State Secondary Route","Dry","Two-Way, Not Divided","None","Driveway, Private","Smooth Asphalt","Piedmont","Rural","30 - 35  MPH","No Control Present","Clear","No","36.20027, -79.659294",-79.659294,36.20027
"3190",540,541,"Yes","15-Nov",15,"No","With Traffic","B: Evident Injury","Sidewalk / Crosswalk / Driveway Crossing","Black","Male","Apex","Wake","No","01-01-05","2010-08-06","Loss of Control / Turning Error",14,"Intersection-Related","01-08-01","0001-01-01T10:00:58-04:56","Motorist Lost Control - Other /",0,2010,"B: Evident Injury","Residential","30-39",35,"No","16-20 mph","O: No Injury","White","Male","Passenger Car","No","No","Daylight","Urban (>70% Developed)","2 lanes",2,"Straight - Level","Local Street","Dry","Two-Way, Not Divided","None","No Special Feature","Smooth Asphalt","Piedmont","Urban","20 - 25  MPH","No Control Present","Clear","No","35.72504, -78.85729",-78.85729,35.72504
"3191",546,547,"Yes","30-39",37,"No","With Traffic","B: Evident Injury","Sidewalk / Crosswalk / Driveway Crossing","White","Female","Greensboro","Guilford","No","01-01-06","2010-08-07","Motorist Left Turn / Merge",10,"Intersection","01-08-01","0001-01-01T05:05:58-04:56","Motorist Left Turn - Opposite Direction",0,2010,"B: Evident Injury","Residential","20-24",23,"No","11-15 mph","O: No Injury","White","Male","Pickup","No","No","Daylight","Urban (>70% Developed)","5 lanes",2,"Straight - Grade","Local Street","Dry","Two-Way, Not Divided","None","No Special Feature","Smooth Asphalt","Piedmont","Urban","30 - 35  MPH","Stop And Go Signal","Clear","No","36.038662, -79.90676",-79.90676,36.038662
"3192",549,550,"Yes","16-19",17,"No","With Traffic","A: Disabling Injury","Travel Lane","White","Male","None - Rural Crash","Carteret","No","","2010-08-16","Motorist Overtaking Bicyclist",1,"Non-Intersection","01-08-01","0000-12-31T20:03:58-04:56","Motorist Overtaking - Undetected Bicyclist",0,2010,"A: Disabling Injury","Farms, Woods, Pastures","25-29",28,"No","51-55 mph","O: No Injury","White","Male","Passenger Car","No","No","Dark - Roadway Not Lighted","Rural (<30% Developed)","4 lanes",2,"Curve - Level","US Route","Dry","Two-Way, Divided, Unprotected Median","None","No Special Feature","Coarse Asphalt","Coastal","Rural","50 - 55  MPH","No Control Present","Clear","No","34.85339, -76.8917",-76.8917,34.85339
"3193",550,551,"Yes","40-49",46,"No","With Traffic","B: Evident Injury","Travel Lane","White","Male","Pineville","Mecklenburg","No","01-01-06","2010-07-17","Motorist Left Turn / Merge",11,"Non-Intersection","01-07-01","0001-01-01T06:55:58-04:56","Motorist Left Turn - Opposite Direction",0,2010,"B: Evident Injury","Commercial","40-49",48,"No","0-5 mph","O: No Injury","White","Female","Passenger Car","No","No","Daylight","Urban (>70% Developed)","2 lanes",2,"Curve - Level","Local Street","Dry","Two-Way, Not Divided","None","Driveway, Public","Smooth Asphalt","Piedmont","Rural","30 - 35  MPH","No Control Present","Clear","No","35.094666, -80.867096",-80.867096,35.094666
"3194",551,552,"No","25-29",29,"No","Facing Traffic","O: No Injury","Travel Lane","Hispanic","Male","Charlotte","Mecklenburg","No","01-01-03","2010-08-04","Motorist Failed to Yield - Sign-Controlled Intersection",16,"Intersection","01-08-01","0001-01-01T11:54:58-04:56","Motorist Drive Out - Sign-Controlled Intersection",0,2010,"O: No Injury","Residential","40-49",49,"No","6-10 mph","O: No Injury","Black","Female","Van","No","No","Daylight","Urban (>70% Developed)","2 lanes",2,"Straight - Level","Local Street","Dry","Two-Way, Not Divided","None","T-Intersection","Smooth Asphalt","Piedmont","Urban","30 - 35  MPH","Stop Sign","Clear","No","35.233776, -80.7746",-80.7746,35.233776
"3195",556,557,"No","16-19",18,"No","With Traffic","B: Evident Injury","Travel Lane","Black","Male","Asheville","Buncombe","No","01-01-04","2010-07-29","Bicyclist Failed to Yield - Sign-Controlled Intersection",19,"Intersection","01-07-01","0001-01-01T14:42:58-04:56","Bicyclist Ride Through - Sign-Controlled Intersection",0,2010,"B: Evident Injury","Residential","30-39",33,"No","21-25 mph","O: No Injury","White","Female","Sport Utility","No","No","Daylight","Urban (>70% Developed)","2 lanes",2,"Straight - Hillcrest","Local Street","Dry","Two-Way, Not Divided","None","T-Intersection","Coarse Asphalt","Mountains","Urban","20 - 25  MPH","Stop Sign","Clear","No","35.570244, -82.57835",-82.57835,35.570244
"3196",558,559,"No","16-19",17,"No","With Traffic","O: No Injury","Travel Lane","White","Male","None - Rural Crash","Orange","No","","2010-08-02","Bicyclist Left Turn / Merge",17,"Non-Intersection","01-08-01","0001-01-01T12:48:58-04:56","Bicyclist Left Turn - Same Direction",0,2010,"O: No Injury","Residential","25-29",26,"No","36-40 mph","O: No Injury","Black","Female","Van","No","No","Daylight","Rural (<30% Developed)","2 lanes",2,"Curve - Level","State Secondary Route","Dry","Two-Way, Not Divided","None","No Special Feature","Coarse Asphalt","Piedmont","Rural","40 - 45  MPH","Double Yellow Line, No Passing Zone","Clear","No","36.092537, -79.214294",-79.214294,36.092537
"3197",559,560,"Yes","25-29",28,"No","With Traffic","B: Evident Injury","Travel Lane","/Missing","Male","Charlotte","Mecklenburg","No","01-01-06","2010-08-07","Motorist Left Turn / Merge",13,"Intersection","01-08-01","0001-01-01T08:27:58-04:56","Motorist Left Turn - Opposite Direction",0,2010,"B: Evident Injury","Commercial","40-49",43,"No","6-10 mph","O: No Injury","Other","Male","Sport Utility","No","No","Daylight","Urban (>70% Developed)","5 lanes",2,"Straight - Level","Local Street","Dry","Two-Way, Not Divided","None","No Special Feature","Concrete","Piedmont","Urban","30 - 35  MPH","Stop And Go Signal","Clear","No","35.223656, -80.85386",-80.85386,35.223656
"3198",561,562,"Yes","20-24",21,"No","Facing Traffic","B: Evident Injury","Sidewalk / Crosswalk / Driveway Crossing","Black","Male","Goldsboro","Wayne","No","01-01-05","2010-07-30","Parallel Paths - Other Circumstances",14,"Non-Intersection","01-07-01","0001-01-01T09:31:58-04:56","Bicyclist Ride Out - Parallel Path",0,2010,"B: Evident Injury","Commercial","20-24",22,"No","21-25 mph","O: No Injury","Black","Female","Passenger Car","No","No","Daylight","Urban (>70% Developed)","2 lanes",2,"Straight - Level","Local Street","Dry","Two-Way, Not Divided","None","No Special Feature","Coarse Asphalt","Coastal","Urban","30 - 35  MPH","No Control Present","Clear","No","35.387268, -77.99101",-77.99101,35.387268
"3199",573,574,"Yes","40-49",48,"No","With Traffic","B: Evident Injury","Travel Lane","Black","Male","Charlotte","Mecklenburg","No","01-01-06","2010-08-14","Motorist Overtaking Bicyclist",21,"Non-Intersection","01-08-01","0001-01-01T16:33:58-04:56","Motorist Overtaking - Misjudged Space",0,2010,"B: Evident Injury","Commercial","",NA,"Missing","51-55 mph","Injury","/Missing","","","No","Yes","Dark - Roadway Not Lighted","Urban (>70% Developed)","4 lanes",2,"Straight - Level","Local Street","Wet","Two-Way, Not Divided","None","Bridge","Smooth Asphalt","Piedmont","Urban","30 - 35  MPH","Stop And Go Signal","Rain","No","35.236317, -80.83078",-80.83078,35.236317
"3200",582,583,"Yes","40-49",41,"No","With Traffic","B: Evident Injury","Travel Lane","Black","Male","High Point","Guilford","No","01-01-03","2010-08-18","Motorist Failed to Yield - Sign-Controlled Intersection",15,"Intersection","01-08-01","0001-01-01T10:13:58-04:56","Motorist Drive Through - Sign-Controlled Intersection",0,2010,"B: Evident Injury","Residential","30-39",30,"No","6-10 mph","O: No Injury","Black","Male","Passenger Car","No","No","Daylight","Urban (>70% Developed)","2 lanes",2,"Straight - Grade","Local Street","Dry","Two-Way, Not Divided","None","Four-Way Intersection","Smooth Asphalt","Piedmont","Urban","30 - 35  MPH","Stop Sign","Cloudy","No","35.942566, -80.00902",-80.00902,35.942566
"3201",852,853,"Yes","60-69",60,"No","With Traffic","B: Evident Injury","Travel Lane","Black","Male","Woodland","Northampton","No","","2008-10-27","Motorist Failed to Yield - Sign-Controlled Intersection",8,"Intersection","01-10-01","0001-01-01T03:33:58-04:56","Motorist Drive Out - Sign-Controlled Intersection",111141,2008,"B: Evident Injury","Residential","40-49",42,"No","0-5 mph","O: No Injury","Black","Male","Passenger Car","No","No","Daylight","Urban (>70% Developed)","2 lanes",2,"Straight - Level","US Route","Dry","Two-Way, Not Divided","None","T-Intersection","Smooth Asphalt","Coastal","Rural","20 - 25  MPH","Stop And Go Signal","Clear","No","0.0, 0.0",0,0
"3202",854,855,"Yes","40-49",44,"No","Facing Traffic","C: Possible Injury","Travel Lane","Black","Male","Fayetteville","Cumberland","No","01-01-04","2008-10-30","Crossing Paths - Other Circumstances",17,"Intersection","01-10-01","0001-01-01T12:09:58-04:56","Signalized Intersection - Other /",112158,2008,"C: Possible Injury","Commercial","20-24",20,"No","6-10 mph","O: No Injury","Black","Female","Passenger Car","No","No","Daylight","Urban (>70% Developed)","6 lanes",2,"Straight - Level","Local Street","Dry","Two-Way, Divided, Unprotected Median","None","T-Intersection","Coarse Asphalt","Coastal","Urban","20 - 25  MPH","Stop And Go Signal","Clear","No","0.0, 0.0",0,0
"3203",855,856,"Yes","25-29",29,"Yes","With Traffic","C: Possible Injury","Travel Lane","White","Male","Beaufort","Carteret","Yes","01-01-06","2008-11-15","Motorist Overtaking Bicyclist",22,"Non-Intersection","01-11-01","0001-01-01T17:33:58-04:56","Motorist Overtaking - Misjudged Space",311232,2008,"C: Possible Injury","Institutional","",NA,"Missing","31-35 mph","Injury","/Missing","","Pickup","No","Yes","Dark - Lighted Roadway","Urban (>70% Developed)","2 lanes",2,"Straight - Level","NC Route","Wet","Two-Way, Divided, Unprotected Median","None","No Special Feature","Smooth Asphalt","Coastal","Rural","30 - 35  MPH","No Control Present","Rain","No","0.0, 0.0",0,0
"3204",858,859,"No","10-Jun",8,"No","Not Applicable","Injury","Non-Roadway","Hispanic","Male","Andrews","Cherokee","No","","2008-10-27","Bicyclist Failed to Yield - Midblock",16,"Non-Intersection","01-10-01","0001-01-01T11:25:58-04:56","Bicyclist Ride Out - Commercial Driveway / Alley",363312,2008,"O: No Injury","Residential","25-29",28,"No","26-30 mph","O: No Injury","White","Female","Light Truck (Mini-Van, Panel)","No","No","Daylight","Urban (>70% Developed)","2 lanes",2,"Straight - Level","Local Street","Dry","Two-Way, Not Divided","None","No Special Feature","Smooth Asphalt","Mountains","Rural","30 - 35  MPH","Missing","Clear","No","0.0, 0.0",0,0
"3205",859,860,"Yes","15-Nov",14,"No","With Traffic","C: Possible Injury","Travel Lane","White","Male","Waynesville","Haywood","No","01-01-04","2008-10-02","Motorist Left Turn / Merge",20,"Non-Intersection","01-10-01","0001-01-01T15:13:58-04:56","Motorist Left Turn - Opposite Direction",311212,2008,"C: Possible Injury","Commercial","40-49",46,"No","21-25 mph","O: No Injury","White","Male","Passenger Car","No","No","Dark - Lighted Roadway","Urban (>70% Developed)","2 lanes",2,"Straight - Level","Local Street","Dry","One-Way, Not Divided","Other","Driveway, Public","Smooth Asphalt","Mountains","Urban","30 - 35  MPH","No Control Present","Clear","No","0.0, 0.0",0,0
"3206",860,861,"Yes","50-59",56,"No","With Traffic","B: Evident Injury","Bike Lane / Paved Shoulder","White","Male","Greensboro","Guilford","No","","2008-10-13","Motorist Left Turn / Merge",17,"Intersection","01-10-01","0001-01-01T12:36:58-04:56","Motorist Left Turn - Opposite Direction",121212,2008,"B: Evident Injury","Residential","40-49",46,"No","6-10 mph","O: No Injury","Other","Male","Passenger Car","No","No","Daylight","Urban (>70% Developed)","4 lanes",2,"Straight - Level","Local Street","Dry","Two-Way, Not Divided","None","Four-Way Intersection","Smooth Asphalt","Piedmont","Urban","30 - 35  MPH","No Control Present","Clear","No","0.0, 0.0",0,0
"3207",866,867,"Yes","60-69",64,"Yes","Facing Traffic","B: Evident Injury","Travel Lane","Black","Male","None - Rural Crash","Hoke","Yes","01-01-04","2008-11-20","Head-On",20,"Non-Intersection","01-11-01","0001-01-01T15:28:58-04:56","Head-On - Bicyclist",312250,2008,"B: Evident Injury","Farms, Woods, Pastures","",NA,"No","51-55 mph","Injury","/Missing","","","No","Yes","Dark - Roadway Not Lighted","Rural (<30% Developed)","2 lanes",2,"Straight - Grade","NC Route","Dry","Two-Way, Not Divided","None","No Special Feature","Smooth Asphalt","Coastal","Rural","50 - 55  MPH","No Control Present","Clear","No","0.0, 0.0",0,0
"3208",868,869,"No","50-59",58,"No","With Traffic","B: Evident Injury","Travel Lane","White","Male","None - Rural Crash","Richmond","No","01-01-03","2008-10-29","Parallel Paths - Other Circumstances",14,"Non-Intersection","01-10-01","0001-01-01T09:03:58-04:56","Parallel Paths - Other /",311280,2008,"B: Evident Injury","Farms, Woods, Pastures","",NA,"Missing","36-40 mph","Injury","/Missing","","","No","Yes","Dawn","Rural (<30% Developed)","2 lanes",2,"Straight - Level","NC Route","Dry","Two-Way, Not Divided","None","Underpass","Smooth Asphalt","Piedmont","Rural","50 - 55  MPH","Double Yellow Line, No Passing Zone","Clear","No","0.0, 0.0",0,0
"3209",874,875,"Yes","50-59",56,"No","With Traffic","C: Possible Injury","Travel Lane","White","Male","None - Rural Crash","Rockingham","No","01-01-05","2008-11-07","Motorist Overtaking Bicyclist",17,"Non-Intersection","01-11-01","0001-01-01T12:13:58-04:56","Motorist Overtaking - Misjudged Space",311232,2008,"C: Possible Injury","Farms, Woods, Pastures","25-29",26,"No","51-55 mph","O: No Injury","White","Female","Passenger Car","No","No","Daylight","Rural (<30% Developed)","2 lanes",2,"Straight - Level","State Secondary Route","Dry","Two-Way, Not Divided","None","No Special Feature","Smooth Asphalt","Piedmont","Rural","50 - 55  MPH","Double Yellow Line, No Passing Zone","Clear","No","0.0, 0.0",0,0
"3210",875,876,"Yes","15-Nov",15,"No","With Traffic","B: Evident Injury","Travel Lane","White","Male","Thomasville","Davidson","No","","2008-11-10","Bicyclist Left Turn / Merge",18,"Non-Intersection","01-11-01","0001-01-01T13:12:58-04:56","Bicyclist Left Turn - Same Direction",311221,2008,"B: Evident Injury","Residential","70+",NA,"No","31-35 mph","O: No Injury","White","Female","Passenger Car","No","No","Dark - Lighted Roadway","Urban (>70% Developed)","2 lanes",2,"Straight - Level","Local Street","Dry","Two-Way, Divided, Unprotected Median","None","No Special Feature","Coarse Asphalt","Piedmont","Urban","40 - 45  MPH","School Zone Signs","Clear","No","0.0, 0.0",0,0
"3211",880,881,"Yes","20-24",22,"No","With Traffic","C: Possible Injury","Travel Lane","White","Male","Durham","Durham","No","01-01-04","2008-11-06","Motorist Left Turn / Merge",7,"Non-Intersection","01-11-01","0001-01-01T03:01:58-04:56","Motorist Left Turn - Opposite Direction",311212,2008,"C: Possible Injury","Commercial","50-59",50,"No","11-15 mph","O: No Injury","White","Female","Passenger Car","No","No","Daylight","Urban (>70% Developed)","4 lanes",2,"Straight - Level","Local Street","Dry","Two-Way, Not Divided","None","No Special Feature","Coarse Asphalt","Piedmont","Urban","30 - 35  MPH","No Control Present","Clear","No","0.0, 0.0",0,0
"3212",883,884,"No","20-24",22,"No","Facing Traffic","C: Possible Injury","Travel Lane","/Missing","Male","Williamston","Martin","No","","2008-09-15","Head-On",7,"Intersection","01-09-01","0001-01-01T02:33:58-04:56","Head-On - Bicyclist",112250,2008,"C: Possible Injury","Commercial","40-49",40,"No","16-20 mph","O: No Injury","White","Female","Passenger Car","No","No","Daylight","Mixed (30% To 70% Developed)","6 lanes",2,"Straight - Level","US Route","Dry","Two-Way, Divided, Unprotected Median","None","Four-Way Intersection","Smooth Asphalt","Coastal","Urban","40 - 45  MPH","Yield Sign","Clear","No","0.0, 0.0",0,0
"3213",885,886,"Yes","30-39",34,"No","With Traffic","C: Possible Injury","Travel Lane","White","Female","None - Rural Crash","Brunswick","No","01-01-07","2008-11-09","Motorist Overtaking Bicyclist",13,"Non-Intersection","01-11-01","0001-01-01T08:43:58-04:56","Motorist Overtaking - Other /",311239,2008,"C: Possible Injury","Farms, Woods, Pastures","70+",NA,"No","31-35 mph","O: No Injury","Black","Male","Pickup","No","No","Daylight","Rural (<30% Developed)","2 lanes",2,"Straight - Level","State Secondary Route","Dry","Two-Way, Not Divided","None","No Special Feature","Coarse Asphalt","Coastal","Rural","50 - 55  MPH","Double Yellow Line, No Passing Zone","Clear","No","0.0, 0.0",0,0
"3214",888,889,"Yes","50-59",50,"No","Facing Traffic","C: Possible Injury","Sidewalk / Crosswalk / Driveway Crossing","White","Male","Raleigh","Wake","No","01-01-03","2008-10-22","Motorist Failed to Yield - Midblock",7,"Non-Intersection","01-10-01","0001-01-01T02:52:58-04:56","Motorist Drive Out - Other Midblock",332328,2008,"C: Possible Injury","Commercial","50-59",53,"No","0-5 mph","O: No Injury","Black","Male","Sport Utility","No","No","Daylight","Urban (>70% Developed)","",2,"Straight - Level","Public Vehicular Area","Dry","Two-Way, Not Divided","None","No Special Feature","Smooth Asphalt","Piedmont","Urban","","Stop Sign","Clear","No","0.0, 0.0",0,0
"3215",892,893,"Yes","30-39",35,"No","With Traffic","K: Killed","Bike Lane / Paved Shoulder","Black","Male","None - Rural Crash","Lenoir","No","01-01-04","2008-11-13","Motorist Overtaking Bicyclist",6,"Non-Intersection","01-11-01","0001-01-01T01:18:58-04:56","Motorist Overtaking - Other /",321239,2008,"K: Killed","Farms, Woods, Pastures","25-29",29,"No","36-40 mph","O: No Injury","White","Male","Single Unit Truck (2-Axle, 6-Tire)","No","No","Dark - Roadway Not Lighted","Mixed (30% To 70% Developed)","4 lanes",2,"Straight - Level","NC Route","Wet","Two-Way, Divided, Unprotected Median","None","No Special Feature","Smooth Asphalt","Coastal","Rural","60 - 75 MPH","No Control Present","Cloudy","No","0.0, 0.0",0,0
"3216",900,901,"Yes","50-59",54,"Yes","Facing Traffic","B: Evident Injury","Travel Lane","Black","Male","Chadbourn","Columbus","Yes","01-01-04","2008-10-23","Head-On",16,"Intersection","01-10-01","0001-01-01T11:34:58-04:56","Head-On - Bicyclist",112250,2008,"B: Evident Injury","Residential","30-39",33,"No","26-30 mph","O: No Injury","White","Male","Pickup","No","No","Daylight","Mixed (30% To 70% Developed)","3 lanes",2,"Straight - Level","Local Street","Dry","Two-Way, Not Divided","None","Four-Way Intersection","Smooth Asphalt","Coastal","Rural","30 - 35  MPH","Stop Sign","Clear","No","0.0, 0.0",0,0
"3217",901,902,"Yes","20-24",22,"No","With Traffic","B: Evident Injury","Travel Lane","Black","Male","Durham","Durham","No","01-01-02","2008-09-30","Bicyclist Failed to Yield - Sign-Controlled Intersection",16,"Intersection","01-09-01","0001-01-01T11:10:58-04:56","Bicyclist Ride Out - Sign-Controlled Intersection",111142,2008,"B: Evident Injury","Residential","",NA,"Missing","11-15 mph","Injury","/Missing","","","No","Yes","Daylight","Urban (>70% Developed)","2 lanes",2,"Straight - Level","Local Street","Dry","Two-Way, Not Divided","None","Four-Way Intersection","Smooth Asphalt","Piedmont","Urban","20 - 25  MPH","Stop Sign","Clear","No","0.0, 0.0",0,0
"3218",906,907,"Yes","16-19",18,"No","With Traffic","B: Evident Injury","Sidewalk / Crosswalk / Driveway Crossing","White","Male","Chapel Hill","Orange","No","01-01-04","2008-11-13","Bicyclist Failed to Yield - Signalized Intersection",18,"Intersection","01-11-01","0001-01-01T13:34:58-04:56","Bicyclist Ride Through - Signalized Intersection",131155,2008,"B: Evident Injury","Commercial","20-24",23,"No","6-10 mph","O: No Injury","White","Female","Light Truck (Mini-Van, Panel)","No","No","Dark - Lighted Roadway","Urban (>70% Developed)","4 lanes",2,"Straight - Bottom","Local Street","Wet","Two-Way, Not Divided","None","Four-Way Intersection","Smooth Asphalt","Piedmont","Urban","20 - 25  MPH","Stop And Go Signal","Cloudy","No","0.0, 0.0",0,0
"3219",912,913,"Yes","16-19",18,"No","Facing Traffic","C: Possible Injury","Travel Lane","Black","Male","Greensboro","Guilford","No","01-01-03","2008-10-22","Bicyclist Failed to Yield - Signalized Intersection",15,"Intersection","01-10-01","0001-01-01T10:31:58-04:56","Bicyclist Ride Through - Signalized Intersection",112155,2008,"C: Possible Injury","Commercial","0-19",19,"No","","O: No Injury","Black","Female","Passenger Car","No","No","Daylight","Urban (>70% Developed)","2 lanes",2,"Straight - Hillcrest","Local Street","Dry","Two-Way, Divided, Unprotected Median","None","No Special Feature","Smooth Asphalt","Piedmont","Urban","5 - 15 MPH","Stop And Go Signal","Clear","No","0.0, 0.0",0,0
"3220",913,914,"No","30-39",32,"No","With Traffic","B: Evident Injury","Travel Lane","White","Male","Mount Holly","Gaston","No","01-01-02","2008-11-25","Motorist Overtaking Bicyclist",7,"Non-Intersection","01-11-01","0001-01-01T02:58:58-04:56","Motorist Overtaking - Other /",311239,2008,"B: Evident Injury","Residential","30-39",37,"No","21-25 mph","O: No Injury","White","Male","Pickup","No","No","Daylight","Urban (>70% Developed)","2 lanes",2,"Straight - Level","Local Street","Wet","Two-Way, Not Divided","None","No Special Feature","Smooth Asphalt","Piedmont","Urban","30 - 35  MPH","Double Yellow Line, No Passing Zone","Clear","No","0.0, 0.0",0,0
"3221",915,916,"No","40-49",40,"No","With Traffic","C: Possible Injury","Travel Lane","White","Male","New Bern","Craven","No","01-01-04","2008-11-20","Motorist Right Turn / Merge",7,"Intersection","01-11-01","0001-01-01T02:30:58-04:56","Motorist Right Turn - Same Direction",111213,2008,"C: Possible Injury","Residential","30-39",32,"No","31-35 mph","O: No Injury","Black","Female","Passenger Car","No","No","Daylight","Urban (>70% Developed)","4 lanes",2,"Straight - Level","NC Route","Dry","Two-Way, Divided, Unprotected Median","None","T-Intersection","Smooth Asphalt","Coastal","Urban","30 - 35  MPH","Missing","Clear","No","0.0, 0.0",0,0