"","FID","OBJECTID","AmbulanceR","BikeAge_Gr","Bike_Age","Bike_Alc_D","Bike_Dir","Bike_Injur","Bike_Pos","Bike_Race","Bike_Sex","City","County","CrashAlcoh","CrashDay","Crash_Date","Crash_Grp","Crash_Hour","Crash_Loc","Crash_Mont","Crash_Time","Crash_Type","Crash_Ty_1","Crash_Year","Crsh_Sevri","Developmen","DrvrAge_Gr","Drvr_Age","Drvr_Alc_D","Drvr_EstSp","Drvr_Injur","Drvr_Race","Drvr_Sex","Drvr_VehTy","ExcsSpdInd","Hit_Run","Light_Cond","Locality","Num_Lanes","Num_Units","Rd_Charact","Rd_Class","Rd_Conditi","Rd_Config","Rd_Defects","Rd_Feature","Rd_Surface","Region","Rural_Urba","Speed_Limi","Traff_Cntr","Weather","Workzone_I","Location","locx","locy"
"3262",129,130,"No","15-Nov",11,"No","With Traffic","O: No Injury","Travel Lane","Black","Male","Roanoke Rapids","Halifax","No","01-01-06","2009-04-18","Loss of Control / Turning Error",13,"Intersection","01-04-01","0001-01-01T08:48:58-04:56","Bicyclist Lost Control - Mechanical Problems",111121,2009,"O: No Injury","Residential","50-59",50,"No","21-25 mph","O: No Injury","White","Male","Sport Utility","No","No","Daylight","Urban (>70% Developed)","2 lanes",2,"Straight - Bottom","Local Street","Dry","Two-Way, Not Divided","None","Four-Way Intersection","Smooth Asphalt","Coastal","Urban","20 - 25  MPH","Stop Sign","Clear","No","36.468174, -77.6525",-77.6525,36.468174
"3263",130,131,"Yes","40-49",41,"No","With Traffic","C: Possible Injury","Travel Lane","White","Male","Raleigh","Wake","No","01-01-06","2009-03-28","Motorist Failed to Yield - Sign-Controlled Intersection",12,"Intersection","01-03-01","0001-01-01T07:34:58-04:56","Motorist Drive Out - Sign-Controlled Intersection",111141,2009,"C: Possible Injury","Commercial","20-24",24,"No","","O: No Injury","Black","Male","Passenger Car","No","No","Daylight","Urban (>70% Developed)","5 lanes",2,"Straight - Grade","Local Street","Dry","Two-Way, Not Divided","None","Four-Way Intersection","Smooth Asphalt","Piedmont","Urban","40 - 45  MPH","Stop Sign","Clear","No","35.798817, -78.7172",-78.7172,35.798817
"3264",137,138,"No","15-Nov",11,"No","With Traffic","B: Evident Injury","Travel Lane","Hispanic","Female","Asheboro","Randolph","No","01-01-03","2009-04-22","Loss of Control / Turning Error",15,"Intersection","01-04-01","0001-01-01T10:58:58-04:56","Bicyclist Lost Control - Mechanical Problems",111121,2009,"B: Evident Injury","Residential","30-39",30,"No","21-25 mph","O: No Injury","White","Male","Sport Utility","No","No","Daylight","Mixed (30% To 70% Developed)","2 lanes",2,"Straight - Level","State Secondary Route","Dry","Two-Way, Not Divided","None","Alley Intersection","Coarse Asphalt","Piedmont","Urban","30 - 35  MPH","No Control Present","Clear","No","35.704506, -79.825096",-79.825096,35.704506
"3265",140,141,"Yes","40-49",45,"Yes","Facing Traffic","B: Evident Injury","Sidewalk / Crosswalk / Driveway Crossing","Black","Male","Raleigh","Wake","Yes","01-01-05","2009-04-03","Loss of Control / Turning Error",15,"Non-Intersection","01-04-01","0001-01-01T10:03:58-04:56","Bicyclist Lost Control - Surface Conditions",332124,2009,"B: Evident Injury","Commercial","50-59",51,"No","11-15 mph","O: No Injury","Black","Male","Van","No","No","Daylight","Urban (>70% Developed)","6 lanes",2,"Straight - Level","Local Street","Dry","Two-Way, Divided, Unprotected Median","None","No Special Feature","Concrete","Piedmont","Urban","30 - 35  MPH","Stop And Go Signal","Clear","No","35.785576, -78.66126",-78.66126,35.785576
"3266",150,151,"Yes","30-39",35,"Yes","Facing Traffic","B: Evident Injury","Bike Lane / Paved Shoulder","White","Male","None - Rural Crash","New Hanover","Yes","01-01-04","2009-04-30","Bicyclist Right Turn / Merge",0,"Non-Intersection","01-04-01","0000-12-31T19:03:58-04:56","Bicyclist Right Turn - Opposite Direction",322224,2009,"B: Evident Injury","Commercial","20-24",23,"No","46-50 mph","O: No Injury","White","Male","Passenger Car","No","No","Dark - Roadway Not Lighted","Urban (>70% Developed)","4 lanes",2,"Straight - Level","US Route","Dry","Two-Way, Divided, Unprotected Median","None","No Special Feature","Smooth Asphalt","Coastal","Rural","50 - 55  MPH","No Control Present","Clear","No","34.12461, -77.90002",-77.90002,34.12461
"3267",166,167,"No","10-Jun",8,"No","Facing Traffic","C: Possible Injury","Travel Lane","Black","Male","None - Rural Crash","Brunswick","No","01-01-06","2009-05-09","Bicyclist Right Turn / Merge",15,"Non-Intersection","01-05-01","0001-01-01T10:53:58-04:56","Bicyclist Right Turn - Same Direction",312223,2009,"C: Possible Injury","Residential","20-24",21,"No","6-10 mph","O: No Injury","White","Female","Passenger Car","No","No","Daylight","Rural (<30% Developed)","2 lanes",2,"Curve - Level","State Secondary Route","Dry","Two-Way, Not Divided","None","No Special Feature","Coarse Asphalt","Coastal","Rural","40 - 45  MPH","No Control Present","Clear","No","34.050896, -78.188",-78.188,34.050896
"3268",169,170,"No","10-Jun",9,"No","Not Applicable","C: Possible Injury","Non-Roadway","White","Male","Charlotte","Mecklenburg","No","01-01-05","2009-05-08","Non-Roadway",18,"Non-Roadway","01-05-01","0001-01-01T13:52:58-04:56","Non-Roadway",460910,2009,"C: Possible Injury","Residential","0-19",19,"No","0-5 mph","O: No Injury","White","Female","Sport Utility","No","No","Daylight","Urban (>70% Developed)","",2,"Straight - Hillcrest","Public Vehicular Area","Dry","Two-Way, Not Divided","None","Driveway, Private","Smooth Asphalt","Piedmont","Urban","5 - 15 MPH","No Control Present","Clear","No","35.191395, -80.79554",-80.79554,35.191395
"3269",173,174,"No","",NA,"No","Not Applicable","O: No Injury","Non-Roadway","Black","Male","Raleigh","Wake","No","01-01-07","2009-04-19","Non-Roadway",16,"Non-Roadway","01-04-01","0001-01-01T11:58:58-04:56","Non-Roadway",460910,2009,"O: No Injury","Residential","",NA,"Missing","","Injury","/Missing","","Passenger Car","No","No","Daylight","Urban (>70% Developed)","2 lanes",2,"Straight - Level","Public Vehicular Area","Dry","Two-Way, Not Divided","None","No Special Feature","Concrete","Piedmont","Urban","30 - 35  MPH","No Control Present","Clear","No","35.847607, -78.572334",-78.572334,35.847607
"3270",175,176,"No","10-Jun",7,"No","With Traffic","C: Possible Injury","Sidewalk / Crosswalk / Driveway Crossing","White","Female","Mooresville","Iredell","No","01-01-04","2009-05-07","Motorist Failed to Yield - Midblock",7,"Non-Intersection","01-05-01","0001-01-01T03:02:58-04:56","Motorist Drive Out - Commercial Driveway / Alley",331322,2009,"C: Possible Injury","Institutional","40-49",42,"No","0-5 mph","O: No Injury","Black","Female","School Bus","No","No","Daylight","Urban (>70% Developed)","2 lanes",2,"Straight - Level","Public Vehicular Area","Dry","Two-Way, Not Divided","None","Driveway, Public","Smooth Asphalt","Piedmont","Urban","","No Control Present","Clear","No","35.582157, -80.89722",-80.89722,35.582157
"3271",176,177,"Yes","16-19",18,"No","Facing Traffic","B: Evident Injury","Travel Lane","Black","Female","None - Rural Crash","New Hanover","No","01-01-03","2009-05-06","Motorist Left Turn / Merge",20,"Intersection","01-05-01","0001-01-01T15:47:58-04:56","Motorist Left Turn - Same Direction",112211,2009,"B: Evident Injury","Commercial","60-69",63,"No","11-15 mph","O: No Injury","White","Male","Sport Utility","No","No","Dark - Roadway Not Lighted","Mixed (30% To 70% Developed)","2 lanes",2,"Straight - Level","State Secondary Route","Dry","Two-Way, Divided, Unprotected Median","None","T-Intersection","Coarse Asphalt","Coastal","Rural","30 - 35  MPH","Stop And Go Signal","Clear","No","34.10394, -77.89945",-77.89945,34.10394
"3272",178,179,"Yes","20-24",23,"No","With Traffic","B: Evident Injury","Travel Lane","White","Male","Wrightsville Beach","New Hanover","No","01-01-05","2009-05-08","Motorist Left Turn / Merge",12,"Non-Intersection","01-05-01","0001-01-01T07:06:58-04:56","Motorist Left Turn - Opposite Direction",311212,2009,"B: Evident Injury","Residential","0-19",19,"No","","O: No Injury","White","Male","Passenger Car","No","No","Daylight","Urban (>70% Developed)","4 lanes",2,"Straight - Level","NC Route","Dry","Two-Way, Not Divided","None","No Special Feature","Coarse Asphalt","Coastal","Rural","30 - 35  MPH","No Control Present","Clear","No","34.203457, -77.79932",-77.79932,34.203457
"3273",180,181,"Yes","25-29",25,"No","With Traffic","B: Evident Injury","Travel Lane","White","Male","Jacksonville","Onslow","No","","2009-05-04","Other /  - Insufficient Details",5,"Non-Intersection","01-05-01","0001-01-01T00:26:58-04:56","Approach Paths",311970,2009,"B: Evident Injury","Commercial","",NA,"Missing","31-35 mph","Injury","/Missing","","","No","Yes","Dark - Lighted Roadway","Urban (>70% Developed)","7 lanes",2,"Straight - Level","Local Street","Dry","Two-Way, Not Divided","None","No Special Feature","Smooth Asphalt","Coastal","Urban","30 - 35  MPH","No Control Present","Clear","No","34.7463, -77.3793",-77.3793,34.7463
"3274",181,182,"Yes","15-Nov",12,"No","With Traffic","B: Evident Injury","Travel Lane","White","Male","None - Rural Crash","New Hanover","No","01-01-02","2009-05-12","Motorist Overtaking Bicyclist",18,"Intersection","01-05-01","0001-01-01T13:53:58-04:56","Motorist Overtaking - Other /",111239,2009,"B: Evident Injury","Residential","",NA,"Missing","11-15 mph","Injury","/Missing","","","No","Yes","Daylight","Urban (>70% Developed)","2 lanes",2,"Straight - Level","State Secondary Route","Dry","Two-Way, Not Divided","None","T-Intersection","Smooth Asphalt","Coastal","Rural","30 - 35  MPH","No Control Present","Clear","No","34.145443, -77.915565",-77.915565,34.145443
"3275",183,184,"Yes","15-Nov",11,"No","With Traffic","A: Disabling Injury","Travel Lane","White","Female","Rural Hall","Forsyth","No","01-01-06","2009-05-09","Bicyclist Failed to Yield - Sign-Controlled Intersection",13,"Intersection","01-05-01","0001-01-01T08:03:58-04:56","Bicyclist Ride Through - Sign-Controlled Intersection",111144,2009,"A: Disabling Injury","Residential","20-24",21,"No","11-15 mph","O: No Injury","White","Male","Pickup","No","No","Daylight","Mixed (30% To 70% Developed)","2 lanes",2,"Straight - Level","State Secondary Route","Dry","Two-Way, Not Divided","None","T-Intersection","Smooth Asphalt","Piedmont","Rural","20 - 25  MPH","Stop Sign","Clear","No","36.232613, -80.29801",-80.29801,36.232613
"3276",201,202,"No","30-39",33,"No","With Traffic","B: Evident Injury","Travel Lane","White","Female","None - Rural Crash","Burke","No","01-01-05","2009-05-08","Other / Unusual Circumstances",15,"Intersection","01-05-01","0001-01-01T10:48:58-04:56","Bicyclist Intentionally Caused",111520,2009,"B: Evident Injury","Residential","60-69",65,"No","0-5 mph","O: No Injury","White","Female","School Bus","No","No","Daylight","Mixed (30% To 70% Developed)","2 lanes",2,"Straight - Level","State Secondary Route","Dry","Two-Way, Not Divided","None","Related To Intersection","Smooth Asphalt","Mountains","Rural","50 - 55  MPH","Stop Sign","Clear","No","35.689613, -81.49191",-81.49191,35.689613
"3277",210,211,"Yes","50-59",54,"No","Facing Traffic","K: Killed","Sidewalk / Crosswalk / Driveway Crossing","Black","Male","Greenville","Pitt","No","01-01-04","2009-03-26","Motorist Failed to Yield - Sign-Controlled Intersection",12,"Intersection","01-03-01","0001-01-01T07:56:58-04:56","Motorist Drive Out - Sign-Controlled Intersection",132141,2009,"K: Killed","Commercial","25-29",26,"No","","O: No Injury","White","Male","Other Bus","No","No","Daylight","Urban (>70% Developed)","5 lanes",2,"Straight - Level","State Secondary Route","Wet","Two-Way, Not Divided","None","Four-Way Intersection","Smooth Asphalt","Coastal","Urban","30 - 35  MPH","Stop Sign","Cloudy","No","35.605198, -77.36912",-77.36912,35.605198
"3278",214,215,"No","15-Nov",15,"No","Facing Traffic","C: Possible Injury","Sidewalk / Crosswalk / Driveway Crossing","Black","Male","Greensboro","Guilford","No","01-01-03","2009-05-20","Crossing Paths - Other Circumstances",16,"Intersection","01-05-01","0001-01-01T11:04:58-04:56","Signalized Intersection - Other /",132158,2009,"C: Possible Injury","Residential","30-39",32,"No","0-5 mph","O: No Injury","Black","Female","Passenger Car","No","No","Daylight","Urban (>70% Developed)","3 lanes",2,"Straight - Level","Local Street","Dry","Two-Way, Not Divided","None","T-Intersection","Smooth Asphalt","Piedmont","Urban","30 - 35  MPH","Stop And Go Signal","Clear","No","36.02145, -79.83041",-79.83041,36.02145
"3279",217,218,"Yes","15-Nov",12,"No","Not Applicable","B: Evident Injury","Travel Lane","Black","Male","None - Rural Crash","Halifax","No","01-01-05","2009-05-22","Motorist Left Turn / Merge",16,"Non-Intersection","01-05-01","0001-01-01T11:14:58-04:56","Motorist Left Turn - Same Direction",313211,2009,"B: Evident Injury","Residential","",NA,"Missing","11-15 mph","Injury","/Missing","","","No","Yes","Daylight","Mixed (30% To 70% Developed)","3 lanes",2,"Straight - Level","State Secondary Route","Dry","Two-Way, Divided, Unprotected Median","None","T-Intersection","Smooth Asphalt","Coastal","Rural","40 - 45  MPH","No Control Present","Clear","No","36.46806, -77.690025",-77.690025,36.46806
"3280",222,223,"No","50-59",54,"No","With Traffic","B: Evident Injury","Travel Lane","White","Female","Oak Island","Brunswick","No","01-01-06","2009-05-23","Loss of Control / Turning Error",0,"Intersection","01-05-01","0000-12-31T19:04:58-04:56","Bicyclist Lost Control - Surface Conditions",111124,2009,"B: Evident Injury","Residential","50-59",56,"No","","O: No Injury","White","Male","Passenger Car","No","No","Daylight","Urban (>70% Developed)","2 lanes",2,"Straight - Level","Local Street","Dry","Two-Way, Not Divided","None","T-Intersection","Sand","Coastal","Urban","30 - 35  MPH","Stop Sign","Clear","No","33.91331, -78.13941",-78.13941,33.91331
"3281",238,239,"No","15-Nov",15,"No","With Traffic","C: Possible Injury","Travel Lane","White","Male","None - Rural Crash","Pender","No","01-01-07","2009-06-07","Bicyclist Left Turn / Merge",16,"Non-Intersection","01-06-01","0001-01-01T11:53:58-04:56","Bicyclist Left Turn - Same Direction",311221,2009,"C: Possible Injury","Residential","70+",NA,"No","51-55 mph","O: No Injury","White","Female","Passenger Car","No","No","Daylight","Mixed (30% To 70% Developed)","3 lanes",2,"Straight - Level","State Secondary Route","Dry","Two-Way, Not Divided","None","No Special Feature","Coarse Asphalt","Coastal","Rural","50 - 55  MPH","Other","Clear","No","34.39953, -77.643875",-77.643875,34.39953
"3282",239,240,"Yes","20-24",23,"No","Facing Traffic","C: Possible Injury","Sidewalk / Crosswalk / Driveway Crossing","White","Male","Gastonia","Gaston","No","","2009-06-01","Motorist Failed to Yield - Midblock",14,"Non-Intersection","01-06-01","0001-01-01T09:18:58-04:56","Motorist Drive Out - Other Midblock",332328,2009,"C: Possible Injury","Commercial","40-49",43,"No","0-5 mph","O: No Injury","Black","Male","Sport Utility","No","No","Daylight","Urban (>70% Developed)","6 lanes",2,"Straight - Grade","NC Route","Dry","Two-Way, Not Divided","None","No Special Feature","Smooth Asphalt","Piedmont","Urban","30 - 35  MPH","No Control Present","Clear","No","35.26235, -81.176765",-81.176765,35.26235
"3283",241,242,"Yes","15-Nov",15,"No","With Traffic","A: Disabling Injury","Travel Lane","Black","Male","Kinston","Lenoir","No","01-01-04","2009-06-11","Bicyclist Failed to Yield - Sign-Controlled Intersection",18,"Intersection","01-06-01","0001-01-01T13:48:58-04:56","Bicyclist Ride Through - Sign-Controlled Intersection",111144,2009,"A: Disabling Injury","Residential","50-59",52,"No","21-25 mph","O: No Injury","Black","Male","Passenger Car","No","No","Dusk","Urban (>70% Developed)","2 lanes",2,"Straight - Bottom","Local Street","Dry","Two-Way, Not Divided","None","Four-Way Intersection","Smooth Asphalt","Coastal","Urban","20 - 25  MPH","Stop Sign","Clear","No","35.270924, -77.57572",-77.57572,35.270924
"3284",254,255,"No","30-39",33,"No","With Traffic","C: Possible Injury","Travel Lane","Asian","Male","Wilmington","New Hanover","No","01-01-06","2009-05-30","Loss of Control / Turning Error",19,"Non-Intersection","01-05-01","0001-01-01T14:12:58-04:56","Bicyclist Lost Control - Other /",311129,2009,"C: Possible Injury","Residential","",NA,"No","26-30 mph","Injury","/Missing","","Passenger Car","No","Yes","Daylight","Urban (>70% Developed)","4 lanes",2,"Straight - Level","Local Street","Dry","Two-Way, Not Divided","None","No Special Feature","Smooth Asphalt","Coastal","Urban","30 - 35  MPH","No Control Present","Clear","No","34.226234, -77.91176",-77.91176,34.226234
"3285",257,258,"No","40-49",49,"No","With Traffic","C: Possible Injury","Travel Lane","White","Male","Asheville","Buncombe","No","01-01-04","2009-06-04","Motorist Overtaking Bicyclist",10,"Non-Intersection","01-06-01","0001-01-01T05:35:58-04:56","Motorist Overtaking - Undetected Bicyclist",311231,2009,"C: Possible Injury","Commercial","70+",NA,"No","21-25 mph","O: No Injury","White","Female","Pickup","No","No","Daylight","Urban (>70% Developed)","2 lanes",2,"Straight - Level","US Route","Dry","Two-Way, Not Divided","None","Tunnel","Smooth Asphalt","Mountains","Urban","30 - 35  MPH","No Control Present","Cloudy","No","35.599304, -82.54112",-82.54112,35.599304
"3286",261,262,"Yes","30-39",38,"Yes","Not Applicable","O: No Injury","","Other","Male","Angier","Harnett","Yes","01-01-07","2009-06-07","Bicyclist Failed to Yield - Midblock",18,"Non-Intersection","01-06-01","0001-01-01T13:28:58-04:56","Bicyclist Ride Out - Midblock -",393319,2009,"B: Evident Injury","Residential","60-69",68,"No","41-45 mph","B: Evident Injury","White","Female","Motorcycle","No","No","Daylight","Mixed (30% To 70% Developed)","2 lanes",2,"Curve - Level","NC Route","Dry","Two-Way, Not Divided","None","T-Intersection","Smooth Asphalt","Coastal","Rural","40 - 45  MPH","Stop Sign","Clear","No","35.494247, -78.73862",-78.73862,35.494247
"3287",262,263,"Yes","40-49",46,"Yes","With Traffic","C: Possible Injury","Travel Lane","Black","Male","Greensboro","Guilford","Yes","","2009-06-08","Motorist Overtaking Bicyclist",23,"Non-Intersection","01-06-01","0001-01-01T18:34:58-04:56","Motorist Overtaking - Undetected Bicyclist",311231,2009,"C: Possible Injury","Commercial","",NA,"Missing","31-35 mph","Injury","/Missing","","Passenger Car","No","Yes","Dark - Lighted Roadway","Urban (>70% Developed)","4 lanes",2,"Straight - Level","Local Street","Dry","Two-Way, Not Divided","None","No Special Feature","Smooth Asphalt","Piedmont","Urban","30 - 35  MPH","No Control Present","Clear","No","36.06337, -79.80648",-79.80648,36.06337
"3288",269,270,"Yes","20-24",20,"No","Facing Traffic","B: Evident Injury","Sidewalk / Crosswalk / Driveway Crossing","White","Female","Davidson","Mecklenburg","No","01-01-02","2009-06-09","Motorist Failed to Yield - Sign-Controlled Intersection",17,"Intersection","01-06-01","0001-01-01T12:15:58-04:56","Motorist Drive Out - Sign-Controlled Intersection",132141,2009,"B: Evident Injury","Commercial","50-59",50,"No","0-5 mph","O: No Injury","White","Female","Passenger Car","No","No","Daylight","Rural (<30% Developed)","2 lanes",2,"Straight - Level","Local Street","Dry","Two-Way, Divided, Unprotected Median","None","T-Intersection","Smooth Asphalt","Piedmont","Urban","20 - 25  MPH","Stop Sign","Clear","No","35.49732, -80.85069",-80.85069,35.49732
"3289",287,288,"Yes","30-39",35,"No","With Traffic","B: Evident Injury","Travel Lane","White","Male","Charlotte","Mecklenburg","No","","2009-06-08","Motorist Left Turn / Merge",18,"Intersection","01-06-01","0001-01-01T13:28:58-04:56","Motorist Left Turn - Opposite Direction",111212,2009,"B: Evident Injury","Residential","70+",NA,"No","31-35 mph","O: No Injury","White","Female","Passenger Car","No","No","Daylight","Urban (>70% Developed)","4 lanes",2,"Straight - Level","Local Street","Dry","Two-Way, Not Divided","None","Four-Way Intersection","Smooth Asphalt","Piedmont","Urban","30 - 35  MPH","Stop Sign","Clear","No","35.186977, -80.83305",-80.83305,35.186977
"3290",288,289,"Yes","15-Nov",15,"No","Not Applicable","A: Disabling Injury","Sidewalk / Crosswalk / Driveway Crossing","Black","Male","Rocky Mount","Nash","No","01-01-07","2009-05-31","Crossing Paths - Other Circumstances",17,"Non-Intersection","01-05-01","0001-01-01T12:18:58-04:56","Crossing Paths - Midblock - Other /",333380,2009,"A: Disabling Injury","Residential","40-49",40,"No","31-35 mph","O: No Injury","Black","Female","Passenger Car","No","No","Daylight","Urban (>70% Developed)","2 lanes",2,"Straight - Level","Local Street","Dry","One-Way, Not Divided","None","Underpass","Coarse Asphalt","Coastal","Urban","30 - 35  MPH","No Control Present","Clear","No","35.96113, -77.80522",-77.80522,35.96113
"3291",289,290,"No","15-Nov",12,"No","With Traffic","C: Possible Injury","Travel Lane","Black","Male","Rocky Mount","Edgecombe","No","01-01-03","2009-05-13","Motorist Failed to Yield - Signalized Intersection",15,"Intersection","01-05-01","0001-01-01T10:22:58-04:56","Motorist Drive Through - Signalized Intersection",111154,2009,"C: Possible Injury","Farms, Woods, Pastures","70+",NA,"No","6-10 mph","O: No Injury","White","Male","Pickup","No","No","Daylight","Mixed (30% To 70% Developed)","6 lanes",2,"Straight - Level","Local Street","Dry","Two-Way, Not Divided","None","No Special Feature","Coarse Asphalt","Coastal","Urban","30 - 35  MPH","Flashing Signal Without Stop Sign","Clear","No","35.93212, -77.79073",-77.79073,35.93212
"3292",290,291,"Yes","15-Nov",11,"No","With Traffic","B: Evident Injury","Travel Lane","Black","Female","Rocky Mount","Edgecombe","No","01-01-02","2009-05-12","Motorist Failed to Yield - Sign-Controlled Intersection",18,"Intersection","01-05-01","0001-01-01T13:38:58-04:56","Motorist Drive Out - Sign-Controlled Intersection",111141,2009,"B: Evident Injury","Residential","30-39",39,"No","11-15 mph","O: No Injury","Black","Female","Passenger Car","No","No","Daylight","Rural (<30% Developed)","2 lanes",2,"Straight - Level","Local Street","Dry","Two-Way, Not Divided","None","No Special Feature","Smooth Asphalt","Coastal","Urban","20 - 25  MPH","No Control Present","Clear","No","35.942047, -77.77436",-77.77436,35.942047
"3293",296,297,"No","10-Jun",9,"No","","B: Evident Injury","","White","Male","Holly Springs","Wake","No","01-01-03","2009-06-03","Bicyclist Failed to Yield - Midblock",17,"Non-Intersection","01-06-01","0001-01-01T12:53:58-04:56","Bicyclist Ride Out - Midblock -",399319,2009,"B: Evident Injury","Commercial","40-49",47,"No","26-30 mph","O: No Injury","White","Female","Passenger Car","No","No","Daylight","Urban (>70% Developed)","2 lanes",2,"Straight - Level","Local Street","Dry","Two-Way, Not Divided","None","Four-Way Intersection","Smooth Asphalt","Piedmont","Urban","30 - 35  MPH","No Control Present","Clear","No","35.65704, -78.80991",-78.80991,35.65704
"3294",306,307,"No","16-19",18,"No","With Traffic","B: Evident Injury","Travel Lane","White","Male","None - Rural Crash","Wake","No","01-01-06","2009-07-04","Motorist Overtaking Bicyclist",18,"Non-Intersection","01-07-01","0001-01-01T13:18:58-04:56","Motorist Overtaking - Other /",311239,2009,"B: Evident Injury","Farms, Woods, Pastures","25-29",26,"No","51-55 mph","O: No Injury","White","Male","Pickup","No","No","Daylight","Rural (<30% Developed)","2 lanes",2,"Straight - Grade","State Secondary Route","Dry","Two-Way, Not Divided","None","No Special Feature","Coarse Asphalt","Piedmont","Rural","50 - 55  MPH","Double Yellow Line, No Passing Zone","Cloudy","No","35.758022, -78.9186",-78.9186,35.758022
"3295",308,309,"No","10-Jun",10,"No","Not Applicable","C: Possible Injury","Non-Roadway","Black","Male","Monroe","Union","No","01-01-07","2009-06-28","Bicyclist Failed to Yield - Midblock",18,"Non-Intersection","01-06-01","0001-01-01T14:01:58-04:56","Bicyclist Ride Out - Other Midblock",363318,2009,"C: Possible Injury","Residential","30-39",34,"No","11-15 mph","O: No Injury","White","Male","Pickup","No","No","Daylight","Urban (>70% Developed)","2 lanes",2,"Straight - Level","Local Street","Dry","Two-Way, Not Divided","None","No Special Feature","Coarse Asphalt","Piedmont","Urban","20 - 25  MPH","No Control Present","Clear","No","34.974415, -80.55742",-80.55742,34.974415
"3296",318,319,"Yes","50-59",54,"No","With Traffic","B: Evident Injury","Travel Lane","White","Female","Raleigh","Wake","No","01-01-07","2009-06-14","Bicyclist Failed to Yield - Sign-Controlled Intersection",10,"Intersection","01-06-01","0001-01-01T05:44:58-04:56","Bicyclist Ride Through - Sign-Controlled Intersection",111144,2009,"B: Evident Injury","Residential","25-29",27,"No","21-25 mph","O: No Injury","White","Female","Passenger Car","No","No","Daylight","Urban (>70% Developed)","2 lanes",2,"Straight - Level","Local Street","Dry","Two-Way, Not Divided","None","No Special Feature","Coarse Asphalt","Piedmont","Urban","40 - 45  MPH","Stop Sign","Clear","No","35.86228, -78.63621",-78.63621,35.86228
"3297",324,325,"Yes","50-59",50,"No","Facing Traffic","B: Evident Injury","Sidewalk / Crosswalk / Driveway Crossing","White","Female","Cary","Wake","No","01-01-07","2009-05-03","Motorist Failed to Yield - Sign-Controlled Intersection",12,"Intersection","01-05-01","0001-01-01T07:26:58-04:56","Motorist Drive Out - Sign-Controlled Intersection",132141,2009,"B: Evident Injury","Residential","30-39",33,"No","0-5 mph","O: No Injury","Hispanic","Male","Sport Utility","No","No","Daylight","Urban (>70% Developed)","4 lanes",2,"Straight - Level","State Secondary Route","Dry","Two-Way, Divided, Unprotected Median","None","T-Intersection","Smooth Asphalt","Piedmont","Urban","5 - 15 MPH","Stop Sign","Clear","No","35.75602, -78.813835",-78.813835,35.75602
"3298",326,327,"No","16-19",16,"No","Facing Traffic","O: No Injury","Travel Lane","White","Male","Raleigh","Wake","No","01-01-04","2009-06-25","Backing Vehicle",14,"Non-Intersection","01-06-01","0001-01-01T09:30:58-04:56","Backing Vehicle",312600,2009,"O: No Injury","Commercial","0-19",19,"No","6-10 mph","O: No Injury","White","Female","Passenger Car","No","No","Daylight","Urban (>70% Developed)","4 lanes",2,"Straight - Level","Local Street","Dry","Two-Way, Not Divided","None","No Special Feature","Smooth Asphalt","Piedmont","Urban","30 - 35  MPH","No Control Present","Clear","No","35.78967, -78.676476",-78.676476,35.78967
"3299",332,333,"Yes","16-19",18,"No","With Traffic","A: Disabling Injury","Travel Lane","White","Male","Patterson Springs","Cleveland","No","","2009-07-13","Motorist Overtaking Bicyclist",5,"Non-Intersection","01-07-01","0001-01-01T00:27:58-04:56","Motorist Overtaking - Other /",311239,2009,"A: Disabling Injury","Residential","50-59",56,"No","31-35 mph","O: No Injury","Black","Male","Pickup","No","No","Dark - Roadway Not Lighted","Mixed (30% To 70% Developed)","2 lanes",2,"Straight - Level","NC Route","Wet","Two-Way, Not Divided","None","No Special Feature","Smooth Asphalt","Mountains","Rural","40 - 45  MPH","Double Yellow Line, No Passing Zone","Cloudy","No","35.229424, -81.514336",-81.514336,35.229424
"3300",334,335,"Yes","16-19",19,"No","Not Applicable","B: Evident Injury","Non-Roadway","White","Female","Durham","Durham","No","","2009-06-15","Non-Roadway",13,"Non-Roadway","01-06-01","0001-01-01T08:40:58-04:56","Non-Roadway",460910,2009,"B: Evident Injury","Institutional","20-24",21,"No","0-5 mph","O: No Injury","/Missing","Female","Passenger Car","No","No","Daylight","Urban (>70% Developed)","",2,"Straight - Level","Public Vehicular Area","Dry","Two-Way, Not Divided","None","No Special Feature","Smooth Asphalt","Piedmont","Urban","20 - 25  MPH","No Control Present","Clear","No","36.005737, -78.91577",-78.91577,36.005737
"3301",50,51,"Yes","30-39",36,"No","With Traffic","B: Evident Injury","Bike Lane / Paved Shoulder","White","Male","None - Rural Crash","New Hanover","No","01-01-03","2007-01-24","Motorist Overtaking Bicyclist",11,"Non-Intersection","","0001-01-01T07:01:58-04:56","Motorist Overtaking - Other /",321239,2007,"B: Evident Injury","Commercial","",NA,"No","31-35 mph","Injury","/Missing","","","No","Yes","Dark - Roadway Not Lighted","Mixed (30% To 70% Developed)","4 lanes",2,"Straight - Level","US Route","Dry","Two-Way, Divided, Unprotected Median","None","No Special Feature","Smooth Asphalt","Coastal","Rural","50 - 55  MPH","No Control Present","Clear","No","34.128498, -77.89818",-77.89818,34.128498