"","FID","OBJECTID","AmbulanceR","BikeAge_Gr","Bike_Age","Bike_Alc_D","Bike_Dir","Bike_Injur","Bike_Pos","Bike_Race","Bike_Sex","City","County","CrashAlcoh","CrashDay","Crash_Date","Crash_Grp","Crash_Hour","Crash_Loc","Crash_Mont","Crash_Time","Crash_Type","Crash_Ty_1","Crash_Year","Crsh_Sevri","Developmen","DrvrAge_Gr","Drvr_Age","Drvr_Alc_D","Drvr_EstSp","Drvr_Injur","Drvr_Race","Drvr_Sex","Drvr_VehTy","ExcsSpdInd","Hit_Run","Light_Cond","Locality","Num_Lanes","Num_Units","Rd_Charact","Rd_Class","Rd_Conditi","Rd_Config","Rd_Defects","Rd_Feature","Rd_Surface","Region","Rural_Urba","Speed_Limi","Traff_Cntr","Weather","Workzone_I","Location","locx","locy"
"3462",470,471,"Yes","10-Jun",10,"No","Not Applicable","B: Evident Injury","Non-Roadway","Black","Male","Charlotte","Mecklenburg","No","01-01-06","2011-07-16","Non-Roadway",20,"Non-Roadway","01-07-01","0001-01-01T15:16:58-04:56","Non-Roadway",460910,2011,"B: Evident Injury","Residential","40-49",40,"No","6-10 mph","O: No Injury","Hispanic","Male","Pickup","No","No","Daylight","Urban (>70% Developed)","",2,"Straight - Level","Public Vehicular Area","Dry","Two-Way, Not Divided","None","No Special Feature","Smooth Asphalt","Piedmont","Urban","5 - 15 MPH","No Control Present","Clear","No","35.27299, -80.7721",-80.7721,35.27299
"3463",476,477,"No","40-49",40,"No","With Traffic","C: Possible Injury","Travel Lane","Black","Male","Fayetteville","Cumberland","No","01-01-03","2011-07-06","Motorist Failed to Yield - Sign-Controlled Intersection",6,"Intersection-Related","01-07-01","0001-01-01T01:43:58-04:56","Motorist Drive Out - Sign-Controlled Intersection",211141,2011,"C: Possible Injury","Residential","20-24",22,"No","6-10 mph","O: No Injury","Black","Male","Passenger Car","No","No","Daylight","Urban (>70% Developed)","2 lanes",2,"Straight - Level","Local Street","Dry","Two-Way, Not Divided","None","No Special Feature","Coarse Asphalt","Coastal","Urban","30 - 35  MPH","Stop Sign","Cloudy","No","35.02066, -78.9401",-78.9401,35.02066
"3464",481,482,"Yes","60-69",61,"No","With Traffic","B: Evident Injury","Bike Lane / Paved Shoulder","White","Male","Concord","Cabarrus","No","01-01-04","2011-07-21","Motorist Failed to Yield - Sign-Controlled Intersection",18,"Intersection","01-07-01","0001-01-01T13:38:58-04:56","Motorist Drive Out - Sign-Controlled Intersection",121141,2011,"B: Evident Injury","Residential","60-69",68,"No","0-5 mph","O: No Injury","White","Female","Passenger Car","No","No","Daylight","Urban (>70% Developed)","2 lanes",2,"Straight - Level","Local Street","Dry","Two-Way, Not Divided","None","T-Intersection","Smooth Asphalt","Piedmont","Urban","30 - 35  MPH","Stop Sign","Clear","No","35.39624, -80.5678",-80.5678,35.39624
"3465",482,483,"Yes","20-24",22,"No","Facing Traffic","B: Evident Injury","Sidewalk / Crosswalk / Driveway Crossing","Black","Male","Charlotte","Mecklenburg","No","01-01-05","2011-07-22","Motorist Failed to Yield - Sign-Controlled Intersection",17,"Intersection","01-07-01","0001-01-01T12:24:58-04:56","Motorist Drive Out - Sign-Controlled Intersection",132141,2011,"B: Evident Injury","Residential","60-69",64,"No","0-5 mph","O: No Injury","Black","Male","Van","No","No","Daylight","Urban (>70% Developed)","2 lanes",2,"Straight - Level","Local Street","Dry","Two-Way, Not Divided","Obstruction In Roadway","T-Intersection","Smooth Asphalt","Piedmont","Urban","20 - 25  MPH","No Control Present","Clear","No","35.27883, -80.7759",-80.7759,35.27883
"3466",502,503,"Yes","50-59",50,"No","With Traffic","C: Possible Injury","Travel Lane","White","Male","Carolina Beach","New Hanover","No","01-01-07","2011-07-24","Motorist Failed to Yield - Midblock",9,"Non-Intersection","01-07-01","0001-01-01T04:07:58-04:56","Motorist Drive Out - Other Midblock",311328,2011,"C: Possible Injury","Residential","30-39",36,"No","6-10 mph","O: No Injury","White","Male","Passenger Car","No","No","Daylight","Urban (>70% Developed)","",2,"Straight - Level","Public Vehicular Area","Dry","Two-Way, Not Divided","None","Driveway, Public","Smooth Asphalt","Coastal","Urban","30 - 35  MPH","No Control Present","Clear","No","34.01814, -77.8987",-77.8987,34.01814
"3467",511,512,"Yes","40-49",45,"No","With Traffic","B: Evident Injury","Travel Lane","White","Female","None - Rural Crash","Union","No","01-01-04","2011-08-11","Motorist Failed to Yield - Sign-Controlled Intersection",12,"Intersection","01-08-01","0001-01-01T07:36:58-04:56","Motorist Drive Out - Sign-Controlled Intersection",111141,2011,"B: Evident Injury","Farms, Woods, Pastures","30-39",34,"No","0-5 mph","O: No Injury","White","Male","Pickup","No","No","Daylight","Rural (<30% Developed)","2 lanes",2,"Straight - Level","State Secondary Route","Dry","Two-Way, Not Divided","None","Four-Way Intersection","Coarse Asphalt","Piedmont","Rural","40 - 45  MPH","Stop Sign","Clear","No","34.9572, -80.6026",-80.6026,34.9572
"3468",512,513,"Yes","10-Jun",7,"No","Not Applicable","B: Evident Injury","Non-Roadway","Black","Male","None - Rural Crash","Pasquotank","No","01-01-03","2011-08-10","Bicyclist Failed to Yield - Midblock",15,"Non-Intersection","01-08-01","0001-01-01T10:39:58-04:56","Bicyclist Ride Out - Commercial Driveway / Alley",363312,2011,"B: Evident Injury","Farms, Woods, Pastures","70+",NA,"No","31-35 mph","O: No Injury","White","Male","Sport Utility","No","No","Daylight","Rural (<30% Developed)","2 lanes",2,"Straight - Level","State Secondary Route","Dry","Two-Way, Not Divided","None","Driveway, Private","Coarse Asphalt","Coastal","Rural","50 - 55  MPH","No Control Present","Clear","No","36.41223, -76.3349",-76.3349,36.41223
"3469",515,516,"Yes","15-Nov",12,"No","With Traffic","B: Evident Injury","Travel Lane","Hispanic","Female","None - Rural Crash","Hertford","No","01-01-07","2011-08-07","Bicyclist Failed to Yield - Sign-Controlled Intersection",11,"Intersection","01-08-01","0001-01-01T06:59:58-04:56","Bicyclist Ride Through - Sign-Controlled Intersection",111144,2011,"B: Evident Injury","Farms, Woods, Pastures","20-24",20,"No","51-55 mph","O: No Injury","Black","Female","Passenger Car","No","No","Daylight","Rural (<30% Developed)","2 lanes",2,"Straight - Level","State Secondary Route","Dry","Two-Way, Not Divided","None","Four-Way Intersection","Coarse Asphalt","Coastal","Rural","50 - 55  MPH","Stop Sign","Clear","No","36.25546, -76.9878",-76.9878,36.25546
"3470",525,526,"Yes","16-19",17,"No","With Traffic","C: Possible Injury","Travel Lane","White","Male","Hendersonville","Henderson","No","01-01-03","2011-07-20","Bicyclist Left Turn / Merge",11,"Non-Intersection","01-07-01","0001-01-01T06:56:58-04:56","Bicyclist Left Turn - Opposite Direction",311222,2011,"C: Possible Injury","Commercial","50-59",52,"No","6-10 mph","O: No Injury","White","Male","Pickup","No","No","Daylight","Urban (>70% Developed)","5 lanes",2,"Straight - Level","Local Street","Dry","Two-Way, Divided, Unprotected Median","None","No Special Feature","Coarse Asphalt","Mountains","Urban","30 - 35  MPH","Stop And Go Signal","Clear","No","35.30681, -82.455",-82.455,35.30681
"3471",528,529,"No","40-49",46,"No","Not Applicable","O: No Injury","Travel Lane","Black","Male","Fayetteville","Cumberland","No","01-01-06","2011-08-06","Motorist Left Turn / Merge",13,"Non-Intersection","01-08-01","0001-01-01T08:48:58-04:56","Motorist Left Turn - Opposite Direction",313212,2011,"O: No Injury","Commercial","50-59",57,"No","16-20 mph","O: No Injury","Black","Male","Pickup","No","No","Daylight","Urban (>70% Developed)","6 lanes",2,"Straight - Level","Local Street","Dry","Two-Way, Divided, Unprotected Median","None","No Special Feature","Coarse Asphalt","Coastal","Urban","40 - 45  MPH","No Control Present","Clear","No","35.09897, -78.9144",-78.9144,35.09897
"3472",533,534,"No","15-Nov",15,"No","Facing Traffic","C: Possible Injury","Travel Lane","Black","Male","Winston-Salem","Forsyth","No","01-01-04","2011-08-04","Motorist Failed to Yield - Sign-Controlled Intersection",12,"Intersection","01-08-01","0001-01-01T07:57:58-04:56","Motorist Drive Out - Sign-Controlled Intersection",112141,2011,"C: Possible Injury","Residential","50-59",50,"No","0-5 mph","O: No Injury","Black","Female","Passenger Car","No","No","Daylight","Urban (>70% Developed)","2 lanes",2,"Straight - Level","Local Street","Dry","Two-Way, Divided, Unprotected Median","None","No Special Feature","Smooth Asphalt","Piedmont","Urban","30 - 35  MPH","Stop Sign","Clear","No","36.07864, -80.278",-80.278,36.07864
"3473",534,535,"No","16-19",18,"No","With Traffic","C: Possible Injury","Travel Lane","Black","Male","Charlotte","Mecklenburg","No","01-01-03","2011-08-10","Loss of Control / Turning Error",16,"Intersection","01-08-01","0001-01-01T11:16:58-04:56","Bicyclist Lost Control - Oversteering, Improper Braking, Speed",111122,2011,"C: Possible Injury","Residential","50-59",56,"No","26-30 mph","O: No Injury","White","Female","Passenger Car","No","No","Daylight","Urban (>70% Developed)","2 lanes",2,"Straight - Grade","Local Street","Dry","Two-Way, Divided, Unprotected Median","None","T-Intersection","Smooth Asphalt","Piedmont","Urban","30 - 35  MPH","Stop Sign","Clear","No","35.2335, -80.8232",-80.8232,35.2335
"3474",535,536,"No","15-Nov",12,"No","With Traffic","C: Possible Injury","Travel Lane","Hispanic","Male","Charlotte","Mecklenburg","No","01-01-03","2011-08-10","Loss of Control / Turning Error",19,"Intersection","01-08-01","0001-01-01T14:40:58-04:56","Motorist Turning Error - Left Turn",111111,2011,"C: Possible Injury","Residential","50-59",53,"No","6-10 mph","O: No Injury","White","Male","Passenger Car","No","No","Daylight","Rural (<30% Developed)","2 lanes",2,"Straight - Level","Local Street","Dry","Two-Way, Not Divided","None","No Special Feature","Smooth Asphalt","Piedmont","Urban","20 - 25  MPH","No Control Present","Clear","No","35.2427, -80.7168",-80.7168,35.2427
"3475",540,541,"No","25-29",27,"No","Facing Traffic","O: No Injury","Bike Lane / Paved Shoulder","White","Male","Raleigh","Wake","No","01-01-05","2011-08-19","Motorist Failed to Yield - Sign-Controlled Intersection",17,"Intersection","01-08-01","0001-01-01T12:39:58-04:56","Motorist Drive Out - Sign-Controlled Intersection",122141,2011,"O: No Injury","Commercial","50-59",59,"No","0-5 mph","O: No Injury","White","Female","Passenger Car","No","Yes","Daylight","Urban (>70% Developed)","2 lanes",2,"Straight - Level","Local Street","Dry","Two-Way, Not Divided","None","Four-Way Intersection","Coarse Asphalt","Piedmont","Urban","30 - 35  MPH","Stop Sign","Clear","No","35.78922, -78.6938",-78.6938,35.78922
"3476",542,543,"No","50-59",54,"No","Not Applicable","B: Evident Injury","Travel Lane","Hispanic","Male","Charlotte","Mecklenburg","No","","2011-08-15","Bicyclist Failed to Yield - Midblock",15,"Non-Intersection","01-08-01","0001-01-01T10:18:58-04:56","Multiple Threat - Midblock",313357,2011,"B: Evident Injury","Commercial","40-49",40,"No","26-30 mph","O: No Injury","White","Male","Pickup","No","No","Daylight","Urban (>70% Developed)","4 lanes",2,"Straight - Level","Local Street","Dry","Two-Way, Not Divided","None","No Special Feature","Smooth Asphalt","Piedmont","Urban","30 - 35  MPH","Double Yellow Line, No Passing Zone","Cloudy","No","35.13783, -80.8793",-80.8793,35.13783
"3477",549,550,"Yes","16-19",18,"No","Not Applicable","C: Possible Injury","","Black","Male","Greenville","Pitt","No","01-01-05","2011-08-12","Bicyclist Failed to Yield - Midblock",12,"Non-Intersection","01-08-01","0001-01-01T07:45:58-04:56","Bicyclist Ride Out - Other Midblock",393318,2011,"C: Possible Injury","Institutional","40-49",49,"No","6-10 mph","O: No Injury","White","Female","Van","No","No","Daylight","Mixed (30% To 70% Developed)","1 lane",2,"Straight - Level","Local Street","Dry","One-Way, Not Divided","None","No Special Feature","Smooth Asphalt","Coastal","Urban","5 - 15 MPH","No Control Present","Clear","No","35.6072, -77.3634",-77.3634,35.6072
"3478",550,551,"No","10-Jun",9,"No","Facing Traffic","O: No Injury","Travel Lane","White","Male","Mooresville","Iredell","No","01-01-05","2011-08-12","Crossing Paths - Other Circumstances",15,"Intersection","01-08-01","0001-01-01T10:43:58-04:56","Signalized Intersection - Other /",112158,2011,"O: No Injury","Commercial","60-69",61,"No","0-5 mph","O: No Injury","White","Male","Passenger Car","No","No","Daylight","Urban (>70% Developed)","3 lanes",2,"Straight - Level","Local Street","Dry","Two-Way, Not Divided","None","Four-Way Intersection","Smooth Asphalt","Piedmont","Urban","30 - 35  MPH","Stop And Go Signal","Clear","No","35.59534, -80.8164",-80.8164,35.59534
"3479",554,555,"Yes","50-59",52,"No","With Traffic","C: Possible Injury","Travel Lane","Black","Male","None - Rural Crash","Stokes","No","01-01-05","2011-08-26","Motorist Overtaking Bicyclist",20,"Non-Intersection","01-08-01","0001-01-01T15:39:58-04:56","Motorist Overtaking - Misjudged Space",311232,2011,"C: Possible Injury","Farms, Woods, Pastures","",NA,"Missing","41-45 mph","Injury","/Missing","","Passenger Car","No","Yes","Dark - Roadway Not Lighted","Rural (<30% Developed)","2 lanes",2,"Straight - Level","US Route","Dry","Two-Way, Not Divided","None","No Special Feature","Coarse Asphalt","Piedmont","Rural","40 - 45  MPH","Double Yellow Line, No Passing Zone","Cloudy","No","36.31817, -80.1212",-80.1212,36.31817
"3480",558,559,"No","30-39",30,"No","With Traffic","B: Evident Injury","Travel Lane","White","Male","Charlotte","Mecklenburg","No","01-01-02","2011-08-16","Motorist Failed to Yield - Signalized Intersection",8,"Intersection","01-08-01","0001-01-01T04:00:58-04:56","Motorist Drive Through - Signalized Intersection",111154,2011,"B: Evident Injury","Commercial","20-24",22,"No","26-30 mph","B: Evident Injury","Black","Female","Motorcycle","No","No","Dawn","Urban (>70% Developed)","7 lanes",2,"Straight - Level","Local Street","Dry","Two-Way, Not Divided","None","No Special Feature","Smooth Asphalt","Piedmont","Urban","30 - 35  MPH","Stop And Go Signal","Clear","No","35.22565, -80.8453",-80.8453,35.22565
"3481",567,568,"Yes","20-24",20,"No","Facing Traffic","B: Evident Injury","Sidewalk / Crosswalk / Driveway Crossing","White","Female","None - Rural Crash","Dare","No","01-01-06","2011-08-20","Motorist Failed to Yield - Midblock",11,"Non-Intersection","01-08-01","0001-01-01T06:41:58-04:56","Motorist Drive Out - Commercial Driveway / Alley",332322,2011,"B: Evident Injury","Commercial","25-29",29,"No","","O: No Injury","White","Female","Passenger Car","No","No","Daylight","Urban (>70% Developed)","3 lanes",2,"Straight - Level","NC Route","Dry","Two-Way, Divided, Unprotected Median","Obstruction In Roadway","T-Intersection","Coarse Asphalt","Coastal","Rural","","No Control Present","Clear","No","36.16869, -75.7553",-75.7553,36.16869
"3482",573,574,"No","50-59",53,"No","With Traffic","C: Possible Injury","Travel Lane","Black","Male","Winston-Salem","Forsyth","No","01-01-02","2011-08-23","Motorist Overtaking Bicyclist",15,"Non-Intersection","01-08-01","0001-01-01T10:13:58-04:56","Motorist Overtaking - Misjudged Space",311232,2011,"C: Possible Injury","Residential","",NA,"No","31-35 mph","Injury","/Missing","","Van","No","Yes","Daylight","Urban (>70% Developed)","2 lanes",2,"Straight - Level","Local Street","Dry","Two-Way, Not Divided","None","No Special Feature","Smooth Asphalt","Piedmont","Urban","30 - 35  MPH","No Control Present","Clear","No","36.10981, -80.2141",-80.2141,36.10981
"3483",576,577,"Yes","16-19",19,"No","With Traffic","B: Evident Injury","Travel Lane","White","Female","Boone","Watauga","No","01-01-06","2011-08-20","Motorist Failed to Yield - Sign-Controlled Intersection",13,"Intersection","01-08-01","0001-01-01T08:14:58-04:56","Motorist Drive Out - Sign-Controlled Intersection",111141,2011,"B: Evident Injury","Commercial","",NA,"Missing","0-5 mph","Injury","/Missing","","","No","Yes","Daylight","Urban (>70% Developed)","4 lanes",2,"Straight - Level","US Route","Wet","Two-Way, Not Divided","None","T-Intersection","Coarse Asphalt","Mountains","Urban","30 - 35  MPH","Stop Sign","Rain","No","36.19982, -81.6598",-81.6598,36.19982
"3484",577,578,"No","20-24",21,"No","With Traffic","B: Evident Injury","Travel Lane","White","Female","Chapel Hill","Orange","No","01-01-05","2011-08-26","Motorist Right Turn / Merge",12,"Intersection","01-08-01","0001-01-01T07:26:58-04:56","Motorist Right Turn - Same Direction",111213,2011,"B: Evident Injury","Residential","50-59",52,"No","16-20 mph","O: No Injury","White","Female","Pickup","No","No","Daylight","Urban (>70% Developed)","3 lanes",2,"Straight - Level","Local Street","Dry","Two-Way, Not Divided","None","T-Intersection","Smooth Asphalt","Piedmont","Urban","20 - 25  MPH","No Control Present","Clear","No","35.90886, -79.0593",-79.0593,35.90886
"3485",578,579,"Yes","10-Jun",9,"No","With Traffic","B: Evident Injury","Travel Lane","White","Male","Sunset Beach","Brunswick","No","01-01-04","2011-08-18","Bicyclist Failed to Yield - Sign-Controlled Intersection",19,"Intersection","01-08-01","0001-01-01T14:03:58-04:56","Bicyclist Ride Through - Sign-Controlled Intersection",111144,2011,"B: Evident Injury","Residential","50-59",54,"No","6-10 mph","O: No Injury","White","Male","Sport Utility","No","No","Daylight","Urban (>70% Developed)","2 lanes",2,"Straight - Level","Local Street","Dry","Two-Way, Not Divided","None","T-Intersection","Coarse Asphalt","Coastal","Rural","20 - 25  MPH","Stop Sign","Clear","No","33.87114, -78.4983",-78.4983,33.87114
"3486",581,582,"No","30-39",31,"No","Facing Traffic","O: No Injury","Sidewalk / Crosswalk / Driveway Crossing","White","Male","Fayetteville","Cumberland","No","01-01-04","2011-09-01","Motorist Failed to Yield - Midblock",15,"Non-Intersection","01-09-01","0001-01-01T10:36:58-04:56","Motorist Drive Out - Commercial Driveway / Alley",332322,2011,"O: No Injury","Commercial","60-69",66,"No","6-10 mph","O: No Injury","Black","Female","Passenger Car","No","No","Daylight","Urban (>70% Developed)","",2,"Straight - Level","Public Vehicular Area","Dry","Two-Way, Not Divided","None","No Special Feature","Coarse Asphalt","Coastal","Urban","30 - 35  MPH","No Control Present","Clear","No","35.05625, -78.8952",-78.8952,35.05625
"3487",587,588,"No","15-Nov",12,"No","With Traffic","B: Evident Injury","Travel Lane","Black","Male","Durham","Durham","No","01-01-07","2011-09-04","Motorist Overtaking Bicyclist",17,"Non-Intersection","01-09-01","0001-01-01T12:33:58-04:56","Motorist Overtaking - Bicyclist Swerved",311235,2011,"B: Evident Injury","Residential","0-19",18,"No","36-40 mph","O: No Injury","Black","Female","Passenger Car","No","No","Daylight","Mixed (30% To 70% Developed)","2 lanes",2,"Curve - Level","Local Street","Dry","Two-Way, Not Divided","None","No Special Feature","Smooth Asphalt","Piedmont","Urban","20 - 25  MPH","No Control Present","Clear","No","35.95927, -78.8973",-78.8973,35.95927
"3488",607,608,"No","16-19",17,"No","Not Applicable","O: No Injury","Non-Roadway","White","Female","Emerald Isle","Carteret","No","01-01-06","2011-09-03","Bicyclist Failed to Yield - Midblock",12,"Non-Intersection","01-09-01","0001-01-01T07:19:58-04:56","Bicyclist Ride Out - Other Midblock",363318,2011,"O: No Injury","Commercial","30-39",30,"No","6-10 mph","O: No Injury","White","Female","Van","No","No","Daylight","Urban (>70% Developed)","2 lanes",2,"Straight - Level","Local Street","Dry","Two-Way, Not Divided","None","No Special Feature","Smooth Asphalt","Coastal","Rural","20 - 25  MPH","No Control Present","Clear","No","34.66063, -77.0506",-77.0506,34.66063
"3489",622,623,"Yes","20-24",20,"Yes","With Traffic","K: Killed","Travel Lane","Black","Male","None - Rural Crash","Pitt","Yes","01-01-04","2011-09-15","Motorist Overtaking Bicyclist",3,"Non-Intersection","01-09-01","0000-12-31T22:12:58-04:56","Motorist Overtaking - Undetected Bicyclist",311231,2011,"K: Killed","Farms, Woods, Pastures","50-59",59,"No","51-55 mph","C: Possible Injury","Black","Male","Passenger Car","No","No","Dark - Roadway Not Lighted","Rural (<30% Developed)","4 lanes",2,"Straight - Level","NC Route","Dry","Two-Way, Divided, Unprotected Median","None","No Special Feature","Coarse Asphalt","Coastal","Rural","50 - 55  MPH","No Control Present","Clear","No","35.74123, -77.3593",-77.3593,35.74123
"3490",624,625,"Yes","16-19",16,"No","With Traffic","B: Evident Injury","Travel Lane","Black","Male","Fayetteville","Cumberland","No","01-01-02","2011-09-06","Motorist Failed to Yield - Sign-Controlled Intersection",18,"Intersection","01-09-01","0001-01-01T13:48:58-04:56","Motorist Drive Out - Sign-Controlled Intersection",111141,2011,"B: Evident Injury","Residential","40-49",47,"No","41-45 mph","O: No Injury","Black","Female","Passenger Car","Yes","No","Daylight","Urban (>70% Developed)","2 lanes",2,"Straight - Level","Local Street","Wet","Two-Way, Not Divided","None","Four-Way Intersection","Coarse Asphalt","Coastal","Urban","20 - 25  MPH","Stop Sign","Rain","No","35.02265, -78.9915",-78.9915,35.02265
"3491",625,626,"No","20-24",21,"No","With Traffic","C: Possible Injury","Other","White","Male","Stedman","Cumberland","No","01-01-04","2011-09-08","Motorist Right Turn / Merge",18,"Intersection","01-09-01","0001-01-01T13:34:58-04:56","Motorist Right Turn - Same Direction",181213,2011,"C: Possible Injury","Commercial","",NA,"Missing","11-15 mph","Injury","/Missing","","","No","Yes","Daylight","Urban (>70% Developed)","2 lanes",2,"Straight - Level","State Secondary Route","Dry","Two-Way, Not Divided","None","Related To Intersection","Smooth Asphalt","Coastal","Rural","30 - 35  MPH","No Control Present","Clear","No","35.0136, -78.6936",-78.6936,35.0136
"3492",628,629,"Yes","40-49",48,"No","With Traffic","B: Evident Injury","Travel Lane","White","Male","None - Rural Crash","Wake","No","01-01-05","2011-09-16","Motorist Overtaking Bicyclist",19,"Non-Intersection","01-09-01","0001-01-01T14:31:58-04:56","Motorist Overtaking - Other /",311239,2011,"B: Evident Injury","Residential","40-49",44,"No","31-35 mph","O: No Injury","White","Female","Passenger Car","No","No","Dark - Roadway Not Lighted","Urban (>70% Developed)","2 lanes",2,"Straight - Level","State Secondary Route","Dry","Two-Way, Not Divided","None","No Special Feature","Coarse Asphalt","Piedmont","Rural","30 - 35  MPH","Double Yellow Line, No Passing Zone","Cloudy","No","35.71126, -78.6142",-78.6142,35.71126
"3493",631,632,"Yes","50-59",51,"No","Facing Traffic","C: Possible Injury","Sidewalk / Crosswalk / Driveway Crossing","Black","Male","Carrboro","Orange","No","","2011-09-12","Motorist Failed to Yield - Midblock",14,"Non-Intersection","01-09-01","0001-01-01T09:12:58-04:56","Motorist Drive Out - Commercial Driveway / Alley",332322,2011,"C: Possible Injury","Commercial","40-49",42,"No","11-15 mph","O: No Injury","White","Male","Pickup","No","No","Daylight","Urban (>70% Developed)","4 lanes",2,"Straight - Level","","Dry","Two-Way, Not Divided","None","Driveway, Public","Smooth Asphalt","Piedmont","Urban","30 - 35  MPH","No Control Present","Clear","No","35.91093, -79.0673",-79.0673,35.91093
"3494",637,638,"No","50-59",53,"No","Not Applicable","B: Evident Injury","Non-Roadway","White","Male","Raleigh","Wake","No","","2011-09-19","Non-Roadway",6,"Non-Roadway","01-09-01","0001-01-01T02:01:58-04:56","Non-Roadway",460910,2011,"B: Evident Injury","Commercial","50-59",54,"No","0-5 mph","O: No Injury","White","Male","Passenger Car","No","No","Dawn","Mixed (30% To 70% Developed)","",2,"Straight - Level","Public Vehicular Area","Dry","Two-Way, Not Divided","None","Driveway, Public","Smooth Asphalt","Piedmont","Urban","30 - 35  MPH","No Control Present","Cloudy","No","35.85872, -78.712",-78.712,35.85872
"3495",638,639,"No","",NA,"Missing","With Traffic","Injury","Travel Lane","/Missing","","None - Rural Crash","Nash","No","01-01-04","2011-09-15","Motorist Failed to Yield - Sign-Controlled Intersection",1,"Intersection","01-09-01","0000-12-31T20:06:58-04:56","Motorist Drive Out - Sign-Controlled Intersection",111141,2011,"O: No Injury","Farms, Woods, Pastures","25-29",29,"No","0-5 mph","O: No Injury","White","Male","Passenger Car","No","No","Dark - Roadway Not Lighted","Rural (<30% Developed)","4 lanes",2,"Straight - Grade","NC Route","Dry","Two-Way, Divided, Unprotected Median","None","Y-Intersection","Coarse Asphalt","Coastal","Rural","50 - 55  MPH","Stop Sign","Clear","No","35.98481, -77.9815",-77.9815,35.98481
"3496",641,642,"Yes","25-29",25,"No","With Traffic","B: Evident Injury","Travel Lane","White","Male","Winston-Salem","Forsyth","No","01-01-04","2011-09-15","Bicyclist Failed to Yield - Sign-Controlled Intersection",16,"Intersection","01-09-01","0001-01-01T11:04:58-04:56","Bicyclist Ride Through - Sign-Controlled Intersection",111144,2011,"B: Evident Injury","Residential","40-49",48,"No","","O: No Injury","White","Male","Passenger Car","No","No","Daylight","Urban (>70% Developed)","2 lanes",2,"Straight - Level","Local Street","Dry","Two-Way, Not Divided","None","Four-Way Intersection","Smooth Asphalt","Piedmont","Urban","30 - 35  MPH","Stop Sign","Clear","No","36.08807, -80.2762",-80.2762,36.08807
"3497",651,652,"Yes","50-59",55,"No","Facing Traffic","C: Possible Injury","Sidewalk / Crosswalk / Driveway Crossing","Black","Male","Jacksonville","Onslow","No","01-01-02","2011-09-20","Motorist Failed to Yield - Signalized Intersection",8,"Intersection","01-09-01","0001-01-01T03:03:58-04:56","Motorist Drive Out - Right Turn on Red",132151,2011,"C: Possible Injury","Commercial","30-39",33,"No","6-10 mph","O: No Injury","Black","Female","Passenger Car","No","No","Daylight","Urban (>70% Developed)","6 lanes",2,"Straight - Level","US Route","Dry","Two-Way, Not Divided","None","Four-Way Intersection","Smooth Asphalt","Coastal","Urban","40 - 45  MPH","Stop And Go Signal","Cloudy","No","34.7607, -77.4154",-77.4154,34.7607
"3498",655,656,"Yes","20-24",23,"No","Facing Traffic","C: Possible Injury","Sidewalk / Crosswalk / Driveway Crossing","Other","Male","Raleigh","Wake","No","","2011-09-26","Motorist Failed to Yield - Signalized Intersection",9,"Intersection","01-09-01","0001-01-01T04:49:58-04:56","Motorist Drive Out - Signalized Intersection",132152,2011,"C: Possible Injury","Residential","",NA,"Missing","41-45 mph","Injury","/Missing","","","No","Yes","Daylight","Urban (>70% Developed)","5 lanes",2,"Straight - Level","Local Street","Dry","Two-Way, Not Divided","None","No Special Feature","Concrete","Piedmont","Urban","40 - 45  MPH","Stop And Go Signal","Clear","No","35.76911, -78.6913",-78.6913,35.76911
"3499",656,657,"No","40-49",48,"No","Facing Traffic","B: Evident Injury","Sidewalk / Crosswalk / Driveway Crossing","Black","Male","Charlotte","Mecklenburg","Yes","01-01-03","2011-09-21","Motorist Failed to Yield - Midblock",9,"Non-Intersection","01-09-01","0001-01-01T04:08:58-04:56","Motorist Drive Out - Commercial Driveway / Alley",332322,2011,"B: Evident Injury","Commercial","25-29",28,"Yes","","O: No Injury","White","Male","Passenger Car","No","No","Daylight","Urban (>70% Developed)","2 lanes",2,"Straight - Grade","Local Street","Wet","One-Way, Not Divided","None","Driveway, Public","Concrete","Piedmont","Urban","30 - 35  MPH","No Control Present","Cloudy","No","35.20109, -80.8434",-80.8434,35.20109
"3500",658,659,"Yes","70+",NA,"No","Not Applicable","O: No Injury","Non-Roadway","White","Female","Raleigh","Wake","No","01-01-03","2011-09-21","Non-Roadway",18,"Non-Roadway","01-09-01","0001-01-01T13:38:58-04:56","Non-Roadway",460910,2011,"O: No Injury","Commercial","",NA,"Missing","0-5 mph","Injury","/Missing","","Passenger Car","No","No","Daylight","Urban (>70% Developed)","2 lanes",2,"Straight - Grade","Public Vehicular Area","Dry","Two-Way, Not Divided","None","Driveway, Public","Smooth Asphalt","Piedmont","Urban","5 - 15 MPH","No Control Present","Clear","No","35.88649, -78.5666",-78.5666,35.88649