"","FID","OBJECTID","AmbulanceR","BikeAge_Gr","Bike_Age","Bike_Alc_D","Bike_Dir","Bike_Injur","Bike_Pos","Bike_Race","Bike_Sex","City","County","CrashAlcoh","CrashDay","Crash_Date","Crash_Grp","Crash_Hour","Crash_Loc","Crash_Mont","Crash_Time","Crash_Type","Crash_Ty_1","Crash_Year","Crsh_Sevri","Developmen","DrvrAge_Gr","Drvr_Age","Drvr_Alc_D","Drvr_EstSp","Drvr_Injur","Drvr_Race","Drvr_Sex","Drvr_VehTy","ExcsSpdInd","Hit_Run","Light_Cond","Locality","Num_Lanes","Num_Units","Rd_Charact","Rd_Class","Rd_Conditi","Rd_Config","Rd_Defects","Rd_Feature","Rd_Surface","Region","Rural_Urba","Speed_Limi","Traff_Cntr","Weather","Workzone_I","Location","locx","locy"
"3501",385,386,"Yes","15-Nov",14,"No","Facing Traffic","B: Evident Injury","Travel Lane","Black","Male","None - Rural Crash","Durham","No","01-01-07","2009-07-19","Loss of Control / Turning Error",14,"Non-Intersection","01-07-01","0001-01-01T09:56:58-04:56","Bicyclist Lost Control - Other /",312129,2009,"B: Evident Injury","Residential","50-59",51,"No","31-35 mph","O: No Injury","Black","Female","Passenger Car","No","No","Daylight","Mixed (30% To 70% Developed)","2 lanes",2,"Straight - Level","State Secondary Route","Dry","Two-Way, Not Divided","None","No Special Feature","Smooth Asphalt","Piedmont","Rural","30 - 35  MPH","Double Yellow Line, No Passing Zone","Clear","No","36.047115, -78.88854",-78.88854,36.047115
"3502",386,387,"No","15-Nov",11,"No","Not Applicable","B: Evident Injury","Non-Roadway","White","Male","Kill Devil Hills","Dare","No","01-01-07","2009-07-19","Bicyclist Failed to Yield - Midblock",14,"Non-Intersection","01-07-01","0001-01-01T09:45:58-04:56","Bicyclist Ride Out - Other Midblock",363318,2009,"B: Evident Injury","Residential","50-59",50,"No","11-15 mph","O: No Injury","White","Male","Light Truck (Mini-Van, Panel)","No","No","Daylight","Urban (>70% Developed)","2 lanes",2,"Straight - Level","Local Street","Dry","Two-Way, Not Divided","None","No Special Feature","Coarse Asphalt","Coastal","Urban","20 - 25  MPH","No Control Present","Clear","No","36.024014, -75.67299",-75.67299,36.024014
"3503",400,401,"Yes","25-29",28,"No","Facing Traffic","B: Evident Injury","Sidewalk / Crosswalk / Driveway Crossing","White","Male","Raleigh","Wake","No","01-01-05","2009-07-17","Motorist Right Turn / Merge",17,"Intersection","01-07-01","0001-01-01T12:14:58-04:56","Motorist Right Turn - Opposite Direction",132214,2009,"B: Evident Injury","Commercial","40-49",46,"No","6-10 mph","O: No Injury","White","Female","Passenger Car","No","No","Daylight","Urban (>70% Developed)","5 lanes",2,"Straight - Level","Local Street","Wet","Two-Way, Divided, Unprotected Median","None","Four-Way Intersection","Smooth Asphalt","Piedmont","Urban","40 - 45  MPH","Stop And Go Signal","Rain","No","35.815342, -78.7051",-78.7051,35.815342
"3504",401,402,"Yes","60-69",68,"No","Facing Traffic","C: Possible Injury","Travel Lane","White","Male","None - Rural Crash","New Hanover","No","01-01-05","2009-07-31","Motorist Failed to Yield - Midblock",16,"Non-Intersection","01-07-01","0001-01-01T11:03:58-04:56","Motorist Drive Out - Other Midblock",312328,2009,"C: Possible Injury","Farms, Woods, Pastures","60-69",63,"No","0-5 mph","O: No Injury","White","Male","Passenger Car","No","No","Daylight","Rural (<30% Developed)","5 lanes",2,"Straight - Level","US Route","Dry","Two-Way, Divided, Unprotected Median","None","T-Intersection","Smooth Asphalt","Coastal","Rural","40 - 45  MPH","No Control Present","Clear","No","34.26652, -77.82463",-77.82463,34.26652
"3505",402,403,"Yes","40-49",48,"No","With Traffic","B: Evident Injury","Travel Lane","White","Male","Elizabeth City","Pasquotank","No","01-01-05","2009-07-31","Bicyclist Failed to Yield - Signalized Intersection",4,"Intersection","01-07-01","0000-12-31T23:39:58-04:56","Bicyclist Failed to Clear -",111159,2009,"B: Evident Injury","Residential","50-59",53,"No","0-5 mph","O: No Injury","White","Female","Passenger Car","No","No","Daylight","Urban (>70% Developed)","5 lanes",2,"Straight - Grade","Local Street","Dry","Two-Way, Divided, Unprotected Median","None","No Special Feature","Smooth Asphalt","Coastal","Urban","30 - 35  MPH","Stop And Go Signal","Clear","No","36.30218, -76.22316",-76.22316,36.30218
"3506",404,405,"No","30-39",34,"No","Facing Traffic","C: Possible Injury","Travel Lane","Hispanic","Male","Raleigh","Wake","No","01-01-03","2009-07-01","Motorist Failed to Yield - Sign-Controlled Intersection",17,"Intersection","01-07-01","0001-01-01T12:33:58-04:56","Motorist Drive Out - Sign-Controlled Intersection",112141,2009,"C: Possible Injury","Residential","50-59",58,"No","","O: No Injury","White","Male","Taxicab","No","No","Daylight","Mixed (30% To 70% Developed)","2 lanes",2,"Straight - Level","Local Street","Dry","Two-Way, Not Divided","None","T-Intersection","Coarse Asphalt","Piedmont","Urban","30 - 35  MPH","Stop Sign","Clear","No","35.83246, -78.612976",-78.612976,35.83246
"3507",405,406,"No","40-49",48,"Yes","With Traffic","B: Evident Injury","Travel Lane","Black","Male","Charlotte","Mecklenburg","Yes","01-01-05","2009-07-31","Crossing Paths - Other Circumstances",21,"Intersection","01-07-01","0001-01-01T16:56:58-04:56","Crossing Paths - Intersection - Other /",111180,2009,"B: Evident Injury","Residential","30-39",32,"No","11-15 mph","O: No Injury","White","Female","Passenger Car","No","No","Dark - Lighted Roadway","Urban (>70% Developed)","2 lanes",2,"Straight - Level","Local Street","Wet","Two-Way, Not Divided","None","Four-Way Intersection","Smooth Asphalt","Piedmont","Urban","30 - 35  MPH","No Control Present","Cloudy","No","35.244743, -80.86484",-80.86484,35.244743
"3508",411,412,"No","15-Nov",12,"No","With Traffic","C: Possible Injury","Travel Lane","White","Male","None - Rural Crash","Sampson","No","","2009-08-10","Motorist Overtaking Bicyclist",14,"Non-Intersection","01-08-01","0001-01-01T09:54:58-04:56","Motorist Overtaking - Bicyclist Swerved",311235,2009,"C: Possible Injury","Residential","40-49",48,"No","41-45 mph","O: No Injury","Black","Male","Van","No","No","Daylight","Mixed (30% To 70% Developed)","2 lanes",2,"Straight - Level","US Route","Dry","Two-Way, Not Divided","None","No Special Feature","Coarse Asphalt","Coastal","Rural","40 - 45  MPH","Double Yellow Line, No Passing Zone","Clear","No","35.242977, -78.55073",-78.55073,35.242977
"3509",416,417,"Yes","50-59",53,"No","With Traffic","B: Evident Injury","Travel Lane","Black","Male","None - Rural Crash","Hertford","No","01-01-07","2009-07-26","Motorist Overtaking Bicyclist",20,"Non-Intersection","01-07-01","0001-01-01T15:56:58-04:56","Motorist Overtaking - Undetected Bicyclist",311231,2009,"B: Evident Injury","Farms, Woods, Pastures","0-19",19,"No","51-55 mph","O: No Injury","White","Male","Pickup","No","No","Dark - Roadway Not Lighted","Rural (<30% Developed)","2 lanes",2,"Straight - Level","NC Route","Dry","Two-Way, Not Divided","None","No Special Feature","Coarse Asphalt","Coastal","Rural","50 - 55  MPH","Double Yellow Line, No Passing Zone","Clear","No","36.27723, -77.009315",-77.009315,36.27723
"3510",417,418,"No","16-19",16,"No","With Traffic","C: Possible Injury","Travel Lane","White","Male","None - Rural Crash","New Hanover","No","","2009-08-03","Loss of Control / Turning Error",22,"Intersection","01-08-01","0001-01-01T17:48:58-04:56","Motorist Turning Error - Left Turn",111111,2009,"C: Possible Injury","Residential","0-19",17,"No","6-10 mph","O: No Injury","White","Male","Sport Utility","No","No","Dark - Lighted Roadway","Urban (>70% Developed)","2 lanes",2,"Straight - Level","State Secondary Route","Dry","Two-Way, Not Divided","None","T-Intersection","Coarse Asphalt","Coastal","Rural","20 - 25  MPH","Stop Sign","Clear","No","34.159615, -77.89931",-77.89931,34.159615
"3511",418,419,"Yes","40-49",43,"No","With Traffic","A: Disabling Injury","Bike Lane / Paved Shoulder","Black","Male","None - Rural Crash","Northampton","No","01-01-03","2009-07-29","Bicyclist Left Turn / Merge",10,"Non-Intersection","01-07-01","0001-01-01T05:58:58-04:56","Bicyclist Left Turn - Same Direction",321221,2009,"A: Disabling Injury","Farms, Woods, Pastures","20-24",21,"No","51-55 mph","O: No Injury","Black","Female","Passenger Car","No","No","Daylight","Rural (<30% Developed)","2 lanes",2,"Straight - Level","NC Route","Dry","Two-Way, Not Divided","None","No Special Feature","Smooth Asphalt","Coastal","Rural","50 - 55  MPH","No Control Present","Clear","No","36.45905, -77.53836",-77.53836,36.45905
"3512",427,428,"Yes","20-24",22,"Yes","With Traffic","A: Disabling Injury","Travel Lane","White","Female","Wilmington","New Hanover","Yes","01-01-07","2009-07-26","Motorist Overtaking Bicyclist",18,"Intersection-Related","01-07-01","0001-01-01T13:42:58-04:56","Motorist Overtaking - Other /",211239,2009,"A: Disabling Injury","Commercial","20-24",22,"No","11-15 mph","O: No Injury","White","Male","Passenger Car","No","No","Daylight","Urban (>70% Developed)","4 lanes",2,"Straight - Level","Local Street","Dry","Two-Way, Not Divided","None","Four-Way Intersection","Smooth Asphalt","Coastal","Urban","20 - 25  MPH","Stop Sign","Clear","Yes","34.23425, -77.948616",-77.948616,34.23425
"3513",437,438,"Yes","20-24",24,"No","Facing Traffic","C: Possible Injury","Travel Lane","White","Male","Raleigh","Wake","No","01-01-03","2009-07-29","Motorist Right Turn / Merge",23,"Intersection","01-07-01","0001-01-01T18:24:58-04:56","Motorist Right Turn - Opposite Direction",112214,2009,"C: Possible Injury","Residential","",NA,"Missing","21-25 mph","Injury","/Missing","","","No","Yes","Dark - Lighted Roadway","Urban (>70% Developed)","4 lanes",2,"Straight - Level","Local Street","Dry","Two-Way, Not Divided","None","T-Intersection","Coarse Asphalt","Piedmont","Urban","40 - 45  MPH","Stop And Go Signal","Clear","No","35.76901, -78.69131",-78.69131,35.76901
"3514",442,443,"No","15-Nov",15,"No","Facing Traffic","O: No Injury","Sidewalk / Crosswalk / Driveway Crossing","Black","Male","Raleigh","Wake","No","01-01-02","2009-07-28","Motorist Right Turn / Merge",0,"Non-Intersection","01-07-01","0000-12-31T19:42:58-04:56","Motorist Right Turn - Opposite Direction",332214,2009,"O: No Injury","Residential","40-49",41,"No","6-10 mph","O: No Injury","White","Male","Police","No","No","Dark - Roadway Not Lighted","Urban (>70% Developed)","2 lanes",2,"Straight - Level","Local Street","Wet","Two-Way, Not Divided","None","No Special Feature","Smooth Asphalt","Piedmont","Urban","20 - 25  MPH","No Control Present","Clear","No","35.784035, -78.62924",-78.62924,35.784035
"3515",448,449,"Yes","15-Nov",13,"No","With Traffic","B: Evident Injury","Travel Lane","Native American","Male","Cherokee","Swain","No","01-01-05","2009-08-21","Bicyclist Failed to Yield - Sign-Controlled Intersection",17,"Intersection","01-08-01","0001-01-01T12:58:58-04:56","Bicyclist Ride Through - Sign-Controlled Intersection",111144,2009,"B: Evident Injury","Farms, Woods, Pastures","50-59",57,"No","26-30 mph","O: No Injury","Native American","Female","Van","No","No","Daylight","Rural (<30% Developed)","2 lanes",2,"Straight - Level","Local Street","Dry","Two-Way, Not Divided","None","T-Intersection","Smooth Asphalt","Mountains","Rural","30 - 35  MPH","Stop Sign","Clear","No","35.46527, -83.36369",-83.36369,35.46527
"3516",450,451,"Yes","40-49",49,"No","With Traffic","O: No Injury","Travel Lane","White","Female","None - Rural Crash","Wake","No","01-01-02","2009-08-18","Crossing Paths - Other Circumstances",18,"Intersection","01-08-01","0001-01-01T13:44:58-04:56","Crossing Paths - Intersection - Other /",111180,2009,"B: Evident Injury","Residential","50-59",56,"No","31-35 mph","B: Evident Injury","White","Male","Motorcycle","No","No","Daylight","Mixed (30% To 70% Developed)","2 lanes",2,"Straight - Level","State Secondary Route","Dry","Two-Way, Not Divided","None","Four-Way Intersection","Coarse Asphalt","Piedmont","Rural","40 - 45  MPH","Stop And Go Signal","Clear","No","35.682327, -78.74294",-78.74294,35.682327
"3517",452,453,"Yes","16-19",19,"No","With Traffic","B: Evident Injury","Travel Lane","Black","Male","Winston-Salem","Forsyth","No","","2009-07-27","Bicyclist Left Turn / Merge",22,"Non-Intersection","01-07-01","0001-01-01T17:38:58-04:56","Bicyclist Left Turn - Same Direction",311221,2009,"B: Evident Injury","Residential","25-29",25,"No","41-45 mph","O: No Injury","White","Male","Passenger Car","No","No","Dark - Lighted Roadway","Mixed (30% To 70% Developed)","2 lanes",2,"Straight - Level","Local Street","Dry","Two-Way, Not Divided","None","No Special Feature","Smooth Asphalt","Piedmont","Urban","40 - 45  MPH","No Control Present","Clear","No","36.157673, -80.20154",-80.20154,36.157673
"3518",458,459,"No","40-49",44,"No","","C: Possible Injury","Sidewalk / Crosswalk / Driveway Crossing","Black","Male","Elizabeth City","Pasquotank","No","01-01-03","2009-08-19","Bicyclist Failed to Yield - Midblock",12,"Non-Intersection","01-08-01","0001-01-01T07:46:58-04:56","Bicyclist Ride Out - Other Midblock",339318,2009,"C: Possible Injury","Residential","60-69",61,"No","31-35 mph","O: No Injury","White","Male","Pickup","No","No","Daylight","Mixed (30% To 70% Developed)","5 lanes",2,"Straight - Level","Local Street","Dry","Two-Way, Divided, Unprotected Median","None","No Special Feature","Smooth Asphalt","Coastal","Urban","30 - 35  MPH","Flashing Stop And Go Signal","Clear","No","36.296604, -76.22391",-76.22391,36.296604
"3519",461,462,"Yes","70+",NA,"No","With Traffic","B: Evident Injury","Travel Lane","Hispanic","Male","None - Rural Crash","Union","No","01-01-07","2009-08-09","Motorist Overtaking Bicyclist",9,"Non-Intersection","01-08-01","0001-01-01T04:11:58-04:56","Motorist Overtaking - Bicyclist Swerved",311235,2009,"B: Evident Injury","Residential","40-49",40,"No","51-55 mph","O: No Injury","White","Male","Motorcycle","No","No","Daylight","Mixed (30% To 70% Developed)","2 lanes",2,"Straight - Level","NC Route","Dry","Two-Way, Not Divided","None","No Special Feature","Smooth Asphalt","Piedmont","Rural","50 - 55  MPH","Double Yellow Line, No Passing Zone","Clear","No","34.980988, -80.575165",-80.575165,34.980988
"3520",468,469,"Yes","16-19",18,"No","Facing Traffic","C: Possible Injury","Travel Lane","White","Male","Charlotte","Mecklenburg","No","01-01-02","2009-08-25","Crossing Paths - Other Circumstances",17,"Intersection","01-08-01","0001-01-01T12:44:58-04:56","Crossing Paths - Intersection - Other /",112180,2009,"C: Possible Injury","Residential","30-39",35,"No","0-5 mph","O: No Injury","White","Male","Sport Utility","No","No","Daylight","Urban (>70% Developed)","4 lanes",2,"Straight - Level","NC Route","Dry","Two-Way, Divided, Positive Median Barrier","None","T-Intersection","Smooth Asphalt","Piedmont","Urban","40 - 45  MPH","No Control Present","Clear","No","35.113285, -80.96774",-80.96774,35.113285
"3521",472,473,"Yes","15-Nov",15,"No","Facing Traffic","C: Possible Injury","Sidewalk / Crosswalk / Driveway Crossing","/Missing","Male","Greensboro","Guilford","No","01-01-03","2009-08-19","Motorist Failed to Yield - Midblock",20,"Non-Intersection","01-08-01","0001-01-01T16:02:58-04:56","Motorist Drive Out - Commercial Driveway / Alley",332322,2009,"C: Possible Injury","Commercial","40-49",43,"No","0-5 mph","O: No Injury","White","Female","Passenger Car","No","No","Dusk","Urban (>70% Developed)","2 lanes",3,"Straight - Level","Local Street","Wet","One-Way, Not Divided","None","T-Intersection","Smooth Asphalt","Piedmont","Urban","30 - 35  MPH","Stop Sign","Cloudy","No","36.09455, -79.81639",-79.81639,36.09455
"3522",476,477,"Yes","15-Nov",12,"No","With Traffic","B: Evident Injury","Travel Lane","Black","Male","None - Rural Crash","Columbus","No","01-01-04","2009-09-03","Motorist Overtaking Bicyclist",16,"Non-Intersection","01-09-01","0001-01-01T11:26:58-04:56","Motorist Overtaking - Bicyclist Swerved",311235,2009,"B: Evident Injury","Farms, Woods, Pastures","20-24",22,"No","31-35 mph","O: No Injury","Black","Female","Passenger Car","No","No","Daylight","Rural (<30% Developed)","2 lanes",2,"Straight - Level","State Secondary Route","Dry","Two-Way, Not Divided","None","No Special Feature","Grooved Concrete","Coastal","Rural","30 - 35  MPH","No Control Present","Clear","No","34.310635, -78.83144",-78.83144,34.310635
"3523",789,790,"Yes","30-39",34,"No","With Traffic","Injury","Travel Lane","/Missing","","Erwin","Harnett","No","","2009-08-17","Bicyclist Left Turn / Merge",18,"Non-Intersection","01-08-01","0001-01-01T13:19:58-04:56","Bicyclist Left Turn - Same Direction",311221,2009,"Injury","Commercial","",NA,"Missing","31-35 mph","Injury","/Missing","","","No","Yes","Daylight","Urban (>70% Developed)","2 lanes",2,"Curve - Level","Local Street","Dry","Two-Way, Not Divided","None","No Special Feature","Smooth Asphalt","Coastal","Rural","30 - 35  MPH","No Control Present","Clear","No","35.31984, -78.67709",-78.67709,35.31984
"3524",790,791,"No","30-39",35,"No","With Traffic","C: Possible Injury","Travel Lane","White","Male","Charlotte","Mecklenburg","No","01-01-02","2009-09-29","Motorist Failed to Yield - Sign-Controlled Intersection",19,"Intersection","01-09-01","0001-01-01T14:43:58-04:56","Motorist Drive Out - Sign-Controlled Intersection",111141,2009,"C: Possible Injury","Commercial","70+",NA,"No","6-10 mph","O: No Injury","Black","Female","Passenger Car","No","No","Dark - Lighted Roadway","Urban (>70% Developed)","2 lanes",2,"Straight - Level","Local Street","Dry","Two-Way, Not Divided","None","No Special Feature","Smooth Asphalt","Piedmont","Urban","30 - 35  MPH","Flashing Signal With Stop Sign","Clear","No","35.214695, -80.85696",-80.85696,35.214695
"3525",791,792,"No","20-24",23,"No","Facing Traffic","C: Possible Injury","Sidewalk / Crosswalk / Driveway Crossing","Black","Male","Fayetteville","Cumberland","No","01-01-03","2009-08-19","Motorist Left Turn / Merge",8,"Non-Intersection","01-08-01","0001-01-01T03:42:58-04:56","Motorist Left Turn - Same Direction",332211,2009,"C: Possible Injury","Commercial","50-59",57,"No","6-10 mph","Injury","White","Male","Pickup","No","No","Daylight","Urban (>70% Developed)","3 lanes",2,"Straight - Level","Local Street","Dry","Two-Way, Not Divided","None","No Special Feature","Grooved Concrete","Coastal","Urban","30 - 35  MPH","No Control Present","Clear","No","35.089836, -78.98565",-78.98565,35.089836
"3526",792,793,"No","20-24",24,"No","","B: Evident Injury","Travel Lane","White","Male","Charlotte","Mecklenburg","No","01-01-06","2009-08-08","Other /  - Insufficient Details",14,"Intersection-Related","01-08-01","0001-01-01T09:17:58-04:56","Approach Paths",219970,2009,"B: Evident Injury","Residential","30-39",34,"No","0-5 mph","O: No Injury","White","Male","Sport Utility","No","No","Daylight","Urban (>70% Developed)","6 lanes",2,"Straight - Grade","Local Street","Dry","Two-Way, Not Divided","None","Four-Way Intersection","Smooth Asphalt","Piedmont","Urban","30 - 35  MPH","Stop And Go Signal","Clear","No","35.21531, -80.85819",-80.85819,35.21531
"3527",798,799,"Yes","16-19",16,"No","Not Applicable","B: Evident Injury","Non-Roadway","White","Male","Charlotte","Mecklenburg","No","01-01-02","2009-06-16","Non-Roadway",14,"Non-Roadway","01-06-01","0001-01-01T09:11:58-04:56","Non-Roadway",460910,2009,"B: Evident Injury","Commercial","25-29",27,"No","21-25 mph","O: No Injury","Black","Male","Passenger Car","No","No","Daylight","Urban (>70% Developed)","4 lanes",2,"Straight - Level","Local Street","Dry","Two-Way, Divided, Unprotected Median","None","No Special Feature","Concrete","Piedmont","Urban","20 - 25  MPH","No Control Present","Clear","No","35.213398, -80.82827",-80.82827,35.213398
"3528",806,807,"Yes","50-59",50,"No","With Traffic","A: Disabling Injury","Sidewalk / Crosswalk / Driveway Crossing","Black","Male","Charlotte","Mecklenburg","No","01-01-05","2009-03-27","Motorist Right Turn / Merge",12,"Intersection","01-03-01","0001-01-01T07:25:58-04:56","Motorist Right Turn - Same Direction",131213,2009,"A: Disabling Injury","Commercial","30-39",39,"No","0-5 mph","O: No Injury","White","Male","Sport Utility","No","No","Daylight","Urban (>70% Developed)","4 lanes",2,"Straight - Level","Local Street","Wet","Two-Way, Not Divided","None","No Special Feature","Smooth Asphalt","Piedmont","Urban","40 - 45  MPH","Stop Sign","Rain","No","35.15543, -80.74819",-80.74819,35.15543
"3529",1,2,"No","30-39",30,"No","With Traffic","C: Possible Injury","Travel Lane","White","Male","None - Rural Crash","Hoke","No","01-01-03","2010-01-06","Motorist Overtaking Bicyclist",8,"Non-Intersection","","0001-01-01T04:00:58-04:56","Motorist Overtaking - Other /",0,2010,"C: Possible Injury","Residential","40-49",41,"No","16-20 mph","O: No Injury","Native American","Male","Van","No","No","Daylight","Mixed (30% To 70% Developed)","2 lanes",2,"Straight - Level","State Secondary Route","Dry","Two-Way, Not Divided","None","No Special Feature","Smooth Asphalt","Coastal","Rural","50 - 55  MPH","Double Yellow Line, No Passing Zone","Clear","No","35.03229, -79.146164",-79.146164,35.03229
"3530",2,3,"Yes","40-49",46,"No","With Traffic","C: Possible Injury","Travel Lane","Black","Female","Speed","Edgecombe","No","01-01-05","2010-01-15","Bicyclist Left Turn / Merge",12,"Non-Intersection","","0001-01-01T07:54:58-04:56","Bicyclist Left Turn - Same Direction",0,2010,"C: Possible Injury","Farms, Woods, Pastures","60-69",60,"No","31-35 mph","O: No Injury","Black","Female","Passenger Car","No","No","Daylight","Rural (<30% Developed)","2 lanes",2,"Straight - Level","NC Route","Dry","Two-Way, Not Divided","None","No Special Feature","Coarse Asphalt","Coastal","Rural","30 - 35  MPH","Double Yellow Line, No Passing Zone","Clear","No","35.96978, -77.44352",-77.44352,35.96978
"3531",7,8,"Yes","30-39",34,"No","With Traffic","B: Evident Injury","Travel Lane","White","Male","Indian Trail","Union","No","01-01-03","2010-01-20","Motorist Left Turn / Merge",9,"Intersection","","0001-01-01T04:54:58-04:56","Motorist Left Turn - Opposite Direction",0,2010,"B: Evident Injury","Commercial","60-69",64,"No","11-15 mph","O: No Injury","White","Male","Pickup","No","No","Daylight","Urban (>70% Developed)","2 lanes",2,"Straight - Level","State Secondary Route","Dry","Two-Way, Not Divided","None","Four-Way Intersection","Smooth Asphalt","Piedmont","Urban","30 - 35  MPH","Double Yellow Line, No Passing Zone","Clear","No","35.029774, -80.63376",-80.63376,35.029774
"3532",10,11,"No","15-Nov",14,"No","Not Applicable","O: No Injury","Travel Lane","Black","Male","Durham","Durham","No","","2010-01-25","Non-Roadway",20,"Non-Roadway","","0001-01-01T15:23:58-04:56","Non-Roadway",0,2010,"O: No Injury","Residential","",NA,"Missing","0-5 mph","Injury","/Missing","","Passenger Car","No","Yes","Dark - Lighted Roadway","Urban (>70% Developed)","",2,"Straight - Level","Public Vehicular Area","Dry","Two-Way, Not Divided","None","No Special Feature","Smooth Asphalt","Piedmont","Urban","5 - 15 MPH","No Control Present","Clear","No","36.051144, -78.911606",-78.911606,36.051144
"3533",20,21,"No","25-29",29,"No","With Traffic","C: Possible Injury","Travel Lane","White","Male","None - Rural Crash","Rutherford","No","01-01-06","2010-02-06","Motorist Failed to Yield - Sign-Controlled Intersection",14,"Intersection","01-02-01","0001-01-01T10:02:58-04:56","Motorist Drive Out - Sign-Controlled Intersection",0,2010,"C: Possible Injury","Residential","30-39",33,"No","0-5 mph","O: No Injury","Black","Male","Passenger Car","No","No","Daylight","Urban (>70% Developed)","2 lanes",2,"Straight - Level","State Secondary Route","Dry","Two-Way, Not Divided","None","T-Intersection","Smooth Asphalt","Mountains","Rural","30 - 35  MPH","Stop Sign","Cloudy","No","35.335503, -81.92347",-81.92347,35.335503
"3534",27,28,"Yes","60-69",68,"No","With Traffic","K: Killed","Travel Lane","Black","Female","Plymouth","Washington","No","01-01-03","2010-01-27","Bicyclist Left Turn / Merge",18,"Non-Intersection","","0001-01-01T13:12:58-04:56","Bicyclist Left Turn - Same Direction",0,2010,"K: Killed","Commercial","50-59",53,"No","41-45 mph","O: No Injury","White","Male","Pickup","No","No","Dark - Lighted Roadway","Urban (>70% Developed)","5 lanes",2,"Straight - Level","US Route","Dry","Two-Way, Divided, Unprotected Median","None","No Special Feature","Smooth Asphalt","Coastal","Rural","40 - 45  MPH","No Control Present","Clear","No","35.857212, -76.748024",-76.748024,35.857212
"3535",28,29,"Yes","60-69",60,"No","With Traffic","B: Evident Injury","Travel Lane","White","Male","Washington","Beaufort","No","01-01-03","2010-01-20","Bicyclist Failed to Yield - Sign-Controlled Intersection",17,"Intersection","","0001-01-01T12:31:58-04:56","Bicyclist Ride Through - Sign-Controlled Intersection",0,2010,"B: Evident Injury","Residential","50-59",57,"No","21-25 mph","O: No Injury","Black","Female","Van","No","No","Daylight","Urban (>70% Developed)","2 lanes",2,"Straight - Level","Local Street","Dry","Two-Way, Not Divided","None","Four-Way Intersection","Coarse Asphalt","Coastal","Urban","20 - 25  MPH","Stop Sign","Clear","No","35.556255, -77.05299",-77.05299,35.556255
"3536",43,44,"No","50-59",50,"No","Facing Traffic","O: No Injury","Sidewalk / Crosswalk / Driveway Crossing","Black","Male","Fayetteville","Cumberland","No","01-01-02","2010-02-23","Bicyclist Failed to Yield - Signalized Intersection",13,"Intersection","01-02-01","0001-01-01T08:07:58-04:56","Bicyclist Ride Out - Signalized  Intersection",0,2010,"O: No Injury","Institutional","50-59",50,"No","11-15 mph","O: No Injury","Black","Female","Passenger Car","No","No","Daylight","Urban (>70% Developed)","4 lanes",2,"Straight - Level","Local Street","Dry","Two-Way, Divided, Unprotected Median","None","Four-Way Intersection","Smooth Asphalt","Coastal","Urban","20 - 25  MPH","Stop And Go Signal","Clear","No","35.071583, -78.89436",-78.89436,35.071583
"3537",44,45,"No","30-39",34,"No","Facing Traffic","O: No Injury","Sidewalk / Crosswalk / Driveway Crossing","Hispanic","Male","Raleigh","Wake","No","01-01-04","2010-02-04","Motorist Failed to Yield - Sign-Controlled Intersection",17,"Intersection","01-02-01","0001-01-01T12:43:58-04:56","Motorist Drive Out - Sign-Controlled Intersection",0,2010,"O: No Injury","Commercial","60-69",60,"No","","O: No Injury","White","Male","Passenger Car","No","No","Daylight","Urban (>70% Developed)","2 lanes",2,"Straight - Level","Local Street","Dry","Two-Way, Not Divided","None","T-Intersection","Smooth Asphalt","Piedmont","Urban","5 - 15 MPH","Stop Sign","Clear","No","35.82043, -78.62626",-78.62626,35.82043
"3538",49,50,"No","50-59",56,"No","With Traffic","C: Possible Injury","Travel Lane","White","Male","None - Rural Crash","Craven","No","01-01-07","2010-02-07","Motorist Overtaking Bicyclist",16,"Non-Intersection","01-02-01","0001-01-01T11:21:58-04:56","Motorist Overtaking - Misjudged Space",0,2010,"C: Possible Injury","Residential","30-39",37,"No","51-55 mph","O: No Injury","White","Female","Passenger Car","No","No","Daylight","Mixed (30% To 70% Developed)","4 lanes",2,"Straight - Level","US Route","Dry","Two-Way, Divided, Unprotected Median","None","No Special Feature","Coarse Asphalt","Coastal","Rural","50 - 55  MPH","No Control Present","Clear","No","35.080017, -77.16165",-77.16165,35.080017
"3539",50,51,"Yes","40-49",45,"Yes","With Traffic","C: Possible Injury","Bike Lane / Paved Shoulder","Black","Male","Kannapolis","Cabarrus","Yes","01-01-02","2010-02-09","Bicyclist Left Turn / Merge",16,"Non-Intersection","01-02-01","0001-01-01T11:23:58-04:56","Bicyclist Left Turn - Same Direction",0,2010,"C: Possible Injury","Commercial","20-24",20,"No","36-40 mph","O: No Injury","White","Male","Pickup","No","No","Daylight","Urban (>70% Developed)","4 lanes",2,"Straight - Grade","US Route","Wet","Two-Way, Divided, Unprotected Median","None","No Special Feature","Smooth Asphalt","Piedmont","Urban","40 - 45  MPH","No Control Present","Cloudy","No","35.4748, -80.60979",-80.60979,35.4748
"3540",52,53,"Yes","50-59",55,"No","With Traffic","B: Evident Injury","Travel Lane","Hispanic","Male","Burlington","Alamance","No","","2010-02-15","Motorist Failed to Yield - Sign-Controlled Intersection",18,"Intersection","01-02-01","0001-01-01T13:28:58-04:56","Motorist Drive Out - Sign-Controlled Intersection",0,2010,"B: Evident Injury","Commercial","25-29",28,"No","0-5 mph","O: No Injury","White","Female","Sport Utility","No","No","Dark - Lighted Roadway","Urban (>70% Developed)","5 lanes",2,"Straight - Level","US Route","Wet","Two-Way, Divided, Unprotected Median","None","No Special Feature","Smooth Asphalt","Piedmont","Urban","30 - 35  MPH","Stop Sign","Cloudy","Yes","36.084953, -79.453476",-79.453476,36.084953