"","FID","OBJECTID","AmbulanceR","BikeAge_Gr","Bike_Age","Bike_Alc_D","Bike_Dir","Bike_Injur","Bike_Pos","Bike_Race","Bike_Sex","City","County","CrashAlcoh","CrashDay","Crash_Date","Crash_Grp","Crash_Hour","Crash_Loc","Crash_Mont","Crash_Time","Crash_Type","Crash_Ty_1","Crash_Year","Crsh_Sevri","Developmen","DrvrAge_Gr","Drvr_Age","Drvr_Alc_D","Drvr_EstSp","Drvr_Injur","Drvr_Race","Drvr_Sex","Drvr_VehTy","ExcsSpdInd","Hit_Run","Light_Cond","Locality","Num_Lanes","Num_Units","Rd_Charact","Rd_Class","Rd_Conditi","Rd_Config","Rd_Defects","Rd_Feature","Rd_Surface","Region","Rural_Urba","Speed_Limi","Traff_Cntr","Weather","Workzone_I","Location","locx","locy"
"3581",554,555,"Yes","16-19",19,"No","With Traffic","O: No Injury","Travel Lane","Black","Male","Raleigh","Wake","No","01-01-02","2008-07-08","Crossing Paths - Other Circumstances",5,"Intersection","01-07-01","0001-01-01T00:51:58-04:56","Signalized Intersection - Other /",111158,2008,"B: Evident Injury","Residential","30-39",35,"No","","B: Evident Injury","Black","Male","Pedalcycle","No","No","Dawn","Urban (>70% Developed)","9 or more lanes",2,"Straight - Grade","Local Street","Dry","Two-Way, Not Divided","None","Four-Way Intersection","Smooth Asphalt","Piedmont","Urban","","Stop And Go Signal","Cloudy","No","0.0, 0.0",0,0
"3582",560,561,"Yes","30-39",37,"Yes","With Traffic","A: Disabling Injury","Sidewalk / Crosswalk / Driveway Crossing","Hispanic","Male","Winston-Salem","Forsyth","Yes","","2008-07-28","Motorist Failed to Yield - Signalized Intersection",11,"Intersection","01-07-01","0001-01-01T06:19:58-04:56","Motorist Drive Through - Signalized Intersection",131154,2008,"A: Disabling Injury","Commercial","40-49",42,"No","31-35 mph","O: No Injury","Black","Female","Sport Utility","No","No","Daylight","Urban (>70% Developed)","3 lanes",2,"Straight - Level","Local Street","Dry","Two-Way, Not Divided","None","No Special Feature","Smooth Asphalt","Piedmont","Urban","30 - 35  MPH","Stop And Go Signal","Clear","No","0.0, 0.0",0,0
"3583",566,567,"No","15-Nov",15,"No","Facing Traffic","O: No Injury","Sidewalk / Crosswalk / Driveway Crossing","White","Male","Charlotte","Mecklenburg","No","01-01-06","2008-08-23","Motorist Failed to Yield - Sign-Controlled Intersection",17,"Intersection","01-08-01","0001-01-01T12:33:58-04:56","Motorist Drive Out - Sign-Controlled Intersection",132141,2008,"O: No Injury","Residential","0-19",18,"No","21-25 mph","O: No Injury","White","Male","Sport Utility","No","No","Daylight","Urban (>70% Developed)","2 lanes",2,"Straight - Level","Local Street","Dry","Two-Way, Not Divided","None","T-Intersection","Smooth Asphalt","Piedmont","Urban","20 - 25  MPH","Stop Sign","Clear","No","0.0, 0.0",0,0
"3584",569,570,"Yes","30-39",33,"No","Facing Traffic","B: Evident Injury","Sidewalk / Crosswalk / Driveway Crossing","Black","Male","Morehead City","Carteret","No","","2008-07-28","Motorist Failed to Yield - Sign-Controlled Intersection",8,"Intersection","01-07-01","0001-01-01T03:59:58-04:56","Motorist Drive Out - Sign-Controlled Intersection",132141,2008,"B: Evident Injury","Commercial","50-59",52,"No","6-10 mph","O: No Injury","White","Female","Passenger Car","No","No","Daylight","Urban (>70% Developed)","4 lanes",2,"Straight - Level","Local Street","Dry","Two-Way, Not Divided","None","T-Intersection","Smooth Asphalt","Coastal","Urban","30 - 35  MPH","Stop Sign","Clear","No","0.0, 0.0",0,0
"3585",572,573,"Yes","30-39",37,"No","With Traffic","B: Evident Injury","Travel Lane","White","Male","None - Rural Crash","Wake","Yes","","2008-08-18","Motorist Overtaking Bicyclist",6,"Non-Intersection","01-08-01","0001-01-01T01:58:58-04:56","Motorist Overtaking - Other /",311239,2008,"B: Evident Injury","Residential","50-59",50,"Yes","41-45 mph","O: No Injury","White","Male","Pickup","No","No","Daylight","Rural (<30% Developed)","2 lanes",3,"Straight - Level","State Secondary Route","Dry","Two-Way, Not Divided","None","No Special Feature","Coarse Asphalt","Piedmont","Rural","40 - 45  MPH","Double Yellow Line, No Passing Zone","Clear","No","0.0, 0.0",0,0
"3586",573,574,"Yes","20-24",22,"Yes","With Traffic","B: Evident Injury","Travel Lane","Hispanic","Male","None - Rural Crash","Robeson","Yes","01-01-03","2008-07-30","Motorist Overtaking Bicyclist",18,"Non-Intersection","01-07-01","0001-01-01T13:56:58-04:56","Motorist Overtaking - Other /",311239,2008,"B: Evident Injury","Residential","50-59",59,"No","46-50 mph","O: No Injury","Black","Female","Passenger Car","No","No","Daylight","Rural (<30% Developed)","2 lanes",2,"Straight - Level","State Secondary Route","Wet","Two-Way, Not Divided","None","No Special Feature","Smooth Asphalt","Coastal","Rural","50 - 55  MPH","Double Yellow Line, No Passing Zone","Cloudy","No","0.0, 0.0",0,0
"3587",578,579,"Yes","10-Jun",7,"No","With Traffic","C: Possible Injury","Travel Lane","Black","Male","Southern Pines","Moore","No","01-01-05","2008-07-25","Bicyclist Failed to Yield - Sign-Controlled Intersection",15,"Intersection","01-07-01","0001-01-01T10:46:58-04:56","Bicyclist Ride Through - Sign-Controlled Intersection",111144,2008,"C: Possible Injury","Residential","60-69",68,"No","31-35 mph","O: No Injury","Black","Male","Passenger Car","No","No","Daylight","Urban (>70% Developed)","2 lanes",2,"Straight - Grade","Local Street","Dry","Two-Way, Not Divided","None","Four-Way Intersection","Smooth Asphalt","Piedmont","Urban","30 - 35  MPH","Stop Sign","Clear","No","0.0, 0.0",0,0
"3588",579,580,"Yes","30-39",33,"No","With Traffic","C: Possible Injury","Bike Lane / Paved Shoulder","Black","Male","Goldsboro","Wayne","No","01-01-05","2008-08-01","Motorist Failed to Yield - Midblock",17,"Non-Intersection","01-08-01","0001-01-01T12:59:58-04:56","Motorist Drive Out - Commercial Driveway / Alley",321322,2008,"C: Possible Injury","Commercial","50-59",53,"No","11-15 mph","O: No Injury","White","Male","Passenger Car","No","No","Daylight","Urban (>70% Developed)","4 lanes",2,"Straight - Level","US Route","Dry","Two-Way, Divided, Unprotected Median","None","Driveway, Public","Coarse Asphalt","Coastal","Urban","40 - 45  MPH","Missing","Clear","No","0.0, 0.0",0,0
"3589",581,582,"Yes","15-Nov",14,"No","Facing Traffic","B: Evident Injury","Sidewalk / Crosswalk / Driveway Crossing","White","Male","Southern Pines","Moore","No","01-01-05","2008-08-01","Motorist Failed to Yield - Sign-Controlled Intersection",15,"Intersection","01-08-01","0001-01-01T10:22:58-04:56","Motorist Drive Out - Sign-Controlled Intersection",132141,2008,"B: Evident Injury","Residential","",NA,"Missing","16-20 mph","Injury","/Missing","","","No","Yes","Daylight","Mixed (30% To 70% Developed)","2 lanes",2,"Curve - Level","Local Street","Dry","Two-Way, Not Divided","None","Traffic Circle/Roundabout","Coarse Asphalt","Piedmont","Urban","30 - 35  MPH","Yield Sign","Clear","No","0.0, 0.0",0,0
"3590",589,590,"Yes","15-Nov",15,"No","","C: Possible Injury","","Black","Male","Greensboro","Guilford","No","01-01-03","2008-07-23","Crossing Paths - Other Circumstances",17,"Intersection","01-07-01","0001-01-01T12:08:58-04:56","Crossing Paths - Uncontrolled Intersection",199160,2008,"C: Possible Injury","Residential","",NA,"Missing","","Injury","/Missing","","","No","Yes","Daylight","Urban (>70% Developed)","4 lanes",2,"Straight - Level","Local Street","Dry","Two-Way, Not Divided","None","No Special Feature","Concrete","Piedmont","Urban","","No Control Present","Clear","No","0.0, 0.0",0,0
"3591",597,598,"No","30-39",31,"No","","O: No Injury","Travel Lane","Black","Male","Fayetteville","Cumberland","No","01-01-02","2008-08-05","Other /  - Insufficient Details",17,"Non-Intersection","01-08-01","0001-01-01T12:54:58-04:56","Approach Paths",3190970,2008,"O: No Injury","Residential","40-49",42,"No","6-10 mph","O: No Injury","White","Male","Police","No","No","Daylight","Urban (>70% Developed)","2 lanes",2,"Straight - Level","Local Street","Dry","Two-Way, Not Divided","None","No Special Feature","Coarse Asphalt","Coastal","Urban","5 - 15 MPH","Missing","Clear","No","0.0, 0.0",0,0
"3592",598,599,"Yes","10-Jun",10,"No","Facing Traffic","B: Evident Injury","Travel Lane","Black","Male","Charlotte","Mecklenburg","No","01-01-06","2008-08-30","Motorist Failed to Yield - Midblock",16,"Non-Intersection","01-08-01","0001-01-01T11:33:58-04:56","Motorist Drive Out - Residential Driveway",312321,2008,"B: Evident Injury","Residential","30-39",30,"No","","O: No Injury","Black","Female","Passenger Car","No","No","Daylight","Urban (>70% Developed)","4 lanes",2,"Straight - Level","Local Street","Dry","Two-Way, Divided, Unprotected Median","None","No Special Feature","Smooth Asphalt","Piedmont","Urban","","No Control Present","Clear","No","0.0, 0.0",0,0
"3593",616,617,"No","40-49",43,"No","With Traffic","B: Evident Injury","Travel Lane","White","Female","Wilmington","New Hanover","No","01-01-02","2008-08-12","Bicyclist Failed to Yield - Signalized Intersection",18,"Intersection","01-08-01","0001-01-01T14:02:58-04:56","Bicyclist Failed to Clear - Multiple Threat",111157,2008,"B: Evident Injury","Commercial","20-24",23,"No","11-15 mph","O: No Injury","White","Male","Pickup","No","No","Daylight","Urban (>70% Developed)","5 lanes",2,"Straight - Level","Local Street","Dry","Two-Way, Divided, Unprotected Median","None","Four-Way Intersection","Smooth Asphalt","Coastal","Urban","40 - 45  MPH","Stop And Go Signal","Clear","No","0.0, 0.0",0,0
"3594",617,618,"Yes","40-49",45,"No","With Traffic","B: Evident Injury","Travel Lane","White","Male","None - Rural Crash","Wayne","No","01-01-03","2008-08-13","Motorist Overtaking Bicyclist",21,"Non-Intersection","01-08-01","0001-01-01T16:38:58-04:56","Motorist Overtaking - Other /",311239,2008,"B: Evident Injury","Farms, Woods, Pastures","0-19",18,"No","46-50 mph","O: No Injury","White","Female","Passenger Car","No","No","Dark - Roadway Not Lighted","Rural (<30% Developed)","4 lanes",2,"Straight - Level","US Route","Wet","Two-Way, Divided, Unprotected Median","None","No Special Feature","Smooth Asphalt","Coastal","Rural","50 - 55  MPH","No Control Present","Cloudy","No","0.0, 0.0",0,0
"3595",618,619,"Yes","15-Nov",12,"No","Facing Traffic","C: Possible Injury","Sidewalk / Crosswalk / Driveway Crossing","Black","Male","Charlotte","Mecklenburg","No","01-01-05","2008-09-05","Motorist Failed to Yield - Midblock",19,"Non-Intersection","01-09-01","0001-01-01T14:08:58-04:56","Motorist Drive Out - Commercial Driveway / Alley",332322,2008,"C: Possible Injury","Commercial","25-29",28,"No","6-10 mph","O: No Injury","Hispanic","Male","Passenger Car","No","No","Daylight","Urban (>70% Developed)","4 lanes",2,"Straight - Grade","Local Street","Dry","Two-Way, Divided, Unprotected Median","None","No Special Feature","Smooth Asphalt","Piedmont","Urban","40 - 45  MPH","No Control Present","Clear","No","0.0, 0.0",0,0
"3596",620,621,"Yes","10-Jun",10,"No","With Traffic","B: Evident Injury","Travel Lane","White","Male","None - Rural Crash","Columbus","No","01-01-04","2008-08-14","Bicyclist Left Turn / Merge",20,"Non-Intersection","01-08-01","0001-01-01T15:05:58-04:56","Bicyclist Left Turn - Same Direction",311221,2008,"B: Evident Injury","Farms, Woods, Pastures","40-49",40,"No","26-30 mph","O: No Injury","Black","Female","Passenger Car","No","No","Dark - Roadway Not Lighted","Rural (<30% Developed)","2 lanes",2,"Straight - Level","State Secondary Route","Dry","Two-Way, Not Divided","None","Driveway, Private","Smooth Asphalt","Coastal","Rural","50 - 55  MPH","Double Yellow Line, No Passing Zone","Clear","No","0.0, 0.0",0,0
"3597",625,626,"Yes","30-39",33,"No","Facing Traffic","C: Possible Injury","Sidewalk / Crosswalk / Driveway Crossing","Other","Male","Fayetteville","Cumberland","No","01-01-03","2008-09-03","Motorist Failed to Yield - Midblock",9,"Non-Intersection","01-09-01","0001-01-01T05:00:58-04:56","Motorist Drive Out - Commercial Driveway / Alley",332322,2008,"C: Possible Injury","Commercial","30-39",38,"No","0-5 mph","O: No Injury","Other","Female","Light Truck (Mini-Van, Panel)","No","No","Daylight","Mixed (30% To 70% Developed)","",2,"Straight - Level","Public Vehicular Area","Dry","Two-Way, Not Divided","None","Driveway, Public","Concrete","Coastal","Urban","5 - 15 MPH","No Control Present","Clear","No","0.0, 0.0",0,0
"3598",627,628,"No","20-24",22,"No","With Traffic","O: No Injury","Travel Lane","White","Male","Raleigh","Wake","No","01-01-04","2008-07-10","Backing Vehicle",21,"Non-Intersection","01-07-01","0001-01-01T16:22:58-04:56","Backing Vehicle",311600,2008,"O: No Injury","Commercial","",NA,"Missing","0-5 mph","Injury","/Missing","","Sport Utility","No","No","Dark - Lighted Roadway","Urban (>70% Developed)","3 lanes",2,"Straight - Level","Local Street","Dry","Two-Way, Not Divided","None","Four-Way Intersection","Smooth Asphalt","Piedmont","Urban","5 - 15 MPH","No Control Present","Clear","No","0.0, 0.0",0,0
"3599",650,651,"Yes","20-24",23,"No","With Traffic","O: No Injury","Travel Lane","White","Female","Carrboro","Orange","No","01-01-05","2008-08-22","Motorist Failed to Yield - Midblock",20,"Non-Intersection","01-08-01","0001-01-01T15:09:58-04:56","Motorist Drive Out - Commercial Driveway / Alley",311322,2008,"O: No Injury","Residential","50-59",57,"No","6-10 mph","O: No Injury","White","Male","Passenger Car","No","No","Dusk","Urban (>70% Developed)","2 lanes",2,"Straight - Level","Local Street","Dry","Two-Way, Not Divided","None","No Special Feature","Coarse Asphalt","Piedmont","Urban","30 - 35  MPH","Missing","Clear","No","0.0, 0.0",0,0
"3600",656,657,"Yes","16-19",19,"No","Not Applicable","C: Possible Injury","Non-Roadway","White","Female","Hendersonville","Henderson","No","01-01-05","2008-08-08","Loss of Control / Turning Error",20,"Non-Intersection","01-08-01","0001-01-01T15:14:58-04:56","Bicyclist Lost Control - Mechanical Problems",363121,2008,"C: Possible Injury","Residential","25-29",29,"No","0-5 mph","O: No Injury","Hispanic","Male","Passenger Car","No","No","Dusk","Urban (>70% Developed)","2 lanes",2,"Straight - Hillcrest","Local Street","Dry","Two-Way, Not Divided","None","No Special Feature","Smooth Asphalt","Mountains","Urban","30 - 35  MPH","Missing","Clear","No","0.0, 0.0",0,0
"3601",588,589,"Yes","50-59",55,"No","Facing Traffic","B: Evident Injury","Travel Lane","White","Male","Nags Head","Dare","No","01-01-06","2010-06-12","Bicyclist Failed to Yield - Signalized Intersection",21,"Intersection","01-06-01","0001-01-01T16:30:58-04:56","Bicyclist Ride Through - Signalized Intersection",0,2010,"B: Evident Injury","Commercial","30-39",31,"No","6-10 mph","O: No Injury","White","Male","Sport Utility","No","No","Dark - Lighted Roadway","Mixed (30% To 70% Developed)","5 lanes",2,"Straight - Level","US Route","Dry","Two-Way, Divided, Unprotected Median","None","Four-Way Intersection","Coarse Asphalt","Coastal","Rural","50 - 55  MPH","Stop And Go Signal","Clear","No","35.98032, -75.64229",-75.64229,35.98032
"3602",591,592,"Yes","40-49",42,"No","With Traffic","C: Possible Injury","Travel Lane","White","Male","None - Rural Crash","Warren","No","01-01-07","2010-08-08","Motorist Overtaking Bicyclist",13,"Non-Intersection","01-08-01","0001-01-01T08:31:58-04:56","Motorist Overtaking - Misjudged Space",0,2010,"C: Possible Injury","Farms, Woods, Pastures","70+",NA,"No","16-20 mph","O: No Injury","White","Male","Passenger Car","No","No","Daylight","Rural (<30% Developed)","2 lanes",2,"Straight - Level","NC Route","Dry","Two-Way, Not Divided","None","No Special Feature","Smooth Asphalt","Piedmont","Rural","50 - 55  MPH","Double Yellow Line, No Passing Zone","Clear","No","36.534992, -77.9383",-77.9383,36.534992
"3603",592,593,"No","16-19",16,"No","With Traffic","O: No Injury","Travel Lane","White","Male","None - Rural Crash","Dare","No","01-01-05","2010-08-27","Bicyclist Left Turn / Merge",11,"Intersection-Related","01-08-01","0001-01-01T06:53:58-04:56","Bicyclist Left Turn - Opposite Direction",0,2010,"O: No Injury","Residential","60-69",60,"No","26-30 mph","O: No Injury","White","Male","Passenger Car","No","No","Daylight","Rural (<30% Developed)","2 lanes",2,"Curve - Level","NC Route","Dry","Two-Way, Not Divided","None","T-Intersection","Smooth Asphalt","Coastal","Rural","30 - 35  MPH","Double Yellow Line, No Passing Zone","Cloudy","No","35.216343, -75.67117",-75.67117,35.216343
"3604",594,595,"No","50-59",51,"No","Facing Traffic","O: No Injury","Travel Lane","White","Male","Lumberton","Robeson","No","01-01-06","2010-08-28","Crossing Paths - Other Circumstances",19,"Intersection","01-08-01","0001-01-01T14:04:58-04:56","Signalized Intersection - Other /",0,2010,"O: No Injury","Commercial","50-59",52,"No","0-5 mph","O: No Injury","White","Male","Passenger Car","No","No","Daylight","Urban (>70% Developed)","7 lanes",2,"Straight - Level","Local Street","Dry","Two-Way, Not Divided","None","No Special Feature","Coarse Asphalt","Coastal","Urban","40 - 45  MPH","Stop And Go Signal","Clear","No","34.66019, -78.99999",-78.99999,34.66019
"3605",598,599,"Yes","16-19",17,"No","Facing Traffic","B: Evident Injury","Bike Lane / Paved Shoulder","Other","Male","Charlotte","Mecklenburg","No","01-01-05","2010-08-20","Motorist Left Turn / Merge",18,"Intersection","01-08-01","0001-01-01T13:50:58-04:56","Motorist Left Turn - Opposite Direction",0,2010,"B: Evident Injury","Commercial","50-59",55,"No","6-10 mph","O: No Injury","Black","Female","Passenger Car","No","No","Daylight","Urban (>70% Developed)","2 lanes",2,"Straight - Level","Local Street","Dry","One-Way, Not Divided","None","Four-Way Intersection","Smooth Asphalt","Piedmont","Urban","30 - 35  MPH","Stop And Go Signal","Clear","No","35.201958, -80.84483",-80.84483,35.201958
"3606",599,600,"No","15-Nov",14,"No","With Traffic","C: Possible Injury","Travel Lane","White","Male","None - Rural Crash","Henderson","No","01-01-02","2010-08-10","Bicyclist Left Turn / Merge",14,"Intersection","01-08-01","0001-01-01T09:05:58-04:56","Bicyclist Left Turn - Same Direction",0,2010,"C: Possible Injury","Residential","70+",NA,"No","16-20 mph","O: No Injury","White","Male","Sport Utility","No","No","Daylight","Urban (>70% Developed)","2 lanes",2,"Straight - Bottom","State Secondary Route","Dry","Two-Way, Not Divided","None","T-Intersection","Coarse Asphalt","Mountains","Rural","30 - 35  MPH","Double Yellow Line, No Passing Zone","Clear","No","35.297092, -82.4799",-82.4799,35.297092
"3607",601,602,"No","25-29",25,"Yes","With Traffic","O: No Injury","Bike Lane / Paved Shoulder","White","Male","Greenville","Pitt","Yes","01-01-02","2010-08-17","Bicyclist Overtaking Motorist",3,"Non-Intersection","01-08-01","0000-12-31T22:03:58-04:56","Bicyclist Overtaking - Parked Vehicle",0,2010,"O: No Injury","Residential","",NA,"Missing","","Injury","/Missing","","Police","No","No","Dark - Lighted Roadway","Urban (>70% Developed)","2 lanes",2,"Straight - Level","Local Street","Dry","Two-Way, Divided, Unprotected Median","None","No Special Feature","Smooth Asphalt","Coastal","Urban","20 - 25  MPH","No Control Present","Clear","No","35.607113, -77.361725",-77.361725,35.607113
"3608",603,604,"Yes","40-49",41,"No","With Traffic","B: Evident Injury","Travel Lane","White","Male","Davidson","Mecklenburg","No","01-01-04","2010-08-19","Bicyclist Right Turn / Merge",16,"Intersection","01-08-01","0001-01-01T11:56:58-04:56","Bicyclist Right Turn - Same Direction",0,2010,"B: Evident Injury","Farms, Woods, Pastures","30-39",34,"No","16-20 mph","O: No Injury","Black","Male","Single Unit Truck (2-Axle, 6-Tire)","No","No","Daylight","Rural (<30% Developed)","2 lanes",2,"Straight - Grade","Local Street","Dry","Two-Way, Not Divided","None","No Special Feature","Smooth Asphalt","Piedmont","Urban","40 - 45  MPH","No Control Present","Clear","No","35.473053, -80.79339",-80.79339,35.473053
"3609",604,605,"Yes","15-Nov",14,"No","With Traffic","B: Evident Injury","Travel Lane","Black","Male","Hickory","Catawba","No","01-01-07","2010-08-22","Bicyclist Failed to Yield - Signalized Intersection",12,"Intersection","01-08-01","0001-01-01T07:44:58-04:56","Bicyclist Ride Through - Signalized Intersection",0,2010,"B: Evident Injury","Residential","30-39",38,"No","21-25 mph","O: No Injury","White","Male","Passenger Car","No","No","Daylight","Urban (>70% Developed)","2 lanes",2,"Straight - Grade","Local Street","Dry","Two-Way, Not Divided","None","Four-Way Intersection","Smooth Asphalt","Piedmont","Urban","20 - 25  MPH","Stop Sign","Clear","No","35.720005, -81.3386",-81.3386,35.720005
"3610",607,608,"Yes","16-19",18,"No","With Traffic","C: Possible Injury","Travel Lane","Black","Male","Southern Pines","Moore","No","01-01-05","2010-08-13","Motorist Overtaking Bicyclist",12,"Non-Intersection","01-08-01","0001-01-01T07:49:58-04:56","Motorist Overtaking - Misjudged Space",0,2010,"C: Possible Injury","Commercial","20-24",20,"No","16-20 mph","O: No Injury","Black","Female","Passenger Car","No","No","Daylight","Urban (>70% Developed)","2 lanes",2,"Straight - Level","Local Street","Dry","Two-Way, Not Divided","None","No Special Feature","Smooth Asphalt","Piedmont","Urban","30 - 35  MPH","No Control Present","Clear","No","35.16853, -79.40715",-79.40715,35.16853
"3611",610,611,"No","70+",NA,"No","With Traffic","B: Evident Injury","Travel Lane","White","Male","Charlotte","Mecklenburg","No","01-01-03","2010-08-25","Motorist Right Turn / Merge",9,"Intersection","01-08-01","0001-01-01T04:22:58-04:56","Motorist Right Turn - Same Direction",0,2010,"B: Evident Injury","Commercial","40-49",46,"No","","O: No Injury","White","Male","Passenger Car","No","No","Daylight","Urban (>70% Developed)","6 lanes",2,"Straight - Level","Local Street","Dry","Two-Way, Not Divided","None","T-Intersection","Smooth Asphalt","Piedmont","Urban","20 - 25  MPH","Stop Sign","Cloudy","No","35.17393, -80.803505",-80.803505,35.17393
"3612",615,616,"Yes","25-29",29,"No","With Traffic","B: Evident Injury","Bike Lane / Paved Shoulder","White","Male","Grimesland","Pitt","No","01-01-03","2010-09-01","Parallel Paths - Other Circumstances",8,"Non-Intersection","01-09-01","0001-01-01T03:05:58-04:56","Bicyclist Ride Out - Parallel Path",0,2010,"B: Evident Injury","Residential","30-39",36,"No","56-60 mph","O: No Injury","White","Male","Passenger Car","No","No","Daylight","Mixed (30% To 70% Developed)","2 lanes",2,"Straight - Level","NC Route","Dry","Two-Way, Not Divided","None","No Special Feature","Smooth Asphalt","Coastal","Rural","30 - 35  MPH","Double Yellow Line, No Passing Zone","Clear","No","35.56752, -77.199814",-77.199814,35.56752
"3613",622,623,"No","10-Jun",8,"No","Not Applicable","C: Possible Injury","Travel Lane","White","Male","Cary","Wake","No","01-01-04","2010-09-02","Non-Roadway",18,"Non-Roadway","01-09-01","0001-01-01T13:33:58-04:56","Non-Roadway",0,2010,"C: Possible Injury","Residential","30-39",31,"No","0-5 mph","O: No Injury","White","Male","Motorcycle","No","No","Daylight","Urban (>70% Developed)","2 lanes",2,"Straight - Level","Local Street","Dry","Two-Way, Not Divided","None","Driveway, Public","Smooth Asphalt","Piedmont","Urban","20 - 25  MPH","No Control Present","Clear","No","35.701717, -78.79691",-78.79691,35.701717
"3614",623,624,"Yes","50-59",55,"No","With Traffic","Injury","Travel Lane","White","Male","Weldon","Halifax","No","01-01-06","2010-09-04","Motorist Overtaking Bicyclist",7,"Non-Intersection","01-09-01","0001-01-01T02:48:58-04:56","Motorist Overtaking - Other /",0,2010,"Injury","Farms, Woods, Pastures","70+",NA,"No","41-45 mph","Injury","Black","Male","Passenger Car","No","Yes","Daylight","Mixed (30% To 70% Developed)","2 lanes",5,"Straight - Level","","Dry","Two-Way, Divided, Unprotected Median","None","No Special Feature","Concrete","Coastal","Rural","40 - 45  MPH","No Control Present","Clear","No","36.41299, -77.60735",-77.60735,36.41299
"3615",630,631,"No","30-39",39,"No","Facing Traffic","C: Possible Injury","Sidewalk / Crosswalk / Driveway Crossing","Black","Male","Fayetteville","Cumberland","No","01-01-03","2010-09-01","Motorist Failed to Yield - Sign-Controlled Intersection",9,"Intersection","01-09-01","0001-01-01T05:02:58-04:56","Motorist Drive Out - Sign-Controlled Intersection",0,2010,"C: Possible Injury","Commercial","25-29",27,"No","","O: No Injury","Hispanic","Female","Pickup","No","No","Daylight","Urban (>70% Developed)","2 lanes",2,"Straight - Level","Local Street","Dry","Two-Way, Not Divided","None","No Special Feature","Coarse Asphalt","Coastal","Urban","","Stop Sign","Clear","No","35.048595, -78.93781",-78.93781,35.048595
"3616",632,633,"Yes","",NA,"Yes","With Traffic","B: Evident Injury","Travel Lane","Hispanic","Male","Williamston","Martin","Yes","01-01-02","2010-08-31","Motorist Overtaking Bicyclist",22,"Non-Intersection","01-08-01","0001-01-01T17:39:58-04:56","Motorist Overtaking - Other /",0,2010,"B: Evident Injury","Commercial","40-49",40,"No","51-55 mph","O: No Injury","White","Male","Truck/Trailer","No","No","Dark - Lighted Roadway","Mixed (30% To 70% Developed)","4 lanes",2,"Straight - Level","US Route","Dry","Two-Way, Divided, Positive Median Barrier","None","No Special Feature","Smooth Asphalt","Coastal","Urban","40 - 45  MPH","No Control Present","Clear","No","35.85214, -77.04666",-77.04666,35.85214
"3617",654,655,"No","50-59",53,"No","With Traffic","C: Possible Injury","Travel Lane","White","Male","Chapel Hill","Orange","No","01-01-03","2010-09-08","Bicyclist Overtaking Motorist",17,"Non-Intersection","01-09-01","0001-01-01T12:42:58-04:56","Bicyclist Overtaking - Extended Door",0,2010,"C: Possible Injury","Commercial","40-49",42,"No","","O: No Injury","White","Female","Passenger Car","No","No","Daylight","Urban (>70% Developed)","4 lanes",2,"Straight - Level","Local Street","Dry","Two-Way, Not Divided","None","No Special Feature","Smooth Asphalt","Piedmont","Urban","20 - 25  MPH","Double Yellow Line, No Passing Zone","Cloudy","No","35.911987, -79.05895",-79.05895,35.911987
"3618",664,665,"Yes","40-49",44,"No","Facing Traffic","B: Evident Injury","Travel Lane","Hispanic","Male","Leland","Brunswick","No","01-01-06","2010-08-28","Head-On",20,"Non-Intersection","01-08-01","0001-01-01T15:41:58-04:56","Head-On - Bicyclist",0,2010,"B: Evident Injury","Residential","",NA,"Missing","41-45 mph","Injury","/Missing","","","No","Yes","Dark - Roadway Not Lighted","Urban (>70% Developed)","2 lanes",2,"Straight - Level","Local Street","Dry","Two-Way, Not Divided","None","No Special Feature","Smooth Asphalt","Coastal","Rural","40 - 45  MPH","No Control Present","Clear","No","34.23629, -78.01352",-78.01352,34.23629
"3619",153,154,"Yes","30-39",36,"No","With Traffic","B: Evident Injury","Travel Lane","White","Female","Southern Pines","Moore","No","","2010-04-12","Motorist Overtaking Bicyclist",19,"Non-Intersection","01-04-01","0001-01-01T14:28:58-04:56","Motorist Overtaking - Other /",0,2010,"B: Evident Injury","Residential","",NA,"No","","Injury","/Missing","","","No","Yes","Daylight","Urban (>70% Developed)","2 lanes",2,"Straight - Level","Local Street","Dry","Two-Way, Not Divided","None","No Special Feature","Coarse Asphalt","Piedmont","Urban","30 - 35  MPH","No Control Present","Clear","No","35.176647, -79.40921",-79.40921,35.176647
"3620",169,170,"Yes","50-59",55,"Yes","With Traffic","K: Killed","Travel Lane","Black","Male","None - Rural Crash","Franklin","Yes","01-01-05","2010-04-23","Loss of Control / Turning Error",23,"Intersection","01-04-01","0001-01-01T18:38:58-04:56","Bicyclist Turning Error - Left Turn",0,2010,"K: Killed","Farms, Woods, Pastures","30-39",31,"No","41-45 mph","O: No Injury","Black","Female","Passenger Car","No","No","Dark - Roadway Not Lighted","Rural (<30% Developed)","2 lanes",2,"Straight - Level","NC Route","Dry","Two-Way, Not Divided","None","T-Intersection","Smooth Asphalt","Piedmont","Rural","50 - 55  MPH","Double Yellow Line, No Passing Zone","Cloudy","No","35.90063, -78.26607",-78.26607,35.90063
"3621",505,506,"Yes","70+",NA,"No","With Traffic","K: Killed","Travel Lane","Black","Male","None - Rural Crash","Gates","No","01-01-04","2008-07-10","Bicyclist Failed to Yield - Sign-Controlled Intersection",17,"Intersection","01-07-01","0001-01-01T12:28:58-04:56","Bicyclist Ride Out - Sign-Controlled Intersection",111142,2008,"K: Killed","Residential","25-29",27,"No","51-55 mph","O: No Injury","White","Male","Pickup","No","No","Daylight","Mixed (30% To 70% Developed)","2 lanes",2,"Straight - Level","State Secondary Route","Dry","Two-Way, Not Divided","None","T-Intersection","Coarse Asphalt","Coastal","Rural","50 - 55  MPH","Stop Sign","Clear","No","0.0, 0.0",0,0