"","FID","OBJECTID","AmbulanceR","BikeAge_Gr","Bike_Age","Bike_Alc_D","Bike_Dir","Bike_Injur","Bike_Pos","Bike_Race","Bike_Sex","City","County","CrashAlcoh","CrashDay","Crash_Date","Crash_Grp","Crash_Hour","Crash_Loc","Crash_Mont","Crash_Time","Crash_Type","Crash_Ty_1","Crash_Year","Crsh_Sevri","Developmen","DrvrAge_Gr","Drvr_Age","Drvr_Alc_D","Drvr_EstSp","Drvr_Injur","Drvr_Race","Drvr_Sex","Drvr_VehTy","ExcsSpdInd","Hit_Run","Light_Cond","Locality","Num_Lanes","Num_Units","Rd_Charact","Rd_Class","Rd_Conditi","Rd_Config","Rd_Defects","Rd_Feature","Rd_Surface","Region","Rural_Urba","Speed_Limi","Traff_Cntr","Weather","Workzone_I","Location","locx","locy"
"3622",506,507,"No","50-59",53,"No","With Traffic","B: Evident Injury","Travel Lane","White","Male","Wrightsville Beach","New Hanover","No","01-01-04","2008-07-10","Bicyclist Failed to Yield - Sign-Controlled Intersection",11,"Intersection","01-07-01","0001-01-01T06:45:58-04:56","Bicyclist Ride Through - Sign-Controlled Intersection",111144,2008,"B: Evident Injury","Commercial","25-29",27,"No","6-10 mph","O: No Injury","White","Male","Police","No","No","Daylight","Urban (>70% Developed)","2 lanes",2,"Straight - Level","State Secondary Route","Dry","Two-Way, Not Divided","None","Four-Way Intersection","Smooth Asphalt","Coastal","Rural","20 - 25  MPH","Stop Sign","Cloudy","No","0.0, 0.0",0,0
"3623",508,509,"Yes","15-Nov",13,"No","With Traffic","A: Disabling Injury","Travel Lane","Black","Male","Smithfield","Johnston","No","01-01-05","2008-07-11","Bicyclist Failed to Yield - Sign-Controlled Intersection",14,"Intersection","01-07-01","0001-01-01T09:41:58-04:56","Bicyclist Ride Through - Sign-Controlled Intersection",111144,2008,"A: Disabling Injury","Residential","",NA,"Missing","21-25 mph","Injury","/Missing","","Passenger Car","No","Yes","Daylight","Urban (>70% Developed)","2 lanes",2,"Curve - Grade","Local Street","Wet","Two-Way, Not Divided","None","T-Intersection","Coarse Asphalt","Coastal","Urban","20 - 25  MPH","Stop Sign","Clear","No","0.0, 0.0",0,0
"3624",518,519,"Yes","40-49",46,"No","With Traffic","O: No Injury","Travel Lane","Black","Male","Durham","Durham","No","","2008-08-11","Bicyclist Left Turn / Merge",19,"Non-Intersection","01-08-01","0001-01-01T14:09:58-04:56","Bicyclist Left Turn - Same Direction",311221,2008,"O: No Injury","Commercial","60-69",64,"No","26-30 mph","O: No Injury","Black","Female","Passenger Car","No","No","Daylight","Urban (>70% Developed)","2 lanes",2,"Straight - Level","Local Street","Dry","Two-Way, Not Divided","None","No Special Feature","Smooth Asphalt","Piedmont","Urban","30 - 35  MPH","No Control Present","Clear","No","0.0, 0.0",0,0
"3625",520,521,"Yes","15-Nov",13,"No","Not Applicable","A: Disabling Injury","Driveway / Alley","White","Male","None - Rural Crash","Madison","No","01-01-03","2008-07-16","Bicyclist Failed to Yield - Midblock",19,"Non-Intersection","01-07-01","0001-01-01T14:33:58-04:56","Bicyclist Ride Out - Residential Driveway",353311,2008,"A: Disabling Injury","Farms, Woods, Pastures","30-39",35,"No","36-40 mph","O: No Injury","White","Female","Passenger Car","No","No","Daylight","Rural (<30% Developed)","2 lanes",2,"Curve - Level","NC Route","Dry","Two-Way, Not Divided","None","Y-Intersection","Smooth Asphalt","Mountains","Rural","40 - 45  MPH","Double Yellow Line, No Passing Zone","Clear","No","0.0, 0.0",0,0
"3626",526,527,"Yes","40-49",44,"No","With Traffic","A: Disabling Injury","Travel Lane","White","Male","Charlotte","Mecklenburg","No","01-01-05","2008-08-15","Crossing Paths - Other Circumstances",19,"Intersection","01-08-01","0001-01-01T14:37:58-04:56","Signalized Intersection - Other /",111158,2008,"A: Disabling Injury","Commercial","0-19",19,"No","31-35 mph","O: No Injury","Black","Female","Passenger Car","Yes","No","Daylight","Urban (>70% Developed)","4 lanes",2,"Straight - Level","Local Street","Wet","Two-Way, Divided, Unprotected Median","None","No Special Feature","Smooth Asphalt","Piedmont","Urban","30 - 35  MPH","Stop And Go Signal","Cloudy","No","0.0, 0.0",0,0
"3627",532,533,"Yes","20-24",20,"No","With Traffic","C: Possible Injury","Travel Lane","White","Male","None - Rural Crash","Pasquotank","No","01-01-03","2008-08-06","Motorist Overtaking Bicyclist",0,"Non-Intersection","01-08-01","0000-12-31T19:20:58-04:56","Motorist Overtaking - Other /",311239,2008,"C: Possible Injury","Farms, Woods, Pastures","",NA,"Missing","","Injury","/Missing","","Pickup","No","Yes","Dark - Roadway Not Lighted","Rural (<30% Developed)","2 lanes",2,"Straight - Level","State Secondary Route","Dry","Two-Way, Not Divided","None","No Special Feature","Coarse Asphalt","Coastal","Rural","","Double Yellow Line, No Passing Zone","Clear","No","0.0, 0.0",0,0
"3628",534,535,"No","",NA,"Missing","With Traffic","Injury","Bike Lane / Paved Shoulder","/Missing","","None - Rural Crash","Durham","No","01-01-05","2008-07-18","Motorist Failed to Yield - Sign-Controlled Intersection",15,"Intersection","01-07-01","0001-01-01T10:48:58-04:56","Motorist Drive Out - Sign-Controlled Intersection",121141,2008,"Injury","Commercial","40-49",43,"No","","Injury","/Missing","","Pedalcycle","No","Yes","Daylight","Rural (<30% Developed)","2 lanes",2,"Curve - Bottom","State Secondary Route","Dry","Two-Way, Divided, Unprotected Median","None","T-Intersection","Smooth Asphalt","Piedmont","Rural","","Stop Sign","Cloudy","No","0.0, 0.0",0,0
"3629",537,538,"No","40-49",43,"No","With Traffic","O: No Injury","Bike Lane / Paved Shoulder","White","Female","Emerald Isle","Carteret","No","01-01-06","2008-07-19","Motorist Right Turn / Merge",10,"Non-Intersection","01-07-01","0001-01-01T05:03:58-04:56","Motorist Right Turn - Same Direction",321213,2008,"O: No Injury","Commercial","40-49",40,"No","0-5 mph","O: No Injury","White","Male","Light Truck (Mini-Van, Panel)","No","No","Daylight","Urban (>70% Developed)","3 lanes",2,"Straight - Level","NC Route","Dry","Two-Way, Divided, Unprotected Median","None","Driveway, Public","Coarse Asphalt","Coastal","Rural","30 - 35  MPH","No Control Present","Clear","No","0.0, 0.0",0,0
"3630",542,543,"Yes","50-59",57,"Yes","Facing Traffic","B: Evident Injury","Sidewalk / Crosswalk / Driveway Crossing","White","Male","Charlotte","Mecklenburg","Yes","","2008-08-18","Crossing Paths - Other Circumstances",23,"Intersection","01-08-01","0001-01-01T18:58:58-04:56","Signalized Intersection - Other /",132158,2008,"B: Evident Injury","Commercial","20-24",24,"No","0-5 mph","O: No Injury","White","Male","Passenger Car","No","No","Dark - Lighted Roadway","Urban (>70% Developed)","7 lanes",2,"Straight - Level","NC Route","Dry","Two-Way, Divided, Unprotected Median","None","Four-Way Intersection","Smooth Asphalt","Piedmont","Urban","40 - 45  MPH","Stop And Go Signal","Clear","No","0.0, 0.0",0,0
"3631",553,554,"No","16-19",17,"No","With Traffic","B: Evident Injury","Sidewalk / Crosswalk / Driveway Crossing","White","Male","Charlotte","Mecklenburg","No","","2008-08-04","Motorist Failed to Yield - Midblock",15,"Non-Intersection","01-08-01","0001-01-01T10:32:58-04:56","Motorist Drive Out - Commercial Driveway / Alley",331322,2008,"B: Evident Injury","Commercial","25-29",28,"No","0-5 mph","O: No Injury","White","Male","Van","No","No","Daylight","Urban (>70% Developed)","",2,"Straight - Level","Local Street","Dry","One-Way, Not Divided","None","No Special Feature","Concrete","Piedmont","Urban","5 - 15 MPH","Missing","Clear","No","0.0, 0.0",0,0
"3632",557,558,"Yes","20-24",22,"No","With Traffic","B: Evident Injury","Travel Lane","White","Female","Asheville","Buncombe","No","01-01-04","2008-07-24","Motorist Overtaking Bicyclist",6,"Non-Intersection","01-07-01","0001-01-01T01:58:58-04:56","Motorist Overtaking - Undetected Bicyclist",311231,2008,"B: Evident Injury","Commercial","25-29",25,"No","41-45 mph","O: No Injury","White","Male","Passenger Car","No","No","Daylight","Urban (>70% Developed)","5 lanes",2,"Straight - Grade","US Route","Dry","Two-Way, Not Divided","None","No Special Feature","Smooth Asphalt","Mountains","Urban","40 - 45  MPH","No Control Present","Clear","No","0.0, 0.0",0,0
"3633",561,562,"No","15-Nov",11,"No","With Traffic","C: Possible Injury","Travel Lane","Black","Male","New Bern","Craven","No","01-01-05","2008-07-25","Bicyclist Overtaking Motorist",19,"Non-Intersection","01-07-01","0001-01-01T14:09:58-04:56","Bicyclist Overtaking - Other /",311249,2008,"C: Possible Injury","Residential","30-39",33,"No","6-10 mph","O: No Injury","White","Female","Passenger Car","No","No","Daylight","Urban (>70% Developed)","2 lanes",2,"Straight - Level","Local Street","Dry","Two-Way, Not Divided","None","No Special Feature","Smooth Asphalt","Coastal","Urban","5 - 15 MPH","Missing","Clear","No","0.0, 0.0",0,0
"3634",562,563,"Yes","30-39",32,"Yes","With Traffic","B: Evident Injury","Travel Lane","Hispanic","Male","None - Rural Crash","Brunswick","Yes","01-01-06","2008-07-26","Head-On",1,"Non-Intersection","01-07-01","0000-12-31T20:32:58-04:56","Head-On -",311259,2008,"B: Evident Injury","Commercial","",NA,"Missing","41-45 mph","Injury","/Missing","","","No","Yes","Dark - Roadway Not Lighted","Mixed (30% To 70% Developed)","3 lanes",2,"Straight - Level","NC Route","Dry","Two-Way, Not Divided","None","No Special Feature","Smooth Asphalt","Coastal","Rural","40 - 45  MPH","Double Yellow Line, No Passing Zone","Cloudy","No","0.0, 0.0",0,0
"3635",565,566,"No","40-49",42,"No","With Traffic","C: Possible Injury","Travel Lane","White","Male","Charlotte","Mecklenburg","No","01-01-05","2008-08-22","Crossing Paths - Other Circumstances",10,"Intersection","01-08-01","0001-01-01T05:30:58-04:56","Sign-Controlled Intersection - Other /",111148,2008,"C: Possible Injury","Residential","40-49",45,"No","0-5 mph","O: No Injury","Black","Female","Sport Utility","No","No","Daylight","Urban (>70% Developed)","3 lanes",2,"Straight - Level","Local Street","Dry","Two-Way, Not Divided","None","T-Intersection","Smooth Asphalt","Piedmont","Urban","30 - 35  MPH","Stop Sign","Cloudy","No","0.0, 0.0",0,0
"3636",571,572,"No","15-Nov",14,"No","With Traffic","Injury","Travel Lane","White","Male","Carolina Beach","New Hanover","No","01-01-02","2008-07-29","Motorist Failed to Yield - Sign-Controlled Intersection",2,"Intersection","01-07-01","0000-12-31T21:28:58-04:56","Motorist Drive Out - Sign-Controlled Intersection",111141,2008,"Injury","Residential","",NA,"Missing","0-5 mph","Injury","/Missing","","","No","Yes","Daylight","Urban (>70% Developed)","4 lanes",2,"Straight - Level","Local Street","Dry","Two-Way, Not Divided","None","No Special Feature","Smooth Asphalt","Coastal","Urban","20 - 25  MPH","Stop Sign","Clear","No","0.0, 0.0",0,0
"3637",574,575,"Yes","50-59",53,"Yes","With Traffic","A: Disabling Injury","Sidewalk / Crosswalk / Driveway Crossing","Black","Male","Wilmington","New Hanover","Yes","01-01-03","2008-07-30","Motorist Failed to Yield - Sign-Controlled Intersection",17,"Intersection","01-07-01","0001-01-01T12:22:58-04:56","Motorist Drive Out - Sign-Controlled Intersection",131141,2008,"A: Disabling Injury","Residential","40-49",44,"No","0-5 mph","O: No Injury","Black","Male","Sport Utility","No","No","Daylight","Urban (>70% Developed)","4 lanes",2,"Straight - Level","Local Street","Dry","One-Way, Not Divided","None","Four-Way Intersection","Smooth Asphalt","Coastal","Urban","30 - 35  MPH","Stop Sign","Clear","No","0.0, 0.0",0,0
"3638",580,581,"Yes","40-49",47,"No","Facing Traffic","B: Evident Injury","Sidewalk / Crosswalk / Driveway Crossing","White","Female","High Point","Guilford","No","01-01-05","2008-08-01","Crossing Paths - Other Circumstances",6,"Intersection","01-08-01","0001-01-01T01:51:58-04:56","Signalized Intersection - Other /",132158,2008,"B: Evident Injury","Commercial","25-29",28,"No","16-20 mph","O: No Injury","Black","Female","Passenger Car","No","No","Daylight","Urban (>70% Developed)","7 lanes",2,"Straight - Level","Local Street","Dry","Two-Way, Not Divided","None","Four-Way Intersection","Coarse Asphalt","Piedmont","Urban","30 - 35  MPH","Stop And Go Signal","Clear","No","0.0, 0.0",0,0
"3639",583,584,"Yes","50-59",58,"No","With Traffic","B: Evident Injury","Travel Lane","White","Male","None - Rural Crash","Pitt","No","01-01-03","2008-07-30","Motorist Overtaking Bicyclist",8,"Non-Intersection","01-07-01","0001-01-01T03:23:58-04:56","Motorist Overtaking - Other /",311239,2008,"B: Evident Injury","Residential","70+",NA,"No","21-25 mph","O: No Injury","White","Male","Pickup","No","No","Daylight","Mixed (30% To 70% Developed)","2 lanes",2,"Straight - Hillcrest","State Secondary Route","Dry","Two-Way, Not Divided","None","No Special Feature","Coarse Asphalt","Coastal","Rural","40 - 45  MPH","Double Yellow Line, No Passing Zone","Cloudy","No","0.0, 0.0",0,0
"3640",586,587,"No","50-59",57,"No","With Traffic","O: No Injury","Travel Lane","Black","Male","Durham","Durham","No","01-01-07","2008-08-17","Loss of Control / Turning Error",17,"Intersection","01-08-01","0001-01-01T12:15:58-04:56","Bicyclist Lost Control - Oversteering, Improper Braking, Speed",111122,2008,"O: No Injury","Residential","50-59",58,"No","16-20 mph","O: No Injury","Black","Male","Passenger Car","No","No","Daylight","Urban (>70% Developed)","2 lanes",2,"Straight - Grade","Local Street","Dry","Two-Way, Not Divided","None","No Special Feature","Smooth Asphalt","Piedmont","Urban","30 - 35  MPH","No Control Present","Clear","No","0.0, 0.0",0,0
"3641",591,592,"Yes","40-49",43,"No","With Traffic","C: Possible Injury","Travel Lane","White","Male","Greensboro","Guilford","No","01-01-06","2008-08-02","Loss of Control / Turning Error",9,"Intersection","01-08-01","0001-01-01T04:06:58-04:56","Bicyclist Lost Control - Mechanical Problems",111121,2008,"C: Possible Injury","Residential","0-19",16,"No","","O: No Injury","Black","Female","Passenger Car","No","No","Daylight","Urban (>70% Developed)","2 lanes",2,"Straight - Level","Local Street","Dry","Two-Way, Not Divided","None","Related To Intersection","Smooth Asphalt","Piedmont","Urban","30 - 35  MPH","Stop Sign","Clear","No","0.0, 0.0",0,0
"3642",593,594,"Yes","15-Nov",15,"No","With Traffic","B: Evident Injury","Travel Lane","White","Male","None - Rural Crash","Iredell","No","","2008-08-04","Bicyclist Left Turn / Merge",14,"Non-Intersection","01-08-01","0001-01-01T09:52:58-04:56","Bicyclist Left Turn - Opposite Direction",311222,2008,"B: Evident Injury","Residential","25-29",25,"No","51-55 mph","O: No Injury","White","Male","Pickup","No","No","Daylight","Mixed (30% To 70% Developed)","2 lanes",2,"Straight - Level","State Secondary Route","Dry","Two-Way, Not Divided","None","No Special Feature","Smooth Asphalt","Piedmont","Rural","50 - 55  MPH","Double Yellow Line, No Passing Zone","Clear","No","0.0, 0.0",0,0
"3643",595,596,"Yes","60-69",61,"No","Not Applicable","B: Evident Injury","Non-Roadway","Black","Male","Monroe","Union","No","","2008-08-04","Crossing Paths - Other Circumstances",20,"Intersection-Related","01-08-01","0001-01-01T15:13:58-04:56","Crossing Paths - Uncontrolled Intersection",263160,2008,"B: Evident Injury","Commercial","60-69",63,"No","0-5 mph","O: No Injury","Hispanic","Male","Pickup","No","No","Dusk","Urban (>70% Developed)","3 lanes",2,"Straight - Level","Local Street","Dry","Two-Way, Not Divided","None","Four-Way Intersection","Coarse Asphalt","Piedmont","Urban","30 - 35  MPH","Stop And Go Signal","Clear","No","0.0, 0.0",0,0
"3644",600,601,"Yes","40-49",46,"No","With Traffic","A: Disabling Injury","Travel Lane","Black","Male","Raleigh","Wake","No","01-01-06","2008-08-09","Motorist Overtaking Bicyclist",4,"Non-Intersection","01-08-01","0000-12-31T23:32:58-04:56","Motorist Overtaking - Bicyclist Swerved",311235,2008,"A: Disabling Injury","Commercial","20-24",24,"No","41-45 mph","O: No Injury","Black","Male","Passenger Car","No","No","Dark - Lighted Roadway","Urban (>70% Developed)","6 lanes",2,"Straight - Level","Local Street","Dry","Two-Way, Divided, Positive Median Barrier","None","No Special Feature","Smooth Asphalt","Piedmont","Urban","40 - 45  MPH","No Control Present","Clear","No","0.0, 0.0",0,0
"3645",604,605,"No","40-49",42,"No","With Traffic","B: Evident Injury","Travel Lane","White","Male","Cary","Wake","No","01-01-03","2008-09-03","Motorist Left Turn / Merge",18,"Intersection","01-09-01","0001-01-01T13:03:58-04:56","Motorist Left Turn - Opposite Direction",111212,2008,"B: Evident Injury","Commercial","",NA,"No","","Injury","/Missing","","Passenger Car","No","Yes","Daylight","Mixed (30% To 70% Developed)","2 lanes",2,"Straight - Level","State Secondary Route","Dry","Two-Way, Not Divided","None","Four-Way Intersection","Smooth Asphalt","Piedmont","Urban","40 - 45  MPH","Stop Sign","Clear","No","0.0, 0.0",0,0
"3646",606,607,"Yes","20-24",24,"No","With Traffic","B: Evident Injury","Travel Lane","White","Female","Wilmington","New Hanover","Yes","01-01-06","2008-08-09","Bicyclist Left Turn / Merge",1,"Non-Intersection","01-08-01","0000-12-31T20:03:58-04:56","Bicyclist Left Turn - Same Direction",311221,2008,"B: Evident Injury","Commercial","30-39",38,"Yes","41-45 mph","O: No Injury","White","Male","","No","Yes","Dark - Lighted Roadway","Urban (>70% Developed)","6 lanes",2,"Straight - Level","Local Street","Dry","Two-Way, Divided, Unprotected Median","None","No Special Feature","Coarse Asphalt","Coastal","Urban","40 - 45  MPH","No Control Present","Clear","No","0.0, 0.0",0,0
"3647",619,620,"No","40-49",40,"No","With Traffic","O: No Injury","Sidewalk / Crosswalk / Driveway Crossing","Black","Male","Charlotte","Mecklenburg","No","01-01-06","2008-09-06","Motorist Failed to Yield - Midblock",21,"Non-Intersection","01-09-01","0001-01-01T16:50:58-04:56","Motorist Drive Out - Commercial Driveway / Alley",331322,2008,"O: No Injury","Commercial","30-39",33,"No","6-10 mph","O: No Injury","White","Female","Passenger Car","No","No","Dark - Lighted Roadway","Urban (>70% Developed)","6 lanes",2,"Straight - Level","Local Street","Dry","Two-Way, Divided, Positive Median Barrier","None","No Special Feature","Smooth Asphalt","Piedmont","Urban","40 - 45  MPH","Stop Sign","Clear","No","0.0, 0.0",0,0
"3648",621,622,"Yes","40-49",45,"Yes","Facing Traffic","B: Evident Injury","Travel Lane","White","Male","None - Rural Crash","Dare","Yes","01-01-04","2008-08-14","Head-On",14,"Non-Intersection","01-08-01","0001-01-01T09:13:58-04:56","Head-On - Bicyclist",312250,2008,"B: Evident Injury","Residential","60-69",62,"No","31-35 mph","O: No Injury","White","Male","Passenger Car","No","No","Daylight","Urban (>70% Developed)","2 lanes",2,"Straight - Level","NC Route","Dry","Two-Way, Not Divided","None","No Special Feature","Smooth Asphalt","Coastal","Rural","30 - 35  MPH","Double Yellow Line, No Passing Zone","Clear","No","0.0, 0.0",0,0
"3649",623,624,"Yes","16-19",19,"No","Facing Traffic","C: Possible Injury","Sidewalk / Crosswalk / Driveway Crossing","Hispanic","Male","Durham","Durham","No","01-01-04","2008-09-04","Motorist Failed to Yield - Sign-Controlled Intersection",20,"Intersection","01-09-01","0001-01-01T15:40:58-04:56","Motorist Drive Out - Sign-Controlled Intersection",132141,2008,"C: Possible Injury","Residential","40-49",49,"No","0-5 mph","O: No Injury","White","Male","Passenger Car","No","No","Dark - Lighted Roadway","Urban (>70% Developed)","2 lanes",2,"Straight - Level","Local Street","Dry","Two-Way, Not Divided","None","T-Intersection","Smooth Asphalt","Piedmont","Urban","5 - 15 MPH","Stop Sign","Clear","No","0.0, 0.0",0,0
"3650",630,631,"Yes","20-24",23,"No","Not Applicable","C: Possible Injury","Multi-use Path","White","Female","Carrboro","Orange","No","01-01-04","2008-08-14","Bicyclist Failed to Yield - Sign-Controlled Intersection",8,"Intersection","01-08-01","0001-01-01T04:01:58-04:56","Bicyclist Ride Through - Sign-Controlled Intersection",143144,2008,"C: Possible Injury","Commercial","40-49",48,"No","16-20 mph","O: No Injury","White","Male","Van","No","No","Daylight","Urban (>70% Developed)","2 lanes",2,"Straight - Hillcrest","Local Street","Dry","Two-Way, Not Divided","None","No Special Feature","Smooth Asphalt","Piedmont","Urban","20 - 25  MPH","Stop Sign","Clear","No","0.0, 0.0",0,0
"3651",634,635,"Yes","40-49",45,"No","With Traffic","C: Possible Injury","Travel Lane","White","Male","Durham","Durham","No","01-01-06","2008-08-30","Bicyclist Left Turn / Merge",9,"Intersection-Related","01-08-01","0001-01-01T05:01:58-04:56","Bicyclist Left Turn - Same Direction",211221,2008,"C: Possible Injury","Residential","25-29",25,"No","31-35 mph","O: No Injury","Black","Female","Sport Utility","No","No","Daylight","Urban (>70% Developed)","2 lanes",2,"Straight - Level","Local Street","Dry","Two-Way, Not Divided","None","No Special Feature","Smooth Asphalt","Piedmont","Urban","30 - 35  MPH","No Control Present","Clear","No","0.0, 0.0",0,0
"3652",642,643,"No","50-59",57,"No","Facing Traffic","C: Possible Injury","Sidewalk / Crosswalk / Driveway Crossing","White","Male","Charlotte","Mecklenburg","No","01-01-04","2008-09-11","Motorist Failed to Yield - Sign-Controlled Intersection",12,"Intersection","01-09-01","0001-01-01T07:48:58-04:56","Motorist Drive Out - Sign-Controlled Intersection",132141,2008,"C: Possible Injury","Residential","25-29",29,"No","0-5 mph","O: No Injury","Black","Female","Pickup","No","No","Daylight","Urban (>70% Developed)","2 lanes",2,"Straight - Hillcrest","Local Street","Dry","Two-Way, Divided, Positive Median Barrier","None","T-Intersection","Smooth Asphalt","Piedmont","Urban","5 - 15 MPH","Stop Sign","Cloudy","No","0.0, 0.0",0,0
"3653",643,644,"Yes","30-39",30,"No","Facing Traffic","C: Possible Injury","Sidewalk / Crosswalk / Driveway Crossing","Black","Male","Charlotte","Mecklenburg","No","01-01-03","2008-09-10","Motorist Failed to Yield - Midblock",15,"Non-Intersection","01-09-01","0001-01-01T10:27:58-04:56","Motorist Drive Out - Commercial Driveway / Alley",332322,2008,"C: Possible Injury","Commercial","",NA,"Missing","6-10 mph","Injury","/Missing","","Passenger Car","No","Yes","Daylight","Urban (>70% Developed)","2 lanes",2,"Straight - Level","Local Street","Wet","Two-Way, Not Divided","None","No Special Feature","Coarse Asphalt","Piedmont","Urban","30 - 35  MPH","No Control Present","Cloudy","No","0.0, 0.0",0,0
"3654",644,645,"No","20-24",21,"No","With Traffic","B: Evident Injury","Travel Lane","White","Female","Chapel Hill","Orange","No","","2008-08-18","Bicyclist Overtaking Motorist",14,"Intersection","01-08-01","0001-01-01T09:49:58-04:56","Bicyclist Overtaking - Passing on Right",111241,2008,"B: Evident Injury","Commercial","50-59",54,"No","","O: No Injury","White","Male","Sport Utility","No","No","Daylight","Urban (>70% Developed)","4 lanes",2,"Straight - Level","Local Street","Dry","Two-Way, Not Divided","None","Four-Way Intersection","Smooth Asphalt","Piedmont","Urban","20 - 25  MPH","Stop And Go Signal","Clear","No","0.0, 0.0",0,0
"3655",648,649,"No","40-49",43,"No","Not Applicable","O: No Injury","","Black","Female","Fayetteville","Cumberland","No","01-01-05","2008-08-22","Other /  - Insufficient Details",16,"Non-Intersection","01-08-01","0001-01-01T11:36:58-04:56","Approach Paths",3930970,2008,"O: No Injury","Commercial","40-49",45,"No","6-10 mph","O: No Injury","Black","Male","Passenger Car","No","No","Daylight","Urban (>70% Developed)","5 lanes",2,"Straight - Level","Local Street","Dry","Two-Way, Not Divided","None","No Special Feature","Coarse Asphalt","Coastal","Urban","30 - 35  MPH","No Control Present","Clear","No","0.0, 0.0",0,0
"3656",655,656,"Yes","16-19",19,"Yes","Facing Traffic","B: Evident Injury","Sidewalk / Crosswalk / Driveway Crossing","White","Male","Boone","Watauga","Yes","01-01-02","2008-08-26","Crossing Paths - Other Circumstances",17,"Intersection","01-08-01","0001-01-01T12:14:58-04:56","Signalized Intersection - Other /",132158,2008,"B: Evident Injury","Commercial","",NA,"Missing","26-30 mph","Injury","/Missing","","","No","Yes","Daylight","Urban (>70% Developed)","5 lanes",2,"Straight - Level","Local Street","Wet","Two-Way, Divided, Unprotected Median","None","Four-Way Intersection","Smooth Asphalt","Mountains","Urban","30 - 35  MPH","Stop And Go Signal","Rain","No","0.0, 0.0",0,0
"3657",658,659,"No","40-49",43,"No","With Traffic","C: Possible Injury","Travel Lane","White","Male","Fuquay-Varina","Wake","No","01-01-02","2008-08-05","Motorist Failed to Yield - Sign-Controlled Intersection",14,"Intersection","01-08-01","0001-01-01T09:37:58-04:56","Motorist Drive Out - Sign-Controlled Intersection",111141,2008,"C: Possible Injury","Farms, Woods, Pastures","50-59",53,"No","6-10 mph","O: No Injury","Black","Female","School Bus","No","No","Dusk","Rural (<30% Developed)","2 lanes",2,"Straight - Level","Local Street","Dry","Two-Way, Not Divided","None","T-Intersection","Coarse Asphalt","Piedmont","Urban","40 - 45  MPH","Stop Sign","Clear","No","0.0, 0.0",0,0
"3658",678,679,"No","20-24",21,"No","Not Applicable","C: Possible Injury","","White","Male","Wilmington","New Hanover","No","01-01-05","2008-08-29","Bicyclist Failed to Yield - Midblock",15,"Non-Intersection","01-08-01","0001-01-01T10:24:58-04:56","Multiple Threat - Midblock",393357,2008,"C: Possible Injury","Commercial","50-59",54,"No","6-10 mph","O: No Injury","White","Female","Passenger Car","No","No","Daylight","Urban (>70% Developed)","2 lanes",2,"Straight - Level","Local Street","Dry","Two-Way, Not Divided","None","No Special Feature","Coarse Asphalt","Coastal","Urban","30 - 35  MPH","Missing","Clear","No","0.0, 0.0",0,0
"3659",688,689,"No","25-29",28,"No","With Traffic","B: Evident Injury","Bike Lane / Paved Shoulder","White","Male","Charlotte","Mecklenburg","No","01-01-02","2008-09-23","Motorist Left Turn / Merge",18,"Intersection","01-09-01","0001-01-01T13:33:58-04:56","Motorist Left Turn - Opposite Direction",121212,2008,"B: Evident Injury","Commercial","40-49",40,"No","6-10 mph","O: No Injury","White","Male","Passenger Car","No","No","Daylight","Urban (>70% Developed)","3 lanes",2,"Straight - Grade","Local Street","Dry","Two-Way, Divided, Unprotected Median","None","No Special Feature","Smooth Asphalt","Piedmont","Urban","30 - 35  MPH","No Control Present","Clear","No","0.0, 0.0",0,0
"3660",696,697,"No","16-19",16,"No","Facing Traffic","C: Possible Injury","Sidewalk / Crosswalk / Driveway Crossing","Black","Male","Wilmington","New Hanover","No","","2008-08-25","Motorist Failed to Yield - Sign-Controlled Intersection",11,"Intersection","01-08-01","0001-01-01T06:22:58-04:56","Motorist Drive Out - Sign-Controlled Intersection",132141,2008,"C: Possible Injury","Residential","25-29",25,"No","0-5 mph","Injury","White","Female","Van","No","No","Daylight","Urban (>70% Developed)","2 lanes",2,"Straight - Level","Local Street","Dry","One-Way, Not Divided","None","No Special Feature","Coarse Asphalt","Coastal","Urban","20 - 25  MPH","Missing","Cloudy","No","0.0, 0.0",0,0
"3661",704,705,"Yes","50-59",55,"No","Facing Traffic","C: Possible Injury","Travel Lane","Native American","Male","None - Rural Crash","Robeson","No","01-01-07","2008-09-07","Head-On",22,"Non-Intersection","01-09-01","0001-01-01T17:18:58-04:56","Head-On - Bicyclist",312250,2008,"C: Possible Injury","Farms, Woods, Pastures","",NA,"Missing","51-55 mph","Injury","/Missing","","","No","Yes","Dark - Roadway Not Lighted","Rural (<30% Developed)","2 lanes",2,"Straight - Level","NC Route","Dry","Two-Way, Not Divided","None","No Special Feature","Coarse Asphalt","Coastal","Rural","50 - 55  MPH","No Control Present","Clear","No","0.0, 0.0",0,0
"3662",710,711,"Yes","70+",NA,"No","With Traffic","B: Evident Injury","Travel Lane","White","Male","None - Rural Crash","Lenoir","No","01-01-02","2008-09-09","Motorist Overtaking Bicyclist",8,"Non-Intersection","01-09-01","0001-01-01T03:13:58-04:56","Motorist Overtaking - Other /",311239,2008,"B: Evident Injury","Farms, Woods, Pastures","70+",NA,"No","51-55 mph","O: No Injury","Black","Female","Passenger Car","No","No","Daylight","Rural (<30% Developed)","4 lanes",2,"Straight - Level","US Route","Dry","Two-Way, Divided, Unprotected Median","None","No Special Feature","Coarse Asphalt","Coastal","Rural","50 - 55  MPH","Missing","Fog, Smog, Smoke","No","0.0, 0.0",0,0