"","FID","OBJECTID","AmbulanceR","BikeAge_Gr","Bike_Age","Bike_Alc_D","Bike_Dir","Bike_Injur","Bike_Pos","Bike_Race","Bike_Sex","City","County","CrashAlcoh","CrashDay","Crash_Date","Crash_Grp","Crash_Hour","Crash_Loc","Crash_Mont","Crash_Time","Crash_Type","Crash_Ty_1","Crash_Year","Crsh_Sevri","Developmen","DrvrAge_Gr","Drvr_Age","Drvr_Alc_D","Drvr_EstSp","Drvr_Injur","Drvr_Race","Drvr_Sex","Drvr_VehTy","ExcsSpdInd","Hit_Run","Light_Cond","Locality","Num_Lanes","Num_Units","Rd_Charact","Rd_Class","Rd_Conditi","Rd_Config","Rd_Defects","Rd_Feature","Rd_Surface","Region","Rural_Urba","Speed_Limi","Traff_Cntr","Weather","Workzone_I","Location","locx","locy"
"3663",716,717,"No","60-69",60,"No","With Traffic","B: Evident Injury","Travel Lane","Black","Female","Durham","Durham","No","","2008-07-14","Bicyclist Overtaking Motorist",14,"Non-Intersection","01-07-01","0001-01-01T09:37:58-04:56","Bicyclist Overtaking - Extended Door",311244,2008,"B: Evident Injury","Commercial","",NA,"Missing","0-5 mph","Injury","/Missing","","","No","Yes","Daylight","Urban (>70% Developed)","2 lanes",2,"Straight - Grade","Local Street","Dry","Two-Way, Not Divided","None","No Special Feature","Smooth Asphalt","Piedmont","Urban","20 - 25  MPH","No Control Present","Clear","No","0.0, 0.0",0,0
"3664",719,720,"Yes","15-Nov",14,"No","Not Applicable","B: Evident Injury","Travel Lane","Black","Male","Greensboro","Guilford","No","01-01-04","2008-09-11","Non-Roadway",16,"Non-Roadway","01-09-01","0001-01-01T11:36:58-04:56","Non-Roadway",410910,2008,"B: Evident Injury","Residential","0-19",18,"No","0-5 mph","O: No Injury","White","Male","Sport Utility","No","No","Daylight","Urban (>70% Developed)","",2,"Straight - Grade","Public Vehicular Area","Wet","Two-Way, Not Divided","None","Driveway, Public","Smooth Asphalt","Piedmont","Urban","","Missing","Cloudy","No","0.0, 0.0",0,0
"3665",723,724,"Yes","50-59",51,"No","With Traffic","B: Evident Injury","Bike Lane / Paved Shoulder","White","Male","None - Rural Crash","Cumberland","No","01-01-05","2008-09-12","Parallel Paths - Other Circumstances",23,"Non-Intersection","01-09-01","0001-01-01T18:23:58-04:56","Bicyclist Ride Out - Parallel Path",321225,2008,"B: Evident Injury","Residential","50-59",51,"No","31-35 mph","B: Evident Injury","White","Male","Motorcycle","No","No","Dark - Roadway Not Lighted","Mixed (30% To 70% Developed)","2 lanes",2,"Straight - Level","State Secondary Route","Dry","Two-Way, Not Divided","None","No Special Feature","Smooth Asphalt","Coastal","Rural","30 - 35  MPH","Double Yellow Line, No Passing Zone","Clear","No","0.0, 0.0",0,0
"3666",725,726,"Yes","40-49",46,"No","With Traffic","B: Evident Injury","Travel Lane","White","Male","Wrightsville Beach","New Hanover","No","01-01-05","2008-09-12","Motorist Left Turn / Merge",18,"Non-Intersection","01-09-01","0001-01-01T14:01:58-04:56","Motorist Left Turn - Opposite Direction",311212,2008,"B: Evident Injury","Commercial","0-19",16,"No","6-10 mph","O: No Injury","White","Female","Passenger Car","No","No","Daylight","Urban (>70% Developed)","4 lanes",2,"Straight - Level","Local Street","Dry","Two-Way, Not Divided","None","No Special Feature","Smooth Asphalt","Coastal","Rural","30 - 35  MPH","Missing","Clear","No","0.0, 0.0",0,0
"3667",733,734,"No","16-19",16,"No","Facing Traffic","C: Possible Injury","Sidewalk / Crosswalk / Driveway Crossing","Black","Male","Charlotte","Mecklenburg","No","01-01-05","2008-10-03","Motorist Failed to Yield - Midblock",15,"Non-Intersection","01-10-01","0001-01-01T10:29:58-04:56","Motorist Drive Out - Commercial Driveway / Alley",332322,2008,"C: Possible Injury","Residential","",NA,"Missing","0-5 mph","Injury","/Missing","","Sport Utility","No","Yes","Daylight","Mixed (30% To 70% Developed)","4 lanes",2,"Straight - Grade","Local Street","Dry","Two-Way, Divided, Unprotected Median","None","Driveway, Public","Smooth Asphalt","Piedmont","Urban","40 - 45  MPH","No Control Present","Clear","No","0.0, 0.0",0,0
"3668",735,736,"Yes","16-19",17,"No","Not Applicable","B: Evident Injury","","Black","Male","Vanceboro","Craven","No","01-01-02","2008-09-16","Bicyclist Failed to Yield - Midblock",20,"Non-Intersection","01-09-01","0001-01-01T15:38:58-04:56","Bicyclist Ride Out - Other Midblock",393318,2008,"B: Evident Injury","Commercial","25-29",27,"No","31-35 mph","O: No Injury","White","Male","Pickup","No","No","Dark - Lighted Roadway","Mixed (30% To 70% Developed)","2 lanes",2,"Straight - Level","NC Route","Dry","Two-Way, Not Divided","None","Y-Intersection","Smooth Asphalt","Coastal","Rural","30 - 35  MPH","Double Yellow Line, No Passing Zone","Clear","No","0.0, 0.0",0,0
"3669",738,739,"Yes","25-29",26,"No","With Traffic","B: Evident Injury","Travel Lane","White","Male","Statesville","Iredell","No","01-01-06","2008-09-20","Loss of Control / Turning Error",11,"Intersection-Related","01-09-01","0001-01-01T06:32:58-04:56","Bicyclist Lost Control - Mechanical Problems",211121,2008,"B: Evident Injury","Commercial","25-29",27,"No","","O: No Injury","White","Female","Sport Utility","No","No","Daylight","Urban (>70% Developed)","4 lanes",2,"Straight - Hillcrest","Local Street","Dry","One-Way, Not Divided","None","No Special Feature","Coarse Asphalt","Piedmont","Urban","30 - 35  MPH","Stop And Go Signal","Clear","No","0.0, 0.0",0,0
"3670",739,740,"Yes","60-69",62,"No","With Traffic","C: Possible Injury","Travel Lane","/Missing","Male","Edenton","Chowan","No","01-01-07","2008-09-21","Motorist Left Turn / Merge",7,"Intersection","01-09-01","0001-01-01T02:43:58-04:56","Motorist Left Turn - Opposite Direction",111212,2008,"C: Possible Injury","Residential","60-69",63,"No","11-15 mph","O: No Injury","White","Female","Passenger Car","No","No","Dawn","Rural (<30% Developed)","4 lanes",2,"Straight - Level","Local Street","Dry","Two-Way, Not Divided","None","No Special Feature","Coarse Asphalt","Coastal","Urban","30 - 35  MPH","Stop Sign","Clear","No","0.0, 0.0",0,0
"3671",745,746,"Yes","40-49",40,"No","Facing Traffic","C: Possible Injury","Travel Lane","Black","Male","Asheville","Buncombe","No","01-01-05","2008-09-05","Motorist Failed to Yield - Signalized Intersection",14,"Intersection","01-09-01","0001-01-01T09:53:58-04:56","Motorist Drive Out - Right Turn on Red",112151,2008,"C: Possible Injury","Commercial","60-69",69,"No","0-5 mph","O: No Injury","White","Male","Passenger Car","No","No","Daylight","Urban (>70% Developed)","3 lanes",2,"Straight - Level","Local Street","Dry","Two-Way, Not Divided","None","Four-Way Intersection","Smooth Asphalt","Mountains","Urban","20 - 25  MPH","Stop And Go Signal","Clear","No","0.0, 0.0",0,0
"3672",750,751,"Yes","20-24",21,"No","With Traffic","Injury","Travel Lane","White","Male","Belmont","Gaston","No","01-01-06","2008-09-27","Bicyclist Failed to Yield - Sign-Controlled Intersection",16,"Intersection","01-09-01","0001-01-01T11:48:58-04:56","Bicyclist Ride Through - Sign-Controlled Intersection",111144,2008,"O: No Injury","Residential","30-39",32,"No","31-35 mph","O: No Injury","White","Female","Passenger Car","No","No","Daylight","Urban (>70% Developed)","2 lanes",2,"Straight - Level","Local Street","Dry","Two-Way, Not Divided","None","Related To Intersection","Smooth Asphalt","Piedmont","Urban","30 - 35  MPH","Stop Sign","Clear","No","0.0, 0.0",0,0
"3673",756,757,"Yes","16-19",17,"No","With Traffic","A: Disabling Injury","Travel Lane","White","Male","None - Rural Crash","Onslow","No","01-01-07","2008-09-28","Motorist Overtaking Bicyclist",19,"Non-Intersection","01-09-01","0001-01-01T14:51:58-04:56","Motorist Overtaking - Other /",311239,2008,"A: Disabling Injury","Farms, Woods, Pastures","20-24",22,"No","46-50 mph","O: No Injury","White","Male","Passenger Car","No","No","Daylight","Rural (<30% Developed)","2 lanes",2,"Straight - Level","State Secondary Route","Dry","Two-Way, Not Divided","None","No Special Feature","Coarse Asphalt","Coastal","Rural","50 - 55  MPH","No Control Present","Clear","No","0.0, 0.0",0,0
"3674",771,772,"Yes","40-49",42,"No","Facing Traffic","C: Possible Injury","Sidewalk / Crosswalk / Driveway Crossing","White","Female","Morehead City","Carteret","No","01-01-02","2008-09-30","Motorist Failed to Yield - Sign-Controlled Intersection",16,"Intersection","01-09-01","0001-01-01T11:15:58-04:56","Motorist Drive Out - Sign-Controlled Intersection",132141,2008,"C: Possible Injury","Residential","0-19",17,"No","21-25 mph","O: No Injury","White","Male","Passenger Car","No","No","Daylight","Urban (>70% Developed)","3 lanes",2,"Straight - Level","Local Street","Dry","Two-Way, Divided, Unprotected Median","None","Four-Way Intersection","Smooth Asphalt","Coastal","Urban","20 - 25  MPH","Stop Sign","Clear","No","0.0, 0.0",0,0
"3675",780,781,"Yes","25-29",28,"No","With Traffic","B: Evident Injury","Travel Lane","White","Male","None - Rural Crash","Cumberland","No","01-01-03","2008-10-15","Motorist Failed to Yield - Sign-Controlled Intersection",6,"Intersection","01-10-01","0001-01-01T01:33:58-04:56","Motorist Drive Out - Sign-Controlled Intersection",111141,2008,"B: Evident Injury","Residential","50-59",50,"No","0-5 mph","O: No Injury","White","Male","Pickup","No","No","Dark - Roadway Not Lighted","Mixed (30% To 70% Developed)","2 lanes",2,"Straight - Level","State Secondary Route","Dry","Two-Way, Not Divided","None","T-Intersection","Smooth Asphalt","Coastal","Rural","40 - 45  MPH","Stop Sign","Clear","No","0.0, 0.0",0,0
"3676",787,788,"Yes","20-24",20,"No","Facing Traffic","B: Evident Injury","Sidewalk / Crosswalk / Driveway Crossing","Hispanic","Male","Jacksonville","Onslow","No","01-01-03","2008-10-08","Crossing Paths - Other Circumstances",19,"Intersection","01-10-01","0001-01-01T14:45:58-04:56","Signalized Intersection - Other /",132158,2008,"B: Evident Injury","Residential","50-59",55,"No","0-5 mph","O: No Injury","White","Male","Light Truck (Mini-Van, Panel)","No","No","Dark - Lighted Roadway","Urban (>70% Developed)","2 lanes",2,"Straight - Level","Local Street","Dry","Two-Way, Not Divided","None","Four-Way Intersection","Smooth Asphalt","Coastal","Urban","30 - 35  MPH","Stop And Go Signal","Clear","No","0.0, 0.0",0,0
"3677",789,790,"Yes","30-39",35,"No","Facing Traffic","C: Possible Injury","Sidewalk / Crosswalk / Driveway Crossing","Black","Male","Wilmington","New Hanover","No","","2008-10-06","Motorist Failed to Yield - Midblock",14,"Non-Intersection","01-10-01","0001-01-01T09:11:58-04:56","Motorist Drive Out - Commercial Driveway / Alley",332322,2008,"C: Possible Injury","Commercial","30-39",37,"No","0-5 mph","O: No Injury","Black","Female","Passenger Car","No","No","Daylight","Rural (<30% Developed)","3 lanes",2,"Straight - Level","Private Road, Driveway","Water (Standing, Moving)","Two-Way, Not Divided","None","Driveway, Public","Smooth Asphalt","Coastal","Urban","40 - 45  MPH","No Control Present","Clear","No","0.0, 0.0",0,0
"3678",791,792,"No","50-59",56,"No","With Traffic","B: Evident Injury","Travel Lane","White","Male","Charlotte","Mecklenburg","No","01-01-02","2008-10-21","Motorist Overtaking Bicyclist",23,"Non-Intersection","01-10-01","0001-01-01T18:21:58-04:56","Motorist Overtaking - Other /",311239,2008,"B: Evident Injury","Commercial","",NA,"Missing","41-45 mph","Injury","/Missing","","Pickup","No","Yes","Dark - Lighted Roadway","Urban (>70% Developed)","3 lanes",2,"Straight - Level","Local Street","Dry","Two-Way, Not Divided","None","No Special Feature","Smooth Asphalt","Piedmont","Urban","40 - 45  MPH","No Control Present","Clear","No","0.0, 0.0",0,0
"3679",802,803,"Yes","",NA,"No","With Traffic","C: Possible Injury","Travel Lane","Black","Female","Wilson","Wilson","No","01-01-04","2008-10-02","Crossing Paths - Other Circumstances",20,"Intersection","01-10-01","0001-01-01T15:43:58-04:56","Sign-Controlled Intersection - Other /",111148,2008,"C: Possible Injury","Residential","50-59",57,"No","21-25 mph","O: No Injury","Black","Male","Sport Utility","No","No","Dusk","Urban (>70% Developed)","3 lanes",2,"Straight - Hillcrest","Local Street","Dry","Two-Way, Divided, Unprotected Median","None","No Special Feature","Coarse Asphalt","Coastal","Urban","40 - 45  MPH","Stop Sign","Clear","No","0.0, 0.0",0,0
"3680",804,805,"Yes","25-29",25,"No","Facing Traffic","C: Possible Injury","Travel Lane","White","Female","Wilmington","New Hanover","No","","2008-10-13","Motorist Failed to Yield - Sign-Controlled Intersection",10,"Intersection","01-10-01","0001-01-01T05:47:58-04:56","Motorist Drive Out - Sign-Controlled Intersection",112141,2008,"C: Possible Injury","Commercial","60-69",61,"No","0-5 mph","O: No Injury","White","Male","Passenger Car","No","No","Daylight","Urban (>70% Developed)","5 lanes",2,"Straight - Level","Local Street","Dry","Two-Way, Not Divided","None","T-Intersection","Coarse Asphalt","Coastal","Urban","40 - 45  MPH","Stop Sign","Clear","No","0.0, 0.0",0,0
"3681",806,807,"Yes","40-49",48,"No","With Traffic","O: No Injury","Travel Lane","White","Male","Wilson","Wilson","No","01-01-02","2008-10-14","Motorist Right Turn / Merge",18,"Intersection","01-10-01","0001-01-01T13:55:58-04:56","Motorist Right Turn - Same Direction",111213,2008,"O: No Injury","Residential","25-29",26,"No","6-10 mph","O: No Injury","Black","Female","Passenger Car","No","No","Dark - Lighted Roadway","Mixed (30% To 70% Developed)","2 lanes",2,"Straight - Level","Local Street","Dry","Two-Way, Not Divided","None","T-Intersection","Smooth Asphalt","Coastal","Urban","30 - 35  MPH","Stop Sign","Clear","No","0.0, 0.0",0,0
"3682",808,809,"Yes","30-39",35,"No","Not Applicable","B: Evident Injury","Travel Lane","Black","Male","Fayetteville","Cumberland","No","01-01-06","2008-10-18","Bicyclist Failed to Yield - Midblock",13,"Non-Intersection","01-10-01","0001-01-01T08:50:58-04:56","Bicyclist Ride Out - Midblock -",313319,2008,"B: Evident Injury","Commercial","25-29",25,"No","31-35 mph","O: No Injury","Black","Male","Pickup","No","No","Daylight","Urban (>70% Developed)","7 lanes",2,"Straight - Level","Local Street","Dry","Two-Way, Divided, Unprotected Median","None","Related To Intersection","Smooth Asphalt","Coastal","Urban","50 - 55  MPH","Double Yellow Line, No Passing Zone","Cloudy","No","0.0, 0.0",0,0
"3683",817,818,"No","16-19",16,"No","Facing Traffic","B: Evident Injury","Bike Lane / Paved Shoulder","Black","Male","Raleigh","Wake","Yes","","2008-08-25","Head-On",1,"Non-Intersection","01-08-01","0000-12-31T20:47:58-04:56","Head-On - Bicyclist",322250,2008,"B: Evident Injury","Commercial","30-39",34,"Yes","56-60 mph","O: No Injury","Hispanic","Male","Pickup","Yes","No","Dark - Lighted Roadway","Urban (>70% Developed)","1 lane",2,"Straight - Level","Local Street","Dry","Two-Way, Not Divided","None","No Special Feature","Coarse Asphalt","Piedmont","Urban","30 - 35  MPH","No Control Present","Clear","No","0.0, 0.0",0,0
"3684",822,823,"Yes","15-Nov",13,"No","Facing Traffic","A: Disabling Injury","Travel Lane","Black","Male","Durham","Durham","No","01-01-07","2008-11-02","Crossing Paths - Other Circumstances",14,"Intersection","01-11-01","0001-01-01T10:01:58-04:56","Sign-Controlled Intersection - Other /",112148,2008,"A: Disabling Injury","Residential","",NA,"No","31-35 mph","Injury","/Missing","","Passenger Car","Yes","Yes","Daylight","Urban (>70% Developed)","2 lanes",2,"Straight - Grade","Local Street","Dry","Two-Way, Not Divided","None","Four-Way Intersection","Smooth Asphalt","Piedmont","Urban","20 - 25  MPH","Stop Sign","Clear","No","0.0, 0.0",0,0
"3685",829,830,"Yes","40-49",45,"No","With Traffic","C: Possible Injury","Travel Lane","White","Male","None - Rural Crash","Hoke","No","","2008-10-13","Crossing Paths - Other Circumstances",13,"Intersection","01-10-01","0001-01-01T08:39:58-04:56","Signalized Intersection - Other /",111158,2008,"C: Possible Injury","Commercial","50-59",53,"No","11-15 mph","O: No Injury","White","Female","Passenger Car","No","No","Daylight","Mixed (30% To 70% Developed)","4 lanes",2,"Straight - Level","US Route","Dry","Two-Way, Divided, Unprotected Median","None","Four-Way Intersection","Smooth Asphalt","Coastal","Rural","50 - 55  MPH","Stop And Go Signal","Clear","No","0.0, 0.0",0,0
"3686",832,833,"No","50-59",57,"No","Facing Traffic","C: Possible Injury","Travel Lane","White","Male","Jacksonville","Onslow","No","01-01-07","2008-10-26","Motorist Left Turn / Merge",12,"Intersection","01-10-01","0001-01-01T07:44:58-04:56","Motorist Left Turn - Same Direction",112211,2008,"C: Possible Injury","Residential","30-39",35,"No","21-25 mph","O: No Injury","White","Male","Pickup","No","No","Daylight","Urban (>70% Developed)","2 lanes",2,"Straight - Level","Local Street","Dry","Two-Way, Not Divided","None","Four-Way Intersection","Smooth Asphalt","Coastal","Urban","20 - 25  MPH","Stop Sign","Clear","No","0.0, 0.0",0,0
"3687",837,838,"Yes","40-49",41,"Yes","With Traffic","C: Possible Injury","Travel Lane","Black","Male","None - Rural Crash","Nash","Yes","01-01-04","2008-10-23","Motorist Failed to Yield - Midblock",20,"Non-Intersection","01-10-01","0001-01-01T15:33:58-04:56","Motorist Drive Out - Residential Driveway",311321,2008,"C: Possible Injury","Residential","0-19",19,"No","0-5 mph","O: No Injury","White","Female","Passenger Car","No","No","Dark - Roadway Not Lighted","Rural (<30% Developed)","2 lanes",2,"Straight - Level","State Secondary Route","Dry","Two-Way, Not Divided","None","Driveway, Private","Coarse Asphalt","Coastal","Rural","40 - 45  MPH","Missing","Clear","No","0.0, 0.0",0,0
"3688",838,839,"Yes","15-Nov",15,"No","With Traffic","B: Evident Injury","Bike Lane / Paved Shoulder","White","Male","Alliance","Pamlico","No","01-01-06","2008-10-25","Parallel Paths - Other Circumstances",20,"Non-Intersection","01-10-01","0001-01-01T15:53:58-04:56","Bicyclist Ride Out - Parallel Path",321225,2008,"B: Evident Injury","Commercial","25-29",27,"No","41-45 mph","O: No Injury","Black","Male","Passenger Car","No","No","Daylight","Mixed (30% To 70% Developed)","2 lanes",2,"Straight - Level","NC Route","Dry","Two-Way, Not Divided","None","No Special Feature","Smooth Asphalt","Coastal","Rural","40 - 45  MPH","Missing","Cloudy","Yes","0.0, 0.0",0,0
"3689",842,843,"Yes","60-69",68,"No","With Traffic","C: Possible Injury","Travel Lane","White","Male","None - Rural Crash","Carteret","No","01-01-04","2008-11-06","Motorist Overtaking Bicyclist",18,"Intersection","01-11-01","0001-01-01T13:58:58-04:56","Motorist Overtaking - Misjudged Space",111232,2008,"C: Possible Injury","Residential","",NA,"Missing","26-30 mph","Injury","/Missing","","Van","No","Yes","Daylight","Mixed (30% To 70% Developed)","2 lanes",2,"Straight - Level","State Secondary Route","Dry","Two-Way, Not Divided","None","T-Intersection","Coarse Asphalt","Coastal","Rural","40 - 45  MPH","Stop Sign","Clear","No","0.0, 0.0",0,0
"3690",850,851,"Yes","50-59",51,"Yes","With Traffic","C: Possible Injury","Travel Lane","Black","Male","Lumberton","Robeson","Yes","01-01-07","2008-10-26","Motorist Overtaking Bicyclist",19,"Non-Intersection","01-10-01","0001-01-01T14:04:58-04:56","Motorist Overtaking - Undetected Bicyclist",311231,2008,"C: Possible Injury","Farms, Woods, Pastures","50-59",54,"No","36-40 mph","O: No Injury","Black","Male","Passenger Car","No","No","Dark -  Lighting","Urban (>70% Developed)","2 lanes",2,"Straight - Level","Local Street","Dry","Two-Way, Divided, Unprotected Median","None","No Special Feature","Smooth Asphalt","Coastal","Urban","40 - 45  MPH","No Control Present","Clear","No","0.0, 0.0",0,0
"3691",853,854,"No","20-24",20,"No","Facing Traffic","C: Possible Injury","Sidewalk / Crosswalk / Driveway Crossing","White","Male","Mount Airy","Surry","No","","2008-10-27","Motorist Right Turn / Merge",11,"Non-Intersection","01-10-01","0001-01-01T06:43:58-04:56","Motorist Right Turn - Opposite Direction",332214,2008,"C: Possible Injury","Commercial","60-69",60,"No","0-5 mph","O: No Injury","White","Male","Pickup","No","No","Daylight","Urban (>70% Developed)","2 lanes",2,"Straight - Grade","NC Route","Dry","Two-Way, Not Divided","None","Driveway, Public","Smooth Asphalt","Mountains","Urban","30 - 35  MPH","Missing","Clear","No","0.0, 0.0",0,0
"3692",869,870,"Yes","30-39",31,"No","Facing Traffic","C: Possible Injury","Travel Lane","White","Male","Havelock","Craven","No","01-01-05","2008-10-17","Motorist Failed to Yield - Midblock",13,"Non-Intersection","01-10-01","0001-01-01T08:39:58-04:56","Motorist Drive Out - Commercial Driveway / Alley",312322,2008,"C: Possible Injury","Commercial","20-24",24,"No","0-5 mph","O: No Injury","White","Female","Passenger Car","No","No","Daylight","Urban (>70% Developed)","4 lanes",2,"Straight - Level","US Route","Dry","Two-Way, Divided, Unprotected Median","None","Driveway, Public","Smooth Asphalt","Coastal","Urban","40 - 45  MPH","No Control Present","Clear","No","0.0, 0.0",0,0
"3693",870,871,"Yes","70+",NA,"No","With Traffic","B: Evident Injury","Travel Lane","White","Male","None - Rural Crash","Chatham","No","01-01-07","2008-11-02","Motorist Overtaking Bicyclist",10,"Non-Intersection","01-11-01","0001-01-01T05:46:58-04:56","Motorist Overtaking - Misjudged Space",311232,2008,"B: Evident Injury","Farms, Woods, Pastures","50-59",53,"No","41-45 mph","O: No Injury","White","Male","Passenger Car","No","No","Daylight","Rural (<30% Developed)","2 lanes",3,"Straight - Level","State Secondary Route","Dry","Two-Way, Not Divided","None","No Special Feature","Coarse Asphalt","Piedmont","Rural","50 - 55  MPH","No Control Present","Clear","No","0.0, 0.0",0,0
"3694",873,874,"Yes","60-69",65,"No","With Traffic","C: Possible Injury","Travel Lane","Black","Male","Enfield","Halifax","No","01-01-05","2008-11-07","Motorist Overtaking Bicyclist",19,"Non-Intersection","01-11-01","0001-01-01T14:04:58-04:56","Motorist Overtaking - Bicyclist Swerved",311235,2008,"C: Possible Injury","Residential","50-59",57,"No","","O: No Injury","Black","Male","Pedalcycle","No","No","Dark - Lighted Roadway","Mixed (30% To 70% Developed)","2 lanes",2,"Straight - Level","Local Street","Dry","Two-Way, Not Divided","None","No Special Feature","Smooth Asphalt","Coastal","Rural","","No Control Present","Clear","No","0.0, 0.0",0,0
"3695",886,887,"Yes","0-5",1,"No","With Traffic","B: Evident Injury","Travel Lane","White","Male","Emerald Isle","Carteret","No","01-01-03","2008-10-08","Motorist Left Turn / Merge",6,"Intersection","01-10-01","0001-01-01T01:59:58-04:56","Motorist Left Turn - Opposite Direction",111212,2008,"B: Evident Injury","Residential","70+",NA,"No","0-5 mph","O: No Injury","White","Male","Passenger Car","No","No","Daylight","Urban (>70% Developed)","4 lanes",2,"Straight - Hillcrest","Local Street","Dry","Two-Way, Not Divided","None","T-Intersection","Coarse Asphalt","Coastal","Rural","20 - 25  MPH","No Control Present","Clear","No","0.0, 0.0",0,0
"3696",891,892,"No","40-49",44,"No","With Traffic","B: Evident Injury","Travel Lane","White","Female","Concord","Cabarrus","No","01-01-07","2008-11-09","Motorist Failed to Yield - Sign-Controlled Intersection",8,"Intersection","01-11-01","0001-01-01T03:42:58-04:56","Motorist Drive Through - Sign-Controlled Intersection",111143,2008,"B: Evident Injury","Residential","70+",NA,"No","0-5 mph","O: No Injury","Black","Female","Passenger Car","No","No","Daylight","Urban (>70% Developed)","2 lanes",2,"Straight - Level","Local Street","Dry","Two-Way, Not Divided","None","Four-Way Intersection","Coarse Asphalt","Piedmont","Urban","30 - 35  MPH","Stop Sign","Clear","No","0.0, 0.0",0,0
"3697",896,897,"Yes","30-39",30,"No","With Traffic","B: Evident Injury","Travel Lane","White","Male","Raleigh","Wake","No","01-01-06","2008-09-20","Motorist Overtaking Bicyclist",6,"Non-Intersection","01-09-01","0001-01-01T02:00:58-04:56","Motorist Overtaking - Other /",311239,2008,"B: Evident Injury","Commercial","40-49",42,"No","41-45 mph","O: No Injury","Black","Male","Passenger Car","No","No","Dark - Roadway Not Lighted","Urban (>70% Developed)","6 lanes",2,"Straight - Level","Local Street","Dry","Two-Way, Divided, Unprotected Median","None","No Special Feature","Coarse Asphalt","Piedmont","Urban","40 - 45  MPH","No Control Present","Cloudy","No","0.0, 0.0",0,0
"3698",902,903,"Yes","30-39",38,"No","With Traffic","C: Possible Injury","Travel Lane","White","Male","Durham","Durham","No","01-01-05","2008-11-14","Motorist Failed to Yield - Sign-Controlled Intersection",19,"Intersection","01-11-01","0001-01-01T14:43:58-04:56","Motorist Drive Through - Sign-Controlled Intersection",111143,2008,"C: Possible Injury","Commercial","40-49",48,"No","16-20 mph","O: No Injury","White","Male","Passenger Car","No","No","Dark - Lighted Roadway","Urban (>70% Developed)","4 lanes",2,"Straight - Grade","Local Street","Wet","Two-Way, Not Divided","None","No Special Feature","Smooth Asphalt","Piedmont","Urban","30 - 35  MPH","No Control Present","Cloudy","No","0.0, 0.0",0,0
"3699",914,915,"No","15-Nov",13,"No","","C: Possible Injury","","White","Male","None - Rural Crash","Onslow","No","01-01-07","2008-11-16","Parallel Paths - Other Circumstances",15,"Non-Intersection","01-11-01","0001-01-01T10:33:58-04:56","Parallel Paths - Other /",399280,2008,"C: Possible Injury","Farms, Woods, Pastures","",NA,"Missing","41-45 mph","Injury","/Missing","","","No","Yes","Daylight","Rural (<30% Developed)","2 lanes",2,"Straight - Level","State Secondary Route","Dry","Two-Way, Not Divided","None","No Special Feature","Coarse Asphalt","Coastal","Rural","40 - 45  MPH","No Control Present","Clear","No","0.0, 0.0",0,0
"3700",933,934,"No","40-49",41,"Yes","With Traffic","B: Evident Injury","Travel Lane","Black","Male","None - Rural Crash","Johnston","Yes","01-01-03","2008-12-03","Motorist Overtaking Bicyclist",18,"Non-Intersection","01-12-01","0001-01-01T13:21:58-04:56","Motorist Overtaking - Undetected Bicyclist",311231,2008,"B: Evident Injury","Farms, Woods, Pastures","0-19",19,"No","51-55 mph","O: No Injury","Black","Female","Passenger Car","No","No","Dark - Roadway Not Lighted","Rural (<30% Developed)","2 lanes",2,"Straight - Grade","State Secondary Route","Dry","Two-Way, Not Divided","None","No Special Feature","Smooth Asphalt","Coastal","Rural","50 - 55  MPH","Double Yellow Line, No Passing Zone","Clear","No","0.0, 0.0",0,0
"3701",344,345,"Yes","16-19",16,"No","With Traffic","A: Disabling Injury","Bike Lane / Paved Shoulder","Black","Male","None - Rural Crash","Sampson","No","01-01-04","2009-06-11","Bicyclist Left Turn / Merge",4,"Non-Intersection","01-06-01","0000-12-31T23:23:58-04:56","Bicyclist Left Turn - Same Direction",321221,2009,"A: Disabling Injury","Farms, Woods, Pastures","20-24",24,"No","51-55 mph","C: Possible Injury","Black","Female","Passenger Car","No","No","Dark - Roadway Not Lighted","Rural (<30% Developed)","2 lanes",2,"Straight - Hillcrest","NC Route","Dry","Two-Way, Not Divided","None","No Special Feature","Coarse Asphalt","Coastal","Rural","50 - 55  MPH","Double Yellow Line, No Passing Zone","Clear","No","34.974606, -78.425835",-78.425835,34.974606
"3702",346,347,"Yes","10-Jun",10,"No","With Traffic","O: No Injury","Travel Lane","Other","Male","None - Rural Crash","Perquimans","No","01-01-04","2009-07-16","Motorist Overtaking Bicyclist",16,"Non-Intersection","01-07-01","0001-01-01T11:43:58-04:56","Motorist Overtaking - Bicyclist Swerved",311235,2009,"O: No Injury","Farms, Woods, Pastures","0-19",17,"No","51-55 mph","O: No Injury","White","Male","Sport Utility","No","No","Daylight","Rural (<30% Developed)","2 lanes",2,"Straight - Level","State Secondary Route","Dry","Two-Way, Not Divided","None","No Special Feature","Smooth Asphalt","Coastal","Rural","50 - 55  MPH","Double Yellow Line, No Passing Zone","Clear","No","36.15978, -76.44703",-76.44703,36.15978
"3703",348,349,"Yes","25-29",26,"No","With Traffic","B: Evident Injury","Travel Lane","White","Male","Cary","Wake","No","01-01-06","2009-07-18","Motorist Right Turn / Merge",16,"Non-Intersection","01-07-01","0001-01-01T11:56:58-04:56","Motorist Right Turn - Same Direction",311213,2009,"B: Evident Injury","Residential","30-39",39,"No","0-5 mph","O: No Injury","White","Male","Sport Utility","No","No","Daylight","Urban (>70% Developed)","2 lanes",2,"Straight - Level","Local Street","Dry","One-Way, Not Divided","None","No Special Feature","Coarse Asphalt","Piedmont","Urban","30 - 35  MPH","No Control Present","Clear","No","35.760292, -78.76446",-78.76446,35.760292