"","FID","OBJECTID","AmbulanceR","BikeAge_Gr","Bike_Age","Bike_Alc_D","Bike_Dir","Bike_Injur","Bike_Pos","Bike_Race","Bike_Sex","City","County","CrashAlcoh","CrashDay","Crash_Date","Crash_Grp","Crash_Hour","Crash_Loc","Crash_Mont","Crash_Time","Crash_Type","Crash_Ty_1","Crash_Year","Crsh_Sevri","Developmen","DrvrAge_Gr","Drvr_Age","Drvr_Alc_D","Drvr_EstSp","Drvr_Injur","Drvr_Race","Drvr_Sex","Drvr_VehTy","ExcsSpdInd","Hit_Run","Light_Cond","Locality","Num_Lanes","Num_Units","Rd_Charact","Rd_Class","Rd_Conditi","Rd_Config","Rd_Defects","Rd_Feature","Rd_Surface","Region","Rural_Urba","Speed_Limi","Traff_Cntr","Weather","Workzone_I","Location","locx","locy"
"3704",352,353,"No","15-Nov",13,"No","With Traffic","C: Possible Injury","Sidewalk / Crosswalk / Driveway Crossing","Black","Male","Rocky Mount","Nash","No","01-01-07","2009-06-07","Motorist Overtaking Bicyclist",16,"Intersection","01-06-01","0001-01-01T11:55:58-04:56","Motorist Overtaking - Other /",131239,2009,"C: Possible Injury","Residential","25-29",27,"No","16-20 mph","O: No Injury","White","Female","Sport Utility","No","No","Daylight","Urban (>70% Developed)","4 lanes",2,"Straight - Level","Local Street","Dry","Two-Way, Not Divided","None","Four-Way Intersection","Smooth Asphalt","Coastal","Urban","30 - 35  MPH","Stop Sign","Clear","No","35.92668, -77.804886",-77.804886,35.92668
"3705",362,363,"Yes","20-24",21,"No","With Traffic","B: Evident Injury","Travel Lane","White","Female","Asheville","Buncombe","No","01-01-02","2009-06-23","Motorist Overtaking Bicyclist",16,"Non-Intersection","01-06-01","0001-01-01T11:41:58-04:56","Motorist Overtaking - Undetected Bicyclist",311231,2009,"B: Evident Injury","Commercial","70+",NA,"No","26-30 mph","O: No Injury","Black","Male","Van","No","No","Daylight","Urban (>70% Developed)","2 lanes",2,"Straight - Level","Local Street","Dry","Two-Way, Not Divided","None","No Special Feature","Coarse Asphalt","Mountains","Urban","30 - 35  MPH","Double Yellow Line, No Passing Zone","Clear","No","35.57213, -82.53158",-82.53158,35.57213
"3706",370,371,"Yes","40-49",46,"Yes","With Traffic","B: Evident Injury","Travel Lane","White","Male","None - Rural Crash","Hyde","Yes","01-01-05","2009-07-03","Motorist Overtaking Bicyclist",22,"Non-Intersection","01-07-01","0001-01-01T17:07:58-04:56","Motorist Overtaking - Bicyclist Swerved",311235,2009,"B: Evident Injury","Residential","20-24",20,"No","6-10 mph","O: No Injury","White","Female","Passenger Car","No","No","Dark - Roadway Not Lighted","Urban (>70% Developed)","2 lanes",2,"Straight - Grade","NC Route","Dry","Two-Way, Not Divided","None","No Special Feature","Smooth Asphalt","Coastal","Rural","20 - 25  MPH","Double Yellow Line, No Passing Zone","Clear","No","35.11549, -75.98196",-75.98196,35.11549
"3707",372,373,"Yes","15-Nov",13,"No","With Traffic","C: Possible Injury","Travel Lane","Black","Male","Gastonia","Gaston","No","01-01-06","2009-07-18","Bicyclist Failed to Yield - Sign-Controlled Intersection",14,"Intersection","01-07-01","0001-01-01T09:51:58-04:56","Bicyclist Ride Through - Sign-Controlled Intersection",111144,2009,"C: Possible Injury","Residential","50-59",51,"No","21-25 mph","O: No Injury","White","Female","Passenger Car","No","No","Daylight","Urban (>70% Developed)","2 lanes",3,"Straight - Grade","Local Street","Dry","Two-Way, Not Divided","None","T-Intersection","Smooth Asphalt","Piedmont","Urban","30 - 35  MPH","Stop Sign","Clear","No","35.241116, -81.184944",-81.184944,35.241116
"3708",374,375,"Yes","16-19",18,"No","With Traffic","C: Possible Injury","Travel Lane","White","Male","Rocky Mount","Nash","No","01-01-03","2009-07-01","Loss of Control / Turning Error",14,"Intersection","01-07-01","0001-01-01T09:30:58-04:56","Bicyclist Turning Error - Other",111116,2009,"C: Possible Injury","Residential","40-49",40,"No","31-35 mph","O: No Injury","Black","Female","Sport Utility","No","No","Daylight","Urban (>70% Developed)","2 lanes",2,"Straight - Level","Local Street","Dry","Two-Way, Not Divided","None","No Special Feature","Coarse Asphalt","Coastal","Urban","30 - 35  MPH","Stop Sign","Clear","No","35.95504, -77.836784",-77.836784,35.95504
"3709",379,380,"Yes","10-Jun",7,"No","With Traffic","B: Evident Injury","Bike Lane / Paved Shoulder","White","Male","Jacksonville","Onslow","No","","2009-07-13","Crossing Paths - Other Circumstances",17,"Non-Intersection","01-07-01","0001-01-01T12:10:58-04:56","Crossing Paths - Midblock - Other /",321380,2009,"B: Evident Injury","Residential","30-39",33,"No","0-5 mph","O: No Injury","White","Female","Sport Utility","No","No","Daylight","Urban (>70% Developed)","",2,"Straight - Level","Private Road, Driveway","Wet","","None","Driveway, Private","Smooth Asphalt","Coastal","Urban","5 - 15 MPH","No Control Present","Rain","No","34.78792, -77.39231",-77.39231,34.78792
"3710",384,385,"Yes","25-29",28,"No","Facing Traffic","C: Possible Injury","Travel Lane","White","Male","None - Rural Crash","Cumberland","No","01-01-07","2009-08-02","Motorist Overtaking Bicyclist",3,"Non-Intersection","01-08-01","0000-12-31T22:33:58-04:56","Motorist Overtaking - Bicyclist Swerved",312235,2009,"C: Possible Injury","Farms, Woods, Pastures","30-39",30,"No","41-45 mph","O: No Injury","White","Male","Sport Utility","No","No","Dark - Roadway Not Lighted","Mixed (30% To 70% Developed)","2 lanes",2,"Curve - Level","State Secondary Route","Dry","Two-Way, Not Divided","None","No Special Feature","Coarse Asphalt","Coastal","Rural","40 - 45  MPH","Double Yellow Line, No Passing Zone","Cloudy","No","34.98189, -78.97354",-78.97354,34.98189
"3711",390,391,"No","40-49",44,"No","With Traffic","C: Possible Injury","Travel Lane","White","Male","Cary","Wake","No","","2009-08-03","Motorist Right Turn / Merge",14,"Intersection","01-08-01","0001-01-01T09:15:58-04:56","Motorist Right Turn - Same Direction",111213,2009,"C: Possible Injury","Farms, Woods, Pastures","30-39",32,"No","31-35 mph","O: No Injury","White","Female","Light Truck (Mini-Van, Panel)","No","No","Daylight","Rural (<30% Developed)","2 lanes",2,"Straight - Level","State Secondary Route","Dry","Two-Way, Not Divided","None","Four-Way Intersection","Smooth Asphalt","Piedmont","Urban","30 - 35  MPH","Stop And Go Signal","Clear","No","35.82451, -78.86404",-78.86404,35.82451
"3712",392,393,"No","40-49",43,"No","Facing Traffic","C: Possible Injury","Sidewalk / Crosswalk / Driveway Crossing","Asian","Female","Winston-Salem","Forsyth","No","","2009-07-27","Crossing Paths - Other Circumstances",10,"Intersection","01-07-01","0001-01-01T05:20:58-04:56","Crossing Paths - Intersection - Other /",132180,2009,"C: Possible Injury","Residential","30-39",37,"No","0-5 mph","O: No Injury","White","Female","Passenger Car","No","No","Daylight","Urban (>70% Developed)","2 lanes",2,"Straight - Level","Local Street","Dry","Two-Way, Not Divided","None","No Special Feature","Smooth Asphalt","Piedmont","Urban","30 - 35  MPH","No Control Present","Clear","No","36.138447, -80.29473",-80.29473,36.138447
"3713",398,399,"No","20-24",23,"No","With Traffic","Injury","Travel Lane","White","Male","Duck","Dare","No","01-01-07","2009-07-19","Crossing Paths - Other Circumstances",15,"Intersection","01-07-01","0001-01-01T10:50:58-04:56","Crossing Paths - Intersection - Other /",111180,2009,"O: No Injury","Commercial","40-49",48,"No","0-5 mph","O: No Injury","White","Male","Van","No","No","Daylight","Mixed (30% To 70% Developed)","2 lanes",2,"Straight - Level","","Dry","Two-Way, Not Divided","None","Shared-Use Paths Or Trails","Coarse Asphalt","Coastal","Rural","20 - 25  MPH","No Control Present","Clear","No","36.168686, -75.75534",-75.75534,36.168686
"3714",399,400,"Yes","10-Jun",7,"No","Not Applicable","O: No Injury","Driveway / Alley","Black","Male","Raleigh","Wake","No","01-01-05","2009-06-19","Bicyclist Failed to Yield - Midblock",20,"Non-Intersection","01-06-01","0001-01-01T15:48:58-04:56","Bicyclist Ride Out - Residential Driveway",353311,2009,"O: No Injury","Residential","30-39",38,"No","31-35 mph","O: No Injury","Black","Male","Sport Utility","No","No","Dark - Lighted Roadway","Urban (>70% Developed)","2 lanes",2,"Straight - Level","Local Street","Dry","Two-Way, Not Divided","None","No Special Feature","Smooth Asphalt","Piedmont","Urban","30 - 35  MPH","No Control Present","Clear","No","35.766815, -78.601974",-78.601974,35.766815
"3715",413,414,"No","25-29",26,"No","Facing Traffic","C: Possible Injury","Travel Lane","White","Male","Wilmington","New Hanover","No","01-01-06","2009-06-27","Motorist Failed to Yield - Midblock",14,"Non-Intersection","01-06-01","0001-01-01T10:01:58-04:56","Motorist Drive Out - Commercial Driveway / Alley",312322,2009,"C: Possible Injury","Commercial","40-49",47,"No","0-5 mph","O: No Injury","White","Female","Light Truck (Mini-Van, Panel)","No","No","Daylight","Urban (>70% Developed)","4 lanes",2,"Straight - Grade","NC Route","Dry","Two-Way, Not Divided","None","No Special Feature","Smooth Asphalt","Coastal","Urban","40 - 45  MPH","No Control Present","Cloudy","No","34.192688, -77.93514",-77.93514,34.192688
"3716",419,420,"Yes","25-29",29,"No","Facing Traffic","C: Possible Injury","Sidewalk / Crosswalk / Driveway Crossing","White","Male","Wilmington","New Hanover","No","01-01-05","2009-07-24","Motorist Failed to Yield - Sign-Controlled Intersection",16,"Intersection","01-07-01","0001-01-01T11:39:58-04:56","Motorist Drive Through - Sign-Controlled Intersection",132143,2009,"C: Possible Injury","Commercial","50-59",52,"No","0-5 mph","O: No Injury","Black","Male","Passenger Car","No","No","Daylight","Urban (>70% Developed)","5 lanes",2,"Straight - Level","US Route","Dry","Two-Way, Not Divided","None","T-Intersection","Coarse Asphalt","Coastal","Urban","30 - 35  MPH","Stop Sign","Clear","No","34.20403, -77.94136",-77.94136,34.20403
"3717",421,422,"Yes","20-24",20,"No","With Traffic","O: No Injury","Travel Lane","White","Male","Durham","Durham","No","","2009-08-03","Bicyclist Failed to Yield - Signalized Intersection",21,"Intersection","01-08-01","0001-01-01T16:53:58-04:56","Bicyclist Failed to Clear -",111159,2009,"O: No Injury","Industrial","30-39",32,"No","0-5 mph","O: No Injury","Black","Male","Passenger Car","No","No","Dark - Lighted Roadway","Urban (>70% Developed)","4 lanes",2,"Straight - Level","Local Street","Dry","Two-Way, Not Divided","None","T-Intersection","Smooth Asphalt","Piedmont","Urban","30 - 35  MPH","Stop And Go Signal","Clear","No","36.02246, -78.95358",-78.95358,36.02246
"3718",432,433,"Yes","15-Nov",14,"No","With Traffic","A: Disabling Injury","Travel Lane","White","Female","None - Rural Crash","Currituck","No","01-01-04","2009-07-23","Crossing Paths - Other Circumstances",15,"Intersection","01-07-01","0001-01-01T10:29:58-04:56","Sign-Controlled Intersection - Other /",111148,2009,"A: Disabling Injury","Farms, Woods, Pastures","30-39",39,"No","41-45 mph","O: No Injury","White","Female","Sport Utility","No","No","Daylight","Mixed (30% To 70% Developed)","3 lanes",2,"Straight - Level","State Secondary Route","Dry","Two-Way, Not Divided","None","T-Intersection","Smooth Asphalt","Coastal","Rural","50 - 55  MPH","Stop Sign","Clear","No","36.46901, -76.03442",-76.03442,36.46901
"3719",434,435,"Yes","40-49",43,"No","Not Applicable","B: Evident Injury","Non-Roadway","White","Male","Goldsboro","Wayne","No","01-01-06","2009-08-08","Non-Roadway",10,"Non-Roadway","01-08-01","0001-01-01T05:33:58-04:56","Non-Roadway",460910,2009,"B: Evident Injury","Commercial","40-49",48,"No","0-5 mph","O: No Injury","White","Male","Passenger Car","No","No","Daylight","Urban (>70% Developed)","",2,"Straight - Level","Public Vehicular Area","Dry","Two-Way, Not Divided","None","Driveway, Public","Coarse Asphalt","Coastal","Urban","","No Control Present","Clear","No","35.386784, -77.94591",-77.94591,35.386784
"3720",439,440,"No","30-39",32,"No","With Traffic","C: Possible Injury","Travel Lane","White","Male","Lewisville","Forsyth","No","01-01-05","2009-08-21","Parallel Paths - Other Circumstances",19,"Intersection","01-08-01","0001-01-01T14:32:58-04:56","Parallel Paths - Other /",111280,2009,"C: Possible Injury","Farms, Woods, Pastures","25-29",25,"No","31-35 mph","O: No Injury","Black","Male","Passenger Car","No","No","Dusk","Rural (<30% Developed)","1 lane",2,"Curve - Level","State Secondary Route","Dry","One-Way, Not Divided","None","Traffic Circle/Roundabout","Smooth Asphalt","Piedmont","Urban","30 - 35  MPH","Yield Sign","Clear","No","36.08964, -80.43091",-80.43091,36.08964
"3721",441,442,"Yes","15-Nov",15,"No","With Traffic","B: Evident Injury","Travel Lane","Black","Male","None - Rural Crash","Pender","No","01-01-06","2009-08-01","Motorist Overtaking Bicyclist",11,"Non-Intersection","01-08-01","0001-01-01T06:53:58-04:56","Motorist Overtaking - Misjudged Space",311232,2009,"B: Evident Injury","Farms, Woods, Pastures","30-39",37,"No","41-45 mph","O: No Injury","White","Female","Passenger Car","No","No","Daylight","Rural (<30% Developed)","2 lanes",2,"Straight - Level","NC Route","Dry","Two-Way, Not Divided","None","No Special Feature","Smooth Asphalt","Coastal","Rural","50 - 55  MPH","Double Yellow Line, No Passing Zone","Clear","No","34.44483, -78.03757",-78.03757,34.44483
"3722",445,446,"Yes","20-24",20,"No","With Traffic","B: Evident Injury","Travel Lane","White","Male","Asheboro","Randolph","No","01-01-04","2009-07-30","Motorist Overtaking Bicyclist",21,"Non-Intersection","01-07-01","0001-01-01T16:24:58-04:56","Motorist Overtaking - Other /",311239,2009,"B: Evident Injury","Commercial","0-19",19,"No","6-10 mph","O: No Injury","White","Male","","No","Yes","Dark - Lighted Roadway","Urban (>70% Developed)","3 lanes",2,"Straight - Level","NC Route","Dry","Two-Way, Not Divided","None","No Special Feature","Smooth Asphalt","Piedmont","Urban","30 - 35  MPH","No Control Present","Cloudy","No","35.70865, -79.82003",-79.82003,35.70865
"3723",466,467,"Yes","40-49",48,"No","With Traffic","B: Evident Injury","Travel Lane","Black","Male","Pineville","Mecklenburg","No","01-01-06","2009-08-01","Motorist Left Turn / Merge",8,"Non-Intersection","01-08-01","0001-01-01T03:58:58-04:56","Motorist Left Turn - Same Direction",311211,2009,"B: Evident Injury","Commercial","40-49",43,"No","31-35 mph","O: No Injury","White","Male","Sport Utility","No","No","Daylight","Urban (>70% Developed)","2 lanes",2,"Straight - Level","US Route","Dry","Two-Way, Not Divided","None","No Special Feature","Smooth Asphalt","Piedmont","Rural","40 - 45  MPH","No Control Present","Cloudy","No","35.071495, -80.87872",-80.87872,35.071495
"3724",467,468,"No","16-19",16,"No","Facing Traffic","O: No Injury","Travel Lane","Black","Male","None - Rural Crash","Cumberland","No","01-01-07","2009-08-16","Bicyclist Right Turn / Merge",17,"Intersection","01-08-01","0001-01-01T12:25:58-04:56","Bicyclist Right Turn - Same Direction",112223,2009,"O: No Injury","Farms, Woods, Pastures","50-59",51,"No","46-50 mph","O: No Injury","White","Male","Pickup","No","No","Daylight","Rural (<30% Developed)","3 lanes",2,"Straight - Level","State Secondary Route","Dry","Two-Way, Not Divided","None","T-Intersection","Smooth Asphalt","Coastal","Rural","40 - 45  MPH","No Control Present","Clear","No","35.157238, -78.88112",-78.88112,35.157238
"3725",469,470,"No","25-29",25,"No","Not Applicable","B: Evident Injury","","Black","Male","Durham","Durham","No","01-01-02","2009-09-01","Bicyclist Failed to Yield - Midblock",18,"Non-Intersection","01-09-01","0001-01-01T13:40:58-04:56","Multiple Threat - Midblock",393357,2009,"B: Evident Injury","Commercial","25-29",29,"No","11-15 mph","O: No Injury","Black","Female","Passenger Car","No","No","Daylight","Urban (>70% Developed)","3 lanes",2,"Straight - Level","Local Street","Dry","Two-Way, Not Divided","None","No Special Feature","Smooth Asphalt","Piedmont","Urban","30 - 35  MPH","Stop And Go Signal","Clear","No","35.963963, -78.90704",-78.90704,35.963963
"3726",946,947,"No","30-39",32,"No","With Traffic","O: No Injury","Travel Lane","Black","Male","Raleigh","Wake","No","01-01-06","2010-12-18","Motorist Overtaking Bicyclist",8,"Non-Intersection","01-12-01","0001-01-01T04:02:58-04:56","Motorist Overtaking - Bicyclist Swerved",0,2010,"O: No Injury","Commercial","30-39",35,"No","36-40 mph","O: No Injury","Black","Male","Passenger Car","No","No","Daylight","Urban (>70% Developed)","9 or more lanes",2,"Straight - Level","Local Street","Dry","Two-Way, Divided, Positive Median Barrier","None","No Special Feature","Smooth Asphalt","Piedmont","Urban","40 - 45  MPH","No Control Present","Cloudy","No","35.83592, -78.58204",-78.58204,35.83592
"3727",26,27,"Yes","25-29",28,"Yes","Not Applicable","K: Killed","Driveway / Alley","Black","Female","None - Rural Crash","Bertie","Yes","01-01-07","2011-01-30","Bicyclist Failed to Yield - Midblock",18,"Non-Intersection","","0001-01-01T13:39:58-04:56","Bicyclist Ride Out - Residential Driveway",353311,2011,"K: Killed","Farms, Woods, Pastures","30-39",33,"No","51-55 mph","O: No Injury","White","Male","Pickup","No","No","Dark - Roadway Not Lighted","Rural (<30% Developed)","2 lanes",2,"Straight - Level","NC Route","Dry","Two-Way, Not Divided","None","Driveway, Private","Smooth Asphalt","Coastal","Rural","50 - 55  MPH","No Control Present","Clear","No","36.22697, -76.7707",-76.7707,36.22697
"3728",44,45,"No","40-49",48,"Yes","Not Applicable","C: Possible Injury","Non-Roadway","White","Male","Charlotte","Mecklenburg","Yes","","2011-02-14","Loss of Control / Turning Error",18,"Non-Intersection","01-02-01","0001-01-01T13:38:58-04:56","Bicylist Lost Control - Alcohol / Drug Impairment",363123,2011,"C: Possible Injury","Commercial","20-24",20,"No","21-25 mph","O: No Injury","Black","Female","Passenger Car","No","No","Dark - Lighted Roadway","Urban (>70% Developed)","4 lanes",2,"Straight - Level","Local Street","Dry","Two-Way, Not Divided","None","No Special Feature","Smooth Asphalt","Piedmont","Urban","30 - 35  MPH","No Control Present","Clear","No","35.24629, -80.8995",-80.8995,35.24629
"3729",49,50,"Yes","",NA,"No","With Traffic","B: Evident Injury","Travel Lane","Black","Male","Wilmington","New Hanover","No","01-01-02","2011-02-08","Bicyclist Failed to Yield - Signalized Intersection",17,"Intersection","01-02-01","0001-01-01T12:28:58-04:56","Bicyclist Ride Through - Signalized Intersection",111155,2011,"B: Evident Injury","Commercial","30-39",33,"No","41-45 mph","Injury","Black","Male","Sport Utility","No","No","Daylight","Urban (>70% Developed)","5 lanes",2,"Straight - Level","NC Route","Dry","Two-Way, Not Divided","None","No Special Feature","Coarse Asphalt","Coastal","Urban","40 - 45  MPH","Stop And Go Signal","Clear","No","34.2424, -77.8923",-77.8923,34.2424
"3730",62,63,"Yes","40-49",40,"No","With Traffic","K: Killed","Travel Lane","White","Male","None - Rural Crash","Brunswick","No","01-01-04","2011-03-03","Motorist Overtaking Bicyclist",18,"Non-Intersection","01-03-01","0001-01-01T13:57:58-04:56","Motorist Overtaking - Other /",311239,2011,"K: Killed","Farms, Woods, Pastures","50-59",53,"No","51-55 mph","O: No Injury","White","Male","Passenger Car","No","No","Dark - Roadway Not Lighted","Rural (<30% Developed)","4 lanes",4,"Straight - Level","US Route","Dry","Two-Way, Divided, Unprotected Median","None","No Special Feature","Smooth Asphalt","Coastal","Rural","50 - 55  MPH","No Control Present","Clear","No","34.16698, -78.089",-78.089,34.16698
"3731",66,67,"Yes","40-49",49,"No","With Traffic","B: Evident Injury","Non-Roadway","White","Male","Apex","Wake","No","","2011-03-07","Motorist Left Turn / Merge",6,"Intersection","01-03-01","0001-01-01T01:41:58-04:56","Motorist Left Turn - Opposite Direction",161212,2011,"B: Evident Injury","Commercial","25-29",28,"No","16-20 mph","O: No Injury","White","Male","Pickup","No","No","Daylight","Mixed (30% To 70% Developed)","1 lane",2,"Straight - Grade","US Route","Dry","One-Way, Not Divided","None","Four-Way Intersection","Smooth Asphalt","Piedmont","Urban","50 - 55  MPH","Stop And Go Signal","Clear","No","35.72718, -78.8541",-78.8541,35.72718
"3732",70,71,"Yes","25-29",27,"No","Facing Traffic","A: Disabling Injury","Travel Lane","Black","Male","Rocky Mount","Edgecombe","No","01-01-02","2011-02-15","Head-On",7,"Intersection","01-02-01","0001-01-01T02:53:58-04:56","Head-On - Bicyclist",112250,2011,"A: Disabling Injury","Residential","40-49",42,"No","11-15 mph","O: No Injury","Black","Male","Pickup","No","No","Daylight","Urban (>70% Developed)","2 lanes",2,"Straight - Level","Local Street","Dry","Two-Way, Not Divided","None","T-Intersection","Coarse Asphalt","Coastal","Urban","30 - 35  MPH","Stop Sign","Clear","No","35.945, -77.7824",-77.7824,35.945
"3733",72,73,"Yes","16-19",19,"No","With Traffic","B: Evident Injury","Bike Lane / Paved Shoulder","White","Male","Greensboro","Guilford","No","01-01-05","2011-02-18","Bicyclist Overtaking Motorist",9,"Non-Intersection","01-02-01","0001-01-01T05:01:58-04:56","Bicyclist Overtaking - Other /",321249,2011,"B: Evident Injury","Commercial","30-39",38,"No","","O: No Injury","Black","Male","Commercial Bus","No","No","Daylight","Urban (>70% Developed)","2 lanes",2,"Straight - Level","Local Street","Dry","Two-Way, Not Divided","None","No Special Feature","Smooth Asphalt","Piedmont","Urban","30 - 35  MPH","No Control Present","Cloudy","No","36.06381, -79.822",-79.822,36.06381
"3734",76,77,"No","50-59",54,"Yes","With Traffic","O: No Injury","Non-Roadway","Black","Male","Fayetteville","Cumberland","Yes","01-01-05","2011-03-11","Motorist Overtaking Bicyclist",19,"Non-Intersection","01-03-01","0001-01-01T14:14:58-04:56","Motorist Overtaking - Other /",361239,2011,"O: No Injury","Farms, Woods, Pastures","25-29",27,"No","41-45 mph","O: No Injury","Black","Female","Passenger Car","No","No","Dark - Roadway Not Lighted","Mixed (30% To 70% Developed)","2 lanes",2,"Straight - Level","Local Street","Dry","Two-Way, Not Divided","None","No Special Feature","Coarse Asphalt","Coastal","Urban","40 - 45  MPH","No Control Present","Cloudy","No","35.05761, -79.0178",-79.0178,35.05761
"3735",79,80,"Yes","40-49",44,"No","With Traffic","C: Possible Injury","Travel Lane","White","Male","Clemmons","Forsyth","No","","2011-03-07","Bicyclist Failed to Yield - Signalized Intersection",13,"Intersection","01-03-01","0001-01-01T08:54:58-04:56","Bicyclist Ride Through - Signalized Intersection",111155,2011,"C: Possible Injury","Commercial","50-59",50,"No","11-15 mph","O: No Injury","White","Male","Pickup","No","No","Daylight","Urban (>70% Developed)","4 lanes",2,"Straight - Level","Local Street","Dry","Two-Way, Not Divided","None","On or Off Ramp","Smooth Asphalt","Piedmont","Urban","60 - 75 MPH","Stop And Go Signal","Clear","No","36.03409, -80.3841",-80.3841,36.03409
"3736",84,85,"No","0-5",2,"No","Not Applicable","C: Possible Injury","Travel Lane","Black","Male","Salisbury","Rowan","No","01-01-04","2011-03-17","Other / Unusual Circumstances",19,"Non-Intersection","01-03-01","0001-01-01T14:39:58-04:56","Play Vehicle-Related",313700,2011,"C: Possible Injury","Residential","60-69",66,"No","0-5 mph","O: No Injury","Black","Female","Pickup","No","No","Dusk","Urban (>70% Developed)","2 lanes",2,"Straight - Level","Local Street","Dry","Two-Way, Not Divided","None","No Special Feature","Smooth Asphalt","Piedmont","Urban","30 - 35  MPH","No Control Present","Clear","No","35.67492, -80.4935",-80.4935,35.67492
"3737",85,86,"Yes","40-49",48,"No","With Traffic","A: Disabling Injury","Travel Lane","White","Male","None - Rural Crash","Gates","No","01-01-03","2011-03-09","Bicyclist Failed to Yield - Sign-Controlled Intersection",16,"Intersection","01-03-01","0001-01-01T11:23:58-04:56","Bicyclist Ride Through - Sign-Controlled Intersection",111144,2011,"A: Disabling Injury","Residential","20-24",22,"No","51-55 mph","B: Evident Injury","Black","Female","Passenger Car","No","No","Daylight","Mixed (30% To 70% Developed)","2 lanes",2,"Straight - Level","State Secondary Route","Dry","Two-Way, Not Divided","None","T-Intersection","Coarse Asphalt","Coastal","Rural","50 - 55  MPH","Stop Sign","Clear","No","36.49847, -76.7303",-76.7303,36.49847
"3738",89,90,"No","15-Nov",15,"No","Not Applicable","Injury","Non-Roadway","Black","Male","Fayetteville","Cumberland","No","01-01-05","2011-03-11","Non-Roadway",16,"Non-Roadway","01-03-01","0001-01-01T11:30:58-04:56","Non-Roadway",460910,2011,"Injury","Commercial","",NA,"Missing","","Injury","/Missing","","","No","Yes","Daylight","Urban (>70% Developed)","",2,"Straight - Level","Public Vehicular Area","Dry","","None","No Special Feature","Coarse Asphalt","Coastal","Urban","20 - 25  MPH","No Control Present","Clear","No","35.09831, -78.918",-78.918,35.09831
"3739",99,100,"Yes","20-24",20,"No","","B: Evident Injury","Travel Lane","Black","Male","Charlotte","Mecklenburg","No","","2011-03-21","Parallel Paths - Other Circumstances",15,"Non-Intersection","01-03-01","0001-01-01T10:08:58-04:56","Motorist Turn / Merge - Other /",319219,2011,"B: Evident Injury","Commercial","20-24",22,"No","0-5 mph","O: No Injury","Black","Female","Passenger Car","No","No","Daylight","Urban (>70% Developed)","4 lanes",2,"Straight - Level","Local Street","Dry","Two-Way, Not Divided","None","No Special Feature","Smooth Asphalt","Piedmont","Urban","20 - 25  MPH","No Control Present","Clear","No","35.22641, -80.8442",-80.8442,35.22641
"3740",102,103,"No","15-Nov",15,"No","With Traffic","O: No Injury","Sidewalk / Crosswalk / Driveway Crossing","Black","Male","Charlotte","Mecklenburg","No","01-01-06","2011-03-19","Motorist Right Turn / Merge",15,"Non-Intersection","01-03-01","0001-01-01T10:43:58-04:56","Motorist Right Turn - Same Direction",331213,2011,"O: No Injury","Commercial","50-59",55,"No","16-20 mph","O: No Injury","Black","Male","Passenger Car","No","No","Daylight","Urban (>70% Developed)","",2,"Straight - Grade","Local Street","Dry","Two-Way, Not Divided","None","No Special Feature","Smooth Asphalt","Piedmont","Urban","40 - 45  MPH","No Control Present","Clear","No","35.25276, -80.8081",-80.8081,35.25276
"3741",110,111,"Yes","15-Nov",15,"No","With Traffic","C: Possible Injury","Travel Lane","White","Male","None - Rural Crash","Catawba","No","","2011-03-21","Bicyclist Left Turn / Merge",13,"Intersection","01-03-01","0001-01-01T08:36:58-04:56","Bicyclist Left Turn - Same Direction",111221,2011,"C: Possible Injury","Residential","",NA,"Missing","36-40 mph","Injury","/Missing","","Van","No","Yes","Daylight","Mixed (30% To 70% Developed)","2 lanes",2,"Straight - Level","State Secondary Route","Dry","Two-Way, Not Divided","None","No Special Feature","Coarse Asphalt","Piedmont","Rural","50 - 55  MPH","Double Yellow Line, No Passing Zone","Clear","No","35.75388, -81.1481",-81.1481,35.75388
"3742",120,121,"Yes","20-24",20,"No","Facing Traffic","C: Possible Injury","Sidewalk / Crosswalk / Driveway Crossing","Black","Male","Cary","Wake","No","","2011-04-04","Motorist Failed to Yield - Midblock",15,"Non-Intersection","01-04-01","0001-01-01T10:17:58-04:56","Motorist Drive Out - Commercial Driveway / Alley",332322,2011,"C: Possible Injury","Commercial","40-49",49,"No","6-10 mph","O: No Injury","White","Female","Passenger Car","No","No","Daylight","Urban (>70% Developed)","4 lanes",2,"Straight - Level","State Secondary Route","Dry","Two-Way, Not Divided","None","No Special Feature","Coarse Asphalt","Piedmont","Urban","30 - 35  MPH","No Control Present","Clear","No","35.77122, -78.7817",-78.7817,35.77122
"3743",166,167,"No","20-24",21,"No","With Traffic","O: No Injury","Bike Lane / Paved Shoulder","White","Male","Durham","Durham","No","01-01-03","2011-04-27","Motorist Right Turn / Merge",7,"Non-Intersection","01-04-01","0001-01-01T02:17:58-04:56","Motorist Right Turn - Same Direction",321213,2011,"O: No Injury","Residential","",NA,"Missing","26-30 mph","Injury","/Missing","","Passenger Car","No","Yes","Daylight","Urban (>70% Developed)","2 lanes",2,"Straight - Level","Local Street","Dry","Two-Way, Not Divided","None","No Special Feature","Coarse Asphalt","Piedmont","Urban","30 - 35  MPH","No Control Present","Clear","No","36.01779, -78.9578",-78.9578,36.01779