"","FID","OBJECTID","AmbulanceR","BikeAge_Gr","Bike_Age","Bike_Alc_D","Bike_Dir","Bike_Injur","Bike_Pos","Bike_Race","Bike_Sex","City","County","CrashAlcoh","CrashDay","Crash_Date","Crash_Grp","Crash_Hour","Crash_Loc","Crash_Mont","Crash_Time","Crash_Type","Crash_Ty_1","Crash_Year","Crsh_Sevri","Developmen","DrvrAge_Gr","Drvr_Age","Drvr_Alc_D","Drvr_EstSp","Drvr_Injur","Drvr_Race","Drvr_Sex","Drvr_VehTy","ExcsSpdInd","Hit_Run","Light_Cond","Locality","Num_Lanes","Num_Units","Rd_Charact","Rd_Class","Rd_Conditi","Rd_Config","Rd_Defects","Rd_Feature","Rd_Surface","Region","Rural_Urba","Speed_Limi","Traff_Cntr","Weather","Workzone_I","Location","locx","locy"
"3744",168,169,"No","30-39",30,"No","Facing Traffic","Injury","Travel Lane","White","Male","Wrightsville Beach","New Hanover","No","","2011-04-18","Motorist Failed to Yield - Midblock",13,"Non-Intersection","01-04-01","0001-01-01T08:43:58-04:56","Motorist Drive Out - Commercial Driveway / Alley",312322,2011,"O: No Injury","Residential","25-29",26,"No","","O: No Injury","White","Male","Van","No","No","Daylight","Urban (>70% Developed)","5 lanes",2,"Straight - Level","US Route","Dry","Two-Way, Divided, Unprotected Median","None","T-Intersection","Coarse Asphalt","Coastal","Rural","5 - 15 MPH","Stop Sign","Clear","No","34.21386, -77.8058",-77.8058,34.21386
"3745",186,187,"Yes","0-5",5,"No","With Traffic","B: Evident Injury","Travel Lane","Black","Male","Wilmington","New Hanover","No","01-01-07","2011-04-17","Motorist Overtaking Bicyclist",17,"Intersection-Related","01-04-01","0001-01-01T12:12:58-04:56","Motorist Overtaking - Other /",211239,2011,"B: Evident Injury","Residential","",NA,"Missing","","Injury","/Missing","","","No","Yes","Daylight","Urban (>70% Developed)","2 lanes",2,"Straight - Level","Local Street","Dry","Two-Way, Not Divided","None","No Special Feature","Coarse Asphalt","Coastal","Urban","20 - 25  MPH","No Control Present","Clear","No","34.24618, -77.9007",-77.9007,34.24618
"3746",189,190,"Yes","40-49",49,"No","Facing Traffic","B: Evident Injury","Travel Lane","Native American","Male","None - Rural Crash","Columbus","No","01-01-04","2011-04-28","Motorist Left Turn / Merge",20,"Non-Intersection","01-04-01","0001-01-01T15:27:58-04:56","Motorist Left Turn - Same Direction",312211,2011,"B: Evident Injury","Farms, Woods, Pastures","",NA,"Missing","51-55 mph","Injury","/Missing","","Passenger Car","No","Yes","Dark - Roadway Not Lighted","Rural (<30% Developed)","2 lanes",2,"Straight - Level","State Secondary Route","Dry","Two-Way, Not Divided","None","No Special Feature","Coarse Asphalt","Coastal","Rural","50 - 55  MPH","No Control Present","Cloudy","No","34.32218, -78.881",-78.881,34.32218
"3747",191,192,"Yes","40-49",43,"No","Facing Traffic","B: Evident Injury","Sidewalk / Crosswalk / Driveway Crossing","White","Male","Wilmington","New Hanover","No","01-01-03","2011-04-20","Motorist Failed to Yield - Midblock",9,"Non-Intersection","01-04-01","0001-01-01T04:47:58-04:56","Motorist Drive Out - Commercial Driveway / Alley",332322,2011,"B: Evident Injury","Commercial","60-69",67,"No","0-5 mph","O: No Injury","White","Male","Passenger Car","No","No","Daylight","Urban (>70% Developed)","5 lanes",2,"Straight - Level","US Route","Dry","Two-Way, Not Divided","None","No Special Feature","Smooth Asphalt","Coastal","Urban","40 - 45  MPH","No Control Present","Clear","No","34.19537, -77.9367",-77.9367,34.19537
"3748",203,204,"Yes","40-49",41,"No","With Traffic","C: Possible Injury","Travel Lane","White","Male","None - Rural Crash","Lee","No","","2011-05-09","Motorist Overtaking Bicyclist",16,"Non-Intersection","01-05-01","0001-01-01T11:28:58-04:56","Motorist Overtaking - Undetected Bicyclist",311231,2011,"C: Possible Injury","Farms, Woods, Pastures","70+",NA,"No","36-40 mph","O: No Injury","White","Male","Passenger Car","No","No","Daylight","Mixed (30% To 70% Developed)","2 lanes",2,"Straight - Level","State Secondary Route","Dry","Two-Way, Not Divided","None","No Special Feature","Smooth Asphalt","Piedmont","Rural","50 - 55  MPH","No Control Present","Clear","No","35.44503, -79.1638",-79.1638,35.44503
"3749",675,676,"No","20-24",21,"No","With Traffic","C: Possible Injury","Sidewalk / Crosswalk / Driveway Crossing","Asian","Female","Carrboro","Orange","No","01-01-04","2010-09-09","Bicyclist Left Turn / Merge",7,"Intersection","01-09-01","0001-01-01T02:52:58-04:56","Bicyclist Left Turn - Opposite Direction",0,2010,"C: Possible Injury","Commercial","40-49",47,"No","6-10 mph","O: No Injury","Black","Female","Passenger Car","No","No","Daylight","Urban (>70% Developed)","2 lanes",2,"Curve - Grade","Local Street","Dry","Two-Way, Not Divided","None","T-Intersection","Smooth Asphalt","Piedmont","Urban","20 - 25  MPH","Stop And Go Signal","Clear","No","35.907063, -79.06389",-79.06389,35.907063
"3750",699,700,"Yes","50-59",55,"Yes","With Traffic","C: Possible Injury","Travel Lane","Black","Male","None - Rural Crash","New Hanover","Yes","","2010-09-20","Loss of Control / Turning Error",19,"Non-Intersection","01-09-01","0001-01-01T14:39:58-04:56","Bicyclist Lost Control - Other /",0,2010,"C: Possible Injury","Commercial","50-59",52,"No","21-25 mph","O: No Injury","Black","Female","Passenger Car","No","No","Dark - Roadway Not Lighted","Urban (>70% Developed)","8 lanes",2,"Straight - Level","Local Street","Dry","Two-Way, Divided, Positive Median Barrier","None","No Special Feature","Smooth Asphalt","Coastal","Rural","40 - 45  MPH","No Control Present","Clear","No","34.19585, -77.906334",-77.906334,34.19585
"3751",701,702,"Yes","25-29",27,"No","With Traffic","C: Possible Injury","Sidewalk / Crosswalk / Driveway Crossing","Black","Male","Gastonia","Gaston","No","01-01-07","2010-09-19","Bicyclist Failed to Yield - Signalized Intersection",16,"Intersection","01-09-01","0001-01-01T11:54:58-04:56","Bicyclist Ride Out - Signalized  Intersection",0,2010,"C: Possible Injury","Commercial","50-59",52,"No","0-5 mph","O: No Injury","White","Female","Passenger Car","No","No","Daylight","Urban (>70% Developed)","5 lanes",2,"Straight - Grade","US Route","Dry","Two-Way, Not Divided","None","Four-Way Intersection","Smooth Asphalt","Piedmont","Urban","30 - 35  MPH","Stop And Go Signal","Clear","No","35.23873, -81.194756",-81.194756,35.23873
"3752",706,707,"Yes","60-69",61,"No","With Traffic","O: No Injury","Travel Lane","White","Male","None - Rural Crash","Brunswick","No","01-01-07","2010-09-26","Bicyclist Left Turn / Merge",12,"Non-Intersection","01-09-01","0001-01-01T07:12:58-04:56","Bicyclist Left Turn - Same Direction",0,2010,"B: Evident Injury","Farms, Woods, Pastures","40-49",40,"No","31-35 mph","O: No Injury","White","Female","Passenger Car","No","No","Daylight","Rural (<30% Developed)","2 lanes",2,"Straight - Level","State Secondary Route","Wet","Two-Way, Not Divided","None","Driveway, Public","Smooth Asphalt","Coastal","Rural","50 - 55  MPH","No Control Present","Rain","No","33.99479, -78.58056",-78.58056,33.99479
"3753",707,708,"Yes","20-24",21,"No","Facing Traffic","B: Evident Injury","Bike Lane / Paved Shoulder","Black","Male","Charlotte","Mecklenburg","No","01-01-06","2010-09-18","Crossing Paths - Other Circumstances",5,"Intersection","01-09-01","0001-01-01T00:48:58-04:56","Signalized Intersection - Other /",0,2010,"B: Evident Injury","Residential","20-24",23,"No","26-30 mph","O: No Injury","Black","Female","Passenger Car","No","No","Dark - Roadway Not Lighted","Urban (>70% Developed)","3 lanes",2,"Straight - Level","Local Street","Dry","One-Way, Not Divided","None","No Special Feature","Smooth Asphalt","Piedmont","Urban","30 - 35  MPH","Stop And Go Signal","Clear","No","35.229065, -80.831375",-80.831375,35.229065
"3754",714,715,"No","40-49",40,"No","With Traffic","C: Possible Injury","Travel Lane","Black","Male","High Point","Guilford","No","01-01-04","2010-09-23","Bicyclist Overtaking Motorist",12,"Non-Intersection","01-09-01","0001-01-01T08:00:58-04:56","Bicyclist Overtaking - Passing on Left",0,2010,"C: Possible Injury","Commercial","30-39",35,"No","","O: No Injury","White","Male","Police","No","No","Daylight","Urban (>70% Developed)","5 lanes",2,"Straight - Level","US Route","Dry","Two-Way, Not Divided","None","Driveway, Public","Smooth Asphalt","Piedmont","Urban","30 - 35  MPH","No Control Present","Clear","No","35.97435, -80.01821",-80.01821,35.97435
"3755",715,716,"Yes","50-59",52,"No","With Traffic","C: Possible Injury","Travel Lane","Black","Male","Farmville","Pitt","No","01-01-05","2010-09-24","Motorist Overtaking Bicyclist",7,"Non-Intersection","01-09-01","0001-01-01T02:18:58-04:56","Motorist Overtaking - Misjudged Space",0,2010,"C: Possible Injury","Farms, Woods, Pastures","60-69",63,"No","36-40 mph","O: No Injury","White","Male","Pickup","No","No","Daylight","Mixed (30% To 70% Developed)","2 lanes",2,"Straight - Level","NC Route","Dry","Two-Way, Not Divided","None","No Special Feature","Smooth Asphalt","Coastal","Rural","40 - 45  MPH","No Control Present","Clear","No","35.58661, -77.606255",-77.606255,35.58661
"3756",717,718,"Yes","50-59",54,"No","With Traffic","B: Evident Injury","Travel Lane","White","Male","Chapel Hill","Orange","No","01-01-03","2010-09-22","Motorist Overtaking Bicyclist",5,"Intersection","01-09-01","0001-01-01T00:47:58-04:56","Motorist Overtaking - Other /",0,2010,"B: Evident Injury","Commercial","50-59",55,"No","16-20 mph","O: No Injury","White","Male","Passenger Car","No","No","Dark - Roadway Not Lighted","Urban (>70% Developed)","5 lanes",2,"Straight - Hillcrest","Local Street","Dry","Two-Way, Divided, Unprotected Median","None","T-Intersection","Coarse Asphalt","Piedmont","Urban","40 - 45  MPH","Stop And Go Signal","Clear","No","35.969707, -79.07503",-79.07503,35.969707
"3757",718,719,"Yes","10-Jun",10,"No","With Traffic","C: Possible Injury","Travel Lane","White","Male","None - Rural Crash","Dare","No","01-01-03","2010-09-29","Bicyclist Left Turn / Merge",16,"Non-Intersection","01-09-01","0001-01-01T11:25:58-04:56","Bicyclist Left Turn - Same Direction",0,2010,"C: Possible Injury","Residential","60-69",65,"No","31-35 mph","O: No Injury","White","Female","Sport Utility","No","No","Daylight","Mixed (30% To 70% Developed)","2 lanes",2,"Straight - Level","NC Route","Dry","Two-Way, Not Divided","None","No Special Feature","Coarse Asphalt","Coastal","Rural","30 - 35  MPH","Double Yellow Line, No Passing Zone","Cloudy","No","35.97032, -75.636086",-75.636086,35.97032
"3758",721,722,"Yes","15-Nov",15,"No","Facing Traffic","C: Possible Injury","Sidewalk / Crosswalk / Driveway Crossing","White","Male","Concord","Cabarrus","No","01-01-02","2010-09-21","Crossing Paths - Other Circumstances",18,"Intersection","01-09-01","0001-01-01T13:37:58-04:56","Sign-Controlled Intersection - Other /",0,2010,"C: Possible Injury","Residential","70+",NA,"No","0-5 mph","O: No Injury","White","Female","Passenger Car","No","No","Daylight","Urban (>70% Developed)","1 lane",2,"Straight - Level","Local Street","Dry","One-Way, Not Divided","None","No Special Feature","Coarse Asphalt","Piedmont","Urban","30 - 35  MPH","Stop Sign","Clear","No","35.4157, -80.58694",-80.58694,35.4157
"3759",743,744,"Yes","40-49",48,"No","With Traffic","B: Evident Injury","Travel Lane","White","Male","None - Rural Crash","Henderson","No","01-01-07","2010-10-10","Motorist Left Turn / Merge",15,"Intersection","01-10-01","0001-01-01T10:45:58-04:56","Motorist Left Turn - Opposite Direction",0,2010,"B: Evident Injury","Farms, Woods, Pastures","70+",NA,"No","0-5 mph","O: No Injury","White","Female","Passenger Car","No","No","Daylight","Rural (<30% Developed)","2 lanes",2,"Curve - Grade","State Secondary Route","Dry","Two-Way, Not Divided","None","T-Intersection","Coarse Asphalt","Mountains","Rural","30 - 35  MPH","Double Yellow Line, No Passing Zone","Clear","No","35.340958, -82.53002",-82.53002,35.340958
"3760",755,756,"Yes","20-24",20,"No","Facing Traffic","O: No Injury","Bike Lane / Paved Shoulder","White","Male","Kitty Hawk","Dare","No","01-01-02","2010-09-21","Motorist Failed to Yield - Sign-Controlled Intersection",15,"Intersection","01-09-01","0001-01-01T10:07:58-04:56","Motorist Drive Out - Sign-Controlled Intersection",0,2010,"O: No Injury","Commercial","0-19",16,"No","0-5 mph","O: No Injury","White","Male","Sport Utility","No","No","Daylight","Urban (>70% Developed)","5 lanes",2,"Straight - Level","US Route","Dry","Two-Way, Not Divided","None","T-Intersection","Coarse Asphalt","Coastal","Rural","20 - 25  MPH","Stop Sign","Clear","No","36.060024, -75.689224",-75.689224,36.060024
"3761",757,758,"Yes","50-59",53,"No","With Traffic","B: Evident Injury","Travel Lane","Black","Male","Wilmington","New Hanover","No","","2010-10-04","Motorist Overtaking Bicyclist",21,"Non-Intersection","01-10-01","0001-01-01T16:50:58-04:56","Motorist Overtaking - Undetected Bicyclist",0,2010,"B: Evident Injury","Commercial","20-24",22,"No","21-25 mph","O: No Injury","White","Female","Sport Utility","No","No","Dark - Roadway Not Lighted","Urban (>70% Developed)","2 lanes",2,"Straight - Level","Local Street","Dry","Two-Way, Not Divided","None","No Special Feature","Coarse Asphalt","Coastal","Urban","30 - 35  MPH","No Control Present","Clear","No","34.243687, -77.862274",-77.862274,34.243687
"3762",762,763,"Yes","50-59",50,"No","With Traffic","A: Disabling Injury","Travel Lane","White","Male","Lenoir","Caldwell","No","","2010-10-11","Motorist Left Turn / Merge",9,"Intersection","01-10-01","0001-01-01T04:10:58-04:56","Motorist Left Turn - Opposite Direction",0,2010,"A: Disabling Injury","Commercial","70+",NA,"No","6-10 mph","O: No Injury","White","Male","Sport Utility","No","No","Daylight","Urban (>70% Developed)","2 lanes",2,"Straight - Grade","US Route","Dry","Two-Way, Not Divided","None","No Special Feature","Smooth Asphalt","Mountains","Urban","30 - 35  MPH","No Control Present","Clear","No","35.905914, -81.52867",-81.52867,35.905914
"3763",174,175,"Yes","30-39",34,"No","Facing Traffic","B: Evident Injury","Bike Lane / Paved Shoulder","Hispanic","Male","None - Rural Crash","Wake","No","01-01-04","2010-04-22","Motorist Failed to Yield - Signalized Intersection",14,"Intersection","01-04-01","0001-01-01T09:21:58-04:56","Motorist Drive Out - Signalized Intersection",0,2010,"B: Evident Injury","Commercial","40-49",42,"No","0-5 mph","O: No Injury","White","Male","Passenger Car","No","No","Daylight","Urban (>70% Developed)","8 lanes",2,"Straight - Level","US Route","Dry","Two-Way, Divided, Unprotected Median","None","T-Intersection","Smooth Asphalt","Piedmont","Rural","40 - 45  MPH","Stop And Go Signal","Clear","No","35.877384, -78.57469",-78.57469,35.877384
"3764",180,181,"Yes","40-49",44,"No","With Traffic","C: Possible Injury","Travel Lane","Hispanic","Male","Whiteville","Columbus","No","01-01-07","2010-04-18","Loss of Control / Turning Error",20,"Intersection","01-04-01","0001-01-01T15:22:58-04:56","Bicyclist Turning Error - Right Turn",0,2010,"C: Possible Injury","Residential","60-69",63,"No","0-5 mph","O: No Injury","White","Male","Pickup","No","No","Dark - Lighted Roadway","Urban (>70% Developed)","4 lanes",2,"Straight - Level","Local Street","Dry","Two-Way, Not Divided","None","Four-Way Intersection","Coarse Asphalt","Coastal","Urban","30 - 35  MPH","Stop And Go Signal","Clear","No","34.33894, -78.70591",-78.70591,34.33894
"3765",185,186,"No","20-24",21,"No","Not Applicable","B: Evident Injury","Sidewalk / Crosswalk / Driveway Crossing","White","Male","Charlotte","Mecklenburg","No","01-01-03","2010-04-21","Bicyclist Failed to Yield - Sign-Controlled Intersection",20,"Intersection","01-04-01","0001-01-01T15:36:58-04:56","Bicyclist Ride Through - Sign-Controlled Intersection",0,2010,"B: Evident Injury","Commercial","0-19",18,"No","41-45 mph","O: No Injury","White","Female","Passenger Car","No","No","Dark - Lighted Roadway","Mixed (30% To 70% Developed)","7 lanes",2,"Straight - Level","Local Street","Dry","Two-Way, Divided, Unprotected Median","None","No Special Feature","Smooth Asphalt","Piedmont","Urban","40 - 45  MPH","Stop And Go Signal","Clear","No","35.302452, -80.729",-80.729,35.302452
"3766",194,195,"No","30-39",37,"No","With Traffic","B: Evident Injury","Travel Lane","White","Male","Charlotte","Mecklenburg","No","01-01-07","2010-04-25","Motorist Failed to Yield - Signalized Intersection",14,"Intersection","01-04-01","0001-01-01T09:53:58-04:56","Motorist Drive Out - Signalized Intersection",0,2010,"B: Evident Injury","Commercial","70+",NA,"No","6-10 mph","O: No Injury","White","Male","Pickup","No","No","Daylight","Mixed (30% To 70% Developed)","2 lanes",2,"Straight - Level","Local Street","Dry","Two-Way, Not Divided","None","T-Intersection","Smooth Asphalt","Piedmont","Urban","40 - 45  MPH","Stop Sign","Clear","No","35.226692, -80.9699",-80.9699,35.226692
"3767",195,196,"No","20-24",23,"No","With Traffic","B: Evident Injury","Travel Lane","White","Male","None - Rural Crash","Catawba","No","01-01-02","2010-05-04","Motorist Overtaking Bicyclist",7,"Non-Intersection","01-05-01","0001-01-01T02:12:58-04:56","Motorist Overtaking - Bicyclist Swerved",0,2010,"B: Evident Injury","Residential","40-49",42,"No","16-20 mph","O: No Injury","White","Female","Passenger Car","No","No","Daylight","Mixed (30% To 70% Developed)","2 lanes",2,"Straight - Level","State Secondary Route","Dry","Two-Way, Not Divided","None","No Special Feature","Smooth Asphalt","Piedmont","Rural","40 - 45  MPH","Double Yellow Line, No Passing Zone","Clear","No","35.673836, -81.11265",-81.11265,35.673836
"3768",420,421,"Yes","50-59",54,"No","Facing Traffic","C: Possible Injury","Sidewalk / Crosswalk / Driveway Crossing","White","Male","Charlotte","Mecklenburg","No","01-01-03","2012-06-27","Motorist Failed to Yield - Midblock",20,"Non-Intersection","01-06-01","0001-01-01T15:26:58-04:56","Motorist Drive Out - Commercial Driveway / Alley",NA,2012,"C: Possible Injury","Residential","25-29",29,"No","11-15 mph","O: No Injury","Black","Male","Passenger Car","No","No","Dusk","Urban (>70% Developed)","2 lanes",2,"Straight - Hillcrest","Public Vehicular Area","Dry","Two-Way, Not Divided","None","No Special Feature","Smooth Asphalt","Piedmont","Urban","5 - 15 MPH","Stop Sign","Clear","No","35.20857, -80.7577",-80.7577,35.20857
"3769",423,424,"Yes","15-Nov",11,"No","With Traffic","A: Disabling Injury","Travel Lane","Black","Male","Fayetteville","Cumberland","No","01-01-04","2012-06-21","Bicyclist Failed to Yield - Sign-Controlled Intersection",14,"Intersection","01-06-01","0001-01-01T09:25:58-04:56","Bicyclist Ride Through - Sign-Controlled Intersection",NA,2012,"A: Disabling Injury","Residential","60-69",60,"No","21-25 mph","O: No Injury","Black","Female","Passenger Car","No","No","Daylight","Urban (>70% Developed)","2 lanes",2,"Straight - Level","Local Street","Dry","Two-Way, Not Divided","None","T-Intersection","Coarse Asphalt","Coastal","Urban","20 - 25  MPH","Stop Sign","Clear","No","35.09342, -78.9246",-78.9246,35.09342
"3770",426,427,"Yes","30-39",33,"No","With Traffic","B: Evident Injury","Travel Lane","Hispanic","Male","Newport","Carteret","No","01-01-07","2012-06-24","Motorist Overtaking Bicyclist",23,"Non-Intersection","01-06-01","0001-01-01T18:14:58-04:56","Motorist Overtaking - Other /",NA,2012,"B: Evident Injury","Residential","",NA,"Missing","","Injury","/Missing","","","No","Yes","Dark - Roadway Not Lighted","Mixed (30% To 70% Developed)","5 lanes",2,"Straight - Level","NC Route","Dry","Two-Way, Not Divided","None","Bridge Approach","Smooth Asphalt","Coastal","Rural","50 - 55  MPH","No Control Present","Clear","No","34.72906, -76.8997",-76.8997,34.72906
"3771",428,429,"No","20-24",21,"No","With Traffic","O: No Injury","Travel Lane","White","Male","Sunset Beach","Brunswick","No","01-01-06","2012-06-23","Motorist Overtaking Bicyclist",23,"Non-Intersection","01-06-01","0001-01-01T18:31:58-04:56","Motorist Overtaking - Other /",NA,2012,"O: No Injury","Residential","30-39",30,"No","41-45 mph","O: No Injury","White","Female","Passenger Car","No","No","Dark - Roadway Not Lighted","Mixed (30% To 70% Developed)","2 lanes",2,"Curve - Grade","Local Street","Dry","Two-Way, Not Divided","None","No Special Feature","Coarse Asphalt","Coastal","Rural","40 - 45  MPH","No Control Present","Clear","No","33.89194, -78.505",-78.505,33.89194
"3772",433,434,"Yes","20-24",20,"No","Facing Traffic","B: Evident Injury","Travel Lane","White","Male","None - Rural Crash","Wilson","No","01-01-04","2012-06-28","Head-On",5,"Non-Intersection","01-06-01","0001-01-01T00:31:58-04:56","Head-On - Bicyclist",NA,2012,"B: Evident Injury","Residential","50-59",53,"No","36-40 mph","O: No Injury","White","Male","Van","No","No","Dark - Roadway Not Lighted","Urban (>70% Developed)","2 lanes",2,"Straight - Level","US Route","Dry","Two-Way, Not Divided","None","No Special Feature","Coarse Asphalt","Coastal","Rural","40 - 45  MPH","No Control Present","Clear","No","35.66194, -77.7871",-77.7871,35.66194
"3773",438,439,"Yes","40-49",49,"No","With Traffic","K: Killed","Travel Lane","White","Male","Raleigh","Wake","No","01-01-03","2012-07-04","Motorist Overtaking Bicyclist",14,"Non-Intersection","01-07-01","0001-01-01T09:18:58-04:56","Motorist Overtaking - Misjudged Space",NA,2012,"K: Killed","Commercial","25-29",28,"No","31-35 mph","O: No Injury","White","Male","Tractor/Semi-Trailer","No","No","Daylight","Urban (>70% Developed)","6 lanes",2,"Curve - Grade","NC Route","Dry","Two-Way, Divided, Unprotected Median","None","No Special Feature","Smooth Asphalt","Piedmont","Urban","50 - 55  MPH","No Control Present","Clear","No","35.8763, -78.5398",-78.5398,35.8763
"3774",442,443,"No","0-5",5,"No","With Traffic","C: Possible Injury","Travel Lane","Black","Female","Rocky Mount","Edgecombe","No","01-01-07","2012-06-17","Bicyclist Failed to Yield - Sign-Controlled Intersection",18,"Intersection-Related","01-06-01","0001-01-01T14:00:58-04:56","Bicyclist Ride Through - Sign-Controlled Intersection",NA,2012,"C: Possible Injury","Residential","20-24",22,"No","16-20 mph","O: No Injury","Black","Female","Passenger Car","No","No","Daylight","Urban (>70% Developed)","2 lanes",2,"Straight - Level","Local Street","Dry","Two-Way, Not Divided","None","Four-Way Intersection","Coarse Asphalt","Coastal","Urban","30 - 35  MPH","Stop Sign","Clear","No","35.92692, -77.7896",-77.7896,35.92692
"3775",452,453,"Yes","20-24",22,"No","With Traffic","C: Possible Injury","Travel Lane","White","Male","Wilmington","New Hanover","No","01-01-07","2012-06-10","Motorist Failed to Yield - Sign-Controlled Intersection",17,"Intersection","01-06-01","0001-01-01T12:11:58-04:56","Motorist Drive Out - Sign-Controlled Intersection",NA,2012,"C: Possible Injury","Residential","0-19",19,"No","11-15 mph","O: No Injury","White","Male","Passenger Car","No","No","Daylight","Urban (>70% Developed)","4 lanes",2,"Straight - Level","Local Street","Dry","Two-Way, Not Divided","None","Four-Way Intersection","Smooth Asphalt","Coastal","Urban","20 - 25  MPH","Stop Sign","Clear","No","34.22996, -77.871",-77.871,34.22996
"3776",461,462,"Yes","15-Nov",11,"No","Not Applicable","B: Evident Injury","Non-Roadway","Black","Male","Gastonia","Gaston","No","01-01-07","2012-06-10","Bicyclist Failed to Yield - Signalized Intersection",14,"Intersection","01-06-01","0001-01-01T09:59:58-04:56","Bicyclist Ride Out - Signalized  Intersection",NA,2012,"B: Evident Injury","Residential","25-29",27,"No","31-35 mph","C: Possible Injury","Black","Female","Passenger Car","No","No","Daylight","Rural (<30% Developed)","3 lanes",2,"Straight - Grade","NC Route","Dry","Two-Way, Not Divided","None","Four-Way Intersection","Smooth Asphalt","Piedmont","Urban","30 - 35  MPH","Stop And Go Signal","Clear","No","35.26343, -81.1998",-81.1998,35.26343
"3777",465,466,"Yes","50-59",51,"No","With Traffic","B: Evident Injury","Travel Lane","White","Male","None - Rural Crash","Wilson","No","","2012-07-16","Motorist Overtaking Bicyclist",8,"Non-Intersection","01-07-01","0001-01-01T03:46:58-04:56","Motorist Overtaking - Misjudged Space",NA,2012,"B: Evident Injury","Farms, Woods, Pastures","60-69",64,"No","51-55 mph","O: No Injury","Black","Male","Pickup","No","No","Daylight","Rural (<30% Developed)","2 lanes",2,"Straight - Level","State Secondary Route","Dry","Two-Way, Not Divided","None","No Special Feature","Coarse Asphalt","Coastal","Rural","50 - 55  MPH","No Control Present","Cloudy","No","35.66792, -77.9153",-77.9153,35.66792
"3778",466,467,"Yes","20-24",23,"No","With Traffic","C: Possible Injury","Travel Lane","White","Male","Mount Holly","Gaston","No","01-01-04","2012-06-28","Motorist Right Turn / Merge",11,"Intersection","01-06-01","0001-01-01T06:19:58-04:56","Motorist Right Turn - Same Direction",NA,2012,"C: Possible Injury","Residential","30-39",35,"No","","O: No Injury","Hispanic","Male","Pickup","No","No","Daylight","Urban (>70% Developed)","4 lanes",2,"Straight - Level","NC Route","Dry","Two-Way, Not Divided","Work Zone","Four-Way Intersection","Smooth Asphalt","Piedmont","Urban","30 - 35  MPH","Stop And Go Signal","Clear","No","35.29715, -81.0127",-81.0127,35.29715
"3779",471,472,"No","40-49",47,"No","Not Applicable","C: Possible Injury","Non-Roadway","White","Male","Kernersville","Forsyth","No","01-01-07","2012-07-08","Non-Roadway",12,"Non-Roadway","01-07-01","0001-01-01T08:02:58-04:56","Non-Roadway",NA,2012,"C: Possible Injury","Residential","60-69",62,"No","0-5 mph","O: No Injury","White","Female","Van","No","No","Daylight","Urban (>70% Developed)","",2,"Curve - Level","Public Vehicular Area","Dry","Two-Way, Not Divided","None","Driveway, Public","Coarse Asphalt","Piedmont","Urban","5 - 15 MPH","No Control Present","Clear","No","36.11846, -80.0859",-80.0859,36.11846
"3780",473,474,"No","40-49",46,"No","With Traffic","B: Evident Injury","Travel Lane","White","Male","Kings Mountain","Cleveland","No","01-01-07","2012-06-10","Motorist Overtaking Bicyclist",9,"Non-Intersection","01-06-01","0001-01-01T04:27:58-04:56","Motorist Overtaking - Other /",NA,2012,"B: Evident Injury","Residential","70",70,"No","16-20 mph","O: No Injury","White","Female","Passenger Car","No","No","Daylight","Urban (>70% Developed)","2 lanes",2,"Straight - Grade","Local Street","Dry","Two-Way, Not Divided","None","Y-Intersection","Smooth Asphalt","Mountains","Urban","20 - 25  MPH","Stop Sign","Clear","No","35.2523, -81.3347",-81.3347,35.2523
"3781",477,478,"Yes","10-Jun",10,"No","","B: Evident Injury","Non-Roadway","Native American","Female","None - Rural Crash","Hoke","No","01-01-02","2012-07-17","Motorist Failed to Yield - Sign-Controlled Intersection",15,"Intersection-Related","01-07-01","0001-01-01T10:35:58-04:56","Motorist Drive Out - Sign-Controlled Intersection",NA,2012,"B: Evident Injury","Commercial","0-19",18,"No","16-20 mph","O: No Injury","Hispanic","Male","Pickup","No","No","Daylight","Mixed (30% To 70% Developed)","2 lanes",2,"Straight - Grade","State Secondary Route","Dry","Two-Way, Not Divided","None","No Special Feature","Coarse Asphalt","Coastal","Rural","40 - 45  MPH","Double Yellow Line, No Passing Zone","Clear","No","35.04901, -79.4349",-79.4349,35.04901
"3782",483,484,"No","20-24",20,"No","Facing Traffic","C: Possible Injury","Sidewalk / Crosswalk / Driveway Crossing","White","Male","Gastonia","Gaston","No","01-01-02","2012-07-10","Motorist Failed to Yield - Midblock",14,"Non-Intersection","01-07-01","0001-01-01T09:08:58-04:56","Motorist Drive Out - Commercial Driveway / Alley",NA,2012,"C: Possible Injury","Commercial","",NA,"Missing","6-10 mph","Injury","/Missing","","","No","Yes","Daylight","Urban (>70% Developed)","",2,"Straight - Grade","Public Vehicular Area","Dry","Two-Way, Not Divided","None","Driveway, Public","Concrete","Piedmont","Urban","","Stop Sign","Clear","No","35.26012, -81.1295",-81.1295,35.26012
"3783",486,487,"Yes","40-49",44,"Yes","With Traffic","B: Evident Injury","Travel Lane","White","Male","Tobaccoville","Forsyth","Yes","","2012-07-23","Motorist Overtaking Bicyclist",20,"Intersection-Related","01-07-01","0001-01-01T15:07:58-04:56","Motorist Overtaking - Bicyclist Swerved",NA,2012,"B: Evident Injury","Farms, Woods, Pastures","25-29",29,"No","41-45 mph","O: No Injury","Black","Male","Pickup","No","No","Dusk","Rural (<30% Developed)","2 lanes",2,"Curve - Level","State Secondary Route","Dry","Two-Way, Not Divided","None","No Special Feature","Coarse Asphalt","Piedmont","Rural","40 - 45  MPH","Double Yellow Line, No Passing Zone","Clear","No","36.23396, -80.3805",-80.3805,36.23396