"","FID","OBJECTID","AmbulanceR","BikeAge_Gr","Bike_Age","Bike_Alc_D","Bike_Dir","Bike_Injur","Bike_Pos","Bike_Race","Bike_Sex","City","County","CrashAlcoh","CrashDay","Crash_Date","Crash_Grp","Crash_Hour","Crash_Loc","Crash_Mont","Crash_Time","Crash_Type","Crash_Ty_1","Crash_Year","Crsh_Sevri","Developmen","DrvrAge_Gr","Drvr_Age","Drvr_Alc_D","Drvr_EstSp","Drvr_Injur","Drvr_Race","Drvr_Sex","Drvr_VehTy","ExcsSpdInd","Hit_Run","Light_Cond","Locality","Num_Lanes","Num_Units","Rd_Charact","Rd_Class","Rd_Conditi","Rd_Config","Rd_Defects","Rd_Feature","Rd_Surface","Region","Rural_Urba","Speed_Limi","Traff_Cntr","Weather","Workzone_I","Location","locx","locy"
"3905",673,674,"Yes","10-Jun",9,"No","Facing Traffic","B: Evident Injury","Travel Lane","Hispanic","Male","Raleigh","Wake","No","01-01-07","2011-10-02","Parallel Paths - Other Circumstances",15,"Non-Intersection","01-10-01","0001-01-01T10:25:58-04:56","Parallel Paths - Other /",312280,2011,"B: Evident Injury","Residential","20-24",20,"No","16-20 mph","O: No Injury","Black","Male","Passenger Car","No","No","Daylight","Urban (>70% Developed)","2 lanes",2,"Curve - Level","Local Street","Dry","Two-Way, Not Divided","None","No Special Feature","Smooth Asphalt","Piedmont","Urban","5 - 15 MPH","No Control Present","Clear","No","35.73716, -78.5747",-78.5747,35.73716
"3906",674,675,"Yes","15-Nov",15,"No","Not Applicable","B: Evident Injury","Non-Roadway","White","Male","Columbia","Tyrrell","No","","2011-09-05","Bicyclist Failed to Yield - Midblock",18,"Non-Intersection","01-09-01","0001-01-01T13:53:58-04:56","Bicyclist Ride Out - Commercial Driveway / Alley",363312,2011,"B: Evident Injury","Residential","60-69",66,"No","11-15 mph","O: No Injury","White","Male","Pickup","No","No","Daylight","Urban (>70% Developed)","2 lanes",2,"Straight - Level","Local Street","Dry","Two-Way, Not Divided","None","No Special Feature","Smooth Asphalt","Coastal","Rural","20 - 25  MPH","No Control Present","Clear","No","35.91894, -76.2526",-76.2526,35.91894
"3907",681,682,"No","30-39",30,"No","With Traffic","O: No Injury","Travel Lane","Black","Male","Durham","Durham","No","01-01-03","2011-10-05","Bicyclist Failed to Yield - Signalized Intersection",10,"Intersection","01-10-01","0001-01-01T05:51:58-04:56","Bicyclist Ride Through - Signalized Intersection",111155,2011,"O: No Injury","Commercial","30-39",32,"No","31-35 mph","O: No Injury","White","Female","Passenger Car","No","No","Daylight","Urban (>70% Developed)","2 lanes",2,"Straight - Level","Local Street","Dry","One-Way, Not Divided","None","No Special Feature","Smooth Asphalt","Piedmont","Urban","30 - 35  MPH","Stop And Go Signal","Clear","No","36.03669, -78.8958",-78.8958,36.03669
"3908",683,684,"Yes","15-Nov",15,"No","With Traffic","C: Possible Injury","Sidewalk / Crosswalk / Driveway Crossing","Black","Male","Wilmington","New Hanover","No","01-01-04","2011-09-22","Loss of Control / Turning Error",8,"Intersection","01-09-01","0001-01-01T03:05:58-04:56","Bicyclist Lost Control - Other /",131129,2011,"C: Possible Injury","Residential","40-49",47,"No","16-20 mph","O: No Injury","White","Female","Sport Utility","No","No","Daylight","Urban (>70% Developed)","2 lanes",2,"Straight - Level","Local Street","Dry","One-Way, Not Divided","Debris","No Special Feature","Smooth Asphalt","Coastal","Urban","30 - 35  MPH","No Control Present","Clear","No","34.23318, -77.9284",-77.9284,34.23318
"3909",688,689,"Yes","15-Nov",12,"No","Facing Traffic","C: Possible Injury","Sidewalk / Crosswalk / Driveway Crossing","Asian","Male","Cary","Wake","No","01-01-04","2011-09-29","Bicyclist Failed to Yield - Signalized Intersection",7,"Intersection","01-09-01","0001-01-01T02:42:58-04:56","Bicyclist Ride Through - Signalized Intersection",132155,2011,"C: Possible Injury","Residential","40-49",48,"No","0-5 mph","O: No Injury","White","Female","Passenger Car","No","No","Daylight","Urban (>70% Developed)","5 lanes",2,"Straight - Bottom","State Secondary Route","Dry","Two-Way, Divided, Unprotected Median","None","Four-Way Intersection","Smooth Asphalt","Piedmont","Urban","40 - 45  MPH","Stop And Go Signal","Clear","No","35.77367, -78.846",-78.846,35.77367
"3910",691,692,"No","",NA,"No","Not Applicable","Injury","Sidewalk / Crosswalk / Driveway Crossing","/Missing","","Carolina Beach","New Hanover","No","01-01-03","2011-09-07","Motorist Left Turn / Merge",14,"Intersection","01-09-01","0001-01-01T09:23:58-04:56","Motorist Left Turn - Opposite Direction",133212,2011,"O: No Injury","Residential","25-29",27,"No","6-10 mph","O: No Injury","White","Female","Sport Utility","No","No","Daylight","Urban (>70% Developed)","3 lanes",2,"Straight - Level",".","Dry","Two-Way, Not Divided","None","No Special Feature","Smooth Asphalt","Coastal","Urban","20 - 25  MPH","Stop And Go Signal","Clear","No","34.03635, -77.8938",-77.8938,34.03635
"3911",696,697,"No","20-24",22,"No","Facing Traffic","B: Evident Injury","Sidewalk / Crosswalk / Driveway Crossing","Black","Female","Huntersville","Mecklenburg","No","01-01-05","2011-09-30","Motorist Failed to Yield - Signalized Intersection",6,"Intersection","01-09-01","0001-01-01T01:22:58-04:56","Motorist Drive Out - Right Turn on Red",132151,2011,"B: Evident Injury","Commercial","0-19",16,"No","6-10 mph","O: No Injury","White","Female","Passenger Car","No","No","Dark - Roadway Not Lighted","Urban (>70% Developed)","3 lanes",2,"Straight - Level","Local Street","Dry","Two-Way, Divided, Positive Median Barrier","None","Four-Way Intersection","Smooth Asphalt","Piedmont","Urban","30 - 35  MPH","Stop And Go Signal","Clear","No","35.40616, -80.8659",-80.8659,35.40616
"3912",698,699,"No","25-29",26,"No","With Traffic","C: Possible Injury","Travel Lane","White","Male","Wilmington","New Hanover","No","01-01-03","2011-10-05","Motorist Failed to Yield - Midblock",13,"Non-Intersection","01-10-01","0001-01-01T08:06:58-04:56","Motorist Drive Out - Commercial Driveway / Alley",311322,2011,"C: Possible Injury","Commercial","20-24",21,"No","6-10 mph","O: No Injury","White","Female","Passenger Car","No","No","Daylight","Urban (>70% Developed)","8 lanes",2,"Straight - Level","NC Route","Dry","Two-Way, Divided, Unprotected Median","None","No Special Feature","Smooth Asphalt","Coastal","Urban","40 - 45  MPH","Stop And Go Signal","Clear","No","34.22983, -77.8776",-77.8776,34.22983
"3913",699,700,"Yes","16-19",19,"No","With Traffic","B: Evident Injury","Sidewalk / Crosswalk / Driveway Crossing","Black","Male","Charlotte","Mecklenburg","No","01-01-02","2011-10-04","Motorist Right Turn / Merge",17,"Intersection","01-10-01","0001-01-01T12:52:58-04:56","Motorist Right Turn - Same Direction",131213,2011,"B: Evident Injury","Commercial","20-24",21,"No","21-25 mph","O: No Injury","White","Female","Passenger Car","No","No","Daylight","Urban (>70% Developed)","3 lanes",2,"Straight - Level","Local Street","Dry","Two-Way, Divided, Unprotected Median","None","No Special Feature","Smooth Asphalt","Piedmont","Urban","30 - 35  MPH","Stop And Go Signal","Clear","No","35.25496, -80.8008",-80.8008,35.25496
"3914",701,702,"No","",NA,"No","With Traffic","Injury","Travel Lane","/Missing","","Wilmington","New Hanover","No","","2011-10-03","Motorist Overtaking Bicyclist",5,"Non-Intersection","01-10-01","0001-01-01T00:06:58-04:56","Motorist Overtaking - Undetected Bicyclist",311231,2011,"O: No Injury","Residential","30-39",33,"No","41-45 mph","O: No Injury","White","Male","Pickup","No","No","Dark - Lighted Roadway","Urban (>70% Developed)","4 lanes",2,"Straight - Level","Local Street","Dry","Two-Way, Divided, Positive Median Barrier","None","No Special Feature","Coarse Asphalt","Coastal","Urban","40 - 45  MPH","No Control Present","Clear","No","34.24118, -77.8563",-77.8563,34.24118
"3915",805,806,"Yes","50-59",52,"Yes","With Traffic","C: Possible Injury","Travel Lane","Black","Male","Burlington","Alamance","Yes","01-01-05","2012-10-12","Loss of Control / Turning Error",20,"Intersection-Related","01-10-01","0001-01-01T16:00:58-04:56","Motorist Turning Error - Left Turn",NA,2012,"C: Possible Injury","Residential","60-69",62,"No","31-35 mph","O: No Injury","Black","Male","Passenger Car","No","No","Dark - Roadway Not Lighted","Urban (>70% Developed)","2 lanes",2,"Straight - Level","Local Street","Dry","Two-Way, Not Divided","None","No Special Feature","Coarse Asphalt","Piedmont","Urban","30 - 35  MPH","No Control Present","Clear","No","36.10204, -79.4318",-79.4318,36.10204
"3916",808,809,"Yes","25-29",27,"No","With Traffic","B: Evident Injury","Travel Lane","White","Male","Wilmington","New Hanover","No","01-01-03","2012-10-10","Motorist Right Turn / Merge",17,"Intersection","01-10-01","0001-01-01T12:18:58-04:56","Motorist Right Turn - Same Direction",NA,2012,"B: Evident Injury","Commercial","",NA,"Missing","21-25 mph","Injury","/Missing","","Pickup","No","Yes","Daylight","Urban (>70% Developed)","4 lanes",2,"Straight - Level","Local Street","Dry","One-Way, Not Divided","None","No Special Feature","Coarse Asphalt","Coastal","Urban","30 - 35  MPH","Stop And Go Signal","Clear","No","34.2255, -77.9276",-77.9276,34.2255
"3917",809,810,"Yes","30-39",33,"No","Facing Traffic","B: Evident Injury","Travel Lane","White","Male","Wilmington","New Hanover","No","","2012-10-15","Bicyclist Failed to Yield - Sign-Controlled Intersection",11,"Intersection","01-10-01","0001-01-01T06:36:58-04:56","Bicyclist Ride Through - Sign-Controlled Intersection",NA,2012,"B: Evident Injury","Residential","20-24",24,"No","11-15 mph","O: No Injury","Black","Female","Passenger Car","No","No","Daylight","Urban (>70% Developed)","8 lanes",2,"Straight - Level","Local Street","Dry","Two-Way, Not Divided","None","Four-Way Intersection","Other","Coastal","Urban","20 - 25  MPH","Stop Sign","Clear","No","34.23165, -77.947",-77.947,34.23165
"3918",813,814,"No","10-Jun",9,"No","","C: Possible Injury","","Hispanic","Female","Winston-Salem","Forsyth","No","01-01-05","2012-10-12","Bicyclist Failed to Yield - Midblock",16,"Non-Intersection","01-10-01","0001-01-01T11:32:58-04:56","Bicyclist Ride Out - Midblock -",NA,2012,"C: Possible Injury","Residential","",NA,"Missing","","Injury","/Missing","","Passenger Car","No","Yes","Daylight","Urban (>70% Developed)","2 lanes",2,"Straight - Level","Local Street","Dry","Two-Way, Not Divided","None","No Special Feature","Smooth Asphalt","Piedmont","Urban","20 - 25  MPH","No Control Present","Clear","No","36.06687, -80.22",-80.22,36.06687
"3919",822,823,"Yes","25-29",28,"No","With Traffic","C: Possible Injury","Travel Lane","White","Male","Greensboro","Guilford","No","01-01-03","2012-10-24","Motorist Left Turn / Merge",16,"Intersection","01-10-01","0001-01-01T12:02:58-04:56","Motorist Left Turn - Opposite Direction",NA,2012,"C: Possible Injury","Commercial","60-69",68,"No","0-5 mph","O: No Injury","Black","Female","Passenger Car","No","No","Daylight","Urban (>70% Developed)","3 lanes",2,"Straight - Hillcrest","Local Street","Dry","Two-Way, Divided, Unprotected Median","None","No Special Feature","Coarse Asphalt","Piedmont","Urban","30 - 35  MPH","Double Yellow Line, No Passing Zone","Clear","No","36.06736, -79.7906",-79.7906,36.06736
"3920",832,833,"Yes","50-59",54,"No","With Traffic","C: Possible Injury","Travel Lane","Black","Male","Raleigh","Wake","No","","2012-10-29","Crossing Paths - Other Circumstances",6,"Intersection","01-10-01","0001-01-01T01:46:58-04:56","Signalized Intersection - Other /",NA,2012,"C: Possible Injury","Commercial","60-69",62,"No","11-15 mph","O: No Injury","White","Male","Passenger Car","No","No","Dark - Lighted Roadway","Mixed (30% To 70% Developed)","3 lanes",2,"Straight - Level","Local Street","Wet","One-Way, Not Divided","None","No Special Feature","Smooth Asphalt","Piedmont","Urban","30 - 35  MPH","Stop And Go Signal","Rain","No","35.7805, -78.6223",-78.6223,35.7805
"3921",835,836,"No","",0,"No","Facing Traffic","C: Possible Injury","Sidewalk / Crosswalk / Driveway Crossing","Black","Male","Greenville","Pitt","No","01-01-06","2012-10-27","Crossing Paths - Other Circumstances",20,"Intersection","01-10-01","0001-01-01T15:31:58-04:56","Signalized Intersection - Other /",NA,2012,"C: Possible Injury","Commercial","",NA,"Missing","0-5 mph","Injury","/Missing","","Passenger Car","No","Yes","Dark - Lighted Roadway","Urban (>70% Developed)","4 lanes",2,"Straight - Level","Local Street","Water (Standing, Moving)","Two-Way, Divided, Unprotected Median","None","Four-Way Intersection","Coarse Asphalt","Coastal","Urban","30 - 35  MPH","Stop And Go Signal","Rain","No","35.5918, -77.3895",-77.3895,35.5918
"3922",842,843,"No","20-24",21,"No","With Traffic","C: Possible Injury","Bike Lane / Paved Shoulder","White","Male","Greensboro","Guilford","No","01-01-04","2012-10-18","Motorist Right Turn / Merge",10,"Intersection","01-10-01","0001-01-01T05:36:58-04:56","Motorist Right Turn - Same Direction",NA,2012,"C: Possible Injury","Institutional","0-19",19,"No","21-25 mph","O: No Injury","White","Female","Passenger Car","No","No","Daylight","Urban (>70% Developed)","2 lanes",2,"Straight - Level","Local Street","Dry","Two-Way, Divided, Positive Median Barrier","None","No Special Feature","Smooth Asphalt","Piedmont","Urban","20 - 25  MPH","Stop Sign","Clear","No","36.06528, -79.8128",-79.8128,36.06528
"3923",844,845,"Yes","50-59",50,"No","With Traffic","B: Evident Injury","Travel Lane","White","Male","None - Rural Crash","Onslow","No","01-01-04","2012-11-01","Motorist Overtaking Bicyclist",18,"Non-Intersection","01-11-01","0001-01-01T13:07:58-04:56","Motorist Overtaking - Other /",NA,2012,"B: Evident Injury","Residential","30-39",30,"No","26-30 mph","O: No Injury","Black","Male","Passenger Car","No","No","Daylight","Rural (<30% Developed)","2 lanes",2,"Straight - Level","State Secondary Route","Dry","Two-Way, Not Divided","None","No Special Feature","Coarse Asphalt","Coastal","Rural","30 - 35  MPH","Double Yellow Line, No Passing Zone","Clear","No","34.81627, -77.4584",-77.4584,34.81627
"3924",848,849,"Yes","40-49",46,"No","Facing Traffic","B: Evident Injury","Sidewalk / Crosswalk / Driveway Crossing","White","Male","Greensboro","Guilford","No","01-01-06","2012-06-02","Motorist Failed to Yield - Midblock",20,"Non-Intersection","01-06-01","0001-01-01T15:12:58-04:56","Motorist Drive Out - Commercial Driveway / Alley",NA,2012,"B: Evident Injury","Commercial","",NA,"No","6-10 mph","Injury","/Missing","","Passenger Car","No","Yes","Daylight","Urban (>70% Developed)","",2,"Straight - Hillcrest","Public Vehicular Area","Dry","","None","Driveway, Public","Coarse Asphalt","Piedmont","Urban","5 - 15 MPH","No Control Present","Clear","No","36.13156, -79.7965",-79.7965,36.13156
"3925",873,874,"No","50-59",54,"No","Facing Traffic","Injury","Travel Lane","Black","Male","Gastonia","Gaston","No","01-01-03","2012-10-24","Motorist Failed to Yield - Signalized Intersection",9,"Intersection","01-10-01","0001-01-01T04:58:58-04:56","Motorist Drive Out - Right Turn on Red",NA,2012,"Injury","Residential","",NA,"Missing","0-5 mph","Injury","/Missing","","Sport Utility","No","Yes","Daylight","Urban (>70% Developed)","2 lanes",2,"Straight - Level","Local Street","Dry","Two-Way, Not Divided","","Four-Way Intersection","Smooth Asphalt","Piedmont","Urban","30 - 35  MPH","Stop And Go Signal","Clear","No","35.27027, -81.2226",-81.2226,35.27027
"3926",877,878,"Yes","40-49",48,"No","Facing Traffic","A: Disabling Injury","Travel Lane","Black","Male","Greenville","Pitt","No","01-01-03","2012-11-07","Bicyclist Failed to Yield - Sign-Controlled Intersection",18,"Intersection-Related","01-11-01","0001-01-01T13:52:58-04:56","Bicyclist Ride Through - Sign-Controlled Intersection",NA,2012,"A: Disabling Injury","Commercial","50-59",56,"No","36-40 mph","O: No Injury","Black","Female","Van","No","No","Dark - Lighted Roadway","Urban (>70% Developed)","5 lanes",2,"Straight - Level","Local Street","Wet","Two-Way, Not Divided","None","No Special Feature","Coarse Asphalt","Coastal","Urban","40 - 45  MPH","No Control Present","Rain","No","35.59849, -77.3912",-77.3912,35.59849
"3927",886,887,"No","20-24",20,"No","With Traffic","C: Possible Injury","Travel Lane","Black","Male","None - Rural Crash","Johnston","No","01-01-04","2012-11-08","Loss of Control / Turning Error",11,"Non-Intersection","01-11-01","0001-01-01T06:41:58-04:56","Motorist Turning Error - Left Turn",NA,2012,"C: Possible Injury","Residential","",NA,"No","16-20 mph","Injury","/Missing","","Pickup","No","Yes","Dark - Roadway Not Lighted","Rural (<30% Developed)","2 lanes",2,"Straight - Level","State Secondary Route","Dry","Two-Way, Not Divided","None","T-Intersection","Coarse Asphalt","Coastal","Rural","5 - 15 MPH","Stop Sign","Clear","No","35.79345, -78.2903",-78.2903,35.79345
"3928",890,891,"Yes","50-59",59,"No","With Traffic","C: Possible Injury","Travel Lane","White","Male","None - Rural Crash","Cleveland","No","","2012-11-19","Motorist Overtaking Bicyclist",17,"Non-Intersection","01-11-01","0001-01-01T12:14:58-04:56","Motorist Overtaking - Other /",NA,2012,"C: Possible Injury","Farms, Woods, Pastures","50-59",55,"No","51-55 mph","O: No Injury","White","Male","Pickup","No","No","Dusk","Rural (<30% Developed)","9 or more lanes",2,"Straight - Grade","State Secondary Route","Dry","Two-Way, Not Divided","None","No Special Feature","Smooth Asphalt","Mountains","Rural","50 - 55  MPH","Double Yellow Line, No Passing Zone","Clear","No","35.26833, -81.6386",-81.6386,35.26833
"3929",895,896,"Yes","15-Nov",12,"No","Facing Traffic","B: Evident Injury","Sidewalk / Crosswalk / Driveway Crossing","Black","Male","Gastonia","Gaston","Yes","01-01-06","2012-10-20","Motorist Left Turn / Merge",19,"Intersection","01-10-01","0001-01-01T14:38:58-04:56","Motorist Left Turn - Same Direction",NA,2012,"B: Evident Injury","Commercial","30-39",35,"Yes","16-20 mph","O: No Injury","White","Female","Passenger Car","No","No","Dusk","Urban (>70% Developed)","2 lanes",2,"Straight - Level","Local Street","Dry","Two-Way, Not Divided","None","T-Intersection","Smooth Asphalt","Piedmont","Urban","30 - 35  MPH","Stop Sign","Clear","No","35.26226, -81.1957",-81.1957,35.26226
"3930",896,897,"Yes","25-29",29,"No","Facing Traffic","B: Evident Injury","Sidewalk / Crosswalk / Driveway Crossing","White","Male","Greenville","Pitt","No","","2012-11-19","Motorist Failed to Yield - Sign-Controlled Intersection",20,"Intersection","01-11-01","0001-01-01T15:11:58-04:56","Motorist Drive Out - Sign-Controlled Intersection",NA,2012,"B: Evident Injury","Residential","30-39",33,"No","0-5 mph","O: No Injury","White","Female","Sport Utility","No","No","Dark - Lighted Roadway","Urban (>70% Developed)","7 lanes",2,"Straight - Level","Local Street","Dry","Two-Way, Not Divided","None","T-Intersection","Coarse Asphalt","Coastal","Urban","40 - 45  MPH","Stop Sign","Clear","No","35.57765, -77.3628",-77.3628,35.57765
"3931",901,902,"No","15-Nov",15,"No","Facing Traffic","C: Possible Injury","Travel Lane","Black","Male","Jacksonville","Onslow","No","01-01-03","2012-10-31","Motorist Failed to Yield - Sign-Controlled Intersection",17,"Intersection","01-10-01","0001-01-01T12:08:58-04:56","Motorist Drive Out - Sign-Controlled Intersection",NA,2012,"C: Possible Injury","Residential","40-49",47,"No","11-15 mph","O: No Injury","White","Male","Passenger Car","No","No","Daylight","Urban (>70% Developed)","2 lanes",2,"Straight - Level","Local Street","Dry","Two-Way, Not Divided","None","No Special Feature","Smooth Asphalt","Coastal","Urban","20 - 25  MPH","Stop Sign","Clear","No","34.77942, -77.4263",-77.4263,34.77942
"3932",925,926,"Yes","20-24",22,"No","With Traffic","B: Evident Injury","Travel Lane","White","Male","Fayetteville","Cumberland","No","01-01-04","2012-11-08","Motorist Overtaking Bicyclist",7,"Non-Intersection","01-11-01","0001-01-01T02:21:58-04:56","Motorist Overtaking - Undetected Bicyclist",NA,2012,"B: Evident Injury","Commercial","40-49",41,"No","21-25 mph","O: No Injury","White","Female","Sport Utility","No","No","Daylight","Urban (>70% Developed)","5 lanes",2,"Straight - Hillcrest","Local Street","Dry","Two-Way, Not Divided","None","No Special Feature","Concrete","Coastal","Urban","30 - 35  MPH","No Control Present","Clear","No","35.06066, -78.9157",-78.9157,35.06066
"3933",929,930,"Yes","50-59",50,"Yes","With Traffic","B: Evident Injury","","Black","Male","None - Rural Crash","Scotland","Yes","01-01-04","2012-11-29","Motorist Overtaking Bicyclist",22,"Non-Intersection","01-11-01","0001-01-01T17:38:58-04:56","Motorist Overtaking - Other /",NA,2012,"B: Evident Injury","Residential","20-24",24,"No","51-55 mph","O: No Injury","White","Male","Pickup","No","No","Dark - Roadway Not Lighted","Urban (>70% Developed)","2 lanes",2,"Straight - Level","State Secondary Route","Dry","Two-Way, Not Divided","None","No Special Feature","Coarse Asphalt","Coastal","Rural","50 - 55  MPH","No Control Present","Clear","No","34.69047, -79.5297",-79.5297,34.69047
"3934",934,935,"No","40-49",46,"No","Facing Traffic","C: Possible Injury","Travel Lane","Native American","Male","Pembroke","Robeson","No","01-01-05","2012-11-30","Head-On",14,"Intersection","01-11-01","0001-01-01T09:53:58-04:56","Head-On - Bicyclist",NA,2012,"C: Possible Injury","Commercial","30-39",39,"No","26-30 mph","O: No Injury","Native American","Female","Passenger Car","No","No","Daylight","Urban (>70% Developed)","2 lanes",2,"Straight - Level","Local Street","Dry","Two-Way, Divided, Unprotected Median","None","No Special Feature","Smooth Asphalt","Coastal","Rural","30 - 35  MPH","No Control Present","Clear","No","34.68436, -79.1885",-79.1885,34.68436
"3935",941,942,"Yes","30-39",36,"No","With Traffic","C: Possible Injury","Bike Lane / Paved Shoulder","White","Male","None - Rural Crash","Durham","No","01-01-07","2012-12-02","Loss of Control / Turning Error",16,"Non-Intersection","01-12-01","0001-01-01T11:25:58-04:56","Motorist Lost Control - Oversteering, Improper Braking, Speed",NA,2012,"C: Possible Injury","Farms, Woods, Pastures","70",70,"No","41-45 mph","O: No Injury","White","Male","Pickup","No","No","Daylight","Rural (<30% Developed)","2 lanes",2,"Straight - Grade","NC Route","Dry","Two-Way, Not Divided","None","No Special Feature","Smooth Asphalt","Piedmont","Rural","50 - 55  MPH","Double Yellow Line, No Passing Zone","Clear","No","35.87333, -78.9484",-78.9484,35.87333
"3936",942,943,"No","25-29",27,"No","Facing Traffic","B: Evident Injury","Travel Lane","White","Female","Wilmington","New Hanover","No","01-01-07","2012-11-11","Motorist Failed to Yield - Sign-Controlled Intersection",16,"Intersection","01-11-01","0001-01-01T11:19:58-04:56","Motorist Drive Out - Sign-Controlled Intersection",NA,2012,"B: Evident Injury","Residential","50-59",58,"No","0-5 mph","O: No Injury","White","Male","Passenger Car","No","No","Daylight","Urban (>70% Developed)","2 lanes",2,"Straight - Level","Local Street","Dry","Two-Way, Not Divided","None","T-Intersection","Smooth Asphalt","Coastal","Urban","20 - 25  MPH","Yield Sign","Clear","No","34.22937, -77.8327",-77.8327,34.22937
"3937",948,949,"No","50-59",51,"No","With Traffic","B: Evident Injury","Travel Lane","White","Male","None - Rural Crash","New Hanover","No","01-01-04","2012-12-06","Motorist Overtaking Bicyclist",15,"Non-Intersection","01-12-01","0001-01-01T10:05:58-04:56","Motorist Overtaking - Other /",NA,2012,"B: Evident Injury","Residential","70",70,"No","41-45 mph","O: No Injury","White","Female","Passenger Car","No","No","Daylight","Mixed (30% To 70% Developed)","2 lanes",2,"Straight - Level","State Secondary Route","Dry","Two-Way, Not Divided","None","No Special Feature","Coarse Asphalt","Coastal","Rural","40 - 45  MPH","No Control Present","Clear","No","34.28626, -77.7728",-77.7728,34.28626
"3938",949,950,"Yes","30-39",33,"No","Facing Traffic","K: Killed","Travel Lane","White","Female","Lumberton","Robeson","No","01-01-02","2012-12-04","Motorist Failed to Yield - Sign-Controlled Intersection",18,"Intersection","01-12-01","0001-01-01T13:06:58-04:56","Motorist Drive Out - Sign-Controlled Intersection",NA,2012,"K: Killed","Commercial","60-69",60,"No","11-15 mph","O: No Injury","White","Female","Sport Utility","No","No","Dark -  Lighting","Urban (>70% Developed)","6 lanes",3,"Straight - Level","Local Street","Dry","Two-Way, Not Divided","None","T-Intersection","Coarse Asphalt","Coastal","Urban","30 - 35  MPH","Stop Sign","Clear","No","34.63257, -79.001",-79.001,34.63257
"3939",954,955,"No","50-59",54,"No","With Traffic","C: Possible Injury","Travel Lane","White","Male","Mooresville","Iredell","No","01-01-05","2012-11-16","Motorist Left Turn / Merge",15,"Intersection","01-11-01","0001-01-01T10:53:58-04:56","Motorist Left Turn - Opposite Direction",NA,2012,"C: Possible Injury","Residential","50-59",59,"No","11-15 mph","O: No Injury","White","Female","Passenger Car","No","No","Daylight","Rural (<30% Developed)","3 lanes",2,"Straight - Level","NC Route","Dry","Two-Way, Not Divided","None","No Special Feature","Smooth Asphalt","Piedmont","Urban","30 - 35  MPH","No Control Present","Clear","No","35.58813, -80.7975",-80.7975,35.58813
"3940",958,959,"Yes","40-49",49,"No","Facing Traffic","B: Evident Injury","Travel Lane","Black","Male","Lumberton","Robeson","No","01-01-02","2012-11-27","Motorist Failed to Yield - Signalized Intersection",19,"Intersection","01-11-01","0001-01-01T14:49:58-04:56","Motorist Drive Out - Right Turn on Red",NA,2012,"B: Evident Injury","Commercial","",NA,"Missing","31-35 mph","Injury","/Missing","","","No","Yes","Dark - Lighted Roadway","Urban (>70% Developed)","2 lanes",2,"Straight - Level","Local Street","Wet","Two-Way, Not Divided","None","T-Intersection","Coarse Asphalt","Coastal","Urban","30 - 35  MPH","Stop And Go Signal","Cloudy","No","34.61424, -79.0184",-79.0184,34.61424
"3941",980,981,"Yes","50-59",54,"No","Not Applicable","B: Evident Injury","Non-Roadway","Black","Male","Fayetteville","Cumberland","No","01-01-06","2012-12-01","Bicyclist Failed to Yield - Midblock",9,"Non-Intersection","01-12-01","0001-01-01T04:58:58-04:56","Bicyclist Ride Out - Other Midblock",NA,2012,"B: Evident Injury","Commercial","70",70,"No","36-40 mph","O: No Injury","White","Male","Passenger Car","No","No","Daylight","Urban (>70% Developed)","3 lanes",2,"Straight - Hillcrest","Local Street","Dry","Two-Way, Divided, Unprotected Median","None","No Special Feature","Smooth Asphalt","Coastal","Urban","30 - 35  MPH","No Control Present","Clear","No","35.03034, -78.8947",-78.8947,35.03034
"3942",987,988,"No","25-29",26,"No","With Traffic","B: Evident Injury","Travel Lane","White","Female","Durham","Durham","No","01-01-07","2012-12-23","Bicyclist Failed to Yield - Signalized Intersection",15,"Intersection","01-12-01","0001-01-01T10:10:58-04:56","Bicyclist Ride Through - Signalized Intersection",NA,2012,"B: Evident Injury","Residential","25-29",26,"No","31-35 mph","O: No Injury","Black","Female","Passenger Car","No","No","Daylight","Urban (>70% Developed)","3 lanes",2,"Straight - Level","Local Street","Dry","Two-Way, Not Divided","None","No Special Feature","Coarse Asphalt","Piedmont","Urban","30 - 35  MPH","Stop And Go Signal","Clear","No","36.00026, -78.9077",-78.9077,36.00026
"3943",992,993,"Yes","25-29",25,"No","Facing Traffic","B: Evident Injury","Sidewalk / Crosswalk / Driveway Crossing","Black","Female","Charlotte","Mecklenburg","No","01-01-06","2012-12-29","Motorist Failed to Yield - Midblock",16,"Non-Intersection","01-12-01","0001-01-01T11:07:58-04:56","Motorist Drive Out - Commercial Driveway / Alley",NA,2012,"B: Evident Injury","Commercial","30-39",30,"No","0-5 mph","O: No Injury","Black","Female","Sport Utility","No","No","Daylight","Urban (>70% Developed)","2 lanes",2,"Straight - Level","Local Street","Dry","Two-Way, Not Divided","None","No Special Feature","Smooth Asphalt","Piedmont","Urban","5 - 15 MPH","Stop Sign","Cloudy","No","35.20382, -80.7533",-80.7533,35.20382