"","FID","OBJECTID","AmbulanceR","BikeAge_Gr","Bike_Age","Bike_Alc_D","Bike_Dir","Bike_Injur","Bike_Pos","Bike_Race","Bike_Sex","City","County","CrashAlcoh","CrashDay","Crash_Date","Crash_Grp","Crash_Hour","Crash_Loc","Crash_Mont","Crash_Time","Crash_Type","Crash_Ty_1","Crash_Year","Crsh_Sevri","Developmen","DrvrAge_Gr","Drvr_Age","Drvr_Alc_D","Drvr_EstSp","Drvr_Injur","Drvr_Race","Drvr_Sex","Drvr_VehTy","ExcsSpdInd","Hit_Run","Light_Cond","Locality","Num_Lanes","Num_Units","Rd_Charact","Rd_Class","Rd_Conditi","Rd_Config","Rd_Defects","Rd_Feature","Rd_Surface","Region","Rural_Urba","Speed_Limi","Traff_Cntr","Weather","Workzone_I","Location","locx","locy"
"4348",695,696,"Yes","15-Nov",15,"No","Facing Traffic","B: Evident Injury","Travel Lane","White","Male","Fayetteville","Cumberland","No","01-01-04","2008-07-10","Bicyclist Failed to Yield - Sign-Controlled Intersection",7,"Intersection","01-07-01","0001-01-01T02:29:58-04:56","Bicyclist Ride Out - Sign-Controlled Intersection",112142,2008,"B: Evident Injury","Residential","25-29",27,"No","31-35 mph","O: No Injury","Black","Female","Passenger Car","No","No","Daylight","Urban (>70% Developed)","2 lanes",2,"Straight - Level","Local Street","Dry","Two-Way, Not Divided","None","No Special Feature","Coarse Asphalt","Coastal","Urban","30 - 35  MPH","No Control Present","Cloudy","No","0.0, 0.0",0,0
"4349",698,699,"No","25-29",25,"No","With Traffic","B: Evident Injury","Sidewalk / Crosswalk / Driveway Crossing","White","Female","Charlotte","Mecklenburg","No","01-01-07","2008-08-10","Motorist Failed to Yield - Midblock",14,"Non-Intersection","01-08-01","0001-01-01T09:39:58-04:56","Motorist Drive Out - Commercial Driveway / Alley",331322,2008,"B: Evident Injury","Commercial","20-24",22,"No","6-10 mph","O: No Injury","White","Female","Passenger Car","No","No","Daylight","Urban (>70% Developed)","3 lanes",2,"Straight - Hillcrest","Local Street","Dry","One-Way, Not Divided","None","Driveway, Public","Smooth Asphalt","Piedmont","Urban","20 - 25  MPH","Stop Sign","Clear","No","0.0, 0.0",0,0
"4350",701,702,"No","10-Jun",8,"No","Not Applicable","C: Possible Injury","Driveway / Alley","Hispanic","Female","None - Rural Crash","Henderson","No","01-01-05","2008-09-05","Bicyclist Failed to Yield - Midblock",18,"Non-Intersection","01-09-01","0001-01-01T13:49:58-04:56","Bicyclist Ride Out - Residential Driveway",353311,2008,"C: Possible Injury","Residential","50-59",50,"No","31-35 mph","O: No Injury","White","Female","Passenger Car","No","No","Daylight","Urban (>70% Developed)","2 lanes",2,"Straight - Level","State Secondary Route","Dry","Two-Way, Not Divided","None","No Special Feature","Smooth Asphalt","Mountains","Rural","40 - 45  MPH","Missing","Clear","No","0.0, 0.0",0,0
"4351",708,709,"Yes","20-24",21,"No","With Traffic","B: Evident Injury","Travel Lane","White","Male","Charlotte","Mecklenburg","Yes","01-01-07","2008-09-28","Motorist Overtaking Bicyclist",2,"Non-Intersection","01-09-01","0000-12-31T21:09:58-04:56","Motorist Overtaking - Undetected Bicyclist",311231,2008,"B: Evident Injury","Residential","20-24",24,"Yes","26-30 mph","O: No Injury","White","Male","Passenger Car","No","No","Dark - Lighted Roadway","Urban (>70% Developed)","4 lanes",2,"Straight - Level","Local Street","Dry","Two-Way, Divided, Unprotected Median","None","No Special Feature","Smooth Asphalt","Piedmont","Urban","30 - 35  MPH","No Control Present","Cloudy","No","0.0, 0.0",0,0
"4352",709,710,"Yes","40-49",42,"No","With Traffic","B: Evident Injury","Travel Lane","White","Male","None - Rural Crash","Johnston","No","01-01-02","2008-09-09","Motorist Left Turn / Merge",6,"Intersection","01-09-01","0001-01-01T01:34:58-04:56","Motorist Left Turn - Opposite Direction",111212,2008,"B: Evident Injury","Residential","30-39",35,"No","51-55 mph","O: No Injury","White","Male","Pickup","No","No","Dark - Roadway Not Lighted","Rural (<30% Developed)","2 lanes",2,"Straight - Level","State Secondary Route","Dry","Two-Way, Not Divided","None","T-Intersection","Smooth Asphalt","Coastal","Rural","50 - 55  MPH","Double Yellow Line, No Passing Zone","Cloudy","No","0.0, 0.0",0,0
"4353",722,723,"Yes","15-Nov",13,"No","With Traffic","B: Evident Injury","Travel Lane","White","Male","Burlington","Alamance","No","01-01-05","2008-09-12","Motorist Overtaking Bicyclist",20,"Non-Intersection","01-09-01","0001-01-01T15:26:58-04:56","Motorist Overtaking - Undetected Bicyclist",311231,2008,"B: Evident Injury","Commercial","60-69",62,"No","31-35 mph","O: No Injury","White","Female","Van","No","No","Dark - Roadway Not Lighted","Urban (>70% Developed)","4 lanes",2,"Straight - Level","Local Street","Dry","Two-Way, Not Divided","None","No Special Feature","Smooth Asphalt","Piedmont","Urban","40 - 45  MPH","No Control Present","Clear","No","0.0, 0.0",0,0
"4354",728,729,"Yes","15-Nov",12,"No","Not Applicable","B: Evident Injury","Non-Roadway","Black","Male","Raleigh","Wake","No","01-01-04","2008-05-08","Bicyclist Failed to Yield - Midblock",7,"Non-Intersection","01-05-01","0001-01-01T02:49:58-04:56","Bicyclist Ride Out - Other Midblock",363318,2008,"B: Evident Injury","Commercial","30-39",37,"No","11-15 mph","O: No Injury","White","Female","Sport Utility","No","No","Daylight","Urban (>70% Developed)","2 lanes",2,"Straight - Level","Local Street","Dry","Two-Way, Divided, Unprotected Median","None","T-Intersection","Smooth Asphalt","Piedmont","Urban","30 - 35  MPH","Stop And Go Signal","Cloudy","No","0.0, 0.0",0,0
"4355",747,748,"Yes","16-19",18,"No","Facing Traffic","B: Evident Injury","Bike Lane / Paved Shoulder","Black","Male","Jacksonville","Onslow","No","01-01-02","2008-09-23","Motorist Failed to Yield - Midblock",15,"Non-Intersection","01-09-01","0001-01-01T10:59:58-04:56","Motorist Drive Out - Residential Driveway",322321,2008,"B: Evident Injury","Commercial","40-49",49,"No","6-10 mph","O: No Injury","Black","Male","Passenger Car","No","No","Daylight","Urban (>70% Developed)","3 lanes",2,"Straight - Level","Local Street","Dry","Two-Way, Not Divided","None","Other","Smooth Asphalt","Coastal","Urban","30 - 35  MPH","Missing","Clear","No","0.0, 0.0",0,0
"4356",748,749,"No","50-59",59,"No","With Traffic","C: Possible Injury","Travel Lane","Black","Male","Roxboro","Person","No","01-01-03","2008-09-03","Bicyclist Failed to Yield - Sign-Controlled Intersection",10,"Intersection","01-09-01","0001-01-01T05:40:58-04:56","Bicyclist Ride Through - Sign-Controlled Intersection",111144,2008,"C: Possible Injury","Commercial","40-49",46,"No","31-35 mph","O: No Injury","/Missing","Female","Pickup","No","No","Daylight","Urban (>70% Developed)","5 lanes",2,"Straight - Grade","Local Street","Dry","Two-Way, Not Divided","None","Four-Way Intersection","Coarse Asphalt","Piedmont","Urban","30 - 35  MPH","Stop Sign","Clear","No","0.0, 0.0",0,0
"4357",757,758,"Yes","60-69",60,"No","Facing Traffic","B: Evident Injury","Travel Lane","Black","Male","Tarboro","Edgecombe","No","","2008-09-29","Motorist Failed to Yield - Sign-Controlled Intersection",17,"Intersection","01-09-01","0001-01-01T12:16:58-04:56","Motorist Drive Out - Sign-Controlled Intersection",112141,2008,"B: Evident Injury","Commercial","60-69",60,"No","6-10 mph","O: No Injury","White","Male","Sport Utility","No","No","Daylight","Mixed (30% To 70% Developed)","2 lanes",2,"Straight - Level","Local Street","Dry","Two-Way, Not Divided","None","No Special Feature","Smooth Asphalt","Coastal","Urban","30 - 35  MPH","Stop Sign","Clear","No","0.0, 0.0",0,0
"4358",761,762,"Yes","20-24",23,"Yes","With Traffic","C: Possible Injury","Travel Lane","White","Male","None - Rural Crash","Davidson","Yes","01-01-05","2008-09-26","Motorist Overtaking Bicyclist",23,"Non-Intersection","01-09-01","0001-01-01T18:50:58-04:56","Motorist Overtaking - Undetected Bicyclist",311231,2008,"C: Possible Injury","Farms, Woods, Pastures","60-69",62,"No","41-45 mph","O: No Injury","White","Female","Light Truck (Mini-Van, Panel)","No","No","Dark - Roadway Not Lighted","Rural (<30% Developed)","",2,"","NC Route","Wet","","None","No Special Feature","","Piedmont","Rural","50 - 55  MPH","Missing","Rain","No","0.0, 0.0",0,0
"4359",762,763,"Yes","16-19",18,"No","With Traffic","B: Evident Injury","Travel Lane","White","Male","Wilmington","New Hanover","No","","2008-09-29","Motorist Left Turn / Merge",21,"Intersection","01-09-01","0001-01-01T16:38:58-04:56","Motorist Left Turn - Opposite Direction",111212,2008,"B: Evident Injury","Residential","25-29",25,"No","11-15 mph","O: No Injury","White","Male","Passenger Car","No","No","Dark - Lighted Roadway","Urban (>70% Developed)","3 lanes",2,"Straight - Level","Local Street","Dry","Two-Way, Not Divided","None","T-Intersection","Smooth Asphalt","Coastal","Urban","40 - 45  MPH","Stop Sign","Clear","No","0.0, 0.0",0,0
"4360",764,765,"No","20-24",23,"No","With Traffic","B: Evident Injury","Travel Lane","Hispanic","Male","Raleigh","Wake","No","01-01-04","2008-10-02","Parallel Paths - Other Circumstances",15,"Intersection-Related","01-10-01","0001-01-01T10:15:58-04:56","Parallel Paths - Other /",211280,2008,"B: Evident Injury","Institutional","25-29",26,"No","11-15 mph","O: No Injury","White","Female","Passenger Car","No","No","Daylight","Urban (>70% Developed)","1 lane",2,"Straight - Level","Local Street","Dry","One-Way, Not Divided","None","T-Intersection","Smooth Asphalt","Piedmont","Urban","5 - 15 MPH","Missing","Clear","No","0.0, 0.0",0,0
"4361",774,775,"Yes","20-24",20,"No","With Traffic","C: Possible Injury","","White","Male","Chapel Hill","Orange","Yes","01-01-07","2008-10-05","Motorist Failed to Yield - Midblock",9,"Non-Intersection","01-10-01","0001-01-01T04:57:58-04:56","Motorist Drive Out - Commercial Driveway / Alley",391322,2008,"C: Possible Injury","Residential","20-24",22,"Yes","0-5 mph","O: No Injury","White","Male","Sport Utility","No","No","Daylight","Urban (>70% Developed)","2 lanes",2,"Straight - Level","Public Vehicular Area","Dry","Two-Way, Not Divided","None","Driveway, Public","Smooth Asphalt","Piedmont","Urban","20 - 25  MPH","No Control Present","Clear","No","0.0, 0.0",0,0
"4362",779,780,"Yes","20-24",20,"No","With Traffic","B: Evident Injury","Travel Lane","White","Female","Boone","Watauga","No","01-01-04","2008-10-09","Motorist Left Turn / Merge",15,"Non-Intersection","01-10-01","0001-01-01T10:38:58-04:56","Motorist Left Turn - Opposite Direction",311212,2008,"B: Evident Injury","Commercial","60-69",61,"No","","O: No Injury","White","Male","Passenger Car","No","No","Daylight","Urban (>70% Developed)","3 lanes",2,"Straight - Level","Local Street","Wet","Two-Way, Not Divided","None","Driveway, Public","Smooth Asphalt","Mountains","Urban","30 - 35  MPH","Missing","Rain","No","0.0, 0.0",0,0
"4363",785,786,"Yes","30-39",37,"No","With Traffic","C: Possible Injury","Travel Lane","Black","Male","Fayetteville","Cumberland","No","01-01-02","2008-10-07","Motorist Overtaking Bicyclist",23,"Non-Intersection","01-10-01","0001-01-01T18:19:58-04:56","Motorist Overtaking - Undetected Bicyclist",311231,2008,"C: Possible Injury","Commercial","25-29",25,"No","31-35 mph","O: No Injury","White","Female","Passenger Car","No","No","Dark - Lighted Roadway","Mixed (30% To 70% Developed)","2 lanes",2,"Straight - Level","Local Street","Dry","Two-Way, Divided, Unprotected Median","None","No Special Feature","Coarse Asphalt","Coastal","Urban","30 - 35  MPH","No Control Present","Clear","No","0.0, 0.0",0,0
"4364",786,787,"No","40-49",40,"No","With Traffic","O: No Injury","Travel Lane","Black","Male","Durham","Durham","No","01-01-05","2008-10-17","Parallel Paths - Other Circumstances",20,"Intersection-Related","01-10-01","0001-01-01T15:31:58-04:56","Parallel Paths - Other /",211280,2008,"O: No Injury","Commercial","30-39",33,"No","11-15 mph","O: No Injury","Black","Female","Passenger Car","No","No","Dark - Lighted Roadway","Urban (>70% Developed)","2 lanes",2,"Straight - Level","Local Street","Wet","Two-Way, Not Divided","None","No Special Feature","Smooth Asphalt","Piedmont","Urban","30 - 35  MPH","Stop And Go Signal","Rain","No","0.0, 0.0",0,0
"4365",790,791,"No","16-19",18,"No","With Traffic","B: Evident Injury","Travel Lane","White","Male","Waynesville","Haywood","No","","2008-09-29","Motorist Overtaking Bicyclist",12,"Non-Intersection","01-09-01","0001-01-01T07:48:58-04:56","Motorist Overtaking - Misjudged Space",311232,2008,"B: Evident Injury","Commercial","60-69",66,"No","31-35 mph","O: No Injury","White","Female","Sport Utility","No","No","Daylight","Mixed (30% To 70% Developed)","5 lanes",2,"Straight - Hillcrest","Local Street","Dry","Two-Way, Divided, Unprotected Median","None","No Special Feature","Smooth Asphalt","Mountains","Urban","30 - 35  MPH","Missing","Clear","No","0.0, 0.0",0,0
"4366",798,799,"Yes","16-19",18,"No","With Traffic","C: Possible Injury","Sidewalk / Crosswalk / Driveway Crossing","White","Male","Boone","Watauga","No","01-01-04","2008-10-23","Motorist Left Turn / Merge",10,"Intersection","01-10-01","0001-01-01T05:59:58-04:56","Motorist Left Turn - Opposite Direction",131212,2008,"C: Possible Injury","Institutional","0-19",19,"No","0-5 mph","O: No Injury","White","Male","Sport Utility","No","No","Daylight","Urban (>70% Developed)","3 lanes",2,"Straight - Grade","Local Street","Dry","Two-Way, Not Divided","None","T-Intersection","Smooth Asphalt","Mountains","Urban","20 - 25  MPH","Stop And Go Signal","Clear","No","0.0, 0.0",0,0
"4367",799,800,"Yes","20-24",24,"No","With Traffic","B: Evident Injury","Travel Lane","White","Male","Charlotte","Mecklenburg","No","01-01-02","2008-10-21","Motorist Right Turn / Merge",18,"Intersection","01-10-01","0001-01-01T13:45:58-04:56","Motorist Right Turn - Same Direction",111213,2008,"B: Evident Injury","Commercial","0-19",17,"No","41-45 mph","O: No Injury","White","Male","Pickup","No","No","Dark - Roadway Not Lighted","Urban (>70% Developed)","4 lanes",2,"Straight - Grade","Local Street","Dry","Two-Way, Not Divided","None","Four-Way Intersection","Coarse Asphalt","Piedmont","Urban","40 - 45  MPH","Stop And Go Signal","Clear","No","0.0, 0.0",0,0
"4368",800,801,"No","40-49",44,"No","With Traffic","C: Possible Injury","Bike Lane / Paved Shoulder","White","Female","Hickory","Catawba","No","01-01-05","2008-10-17","Motorist Left Turn / Merge",6,"Intersection","01-10-01","0001-01-01T01:40:58-04:56","Motorist Left Turn - Opposite Direction",121212,2008,"C: Possible Injury","Residential","30-39",33,"No","31-35 mph","O: No Injury","Black","Male","Police","No","No","Dark - Lighted Roadway","Urban (>70% Developed)","3 lanes",2,"Straight - Grade","Local Street","Wet","Two-Way, Not Divided","None","No Special Feature","Smooth Asphalt","Piedmont","Urban","30 - 35  MPH","Stop And Go Signal","Rain","No","0.0, 0.0",0,0
"4369",801,802,"Yes","40-49",49,"Yes","With Traffic","A: Disabling Injury","Travel Lane","White","Male","Wilson","Wilson","Yes","01-01-06","2008-10-18","Bicyclist Right Turn / Merge",0,"Non-Intersection","01-10-01","0000-12-31T19:51:58-04:56","Bicyclist Right Turn - Same Direction",311223,2008,"A: Disabling Injury","Commercial","20-24",24,"No","31-35 mph","O: No Injury","Black","Male","Passenger Car","No","No","Dark - Lighted Roadway","Urban (>70% Developed)","5 lanes",2,"Straight - Grade","Local Street","Wet","Two-Way, Not Divided","None","No Special Feature","Smooth Asphalt","Coastal","Urban","40 - 45  MPH","Missing","Rain","No","0.0, 0.0",0,0
"4370",811,812,"Yes","30-39",39,"No","With Traffic","B: Evident Injury","Travel Lane","Native American","Male","Chapel Hill","Orange","No","01-01-03","2008-10-08","Parking / Bus-Related",7,"Non-Intersection","01-10-01","0001-01-01T02:59:58-04:56","Motorist Drive In / Out - Parking",311215,2008,"B: Evident Injury","Institutional","30-39",36,"No","0-5 mph","O: No Injury","White","Male","Sport Utility","No","No","Daylight","Mixed (30% To 70% Developed)","2 lanes",2,"Straight - Level","Local Street","Dry","Two-Way, Not Divided","None","No Special Feature","Smooth Asphalt","Piedmont","Urban","20 - 25  MPH","Missing","Clear","No","0.0, 0.0",0,0
"4371",824,825,"Yes","20-24",20,"No","Facing Traffic","C: Possible Injury","Sidewalk / Crosswalk / Driveway Crossing","Hispanic","Male","Morehead City","Carteret","No","01-01-04","2008-10-09","Motorist Failed to Yield - Sign-Controlled Intersection",10,"Intersection","01-10-01","0001-01-01T06:02:58-04:56","Motorist Drive Out - Sign-Controlled Intersection",132141,2008,"C: Possible Injury","Commercial","70+",NA,"No","6-10 mph","O: No Injury","White","Female","Passenger Car","No","No","Daylight","Urban (>70% Developed)","5 lanes",2,"Straight - Level","Local Street","Dry","Two-Way, Divided, Unprotected Median","None","T-Intersection","Coarse Asphalt","Coastal","Urban","30 - 35  MPH","Stop Sign","Clear","No","0.0, 0.0",0,0
"4372",825,826,"Yes","40-49",45,"No","Facing Traffic","K: Killed","Travel Lane","White","Male","Rocky Mount","Nash","No","01-01-02","2008-09-30","Head-On",20,"Non-Intersection","01-09-01","0001-01-01T15:11:58-04:56","Head-On - Bicyclist",312250,2008,"K: Killed","Commercial","50-59",52,"No","36-40 mph","O: No Injury","Hispanic","Male","Van","No","No","Dark - Lighted Roadway","Urban (>70% Developed)","4 lanes",2,"Straight - Level","Local Street","Dry","Two-Way, Divided, Unprotected Median","None","No Special Feature","Concrete","Coastal","Urban","40 - 45  MPH","Stop And Go Signal","Clear","No","0.0, 0.0",0,0
"4373",828,829,"Yes","40-49",41,"No","With Traffic","B: Evident Injury","Travel Lane","White","Male","None - Rural Crash","Wake","No","01-01-06","2008-10-11","Motorist Right Turn / Merge",10,"Intersection","01-10-01","0001-01-01T05:34:58-04:56","Motorist Right Turn - Same Direction",111213,2008,"B: Evident Injury","Residential","70+",NA,"No","36-40 mph","O: No Injury","White","Female","Passenger Car","No","No","Daylight","Mixed (30% To 70% Developed)","2 lanes",2,"Straight - Level","State Secondary Route","Dry","Two-Way, Not Divided","None","T-Intersection","Smooth Asphalt","Piedmont","Rural","40 - 45  MPH","Double Yellow Line, No Passing Zone","Cloudy","No","0.0, 0.0",0,0
"4374",839,840,"No","30-39",36,"No","With Traffic","B: Evident Injury","Travel Lane","White","Male","Trinity","Randolph","No","01-01-02","2008-10-07","Loss of Control / Turning Error",13,"Non-Intersection","01-10-01","0001-01-01T08:14:58-04:56","Bicyclist Lost Control - Other /",311129,2008,"B: Evident Injury","Commercial","40-49",40,"No","41-45 mph","O: No Injury","White","Male","Pickup","No","No","Daylight","Mixed (30% To 70% Developed)","2 lanes",2,"Straight - Level","NC Route","Dry","Two-Way, Not Divided","None","Four-Way Intersection","Smooth Asphalt","Piedmont","Urban","40 - 45  MPH","Stop And Go Signal","Clear","No","0.0, 0.0",0,0
"4375",843,844,"No","60-69",65,"No","With Traffic","A: Disabling Injury","Travel Lane","White","Male","Atlantic Beach","Carteret","No","01-01-02","2008-10-21","Motorist Overtaking Bicyclist",13,"Non-Intersection","01-10-01","0001-01-01T08:46:58-04:56","Motorist Overtaking - Bicyclist Swerved",311235,2008,"A: Disabling Injury","Residential","60-69",60,"No","41-45 mph","O: No Injury","White","Female","Passenger Car","No","No","Daylight","Urban (>70% Developed)","",2,"","Local Street","Dry","","None","No Special Feature","","Coastal","Rural","40 - 45  MPH","Missing","Clear","No","0.0, 0.0",0,0
"4376",844,845,"Yes","16-19",19,"No","Facing Traffic","B: Evident Injury","Travel Lane","White","Male","Carrboro","Orange","No","","2008-10-20","Bicyclist Right Turn / Merge",15,"Intersection","01-10-01","0001-01-01T10:49:58-04:56","Bicyclist Right Turn - Same Direction",112223,2008,"B: Evident Injury","Residential","60-69",64,"No","21-25 mph","O: No Injury","White","Female","Passenger Car","No","No","Daylight","Urban (>70% Developed)","3 lanes",2,"Straight - Grade","Local Street","Dry","Two-Way, Not Divided","None","Four-Way Intersection","Smooth Asphalt","Piedmont","Urban","30 - 35  MPH","Stop And Go Signal","Clear","No","0.0, 0.0",0,0
"4377",851,852,"Yes","25-29",27,"No","With Traffic","C: Possible Injury","Travel Lane","White","Male","Wilmington","New Hanover","No","01-01-07","2008-10-26","Motorist Left Turn / Merge",16,"Intersection","01-10-01","0001-01-01T11:49:58-04:56","Motorist Left Turn - Opposite Direction",111212,2008,"C: Possible Injury","Commercial","70+",NA,"No","16-20 mph","O: No Injury","Black","Male","Passenger Car","No","No","Daylight","Urban (>70% Developed)","2 lanes",2,"Straight - Level","Local Street","Dry","Two-Way, Not Divided","None","No Special Feature","Smooth Asphalt","Coastal","Urban","20 - 25  MPH","Stop And Go Signal","Clear","No","0.0, 0.0",0,0
"4378",867,868,"Yes","20-24",24,"No","Not Applicable","B: Evident Injury","Sidewalk / Crosswalk / Driveway Crossing","Black","Male","Raleigh","Wake","No","01-01-05","2008-10-03","Bicyclist Failed to Yield - Signalized Intersection",22,"Intersection-Related","01-10-01","0001-01-01T17:45:58-04:56","Bicyclist Failed to Clear - Trapped",233156,2008,"B: Evident Injury","Residential","50-59",56,"No","0-5 mph","O: No Injury","White","Male","Passenger Car","No","No","Dark - Lighted Roadway","Mixed (30% To 70% Developed)","5 lanes",2,"Straight - Level","Local Street","Dry","Two-Way, Divided, Unprotected Median","None","No Special Feature","Coarse Asphalt","Piedmont","Urban","40 - 45  MPH","No Control Present","Clear","No","0.0, 0.0",0,0
"4379",872,873,"No","40-49",45,"No","With Traffic","B: Evident Injury","Travel Lane","White","Female","Asheville","Buncombe","No","01-01-03","2008-11-05","Motorist Overtaking Bicyclist",11,"Non-Intersection","01-11-01","0001-01-01T06:03:58-04:56","Motorist Overtaking - Misjudged Space",311232,2008,"B: Evident Injury","Residential","70+",NA,"No","","Injury","White","Male","Passenger Car","No","No","Daylight","Urban (>70% Developed)","4 lanes",2,"Straight - Level","Local Street","Dry","Two-Way, Not Divided","None","T-Intersection","Smooth Asphalt","Mountains","Urban","30 - 35  MPH","Missing","Clear","No","0.0, 0.0",0,0
"4380",877,878,"Yes","10-Jun",9,"No","With Traffic","B: Evident Injury","Travel Lane","Hispanic","Male","Charlotte","Mecklenburg","No","01-01-04","2008-11-27","Loss of Control / Turning Error",14,"Non-Intersection","01-11-01","0001-01-01T09:30:58-04:56","Bicyclist Lost Control - Other /",311129,2008,"B: Evident Injury","Residential","50-59",58,"No","16-20 mph","O: No Injury","White","Male","Passenger Car","No","No","Daylight","Mixed (30% To 70% Developed)","2 lanes",2,"Straight - Grade","Local Street","Dry","Two-Way, Not Divided","None","No Special Feature","Smooth Asphalt","Piedmont","Urban","20 - 25  MPH","No Control Present","Clear","No","0.0, 0.0",0,0
"4381",879,880,"Yes","50-59",50,"Yes","With Traffic","C: Possible Injury","Bike Lane / Paved Shoulder","White","Male","None - Rural Crash","Lenoir","Yes","","2008-11-10","Bicyclist Left Turn / Merge",18,"Non-Intersection","01-11-01","0001-01-01T13:03:58-04:56","Bicyclist Left Turn - Same Direction",321221,2008,"C: Possible Injury","Farms, Woods, Pastures","30-39",30,"No","31-35 mph","O: No Injury","Black","Male","Passenger Car","No","No","Dark - Roadway Not Lighted","Mixed (30% To 70% Developed)","2 lanes",2,"Straight - Level","NC Route","Dry","Two-Way, Not Divided","None","No Special Feature","Coarse Asphalt","Coastal","Rural","40 - 45  MPH","Double Yellow Line, No Passing Zone","Clear","No","0.0, 0.0",0,0
"4382",893,894,"Yes","50-59",52,"No","With Traffic","B: Evident Injury","Travel Lane","White","Male","None - Rural Crash","Richmond","Yes","01-01-06","2008-11-15","Motorist Overtaking Bicyclist",23,"Non-Intersection","01-11-01","0001-01-01T18:32:58-04:56","Motorist Overtaking - Other /",311239,2008,"B: Evident Injury","Residential","20-24",24,"Yes","51-55 mph","O: No Injury","Hispanic","Male","Van","No","Yes","Daylight","Urban (>70% Developed)","2 lanes",2,"Straight - Grade","State Secondary Route","Dry","Two-Way, Not Divided","None","No Special Feature","Coarse Asphalt","Piedmont","Rural","30 - 35  MPH","Double Yellow Line, No Passing Zone","Clear","No","0.0, 0.0",0,0
"4383",897,898,"No","30-39",31,"Yes","Facing Traffic","B: Evident Injury","Travel Lane","Black","Male","Fayetteville","Cumberland","Yes","01-01-06","2008-10-25","Head-On",21,"Non-Intersection","01-10-01","0001-01-01T16:48:58-04:56","Head-On - Bicyclist",312250,2008,"B: Evident Injury","Commercial","20-24",23,"No","11-15 mph","O: No Injury","Black","Female","Passenger Car","No","No","Dark - Lighted Roadway","Urban (>70% Developed)","8 lanes",2,"Straight - Level","Local Street","Dry","Two-Way, Divided, Positive Median Barrier","None","No Special Feature","Coarse Asphalt","Coastal","Urban","40 - 45  MPH","No Control Present","Clear","No","0.0, 0.0",0,0
"4384",898,899,"No","50-59",50,"No","With Traffic","O: No Injury","Travel Lane","Black","Male","Fayetteville","Cumberland","Yes","01-01-06","2008-12-06","Motorist Left Turn / Merge",18,"Intersection","01-12-01","0001-01-01T13:47:58-04:56","Motorist Left Turn - Opposite Direction",111212,2008,"O: No Injury","Commercial","60-69",69,"Yes","21-25 mph","O: No Injury","Black","Male","Pickup","No","No","Dark - Roadway Not Lighted","Urban (>70% Developed)","6 lanes",2,"Straight - Level","Local Street","Dry","Two-Way, Divided, Unprotected Median","None","Four-Way Intersection","Smooth Asphalt","Coastal","Urban","40 - 45  MPH","Stop And Go Signal","Clear","No","0.0, 0.0",0,0
"4385",903,904,"Yes","25-29",25,"No","Facing Traffic","C: Possible Injury","Sidewalk / Crosswalk / Driveway Crossing","White","Female","Cary","Wake","No","01-01-07","2008-12-07","Motorist Failed to Yield - Sign-Controlled Intersection",17,"Intersection","01-12-01","0001-01-01T12:57:58-04:56","Motorist Drive Out - Sign-Controlled Intersection",132141,2008,"C: Possible Injury","Commercial","50-59",56,"No","0-5 mph","O: No Injury","White","Male","Sport Utility","No","No","Dusk","Urban (>70% Developed)","",2,"Straight - Level","Public Vehicular Area","Dry","One-Way, Not Divided","None","No Special Feature","Smooth Asphalt","Piedmont","Urban","5 - 15 MPH","No Control Present","Clear","No","0.0, 0.0",0,0
"4386",905,906,"No","16-19",18,"No","With Traffic","B: Evident Injury","","White","Female","Greensboro","Guilford","No","01-01-05","2008-09-05","Motorist Overtaking Bicyclist",13,"Non-Intersection","01-09-01","0001-01-01T08:06:58-04:56","Motorist Overtaking - Other /",391239,2008,"B: Evident Injury","Residential","40-49",43,"No","","O: No Injury","White","Female","Sport Utility","No","No","Daylight","Urban (>70% Developed)","2 lanes",2,"Straight - Level","Local Street","Dry","Two-Way, Not Divided","None","No Special Feature","Smooth Asphalt","Piedmont","Urban","20 - 25  MPH","No Control Present","Cloudy","No","0.0, 0.0",0,0
"4387",908,909,"No","40-49",48,"No","With Traffic","C: Possible Injury","Travel Lane","Black","Female","Jacksonville","Onslow","No","01-01-05","2008-11-14","Bicyclist Left Turn / Merge",9,"Non-Intersection","01-11-01","0001-01-01T04:33:58-04:56","Bicyclist Left Turn - Same Direction",311221,2008,"C: Possible Injury","Commercial","40-49",43,"No","6-10 mph","O: No Injury","White","Male","Pickup","No","No","Daylight","Urban (>70% Developed)","2 lanes",2,"Straight - Level","Local Street","Wet","Two-Way, Not Divided","None","No Special Feature","Coarse Asphalt","Coastal","Urban","20 - 25  MPH","No Control Present","Clear","No","0.0, 0.0",0,0
"4388",910,911,"No","40-49",46,"No","With Traffic","C: Possible Injury","Travel Lane","Black","Male","Winston-Salem","Forsyth","No","01-01-03","2008-11-19","Motorist Right Turn / Merge",13,"Non-Intersection","01-11-01","0001-01-01T08:03:58-04:56","Motorist Right Turn - Same Direction",311213,2008,"C: Possible Injury","Commercial","50-59",59,"No","6-10 mph","O: No Injury","Black","Male","Sport Utility","No","No","Daylight","Urban (>70% Developed)","3 lanes",2,"Curve - Bottom","Local Street","Dry","Two-Way, Not Divided","None","No Special Feature","Coarse Asphalt","Piedmont","Urban","30 - 35  MPH","Missing","Clear","No","0.0, 0.0",0,0
"4389",911,912,"No","16-19",17,"No","Facing Traffic","B: Evident Injury","Sidewalk / Crosswalk / Driveway Crossing","White","Male","Cary","Wake","No","01-01-04","2008-12-11","Crossing Paths - Other Circumstances",7,"Intersection","01-12-01","0001-01-01T02:03:58-04:56","Signalized Intersection - Other /",132158,2008,"B: Evident Injury","Commercial","",NA,"Missing","","Injury","/Missing","","Van","No","Yes","Dark - Lighted Roadway","Urban (>70% Developed)","",2,"Straight - Level","State Secondary Route","Wet","Two-Way, Not Divided","Road Surface Condition","Four-Way Intersection","Coarse Asphalt","Piedmont","Urban","30 - 35  MPH","Stop And Go Signal","Rain","No","0.0, 0.0",0,0