"","FID","OBJECTID","AmbulanceR","BikeAge_Gr","Bike_Age","Bike_Alc_D","Bike_Dir","Bike_Injur","Bike_Pos","Bike_Race","Bike_Sex","City","County","CrashAlcoh","CrashDay","Crash_Date","Crash_Grp","Crash_Hour","Crash_Loc","Crash_Mont","Crash_Time","Crash_Type","Crash_Ty_1","Crash_Year","Crsh_Sevri","Developmen","DrvrAge_Gr","Drvr_Age","Drvr_Alc_D","Drvr_EstSp","Drvr_Injur","Drvr_Race","Drvr_Sex","Drvr_VehTy","ExcsSpdInd","Hit_Run","Light_Cond","Locality","Num_Lanes","Num_Units","Rd_Charact","Rd_Class","Rd_Conditi","Rd_Config","Rd_Defects","Rd_Feature","Rd_Surface","Region","Rural_Urba","Speed_Limi","Traff_Cntr","Weather","Workzone_I","Location","locx","locy"
"4390",920,921,"Yes","15-Nov",15,"No","With Traffic","B: Evident Injury","Travel Lane","Black","Male","Kinston","Lenoir","No","","2008-12-15","Bicyclist Failed to Yield - Sign-Controlled Intersection",16,"Intersection","01-12-01","0001-01-01T11:19:58-04:56","Bicyclist Ride Through - Sign-Controlled Intersection",111144,2008,"B: Evident Injury","Residential","60-69",67,"No","16-20 mph","C: Possible Injury","White","Female","Sport Utility","No","No","Daylight","Urban (>70% Developed)","2 lanes",2,"Straight - Hillcrest","Local Street","Dry","Two-Way, Not Divided","None","Four-Way Intersection","Coarse Asphalt","Coastal","Urban","30 - 35  MPH","Stop Sign","Clear","No","0.0, 0.0",0,0
"4391",925,926,"Yes","40-49",45,"No","Facing Traffic","C: Possible Injury","Travel Lane","White","Male","Rocky Mount","Nash","No","01-01-05","2008-10-31","Motorist Failed to Yield - Sign-Controlled Intersection",15,"Intersection","01-10-01","0001-01-01T10:29:58-04:56","Motorist Drive Out - Sign-Controlled Intersection",112141,2008,"C: Possible Injury","Commercial","30-39",36,"No","0-5 mph","O: No Injury","Black","Female","Van","No","No","Daylight","Urban (>70% Developed)","4 lanes",2,"Straight - Level","Public Vehicular Area","Dry","Two-Way, Not Divided","None","No Special Feature","Smooth Asphalt","Coastal","Urban","40 - 45  MPH","Stop Sign","Clear","No","0.0, 0.0",0,0
"4392",929,930,"Yes","30-39",39,"No","With Traffic","C: Possible Injury","Bike Lane / Paved Shoulder","Native American","Male","None - Rural Crash","Robeson","No","01-01-04","2008-11-27","Bicyclist Left Turn / Merge",9,"Non-Intersection","01-11-01","0001-01-01T04:48:58-04:56","Bicyclist Left Turn - Same Direction",321221,2008,"C: Possible Injury","Farms, Woods, Pastures","25-29",28,"No","51-55 mph","O: No Injury","Native American","Male","Sport Utility","No","No","Daylight","Rural (<30% Developed)","2 lanes",2,"Straight - Level","State Secondary Route","Dry","Two-Way, Not Divided","None","Bridge","Coarse Asphalt","Coastal","Rural","50 - 55  MPH","Double Yellow Line, No Passing Zone","Clear","No","0.0, 0.0",0,0
"4393",932,933,"Yes","15-Nov",14,"No","Not Applicable","B: Evident Injury","Other","Black","Male","None - Rural Crash","Cumberland","No","","2008-12-22","Crossing Paths - Other Circumstances",17,"Intersection","01-12-01","0001-01-01T12:43:58-04:56","Crossing Paths - Uncontrolled Intersection",183160,2008,"B: Evident Injury","Commercial","50-59",52,"No","31-35 mph","O: No Injury","White","Female","Passenger Car","No","No","Dark - Roadway Not Lighted","Mixed (30% To 70% Developed)","2 lanes",2,"Straight - Level","State Secondary Route","Dry","Two-Way, Not Divided","None","No Special Feature","Coarse Asphalt","Coastal","Rural","40 - 45  MPH","Double Yellow Line, No Passing Zone","Clear","No","0.0, 0.0",0,0
"4394",935,936,"No","16-19",18,"No","With Traffic","C: Possible Injury","Sidewalk / Crosswalk / Driveway Crossing","White","Male","Raleigh","Wake","No","01-01-05","2008-09-26","Bicyclist Failed to Yield - Signalized Intersection",19,"Intersection","01-09-01","0001-01-01T14:22:58-04:56","Bicyclist Ride Through - Signalized Intersection",131155,2008,"C: Possible Injury","Commercial","50-59",52,"No","0-5 mph","O: No Injury","Black","Male","Sport Utility","No","No","Daylight","Urban (>70% Developed)","4 lanes",2,"Straight - Level","Local Street","Dry","One-Way, Not Divided","None","Four-Way Intersection","Smooth Asphalt","Piedmont","Urban","30 - 35  MPH","Stop And Go Signal","Cloudy","No","0.0, 0.0",0,0
"4395",938,939,"Yes","16-19",18,"No","Facing Traffic","B: Evident Injury","Sidewalk / Crosswalk / Driveway Crossing","Hispanic","Female","Raleigh","Wake","No","01-01-03","2008-09-17","Motorist Failed to Yield - Midblock",14,"Non-Intersection","01-09-01","0001-01-01T09:26:58-04:56","Motorist Drive Out - Commercial Driveway / Alley",332322,2008,"B: Evident Injury","Commercial","50-59",51,"No","0-5 mph","O: No Injury","Black","Female","Passenger Car","No","No","Daylight","Urban (>70% Developed)","5 lanes",2,"Straight - Hillcrest","Public Vehicular Area","Dry","Two-Way, Divided, Unprotected Median","Other","Driveway, Public","Smooth Asphalt","Piedmont","Urban","30 - 35  MPH","No Control Present","Clear","No","0.0, 0.0",0,0
"4396",942,943,"Yes","30-39",33,"Yes","With Traffic","K: Killed","Travel Lane","White","Male","None - Rural Crash","Gaston","Yes","01-01-06","2008-12-06","Motorist Overtaking Bicyclist",22,"Non-Intersection","01-12-01","0001-01-01T17:19:58-04:56","Motorist Overtaking - Other /",311239,2008,"K: Killed","Farms, Woods, Pastures","30-39",33,"Yes","41-45 mph","O: No Injury","White","Female","Passenger Car","No","No","Dark - Roadway Not Lighted","Rural (<30% Developed)","2 lanes",2,"Straight - Level","NC Route","Dry","Two-Way, Not Divided","None","No Special Feature","Coarse Asphalt","Piedmont","Rural","40 - 45  MPH","Double Yellow Line, No Passing Zone","Cloudy","No","0.0, 0.0",0,0
"4397",949,950,"No","25-29",29,"No","With Traffic","O: No Injury","Travel Lane","White","Male","Raleigh","Wake","No","01-01-05","2008-11-07","Other / Unusual Circumstances",22,"Non-Intersection","01-11-01","0001-01-01T17:18:58-04:56","Unusual Circumstances",311800,2008,"O: No Injury","Commercial","60-69",64,"No","","O: No Injury","Black","Male","Passenger Car","No","No","Dark - Lighted Roadway","Urban (>70% Developed)","4 lanes",2,"Straight - Grade","Local Street","Dry","Two-Way, Not Divided","None","No Special Feature","Coarse Asphalt","Piedmont","Urban","30 - 35  MPH","Missing","Clear","No","0.0, 0.0",0,0
"4398",954,955,"Yes","25-29",27,"Yes","With Traffic","C: Possible Injury","Travel Lane","White","Male","Greensboro","Guilford","Yes","01-01-05","2008-11-14","Motorist Overtaking Bicyclist",23,"Intersection-Related","01-11-01","0001-01-01T18:13:58-04:56","Motorist Overtaking - Other /",211239,2008,"C: Possible Injury","Commercial","20-24",23,"Yes","6-10 mph","O: No Injury","White","Male","Passenger Car","No","No","Dark - Lighted Roadway","Urban (>70% Developed)","3 lanes",2,"Straight - Level","Local Street","Wet","Two-Way, Not Divided","None","No Special Feature","Smooth Asphalt","Piedmont","Urban","20 - 25  MPH","Stop And Go Signal","Rain","No","0.0, 0.0",0,0
"4399",957,958,"No","40-49",48,"No","With Traffic","C: Possible Injury","Travel Lane","Black","Male","Charlotte","Mecklenburg","No","01-01-05","2008-12-12","Motorist Right Turn / Merge",18,"Non-Intersection","01-12-01","0001-01-01T13:29:58-04:56","Motorist Right Turn - Same Direction",311213,2008,"C: Possible Injury","Commercial","",NA,"Missing","31-35 mph","Injury","/Missing","","","No","Yes","Dark - Lighted Roadway","Urban (>70% Developed)","4 lanes",2,"Straight - Level","Local Street","Dry","Two-Way, Divided, Unprotected Median","None","No Special Feature","Smooth Asphalt","Piedmont","Urban","30 - 35  MPH","No Control Present","Clear","No","0.0, 0.0",0,0
"4400",971,972,"Yes","25-29",26,"No","With Traffic","B: Evident Injury","Travel Lane","Black","Male","Greensboro","Guilford","No","","2008-11-24","Motorist Left Turn / Merge",12,"Intersection","01-11-01","0001-01-01T08:01:58-04:56","Motorist Left Turn - Opposite Direction",111212,2008,"B: Evident Injury","Residential","20-24",24,"No","11-15 mph","O: No Injury","Asian","Male","Passenger Car","No","No","Daylight","Urban (>70% Developed)","2 lanes",2,"Straight - Level","Local Street","Wet","Two-Way, Not Divided","None","Related To Intersection","Smooth Asphalt","Piedmont","Urban","20 - 25  MPH","Stop And Go Signal","Rain","No","0.0, 0.0",0,0
"4401",597,598,"Yes","15-Nov",15,"No","With Traffic","B: Evident Injury","Sidewalk / Crosswalk / Driveway Crossing","Black","Male","Greensboro","Guilford","No","01-01-05","2012-08-24","Parallel Paths - Other Circumstances",10,"Non-Intersection","01-08-01","0001-01-01T05:49:58-04:56","Bicyclist Ride Out - Parallel Path",NA,2012,"B: Evident Injury","Residential","30-39",30,"No","31-35 mph","O: No Injury","White","Male","Pickup","No","No","Daylight","Urban (>70% Developed)","2 lanes",2,"Straight - Level","Local Street","Dry","Two-Way, Not Divided","None","No Special Feature","Smooth Asphalt","Piedmont","Urban","30 - 35  MPH","No Control Present","Clear","No","36.12158, -79.7626",-79.7626,36.12158
"4402",602,603,"Yes","10-Jun",6,"No","Not Applicable","C: Possible Injury","Non-Roadway","Black","Male","Greensboro","Guilford","No","","2012-05-07","Non-Roadway",19,"Non-Roadway","01-05-01","0001-01-01T14:05:58-04:56","Non-Roadway",NA,2012,"C: Possible Injury","Residential","0-19",16,"No","11-15 mph","O: No Injury","Black","Female","Passenger Car","No","No","Daylight","Urban (>70% Developed)","2 lanes",2,"Straight - Level","Public Vehicular Area","Dry","Two-Way, Not Divided","None","No Special Feature","Smooth Asphalt","Piedmont","Urban","5 - 15 MPH","No Control Present","Clear","No","36.08311, -79.7521",-79.7521,36.08311
"4403",605,606,"No","20-24",22,"No","Not Applicable","O: No Injury","Driveway / Alley","Black","Female","Asheville","Buncombe","No","01-01-05","2012-08-17","Crossing Paths - Other Circumstances",12,"Intersection","01-08-01","0001-01-01T07:56:58-04:56","Crossing Paths - Uncontrolled Intersection",NA,2012,"B: Evident Injury","Commercial","60-69",62,"No","31-35 mph","B: Evident Injury","White","Male","Single Unit Truck (2-Axle, 6-Tire)","No","No","Daylight","Urban (>70% Developed)","8 lanes",2,"Straight - Bottom","US Route","Dry","Two-Way, Not Divided","None","Four-Way Intersection","Coarse Asphalt","Mountains","Urban","30 - 35  MPH","Stop And Go Signal","Cloudy","No","35.58335, -82.5259",-82.5259,35.58335
"4404",609,610,"Yes","50-59",52,"No","With Traffic","B: Evident Injury","Travel Lane","White","Female","Greensboro","Guilford","No","01-01-07","2012-08-26","Bicyclist Failed to Yield - Sign-Controlled Intersection",14,"Intersection","01-08-01","0001-01-01T09:58:58-04:56","Bicyclist Ride Through - Sign-Controlled Intersection",NA,2012,"B: Evident Injury","Residential","30-39",32,"No","31-35 mph","O: No Injury","White","Female","Passenger Car","No","No","Daylight","Urban (>70% Developed)","2 lanes",2,"Straight - Grade","Local Street","Dry","Two-Way, Not Divided","None","T-Intersection","Smooth Asphalt","Piedmont","Urban","30 - 35  MPH","Stop Sign","Cloudy","No","36.07411, -79.8316",-79.8316,36.07411
"4405",610,611,"No","10-Jun",9,"No","","O: No Injury","Travel Lane","Black","Male","Wilson","Wilson","No","01-01-05","2012-07-20","Backing Vehicle",17,"Intersection-Related","01-07-01","0001-01-01T12:39:58-04:56","Backing Vehicle",NA,2012,"O: No Injury","Residential","",NA,"Missing","","Injury","/Missing","","","No","Yes","Daylight","Urban (>70% Developed)","2 lanes",2,"Straight - Level","Local Street","Dry","Two-Way, Not Divided","None","No Special Feature","Smooth Asphalt","Coastal","Urban","30 - 35  MPH","No Control Present","Clear","No","35.71873, -77.9016",-77.9016,35.71873
"4406",611,612,"Yes","16-19",16,"No","Facing Traffic","C: Possible Injury","Travel Lane","Black","Male","Wilson","Wilson","No","01-01-06","2012-07-28","Bicyclist Failed to Yield - Signalized Intersection",19,"Intersection","01-07-01","0001-01-01T14:40:58-04:56","Bicyclist Ride Out - Signalized  Intersection",NA,2012,"C: Possible Injury","Commercial","60-69",66,"No","36-40 mph","O: No Injury","Black","Male","Passenger Car","No","No","Daylight","Urban (>70% Developed)","5 lanes",2,"Straight - Level","Local Street","Dry","Two-Way, Not Divided","None","Four-Way Intersection","Coarse Asphalt","Coastal","Urban","40 - 45  MPH","Stop And Go Signal","Clear","No","35.75503, -77.9254",-77.9254,35.75503
"4407",619,620,"No","15-Nov",14,"No","With Traffic","C: Possible Injury","Travel Lane","Black","Male","Burlington","Alamance","No","01-01-03","2012-08-29","Bicyclist Failed to Yield - Sign-Controlled Intersection",17,"Intersection","01-08-01","0001-01-01T12:33:58-04:56","Bicyclist Ride Out - Sign-Controlled Intersection",NA,2012,"C: Possible Injury","Residential","",NA,"Missing","6-10 mph","Injury","/Missing","","","No","Yes","Daylight","Urban (>70% Developed)","2 lanes",2,"Straight - Level","Local Street","Dry","Two-Way, Not Divided","None","No Special Feature","Concrete","Piedmont","Urban","30 - 35  MPH","Stop Sign","Clear","No","36.07155, -79.4497",-79.4497,36.07155
"4408",629,630,"Yes","16-19",16,"No","With Traffic","B: Evident Injury","Travel Lane","Black","Male","None - Rural Crash","Bertie","No","","2012-09-03","Motorist Overtaking Bicyclist",15,"Non-Intersection","01-09-01","0001-01-01T10:44:58-04:56","Motorist Overtaking - Bicyclist Swerved",NA,2012,"B: Evident Injury","Residential","0-19",17,"No","41-45 mph","O: No Injury","Black","Male","Passenger Car","No","No","Daylight","Rural (<30% Developed)","2 lanes",2,"Straight - Level","US Route","Dry","Two-Way, Not Divided","None","No Special Feature","Coarse Asphalt","Coastal","Rural","50 - 55  MPH","Double Yellow Line, No Passing Zone","Clear","No","36.0364, -76.9621",-76.9621,36.0364
"4409",630,631,"Yes","10-Jun",10,"No","With Traffic","B: Evident Injury","Sidewalk / Crosswalk / Driveway Crossing","White","Female","Greensboro","Guilford","No","01-01-07","2012-05-06","Motorist Failed to Yield - Signalized Intersection",18,"Intersection","01-05-01","0001-01-01T13:25:58-04:56","Motorist Drive Out - Right Turn on Red",NA,2012,"B: Evident Injury","Residential","25-29",29,"No","6-10 mph","O: No Injury","Black","Female","Passenger Car","No","No","Daylight","Urban (>70% Developed)","3 lanes",2,"Straight - Level","Local Street","Dry","Two-Way, Not Divided","None","Four-Way Intersection","Smooth Asphalt","Piedmont","Urban","30 - 35  MPH","Stop And Go Signal","Clear","No","36.13821, -79.8473",-79.8473,36.13821
"4410",632,633,"No","40-49",45,"No","With Traffic","O: No Injury","Travel Lane","White","Male","None - Rural Crash","Alamance","No","01-01-07","2012-08-26","Motorist Overtaking Bicyclist",10,"Non-Intersection","01-08-01","0001-01-01T05:17:58-04:56","Motorist Overtaking - Misjudged Space",NA,2012,"C: Possible Injury","Farms, Woods, Pastures","25-29",25,"No","26-30 mph","C: Possible Injury","White","Male","Passenger Car","No","Yes","Dawn","Rural (<30% Developed)","2 lanes",2,"Straight - Grade","State Secondary Route","Dry","Two-Way, Not Divided","None","No Special Feature","Smooth Asphalt","Piedmont","Rural","50 - 55  MPH","No Control Present","Clear","No","35.95519, -79.2916",-79.2916,35.95519
"4411",635,636,"Yes","16-19",19,"No","With Traffic","C: Possible Injury","Travel Lane","White","Female","Asheville","Buncombe","No","01-01-03","2012-08-29","Crossing Paths - Other Circumstances",12,"Intersection","01-08-01","0001-01-01T07:24:58-04:56","Signalized Intersection - Other /",NA,2012,"C: Possible Injury","Commercial","70",70,"No","6-10 mph","O: No Injury","White","Male","Passenger Car","No","No","Daylight","Urban (>70% Developed)","3 lanes",2,"Straight - Level","Local Street","Dry","Two-Way, Not Divided","None","T-Intersection","Coarse Asphalt","Mountains","Urban","20 - 25  MPH","Stop And Go Signal","Cloudy","No","35.59109, -82.5589",-82.5589,35.59109
"4412",638,639,"Yes","20-24",23,"No","With Traffic","C: Possible Injury","Travel Lane","White","Male","Goldsboro","Wayne","No","01-01-03","2012-08-29","Bicyclist Failed to Yield - Signalized Intersection",12,"Intersection","01-08-01","0001-01-01T07:23:58-04:56","Bicyclist Ride Through - Signalized Intersection",NA,2012,"C: Possible Injury","Commercial","60-69",60,"No","0-5 mph","O: No Injury","White","Female","Passenger Car","No","No","Daylight","Urban (>70% Developed)","5 lanes",2,"Straight - Level","Local Street","Dry","Two-Way, Not Divided","None","Four-Way Intersection","Smooth Asphalt","Coastal","Urban","30 - 35  MPH","Stop And Go Signal","Clear","No","35.39815, -77.962",-77.962,35.39815
"4413",645,646,"Yes","16-19",17,"No","Facing Traffic","B: Evident Injury","Travel Lane","Black","Male","Rocky Mount","Nash","No","01-01-06","2012-08-11","Bicyclist Failed to Yield - Sign-Controlled Intersection",12,"Intersection","01-08-01","0001-01-01T07:31:58-04:56","Bicyclist Ride Through - Sign-Controlled Intersection",NA,2012,"B: Evident Injury","Residential","70",70,"No","31-35 mph","O: No Injury","Black","Female","Passenger Car","No","No","Daylight","Urban (>70% Developed)","2 lanes",2,"Straight - Level","Local Street","Wet","One-Way, Not Divided","None","No Special Feature","Coarse Asphalt","Coastal","Urban","30 - 35  MPH","No Control Present","Cloudy","No","35.9447, -77.8041",-77.8041,35.9447
"4414",650,651,"Yes","15-Nov",15,"No","With Traffic","C: Possible Injury","Travel Lane","Black","Male","Fayetteville","Cumberland","No","","2012-08-20","Bicyclist Failed to Yield - Sign-Controlled Intersection",18,"Intersection","01-08-01","0001-01-01T13:36:58-04:56","Bicyclist Ride Through - Sign-Controlled Intersection",NA,2012,"C: Possible Injury","Residential","0-19",18,"No","26-30 mph","O: No Injury","White","Male","Passenger Car","No","No","Daylight","Urban (>70% Developed)","2 lanes",2,"Straight - Level","Local Street","Dry","Two-Way, Not Divided","None","No Special Feature","Coarse Asphalt","Coastal","Urban","30 - 35  MPH","Stop Sign","Clear","No","35.03876, -78.9643",-78.9643,35.03876
"4415",653,654,"Yes","15-Nov",11,"No","Facing Traffic","C: Possible Injury","Sidewalk / Crosswalk / Driveway Crossing","Black","Male","Raleigh","Wake","No","01-01-06","2012-09-08","Bicyclist Failed to Yield - Midblock",16,"Non-Intersection","01-09-01","0001-01-01T11:16:58-04:56","Bicyclist Ride Out - Other Midblock",NA,2012,"C: Possible Injury","Residential","60-69",62,"No","16-20 mph","O: No Injury","White","Female","Passenger Car","No","No","Daylight","Urban (>70% Developed)","2 lanes",2,"Straight - Level","Local Street","Dry","Two-Way, Not Divided","None","No Special Feature","Coarse Asphalt","Piedmont","Urban","20 - 25  MPH","No Control Present","Clear","No","35.83288, -78.5775",-78.5775,35.83288
"4416",655,656,"No","60-69",64,"No","With Traffic","C: Possible Injury","Travel Lane","White","Male","Kannapolis","Rowan","No","01-01-03","2012-08-29","Parallel Paths - Other Circumstances",18,"Intersection-Related","01-08-01","0001-01-01T13:29:58-04:56","Parallel Paths - Other /",NA,2012,"C: Possible Injury","Commercial","40-49",44,"No","16-20 mph","O: No Injury","White","Male","Sport Utility","No","No","Daylight","Urban (>70% Developed)","2 lanes",2,"Straight - Level","Local Street","Dry","Two-Way, Not Divided","None","No Special Feature","Smooth Asphalt","Piedmont","Urban","30 - 35  MPH","No Control Present","Clear","No","35.50605, -80.608",-80.608,35.50605
"4417",658,659,"Yes","10-Jun",9,"No","With Traffic","C: Possible Injury","Travel Lane","Hispanic","Male","Winston-Salem","Forsyth","No","01-01-06","2012-08-25","Bicyclist Failed to Yield - Sign-Controlled Intersection",17,"Intersection-Related","01-08-01","0001-01-01T12:59:58-04:56","Bicyclist Ride Through - Sign-Controlled Intersection",NA,2012,"C: Possible Injury","Residential","30-39",31,"No","21-25 mph","O: No Injury","Black","Female","Passenger Car","No","No","Daylight","Urban (>70% Developed)","2 lanes",2,"Straight - Level","Local Street","Dry","Two-Way, Not Divided","None","Four-Way Intersection","Smooth Asphalt","Piedmont","Urban","30 - 35  MPH","Stop Sign","Clear","No","36.0658, -80.22",-80.22,36.0658
"4418",661,662,"Yes","50-59",51,"No","With Traffic","O: No Injury","Travel Lane","White","Female","Durham","Durham","No","01-01-03","2012-09-12","Motorist Failed to Yield - Sign-Controlled Intersection",8,"Intersection","01-09-01","0001-01-01T03:33:58-04:56","Motorist Drive Out - Sign-Controlled Intersection",NA,2012,"O: No Injury","Residential","70",70,"No","6-10 mph","O: No Injury","White","Female","Passenger Car","No","No","Daylight","Urban (>70% Developed)","2 lanes",2,"Curve - Level","Local Street","Dry","Two-Way, Divided, Unprotected Median","None","Traffic Circle/Roundabout","Smooth Asphalt","Piedmont","Urban","30 - 35  MPH","Yield Sign","Clear","No","35.92206, -78.9363",-78.9363,35.92206
"4419",663,664,"Yes","10-Jun",8,"No","Not Applicable","B: Evident Injury","Non-Roadway","Hispanic","Male","Jacksonville","Onslow","No","01-01-04","2012-08-23","Non-Roadway",11,"Non-Roadway","01-08-01","0001-01-01T06:14:58-04:56","Non-Roadway",NA,2012,"B: Evident Injury","Residential","25-29",25,"No","0-5 mph","O: No Injury","Hispanic","Female","Passenger Car","No","No","Daylight","Urban (>70% Developed)","",2,"Straight - Level","Public Vehicular Area","Dry","Two-Way, Not Divided","None","Traffic Circle/Roundabout","Smooth Asphalt","Coastal","Urban","","Stop Sign","Clear","No","34.78587, -77.3942",-77.3942,34.78587
"4420",664,665,"No","50-59",58,"No","With Traffic","C: Possible Injury","Travel Lane","White","Male","None - Rural Crash","Chatham","No","","2012-09-03","Motorist Overtaking Bicyclist",9,"Non-Intersection","01-09-01","0001-01-01T04:56:58-04:56","Motorist Overtaking - Other /",NA,2012,"C: Possible Injury","Residential","70",70,"No","21-25 mph","O: No Injury","White","Male","Pickup","No","No","Daylight","Mixed (30% To 70% Developed)","2 lanes",2,"Straight - Level","NC Route","Dry","Two-Way, Not Divided","None","No Special Feature","Smooth Asphalt","Piedmont","Rural","50 - 55  MPH","Double Yellow Line, No Passing Zone","Cloudy","No","35.78537, -78.9628",-78.9628,35.78537
"4421",667,668,"Yes","50-59",57,"No","With Traffic","B: Evident Injury","Travel Lane","White","Male","Jacksonville","Onslow","No","01-01-04","2012-08-30","Motorist Overtaking Bicyclist",18,"Non-Intersection","01-08-01","0001-01-01T13:19:58-04:56","Motorist Overtaking - Other /",NA,2012,"B: Evident Injury","Commercial","20-24",24,"No","31-35 mph","O: No Injury","White","Female","Passenger Car","No","No","Daylight","Urban (>70% Developed)","3 lanes",2,"Straight - Level","Local Street","Dry","Two-Way, Divided, Unprotected Median","None","No Special Feature","Smooth Asphalt","Coastal","Urban","30 - 35  MPH","No Control Present","Clear","No","34.76933, -77.3941",-77.3941,34.76933
"4422",670,671,"Yes","40-49",41,"No","Facing Traffic","C: Possible Injury","Travel Lane","White","Male","Greensboro","Guilford","No","01-01-05","2012-09-14","Motorist Failed to Yield - Sign-Controlled Intersection",13,"Intersection","01-09-01","0001-01-01T08:27:58-04:56","Motorist Drive Out - Sign-Controlled Intersection",NA,2012,"C: Possible Injury","Residential","50-59",56,"No","6-10 mph","O: No Injury","/Missing","Male","Passenger Car","No","No","Daylight","Urban (>70% Developed)","5 lanes",2,"Straight - Level","Local Street","Dry","Two-Way, Not Divided","None","T-Intersection","Smooth Asphalt","Piedmont","Urban","30 - 35  MPH","Stop Sign","Clear","No","36.06421, -79.8001",-79.8001,36.06421
"4423",673,674,"Yes","25-29",25,"No","With Traffic","C: Possible Injury","Travel Lane","Black","Male","Greenville","Pitt","No","01-01-05","2012-09-14","Motorist Left Turn / Merge",12,"Intersection","01-09-01","0001-01-01T07:41:58-04:56","Motorist Left Turn - Opposite Direction",NA,2012,"C: Possible Injury","Commercial","20-24",20,"No","11-15 mph","C: Possible Injury","White","Male","Passenger Car","No","No","Daylight","Urban (>70% Developed)","5 lanes",2,"Straight - Level","Local Street","Dry","Two-Way, Divided, Unprotected Median","None","No Special Feature","Coarse Asphalt","Coastal","Urban","30 - 35  MPH","No Control Present","Clear","No","35.60271, -77.3752",-77.3752,35.60271
"4424",674,675,"Yes","15-Nov",15,"No","With Traffic","B: Evident Injury","Travel Lane","Black","Male","Fairmont","Robeson","No","","2012-08-06","Bicyclist Left Turn / Merge",17,"Non-Intersection","01-08-01","0001-01-01T12:37:58-04:56","Bicyclist Left Turn - Same Direction",NA,2012,"B: Evident Injury","Residential","50-59",52,"No","31-35 mph","O: No Injury","Black","Male","Van","No","No","Daylight","Mixed (30% To 70% Developed)","2 lanes",2,"Straight - Level","Local Street","Wet","Two-Way, Not Divided","Road Surface Condition","No Special Feature","Gravel","Coastal","Rural","30 - 35  MPH","No Control Present","Cloudy","No","34.49784, -79.1049",-79.1049,34.49784
"4425",676,677,"No","40-49",44,"No","With Traffic","B: Evident Injury","Travel Lane","Black","Male","Charlotte","Mecklenburg","No","","2012-07-09","Loss of Control / Turning Error",19,"Intersection","01-07-01","0001-01-01T15:02:58-04:56","Bicyclist Lost Control - Other /",NA,2012,"B: Evident Injury","Commercial","30-39",30,"No","21-25 mph","O: No Injury","Black","Male","Commercial Bus","No","No","Daylight","Urban (>70% Developed)","1 lane",2,"Straight - Level","Local Street","Dry","Two-Way, Not Divided","None","No Special Feature","Smooth Asphalt","Piedmont","Urban","40 - 45  MPH","Stop Sign","Clear","No","35.22431, -80.8886",-80.8886,35.22431
"4426",691,692,"Yes","50-59",56,"No","With Traffic","B: Evident Injury","Bike Lane / Paved Shoulder","White","Male","None - Rural Crash","Swain","No","01-01-04","2012-09-20","Bicyclist Left Turn / Merge",14,"Intersection-Related","01-09-01","0001-01-01T09:40:58-04:56","Bicyclist Left Turn - Same Direction",NA,2012,"B: Evident Injury","Farms, Woods, Pastures","70",70,"No","36-40 mph","O: No Injury","White","Male","Sport Utility","No","No","Daylight","Rural (<30% Developed)","2 lanes",2,"Straight - Grade","US Route","Dry","Two-Way, Not Divided","None","No Special Feature","Smooth Asphalt","Mountains","Rural","50 - 55  MPH","Double Yellow Line, No Passing Zone","Clear","No","35.28513, -83.6701",-83.6701,35.28513
"4427",692,693,"No","50-59",52,"No","With Traffic","B: Evident Injury","Travel Lane","White","Male","None - Rural Crash","Columbus","No","","2012-09-17","Motorist Overtaking Bicyclist",20,"Non-Intersection","01-09-01","0001-01-01T15:44:58-04:56","Motorist Overtaking - Other /",NA,2012,"B: Evident Injury","Residential","70",70,"No","51-55 mph","O: No Injury","White","Female","Passenger Car","No","No","Dark - Roadway Not Lighted","Rural (<30% Developed)","2 lanes",2,"Straight - Level","State Secondary Route","Dry","Two-Way, Not Divided","None","No Special Feature","Coarse Asphalt","Coastal","Rural","50 - 55  MPH","Double Yellow Line, No Passing Zone","Clear","No","34.36106, -78.7513",-78.7513,34.36106
"4428",697,698,"Yes","25-29",26,"Missing","With Traffic","B: Evident Injury","Travel Lane","White","Male","Charlotte","Mecklenburg","No","01-01-05","2012-09-21","Motorist Left Turn / Merge",13,"Intersection","01-09-01","0001-01-01T08:28:58-04:56","Motorist Left Turn - Opposite Direction",NA,2012,"B: Evident Injury","Residential","70",70,"No","6-10 mph","O: No Injury","White","Male","Passenger Car","No","No","Daylight","Urban (>70% Developed)","4 lanes",2,"Straight - Hillcrest","Local Street","Dry","Two-Way, Divided, Unprotected Median","None","T-Intersection","Smooth Asphalt","Piedmont","Urban","30 - 35  MPH","Stop Sign","Clear","No","35.19299, -80.8368",-80.8368,35.19299
"4429",698,699,"Yes","20-24",24,"No","With Traffic","C: Possible Injury","Sidewalk / Crosswalk / Driveway Crossing","White","Male","Huntersville","Mecklenburg","No","01-01-03","2012-09-12","Motorist Right Turn / Merge",15,"Intersection","01-09-01","0001-01-01T10:33:58-04:56","Motorist Right Turn - Same Direction",NA,2012,"C: Possible Injury","Commercial","",NA,"Missing","","Injury","/Missing","","","No","Yes","Daylight","Urban (>70% Developed)","3 lanes",2,"Straight - Level","Local Street","Dry","Two-Way, Divided, Unprotected Median","None","Related To Intersection","Smooth Asphalt","Piedmont","Urban","40 - 45  MPH","Stop And Go Signal","Clear","No","35.44189, -80.8633",-80.8633,35.44189