"","FID","OBJECTID","AmbulanceR","BikeAge_Gr","Bike_Age","Bike_Alc_D","Bike_Dir","Bike_Injur","Bike_Pos","Bike_Race","Bike_Sex","City","County","CrashAlcoh","CrashDay","Crash_Date","Crash_Grp","Crash_Hour","Crash_Loc","Crash_Mont","Crash_Time","Crash_Type","Crash_Ty_1","Crash_Year","Crsh_Sevri","Developmen","DrvrAge_Gr","Drvr_Age","Drvr_Alc_D","Drvr_EstSp","Drvr_Injur","Drvr_Race","Drvr_Sex","Drvr_VehTy","ExcsSpdInd","Hit_Run","Light_Cond","Locality","Num_Lanes","Num_Units","Rd_Charact","Rd_Class","Rd_Conditi","Rd_Config","Rd_Defects","Rd_Feature","Rd_Surface","Region","Rural_Urba","Speed_Limi","Traff_Cntr","Weather","Workzone_I","Location","locx","locy"
"4430",700,701,"Yes","15-Nov",12,"No","Facing Traffic","B: Evident Injury","Travel Lane","White","Male","Albemarle","Stanly","No","01-01-04","2012-09-13","Motorist Right Turn / Merge",19,"Intersection","01-09-01","0001-01-01T14:53:58-04:56","Motorist Right Turn - Opposite Direction",NA,2012,"B: Evident Injury","Commercial","",NA,"No","11-15 mph","Injury","/Missing","","","No","Yes","Dark - Lighted Roadway","Urban (>70% Developed)","3 lanes",2,"Straight - Grade","Local Street","Dry","Two-Way, Not Divided","None","Four-Way Intersection","Smooth Asphalt","Piedmont","Urban","20 - 25  MPH","Stop And Go Signal","Clear","No","35.35034, -80.2009",-80.2009,35.35034
"4431",703,704,"No","30-39",36,"No","With Traffic","O: No Injury","Travel Lane","White","Female","Raleigh","Wake","No","","2012-09-24","Motorist Left Turn / Merge",8,"Intersection","01-09-01","0001-01-01T03:25:58-04:56","Motorist Left Turn - Opposite Direction",NA,2012,"O: No Injury","Institutional","20-24",21,"No","16-20 mph","O: No Injury","White","Male","Passenger Car","No","No","Daylight","Urban (>70% Developed)","8 lanes",2,"Straight - Level","Local Street","Dry","Two-Way, Divided, Unprotected Median","None","No Special Feature","Smooth Asphalt","Piedmont","Urban","30 - 35  MPH","Stop And Go Signal","Clear","No","35.78888, -78.6732",-78.6732,35.78888
"4432",711,712,"Yes","10-Jun",10,"No","With Traffic","C: Possible Injury","Travel Lane","Black","Male","Greensboro","Guilford","No","01-01-06","2012-09-22","Bicyclist Failed to Yield - Sign-Controlled Intersection",17,"Intersection","01-09-01","0001-01-01T12:52:58-04:56","Bicyclist Ride Through - Sign-Controlled Intersection",NA,2012,"C: Possible Injury","Residential","0-19",19,"No","31-35 mph","O: No Injury","Black","Male","Sport Utility","No","No","Daylight","Mixed (30% To 70% Developed)","2 lanes",2,"Straight - Level","Local Street","Dry","Two-Way, Not Divided","None","T-Intersection","Coarse Asphalt","Piedmont","Urban","30 - 35  MPH","Stop Sign","Clear","No","36.05251, -79.8136",-79.8136,36.05251
"4433",723,724,"No","16-19",18,"No","Facing Traffic","B: Evident Injury","Sidewalk / Crosswalk / Driveway Crossing","White","Male","Raleigh","Wake","No","01-01-02","2012-09-18","Motorist Failed to Yield - Sign-Controlled Intersection",11,"Intersection","01-09-01","0001-01-01T06:17:58-04:56","Motorist Drive Out - Sign-Controlled Intersection",NA,2012,"B: Evident Injury","Institutional","25-29",29,"No","0-5 mph","O: No Injury","White","Male","Pickup","No","No","Daylight","Urban (>70% Developed)","4 lanes",2,"Straight - Grade","Local Street","Wet","Two-Way, Not Divided","None","T-Intersection","Smooth Asphalt","Piedmont","Urban","20 - 25  MPH","Stop Sign","Rain","No","35.78375, -78.6772",-78.6772,35.78375
"4434",725,726,"Yes","50-59",55,"No","With Traffic","B: Evident Injury","Travel Lane","Black","Male","None - Rural Crash","Onslow","No","","2012-10-01","Motorist Overtaking Bicyclist",12,"Non-Intersection","01-10-01","0001-01-01T07:33:58-04:56","Motorist Overtaking - Misjudged Space",NA,2012,"B: Evident Injury","Commercial","",NA,"Missing","41-45 mph","Injury","/Missing","","Pickup","No","Yes","Dark - Roadway Not Lighted","Urban (>70% Developed)","5 lanes",2,"Straight - Level","US Route","Wet","Two-Way, Not Divided","None","Driveway, Public","Coarse Asphalt","Coastal","Rural","40 - 45  MPH","No Control Present","Rain","No","34.75396, -77.471",-77.471,34.75396
"4435",728,729,"No","16-19",18,"No","With Traffic","B: Evident Injury","Bike Lane / Paved Shoulder","White","Male","Boone","Watauga","No","01-01-05","2012-09-28","Motorist Right Turn / Merge",7,"Intersection","01-09-01","0001-01-01T02:36:58-04:56","Motorist Right Turn - Same Direction",NA,2012,"B: Evident Injury","Commercial","0-19",19,"No","6-10 mph","O: No Injury","White","Female","Passenger Car","No","No","Daylight","Urban (>70% Developed)","4 lanes",2,"Straight - Level","Local Street","Dry","Two-Way, Not Divided","None","Four-Way Intersection","Smooth Asphalt","Mountains","Urban","20 - 25  MPH","Stop And Go Signal","Clear","No","36.21728, -81.6852",-81.6852,36.21728
"4436",729,730,"Yes","16-19",18,"No","With Traffic","C: Possible Injury","Sidewalk / Crosswalk / Driveway Crossing","White","Male","Greenville","Pitt","No","01-01-05","2012-09-21","Bicyclist Failed to Yield - Sign-Controlled Intersection",20,"Intersection","01-09-01","0001-01-01T15:18:58-04:56","Bicyclist Ride Out - Sign-Controlled Intersection",NA,2012,"C: Possible Injury","Commercial","40-49",42,"No","31-35 mph","O: No Injury","Black","Male","Van","No","No","Daylight","Urban (>70% Developed)","5 lanes",2,"Straight - Level","Local Street","Dry","Two-Way, Not Divided","None","Four-Way Intersection","Smooth Asphalt","Coastal","Urban","30 - 35  MPH","Stop And Go Signal","Clear","No","35.60388, -77.3619",-77.3619,35.60388
"4437",733,734,"Yes","30-39",31,"No","With Traffic","B: Evident Injury","Travel Lane","Black","Male","Salisbury","Rowan","No","","2012-10-01","Motorist Right Turn / Merge",17,"Intersection","01-10-01","0001-01-01T12:18:58-04:56","Motorist Right Turn - Same Direction",NA,2012,"B: Evident Injury","Commercial","30-39",37,"No","26-30 mph","O: No Injury","White","Male","Pickup","No","No","Daylight","Urban (>70% Developed)","4 lanes",2,"Straight - Grade","Local Street","Wet","Two-Way, Not Divided","None","Four-Way Intersection","Smooth Asphalt","Piedmont","Urban","30 - 35  MPH","Stop And Go Signal","Cloudy","No","35.6619, -80.4638",-80.4638,35.6619
"4438",736,737,"Yes","25-29",27,"No","With Traffic","B: Evident Injury","Travel Lane","White","Male","Raleigh","Wake","No","01-01-02","2012-09-11","Bicyclist Overtaking Motorist",9,"Intersection","01-09-01","0001-01-01T04:56:58-04:56","Bicyclist Overtaking - Passing on Right",NA,2012,"B: Evident Injury","Institutional","25-29",27,"No","","O: No Injury","Hispanic","Female","Passenger Car","No","No","Daylight","Urban (>70% Developed)","2 lanes",2,"Other","Local Street","Dry","Two-Way, Divided, Unprotected Median","None","T-Intersection","Smooth Asphalt","Piedmont","Urban","20 - 25  MPH","Stop Sign","Clear","No","35.78367, -78.6772",-78.6772,35.78367
"4439",737,738,"Yes","15-Nov",15,"No","With Traffic","C: Possible Injury","Bike Lane / Paved Shoulder","White","Male","Charlotte","Mecklenburg","No","01-01-03","2012-09-26","Motorist Right Turn / Merge",10,"Non-Intersection","01-09-01","0001-01-01T05:26:58-04:56","Motorist Right Turn - Same Direction",NA,2012,"C: Possible Injury","Commercial","20-24",23,"No","0-5 mph","O: No Injury","White","Male","Passenger Car","No","No","Daylight","Urban (>70% Developed)","2 lanes",2,"Straight - Level","Local Street","Dry","Two-Way, Not Divided","None","No Special Feature","Smooth Asphalt","Piedmont","Urban","30 - 35  MPH","No Control Present","Clear","No","35.19924, -80.841",-80.841,35.19924
"4440",740,741,"Yes","60-69",65,"No","With Traffic","C: Possible Injury","Travel Lane","White","Male","None - Rural Crash","Person","No","01-01-04","2012-09-27","Motorist Overtaking Bicyclist",20,"Non-Intersection","01-09-01","0001-01-01T15:14:58-04:56","Motorist Overtaking - Other /",NA,2012,"C: Possible Injury","Farms, Woods, Pastures","70",70,"No","41-45 mph","O: No Injury","White","Female","Passenger Car","No","No","Daylight","Rural (<30% Developed)","2 lanes",2,"Straight - Hillcrest","State Secondary Route","Dry","Two-Way, Not Divided","None","No Special Feature","Smooth Asphalt","Piedmont","Rural","40 - 45  MPH","Double Yellow Line, No Passing Zone","Clear","No","36.23702, -78.9873",-78.9873,36.23702
"4441",743,744,"Yes","30-39",30,"No","Facing Traffic","C: Possible Injury","Sidewalk / Crosswalk / Driveway Crossing","Black","Male","Shelby","Cleveland","No","01-01-04","2012-09-27","Crossing Paths - Other Circumstances",20,"Intersection","01-09-01","0001-01-01T15:36:58-04:56","Signalized Intersection - Other /",NA,2012,"C: Possible Injury","Commercial","60-69",64,"No","21-25 mph","O: No Injury","White","Female","Passenger Car","No","No","Dark - Lighted Roadway","Urban (>70% Developed)","3 lanes",2,"Straight - Level","Local Street","Dry","Two-Way, Not Divided","None","Four-Way Intersection","Smooth Asphalt","Mountains","Urban","30 - 35  MPH","Stop And Go Signal","Clear","No","35.30134, -81.5396",-81.5396,35.30134
"4442",755,756,"Yes","25-29",28,"No","With Traffic","C: Possible Injury","Travel Lane","White","Male","Elizabeth City","Pasquotank","No","01-01-02","2012-09-25","Backing Vehicle",12,"Intersection-Related","01-09-01","0001-01-01T07:33:58-04:56","Backing Vehicle",NA,2012,"C: Possible Injury","Institutional","0-19",19,"No","0-5 mph","O: No Injury","White","Male","Van","No","No","Daylight","Urban (>70% Developed)","2 lanes",2,"Straight - Level","Local Street","Dry","Two-Way, Not Divided","None","T-Intersection","Smooth Asphalt","Coastal","Urban","5 - 15 MPH","Stop Sign","Clear","No","36.32573, -76.2227",-76.2227,36.32573
"4443",758,759,"Yes","40-49",42,"No","With Traffic","C: Possible Injury","Travel Lane","Other","Male","None - Rural Crash","Durham","No","01-01-04","2012-10-11","Motorist Left Turn / Merge",7,"Intersection","01-10-01","0001-01-01T02:48:58-04:56","Motorist Left Turn - Opposite Direction",NA,2012,"C: Possible Injury","Farms, Woods, Pastures","40-49",44,"No","41-45 mph","O: No Injury","White","Male","Passenger Car","No","No","Daylight","Rural (<30% Developed)","4 lanes",2,"Straight - Grade","NC Route","Dry","Two-Way, Divided, Unprotected Median","None","Four-Way Intersection","Smooth Asphalt","Piedmont","Rural","40 - 45  MPH","Stop And Go Signal","Clear","No","35.89901, -78.8801",-78.8801,35.89901
"4444",759,760,"Yes","50-59",57,"Yes","Facing Traffic","K: Killed","Travel Lane","White","Male","None - Rural Crash","Brunswick","Yes","01-01-04","2012-10-11","Bicyclist Right Turn / Merge",14,"Non-Intersection","01-10-01","0001-01-01T09:23:58-04:56","Bicyclist Right Turn - Same Direction",NA,2012,"K: Killed","Residential","50-59",52,"No","46-50 mph","O: No Injury","White","Female","Van","No","No","Daylight","Rural (<30% Developed)","2 lanes",2,"Straight - Level","NC Route","Dry","Two-Way, Not Divided","None","No Special Feature","Smooth Asphalt","Coastal","Rural","50 - 55  MPH","No Control Present","Clear","No","33.93076, -78.4096",-78.4096,33.93076
"4445",770,771,"Yes","20-24",21,"No","With Traffic","B: Evident Injury","Travel Lane","White","Male","Charlotte","Mecklenburg","No","","2012-10-15","Bicyclist Failed to Yield - Signalized Intersection",17,"Intersection","01-10-01","0001-01-01T12:33:58-04:56","Bicyclist Ride Out - Signalized  Intersection",NA,2012,"B: Evident Injury","Commercial","30-39",33,"No","26-30 mph","O: No Injury","Black","Female","Sport Utility","No","No","Daylight","Urban (>70% Developed)","4 lanes",2,"Straight - Level","Local Street","Dry","Two-Way, Not Divided","None","T-Intersection","Smooth Asphalt","Piedmont","Urban","30 - 35  MPH","Stop And Go Signal","Clear","No","35.22036, -80.8121",-80.8121,35.22036
"4446",771,772,"Yes","40-49",49,"Yes","With Traffic","B: Evident Injury","Travel Lane","White","Male","Lenoir","Caldwell","Yes","","2012-10-15","Motorist Overtaking Bicyclist",23,"Non-Intersection","01-10-01","0001-01-01T18:28:58-04:56","Motorist Overtaking - Other /",NA,2012,"B: Evident Injury","Commercial","20-24",21,"No","41-45 mph","O: No Injury","White","Male","Pickup","No","No","Dark - Lighted Roadway","Urban (>70% Developed)","5 lanes",2,"Straight - Level","US Route","Dry","Two-Way, Not Divided","None","No Special Feature","Smooth Asphalt","Mountains","Urban","40 - 45  MPH","No Control Present","Cloudy","No","35.89663, -81.5607",-81.5607,35.89663
"4447",780,781,"Yes","50-59",57,"No","With Traffic","B: Evident Injury","Travel Lane","White","Male","Raleigh","Wake","No","01-01-02","2012-10-16","Motorist Left Turn / Merge",11,"Non-Intersection","01-10-01","0001-01-01T06:25:58-04:56","Motorist Left Turn - Opposite Direction",NA,2012,"B: Evident Injury","Commercial","60-69",64,"No","0-5 mph","O: No Injury","White","Male","Sport Utility","No","No","Daylight","Mixed (30% To 70% Developed)","3 lanes",2,"Straight - Grade","Local Street","Dry","Two-Way, Not Divided","None","No Special Feature","Smooth Asphalt","Piedmont","Urban","30 - 35  MPH","No Control Present","Clear","No","35.88302, -78.7409",-78.7409,35.88302
"4448",787,788,"No","50-59",54,"No","With Traffic","C: Possible Injury","Travel Lane","White","Male","None - Rural Crash","Brunswick","No","01-01-04","2012-10-18","Motorist Overtaking Bicyclist",18,"Non-Intersection","01-10-01","0001-01-01T13:14:58-04:56","Motorist Overtaking - Other /",NA,2012,"C: Possible Injury","Commercial","30-39",32,"No","41-45 mph","O: No Injury","White","Male","Pickup","No","No","Daylight","Urban (>70% Developed)","2 lanes",2,"Straight - Level","NC Route","Dry","Two-Way, Not Divided","None","No Special Feature","Coarse Asphalt","Coastal","Rural","40 - 45  MPH","No Control Present","Clear","No","33.95316, -78.0514",-78.0514,33.95316
"4449",788,789,"Yes","30-39",38,"No","Facing Traffic","B: Evident Injury","Sidewalk / Crosswalk / Driveway Crossing","White","Male","Greensboro","Guilford","No","01-01-04","2012-10-18","Motorist Failed to Yield - Midblock",17,"Non-Intersection","01-10-01","0001-01-01T12:05:58-04:56","Motorist Drive Out - Commercial Driveway / Alley",NA,2012,"B: Evident Injury","Commercial","30-39",34,"No","6-10 mph","O: No Injury","White","Female","Passenger Car","No","No","Daylight","Urban (>70% Developed)","2 lanes",2,"Straight - Level","Public Vehicular Area","Dry","Two-Way, Not Divided","None","Driveway, Public","Smooth Asphalt","Piedmont","Urban","5 - 15 MPH","No Control Present","Clear","No","36.04636, -79.8388",-79.8388,36.04636
"4450",1013,1014,"No","25-29",27,"No","With Traffic","C: Possible Injury","Travel Lane","White","Female","Chapel Hill","Orange","No","01-01-02","2012-12-11","Motorist Failed to Yield - Midblock",13,"Non-Intersection","01-12-01","0001-01-01T08:33:58-04:56","Motorist Drive Out - Residential Driveway",NA,2012,"C: Possible Injury","Farms, Woods, Pastures","20-24",21,"No","0-5 mph","O: No Injury","White","Male","Passenger Car","No","No","Daylight","Urban (>70% Developed)","2 lanes",2,"Straight - Grade","Local Street","Dry","Two-Way, Not Divided","None","No Special Feature","Smooth Asphalt","Piedmont","Urban","20 - 25  MPH","Double Yellow Line, No Passing Zone","Clear","No","35.92208, -79.0517",-79.0517,35.92208
"4451",1016,1017,"Yes","10-Jun",6,"No","With Traffic","B: Evident Injury","Travel Lane","Asian","Male","New Bern","Craven","No","01-01-05","2012-05-25","Bicyclist Failed to Yield - Sign-Controlled Intersection",19,"Intersection","01-05-01","0001-01-01T14:06:58-04:56","Bicyclist Ride Through - Sign-Controlled Intersection",NA,2012,"B: Evident Injury","Institutional","40-49",41,"No","21-25 mph","O: No Injury","White","Female","Sport Utility","No","No","Daylight","Urban (>70% Developed)","2 lanes",2,"Straight - Level","Local Street","Dry","Two-Way, Not Divided","None","T-Intersection","Smooth Asphalt","Coastal","Urban","20 - 25  MPH","Stop Sign","Clear","No","35.11179, -77.0848",-77.0848,35.11179
"4452",1018,1019,"Yes","30-39",37,"No","With Traffic","B: Evident Injury","Travel Lane","Black","Female","Burlington","Alamance","No","01-01-02","2012-08-21","Backing Vehicle",15,"Intersection","01-08-01","0001-01-01T10:54:58-04:56","Backing Vehicle",NA,2012,"B: Evident Injury","Residential","50-59",52,"No","6-10 mph","O: No Injury","White","Female","Pickup","No","Yes","Daylight","Urban (>70% Developed)","2 lanes",2,"Straight - Level","Local Street","Dry","Two-Way, Not Divided","None","T-Intersection","Coarse Asphalt","Piedmont","Urban","30 - 35  MPH","Stop Sign","Clear","No","36.10777, -79.4236",-79.4236,36.10777
"4453",1,2,"Yes","20-24",20,"No","Facing Traffic","C: Possible Injury","Sidewalk / Crosswalk / Driveway Crossing","Hispanic","Male","Cary","Wake","No","01-01-05","2007-01-12","Motorist Failed to Yield - Signalized Intersection",9,"Intersection","","0001-01-01T04:37:58-04:56","Motorist Drive Out - Right Turn on Red",132151,2007,"C: Possible Injury","Residential","60-69",64,"No","0-5 mph","O: No Injury","White","Male","Passenger Car","No","No","Daylight","Urban (>70% Developed)","3 lanes",2,"Straight - Grade","Local Street","Dry","Two-Way, Divided, Unprotected Median","None","Four-Way Intersection","Smooth Asphalt","Piedmont","Urban","30 - 35  MPH","Stop And Go Signal","Clear","No","35.751118, -78.7828",-78.7828,35.751118
"4454",4,5,"Yes","40-49",45,"No","With Traffic","B: Evident Injury","Travel Lane","Black","Male","Fayetteville","Cumberland","No","01-01-05","2007-01-12","Motorist Overtaking Bicyclist",12,"Non-Intersection","","0001-01-01T07:44:58-04:56","Motorist Overtaking - Bicyclist Swerved",311235,2007,"B: Evident Injury","Commercial","50-59",51,"No","31-35 mph","O: No Injury","Black","Female","Van","No","No","Daylight","Urban (>70% Developed)","2 lanes",2,"Straight - Level","Local Street","Dry","Two-Way, Not Divided","None","No Special Feature","Coarse Asphalt","Coastal","Urban","30 - 35  MPH","Double Yellow Line, No Passing Zone","Clear","No","34.999428, -78.90445",-78.90445,34.999428
"4455",12,13,"No","40-49",40,"No","With Traffic","C: Possible Injury","Travel Lane","Hispanic","Male","None - Rural Crash","Johnston","No","01-01-03","2007-01-03","Motorist Failed to Yield - Sign-Controlled Intersection",20,"Intersection","","0001-01-01T15:27:58-04:56","Motorist Drive Out - Sign-Controlled Intersection",111141,2007,"C: Possible Injury","Farms, Woods, Pastures","20-24",21,"No","6-10 mph","O: No Injury","White","Female","Passenger Car","No","No","Dark - Roadway Not Lighted","Rural (<30% Developed)","4 lanes",2,"Straight - Level","US Route","Dry","Two-Way, Divided, Unprotected Median","None","Four-Way Intersection","Smooth Asphalt","Coastal","Rural","50 - 55  MPH","Stop Sign","Clear","No","35.4828, -78.2452",-78.2452,35.4828
"4456",24,25,"Yes","",8,"No","With Traffic","B: Evident Injury","Travel Lane","Black","Male","None - Rural Crash","Lincoln","No","01-01-02","2007-01-16","Motorist Overtaking Bicyclist",17,"Non-Intersection","","0001-01-01T12:43:58-04:56","Motorist Overtaking - Bicyclist Swerved",311235,2007,"B: Evident Injury","Farms, Woods, Pastures","25-29",25,"No","31-35 mph","O: No Injury","Black","Female","Passenger Car","No","No","Dusk","Rural (<30% Developed)","2 lanes",2,"Straight - Bottom","State Secondary Route","Dry","Two-Way, Not Divided","None","No Special Feature","Smooth Asphalt","Piedmont","Rural","30 - 35  MPH","No Control Present","Clear","No","35.515663, -81.20707",-81.20707,35.515663
"4457",34,35,"Yes","",14,"No","Not Applicable","B: Evident Injury","Driveway / Alley","Black","Female","Fayetteville","Cumberland","No","","2007-01-15","Bicyclist Failed to Yield - Midblock",16,"Non-Intersection","","0001-01-01T11:38:58-04:56","Bicyclist Ride Out - Residential Driveway",353311,2007,"B: Evident Injury","Commercial","30-39",35,"No","21-25 mph","O: No Injury","White","Female","Passenger Car","No","No","Daylight","Urban (>70% Developed)","2 lanes",2,"Straight - Level","Local Street","Dry","Two-Way, Not Divided","None","No Special Feature","Coarse Asphalt","Coastal","Urban","20 - 25  MPH","No Control Present","Clear","No","35.045383, -78.95343",-78.95343,35.045383
"4458",40,41,"Yes","20-24",22,"No","With Traffic","B: Evident Injury","Travel Lane","White","Male","None - Rural Crash","Pitt","No","01-01-05","2007-01-12","Bicyclist Failed to Yield - Sign-Controlled Intersection",15,"Intersection","","0001-01-01T10:48:58-04:56","Bicyclist Ride Out - Sign-Controlled Intersection",111142,2007,"B: Evident Injury","Farms, Woods, Pastures","30-39",33,"No","46-50 mph","O: No Injury","Black","Female","Van","No","No","Daylight","Rural (<30% Developed)","4 lanes",2,"Straight - Level","US Route","Dry","Two-Way, Divided, Unprotected Median","None","T-Intersection","Coarse Asphalt","Coastal","Rural","50 - 55  MPH","Stop Sign","Clear","No","35.62566, -77.29887",-77.29887,35.62566
"4459",47,48,"Yes","30-39",36,"No","With Traffic","C: Possible Injury","Travel Lane","Black","Male","Durham","Durham","No","01-01-05","2007-03-30","Bicyclist Left Turn / Merge",15,"Intersection","01-03-01","0001-01-01T10:27:58-04:56","Bicyclist Left Turn - Same Direction",111221,2007,"C: Possible Injury","Residential","0-19",16,"No","31-35 mph","O: No Injury","White","Male","Passenger Car","No","No","Daylight","Urban (>70% Developed)","2 lanes",2,"Straight - Grade","Local Street","Dry","Two-Way, Not Divided","None","Four-Way Intersection","Smooth Asphalt","Piedmont","Urban","30 - 35  MPH","No Control Present","Clear","No","36.017002, -78.91431",-78.91431,36.017002
"4460",48,49,"Yes","30-39",31,"Yes","With Traffic","C: Possible Injury","Travel Lane","White","Male","Durham","Durham","Yes","01-01-05","2007-03-30","Loss of Control / Turning Error",23,"Intersection","01-03-01","0001-01-01T18:39:58-04:56","Bicylist Lost Control - Alcohol / Drug Impairment",111123,2007,"C: Possible Injury","Residential","",NA,"Missing","0-5 mph","O: No Injury","Black","Male","Passenger Car","No","No","Dark - Roadway Not Lighted","Urban (>70% Developed)","2 lanes",2,"Straight - Hillcrest","Local Street","Dry","Two-Way, Not Divided","None","T-Intersection","Smooth Asphalt","Piedmont","Urban","5 - 15 MPH","Stop Sign","Clear","No","36.010605, -78.95482",-78.95482,36.010605
"4461",51,52,"No","",NA,"Missing","Facing Traffic","Injury","Travel Lane","/Missing","","Raleigh","Wake","No","01-01-03","2007-01-24","Head-On",18,"Non-Intersection","","0001-01-01T13:49:58-04:56","Head-On - Bicyclist",312250,2007,"O: No Injury","Commercial","40-49",49,"No","26-30 mph","O: No Injury","White","Female","Passenger Car","No","No","Dark - Lighted Roadway","Urban (>70% Developed)","2 lanes",2,"Straight - Level","Local Street","Dry","Two-Way, Divided, Unprotected Median","None","No Special Feature","Smooth Asphalt","Piedmont","Urban","30 - 35  MPH","No Control Present","Clear","No","35.75079, -78.6696",-78.6696,35.75079
"4462",55,56,"Yes","40-49",46,"No","With Traffic","C: Possible Injury","Travel Lane","White","Male","Raleigh","Wake","No","01-01-06","2007-01-27","Motorist Left Turn / Merge",13,"Intersection","","0001-01-01T08:48:58-04:56","Motorist Left Turn - Opposite Direction",111212,2007,"C: Possible Injury","Commercial","50-59",53,"No","11-15 mph","O: No Injury","Asian","Male","Passenger Car","No","No","Daylight","Urban (>70% Developed)","5 lanes",2,"Straight - Level","Local Street","Dry","Two-Way, Not Divided","None","Four-Way Intersection","Smooth Asphalt","Piedmont","Urban","20 - 25  MPH","Stop And Go Signal","Clear","No","35.825985, -78.70492",-78.70492,35.825985
"4463",57,58,"Yes","30-39",38,"No","With Traffic","C: Possible Injury","Travel Lane","White","Male","None - Rural Crash","Jones","No","","2007-01-29","Motorist Overtaking Bicyclist",15,"Non-Intersection","","0001-01-01T10:48:58-04:56","Motorist Overtaking - Other /",311239,2007,"C: Possible Injury","Farms, Woods, Pastures","30-39",38,"No","51-55 mph","O: No Injury","White","Male","Pickup","No","No","Daylight","Rural (<30% Developed)","2 lanes",2,"Straight - Level","US Route","Dry","Two-Way, Not Divided","None","No Special Feature","Smooth Asphalt","Coastal","Rural","50 - 55  MPH","No Control Present","Clear","No","34.94384, -77.23979",-77.23979,34.94384
"4464",62,63,"Yes","10-Jun",7,"No","With Traffic","C: Possible Injury","Travel Lane","Black","Male","Durham","Durham","No","01-01-06","2007-04-14","Motorist Right Turn / Merge",19,"Intersection","01-04-01","0001-01-01T14:07:58-04:56","Motorist Right Turn - Same Direction",111213,2007,"C: Possible Injury","Residential","",NA,"Missing","","Injury","/Missing","","Passenger Car","No","Yes","Daylight","Urban (>70% Developed)","2 lanes",2,"Straight - Grade","Local Street","Dry","Two-Way, Not Divided","None","Four-Way Intersection","Smooth Asphalt","Piedmont","Urban","","Stop Sign","Cloudy","No","36.003853, -78.89609",-78.89609,36.003853
"4465",73,74,"Yes","30-39",34,"Yes","With Traffic","C: Possible Injury","Travel Lane","Native American","Male","None - Rural Crash","Robeson","Yes","01-01-05","2007-02-16","Motorist Overtaking Bicyclist",18,"Non-Intersection","01-02-01","0001-01-01T13:47:58-04:56","Motorist Overtaking - Other /",311239,2007,"C: Possible Injury","Farms, Woods, Pastures","30-39",33,"No","51-55 mph","O: No Injury","Native American","Female","Passenger Car","No","No","Dark - Roadway Not Lighted","Rural (<30% Developed)","2 lanes",2,"Straight - Level","State Secondary Route","Dry","Two-Way, Not Divided","None","No Special Feature","Coarse Asphalt","Coastal","Rural","50 - 55  MPH","No Control Present","Clear","No","34.642338, -79.20692",-79.20692,34.642338
"4466",77,78,"Yes","30-39",38,"No","With Traffic","A: Disabling Injury","Travel Lane","White","Male","Charlotte","Mecklenburg","No","01-01-02","2007-02-20","Motorist Left Turn / Merge",7,"Intersection","01-02-01","0001-01-01T03:02:58-04:56","Motorist Left Turn - Opposite Direction",111212,2007,"A: Disabling Injury","Residential","50-59",53,"No","6-10 mph","O: No Injury","Black","Female","Passenger Car","No","No","Daylight","Urban (>70% Developed)","2 lanes",2,"Straight - Grade","Local Street","Dry","Two-Way, Not Divided","None","Four-Way Intersection","Smooth Asphalt","Piedmont","Urban","30 - 35  MPH","Stop Sign","Clear","No","35.19815, -80.80796",-80.80796,35.19815
"4467",80,81,"Yes","50-59",53,"No","With Traffic","B: Evident Injury","Travel Lane","White","Male","None - Rural Crash","Mcdowell","Yes","","2007-01-22","Head-On",16,"Non-Intersection","","0001-01-01T11:13:58-04:56","Head-On - Motorist",311255,2007,"B: Evident Injury","Farms, Woods, Pastures","25-29",28,"Yes","21-25 mph","O: No Injury","White","Male","Single Unit Truck (2-Axle, 6-Tire)","No","No","Daylight","Rural (<30% Developed)","2 lanes",2,"Curve - Grade","State Secondary Route","Sand, Mud, Dirt, Gravel","Two-Way, Not Divided","None","Y-Intersection","Gravel","Mountains","Rural","50 - 55  MPH","No Control Present","Clear","No","35.654827, -82.24583",-82.24583,35.654827
"4468",83,84,"No","40-49",42,"No","With Traffic","O: No Injury","Travel Lane","White","Male","Raleigh","Wake","No","01-01-04","2007-02-22","Bicyclist Left Turn / Merge",18,"Intersection","01-02-01","0001-01-01T13:22:58-04:56","Bicyclist Left Turn - Opposite Direction",111222,2007,"O: No Injury","Commercial","30-39",34,"No","21-25 mph","O: No Injury","White","Female","Passenger Car","No","No","Dusk","Urban (>70% Developed)","4 lanes",2,"Straight - Level","Local Street","Dry","Two-Way, Not Divided","None","No Special Feature","Smooth Asphalt","Piedmont","Urban","30 - 35  MPH","No Control Present","Clear","No","35.78753, -78.66699",-78.66699,35.78753
"4469",86,87,"Yes","15-Nov",15,"No","With Traffic","C: Possible Injury","Sidewalk / Crosswalk / Driveway Crossing","Black","Male","Washington","Beaufort","No","01-01-05","2007-02-23","Parallel Paths - Other Circumstances",14,"Intersection-Related","01-02-01","0001-01-01T09:45:58-04:56","Bicyclist Ride Out - Parallel Path",231225,2007,"C: Possible Injury","Residential","50-59",54,"No","21-25 mph","O: No Injury","White","Female","Passenger Car","No","No","Daylight","Urban (>70% Developed)","2 lanes",2,"Straight - Level","Local Street","Dry","Two-Way, Not Divided","None","No Special Feature","Coarse Asphalt","Coastal","Urban","30 - 35  MPH","No Control Present","Clear","No","35.548317, -77.05077",-77.05077,35.548317