"","FID","OBJECTID","AmbulanceR","BikeAge_Gr","Bike_Age","Bike_Alc_D","Bike_Dir","Bike_Injur","Bike_Pos","Bike_Race","Bike_Sex","City","County","CrashAlcoh","CrashDay","Crash_Date","Crash_Grp","Crash_Hour","Crash_Loc","Crash_Mont","Crash_Time","Crash_Type","Crash_Ty_1","Crash_Year","Crsh_Sevri","Developmen","DrvrAge_Gr","Drvr_Age","Drvr_Alc_D","Drvr_EstSp","Drvr_Injur","Drvr_Race","Drvr_Sex","Drvr_VehTy","ExcsSpdInd","Hit_Run","Light_Cond","Locality","Num_Lanes","Num_Units","Rd_Charact","Rd_Class","Rd_Conditi","Rd_Config","Rd_Defects","Rd_Feature","Rd_Surface","Region","Rural_Urba","Speed_Limi","Traff_Cntr","Weather","Workzone_I","Location","locx","locy"
"4591",448,449,"Yes","20-24",23,"No","Facing Traffic","B: Evident Injury","Sidewalk / Crosswalk / Driveway Crossing","Black","Female","Greensboro","Guilford","No","","2008-05-12","Motorist Failed to Yield - Sign-Controlled Intersection",13,"Intersection","01-05-01","0001-01-01T08:57:58-04:56","Motorist Drive Out - Sign-Controlled Intersection",132141,2008,"B: Evident Injury","Institutional","40-49",47,"No","0-5 mph","O: No Injury","Black","Female","Passenger Car","No","No","Daylight","Urban (>70% Developed)","2 lanes",2,"Straight - Level","Local Street","Dry","Two-Way, Not Divided","None","Four-Way Intersection","Smooth Asphalt","Piedmont","Urban","20 - 25  MPH","Stop Sign","Clear","No","0.0, 0.0",0,0
"4592",449,450,"Yes","15-Nov",15,"No","With Traffic","C: Possible Injury","Travel Lane","Asian","Male","Greensboro","Guilford","No","01-01-07","2008-06-15","Crossing Paths - Other Circumstances",16,"Intersection","01-06-01","0001-01-01T11:39:58-04:56","Sign-Controlled Intersection - Other /",111148,2008,"C: Possible Injury","Residential","",NA,"Missing","","Injury","/Missing","","Passenger Car","No","Yes","Daylight","Urban (>70% Developed)","2 lanes",2,"Straight - Level","Local Street","Dry","Two-Way, Divided, Unprotected Median","None","Four-Way Intersection","Smooth Asphalt","Piedmont","Urban","30 - 35  MPH","Stop Sign","Clear","No","0.0, 0.0",0,0
"4593",451,452,"No","",NA,"No","Facing Traffic","C: Possible Injury","Sidewalk / Crosswalk / Driveway Crossing","Black","Male","Chapel Hill","Orange","No","01-01-06","2008-06-21","Motorist Failed to Yield - Sign-Controlled Intersection",13,"Intersection","01-06-01","0001-01-01T08:43:58-04:56","Motorist Drive Out - Sign-Controlled Intersection",132141,2008,"C: Possible Injury","Commercial","50-59",51,"No","","O: No Injury","White","Female","Passenger Car","No","No","Daylight","Urban (>70% Developed)","2 lanes",2,"Straight - Level","Local Street","Dry","Two-Way, Not Divided","None","No Special Feature","Smooth Asphalt","Piedmont","Urban","20 - 25  MPH","Stop Sign","Clear","No","0.0, 0.0",0,0
"4594",467,468,"Yes","15-Nov",13,"No","With Traffic","B: Evident Injury","Travel Lane","Black","Male","Forest City","Rutherford","No","","2008-06-30","Motorist Failed to Yield - Sign-Controlled Intersection",14,"Intersection","01-06-01","0001-01-01T09:34:58-04:56","Motorist Drive Out - Sign-Controlled Intersection",111141,2008,"B: Evident Injury","Residential","40-49",40,"No","","O: No Injury","White","Female","Passenger Car","No","No","Daylight","Urban (>70% Developed)","2 lanes",2,"Straight - Grade","Local Street","Dry","Two-Way, Not Divided","None","No Special Feature","Smooth Asphalt","Mountains","Urban","30 - 35  MPH","Missing","Clear","No","0.0, 0.0",0,0
"4595",484,485,"No","20-24",22,"No","Facing Traffic","B: Evident Injury","Multi-use Path","White","Male","Fayetteville","Cumberland","No","01-01-06","2008-06-21","Motorist Failed to Yield - Sign-Controlled Intersection",12,"Intersection","01-06-01","0001-01-01T07:53:58-04:56","Motorist Drive Out - Sign-Controlled Intersection",142141,2008,"B: Evident Injury","Residential","25-29",26,"No","0-5 mph","O: No Injury","Black","Male","Single Unit Truck (2-Axle, 6-Tire)","No","No","Daylight","Urban (>70% Developed)","2 lanes",2,"Straight - Level","Local Street","Dry","Two-Way, Not Divided","None","No Special Feature","Smooth Asphalt","Coastal","Urban","20 - 25  MPH","Stop Sign","Cloudy","No","0.0, 0.0",0,0
"4596",490,491,"Yes","10-Jun",7,"No","Facing Traffic","Injury","Sidewalk / Crosswalk / Driveway Crossing","Hispanic","Male","Charlotte","Mecklenburg","No","01-01-06","2008-08-02","Crossing Paths - Other Circumstances",19,"Intersection","01-08-01","0001-01-01T14:14:58-04:56","Sign-Controlled Intersection - Other /",132148,2008,"O: No Injury","Residential","50-59",54,"No","26-30 mph","O: No Injury","Black","Male","Passenger Car","No","No","Dawn","Urban (>70% Developed)","2 lanes",2,"Straight - Level","Local Street","Dry","Two-Way, Not Divided","None","No Special Feature","Smooth Asphalt","Piedmont","Urban","30 - 35  MPH","No Control Present","Clear","No","0.0, 0.0",0,0
"4597",494,495,"Yes","16-19",17,"No","Not Applicable","C: Possible Injury","Non-Roadway","Black","Female","None - Rural Crash","Wayne","No","","2008-07-07","Non-Roadway",18,"Non-Roadway","01-07-01","0001-01-01T13:56:58-04:56","Non-Roadway",460910,2008,"C: Possible Injury","Residential","30-39",33,"No","6-10 mph","O: No Injury","Black","Male","Pickup","No","No","Daylight","Mixed (30% To 70% Developed)","2 lanes",2,"Straight - Level","Public Vehicular Area","Dry","Two-Way, Not Divided","None","Driveway, Public","Coarse Asphalt","Coastal","Rural","","No Control Present","Clear","No","0.0, 0.0",0,0
"4598",495,496,"Yes","30-39",34,"No","With Traffic","C: Possible Injury","Travel Lane","Black","Male","None - Rural Crash","Cumberland","No","01-01-02","2008-07-08","Motorist Overtaking Bicyclist",23,"Non-Intersection","01-07-01","0001-01-01T18:08:58-04:56","Motorist Overtaking - Other /",311239,2008,"C: Possible Injury","Commercial","",NA,"Missing","31-35 mph","Injury","/Missing","","","No","Yes","Dark - Roadway Not Lighted","Mixed (30% To 70% Developed)","5 lanes",2,"Straight - Level","State Secondary Route","Wet","Two-Way, Not Divided","None","No Special Feature","Coarse Asphalt","Coastal","Rural","40 - 45  MPH","Missing","Cloudy","No","0.0, 0.0",0,0
"4599",498,499,"Yes","15-Nov",15,"No","With Traffic","C: Possible Injury","Travel Lane","White","Male","None - Rural Crash","Cumberland","No","01-01-03","2008-07-09","Motorist Overtaking Bicyclist",22,"Non-Intersection","01-07-01","0001-01-01T17:52:58-04:56","Motorist Overtaking - Undetected Bicyclist",311231,2008,"C: Possible Injury","Farms, Woods, Pastures","",NA,"Missing","51-55 mph","Injury","/Missing","","","No","Yes","Dark - Roadway Not Lighted","Rural (<30% Developed)","2 lanes",2,"Straight - Level","State Secondary Route","Dry","Two-Way, Not Divided","None","T-Intersection","Coarse Asphalt","Coastal","Rural","50 - 55  MPH","Double Yellow Line, No Passing Zone","Clear","No","0.0, 0.0",0,0
"4600",461,462,"No","50-59",51,"No","With Traffic","C: Possible Injury","Travel Lane","White","Male","Morganton","Burke","No","01-01-05","2008-06-27","Motorist Overtaking Bicyclist",7,"Intersection","01-06-01","0001-01-01T03:02:58-04:56","Motorist Overtaking - Misjudged Space",111232,2008,"C: Possible Injury","Commercial","50-59",50,"No","0-5 mph","O: No Injury","Black","Female","Passenger Car","No","No","Daylight","Urban (>70% Developed)","5 lanes",2,"Straight - Level","Local Street","Dry","Two-Way, Divided, Unprotected Median","None","No Special Feature","Smooth Asphalt","Mountains","Urban","30 - 35  MPH","Stop And Go Signal","Clear","No","0.0, 0.0",0,0
"4601",195,196,"No","16-19",19,"No","With Traffic","C: Possible Injury","Sidewalk / Crosswalk / Driveway Crossing","Black","Male","None - Rural Crash","Guilford","No","01-01-05","2011-04-29","Motorist Failed to Yield - Midblock",9,"Non-Intersection","01-04-01","0001-01-01T04:15:58-04:56","Motorist Drive Out - Commercial Driveway / Alley",331322,2011,"C: Possible Injury","Commercial","40-49",40,"No","0-5 mph","O: No Injury","White","Male","Passenger Car","No","No","Daylight","Mixed (30% To 70% Developed)","",2,"Straight - Level","Public Vehicular Area","Dry","","None","Driveway, Private","Smooth Asphalt","Piedmont","Rural","","No Control Present","Clear","No","36.00956, -79.8052",-79.8052,36.00956
"4602",200,201,"No","40-49",48,"No","Facing Traffic","B: Evident Injury","Sidewalk / Crosswalk / Driveway Crossing","Black","Male","Charlotte","Mecklenburg","No","01-01-02","2011-04-26","Motorist Failed to Yield - Midblock",21,"Non-Intersection","01-04-01","0001-01-01T16:42:58-04:56","Motorist Drive Out - Commercial Driveway / Alley",332322,2011,"B: Evident Injury","Commercial","60-69",60,"No","","O: No Injury","Black","Male","Pickup","No","No","Dark - Lighted Roadway","Urban (>70% Developed)","",2,"Straight - Hillcrest","Public Vehicular Area","Dry","Two-Way, Not Divided","None","No Special Feature","Smooth Asphalt","Piedmont","Urban","40 - 45  MPH","No Control Present","Clear","No","35.27048, -80.8553",-80.8553,35.27048
"4603",202,203,"Yes","16-19",17,"No","Not Applicable","C: Possible Injury","Non-Roadway","White","Female","Waynesville","Haywood","No","01-01-04","2011-04-07","Crossing Paths - Other Circumstances",19,"Intersection-Related","01-04-01","0001-01-01T14:38:58-04:56","Crossing Paths - Uncontrolled Intersection",263160,2011,"C: Possible Injury","Residential","40-49",43,"No","11-15 mph","O: No Injury","Native American","Female","Pickup","No","No","Daylight","Urban (>70% Developed)","2 lanes",2,"Straight - Level","Local Street","Dry","Two-Way, Not Divided","None","No Special Feature","Smooth Asphalt","Mountains","Urban","20 - 25  MPH","No Control Present","Clear","No","35.47383, -82.986",-82.986,35.47383
"4604",208,209,"Yes","0-5",3,"No","","C: Possible Injury","Travel Lane","Black","Female","Raleigh","Wake","No","01-01-04","2011-04-14","Bicyclist Failed to Yield - Midblock",12,"Non-Intersection","01-04-01","0001-01-01T07:45:58-04:56","Bicyclist Ride Out - Midblock -",319319,2011,"C: Possible Injury","Residential","50-59",50,"No","46-50 mph","O: No Injury","Black","Male","Motorcycle","No","No","Daylight","Urban (>70% Developed)","2 lanes",2,"Straight - Level","Local Street","Dry","Two-Way, Not Divided","None","No Special Feature","Smooth Asphalt","Piedmont","Urban","30 - 35  MPH","No Control Present","Clear","No","35.77393, -78.6272",-78.6272,35.77393
"4605",210,211,"Yes","15-Nov",14,"No","With Traffic","B: Evident Injury","Sidewalk / Crosswalk / Driveway Crossing","Black","Female","Raleigh","Wake","No","01-01-02","2011-05-03","Loss of Control / Turning Error",19,"Non-Intersection","01-05-01","0001-01-01T14:14:58-04:56","Motorist Lost Control - Other /",331139,2011,"B: Evident Injury","Residential","",NA,"Missing","16-20 mph","Injury","/Missing","","","No","Yes","Daylight","Urban (>70% Developed)","3 lanes",2,"Straight - Level","Local Street","Dry","Two-Way, Divided, Unprotected Median","None","No Special Feature","Smooth Asphalt","Piedmont","Urban","30 - 35  MPH","No Control Present","Clear","No","35.77323, -78.6923",-78.6923,35.77323
"4606",216,217,"No","50-59",52,"No","With Traffic","C: Possible Injury","Travel Lane","Other","Female","None - Rural Crash","Franklin","No","01-01-02","2011-05-03","Motorist Overtaking Bicyclist",7,"Non-Intersection","01-05-01","0001-01-01T02:22:58-04:56","Motorist Overtaking - Misjudged Space",311232,2011,"C: Possible Injury","Residential","50-59",57,"No","41-45 mph","O: No Injury","White","Female","Passenger Car","No","No","Daylight","Rural (<30% Developed)","2 lanes",2,"Straight - Grade","State Secondary Route","Dry","Two-Way, Not Divided","None","No Special Feature","Smooth Asphalt","Piedmont","Rural","50 - 55  MPH","Double Yellow Line, No Passing Zone","Clear","No","36.08531, -78.5187",-78.5187,36.08531
"4607",217,218,"Yes","50-59",50,"No","Facing Traffic","B: Evident Injury","Sidewalk / Crosswalk / Driveway Crossing","White","Female","Cary","Wake","No","","2011-05-09","Motorist Failed to Yield - Sign-Controlled Intersection",17,"Intersection","01-05-01","0001-01-01T12:49:58-04:56","Motorist Drive Out - Sign-Controlled Intersection",132141,2011,"B: Evident Injury","Residential","25-29",26,"No","0-5 mph","O: No Injury","Black","Male","Sport Utility","No","No","Daylight","Urban (>70% Developed)","2 lanes",2,"Straight - Level","Local Street","Dry","Two-Way, Divided, Unprotected Median","None","Four-Way Intersection","Smooth Asphalt","Piedmont","Urban","20 - 25  MPH","Stop Sign","Clear","No","35.79119, -78.8254",-78.8254,35.79119
"4608",221,222,"No","40-49",46,"No","With Traffic","C: Possible Injury","Travel Lane","White","Male","None - Rural Crash","Sampson","No","01-01-02","2011-05-17","Motorist Overtaking Bicyclist",21,"Intersection","01-05-01","0001-01-01T16:07:58-04:56","Motorist Overtaking - Other /",111239,2011,"C: Possible Injury","Farms, Woods, Pastures","60-69",60,"No","41-45 mph","O: No Injury","Black","Female","Passenger Car","No","No","Dusk","Rural (<30% Developed)","2 lanes",2,"Curve - Level","US Route","Wet","Two-Way, Not Divided","None","T-Intersection","Smooth Asphalt","Coastal","Rural","50 - 55  MPH","Double Yellow Line, No Passing Zone","Cloudy","No","34.82097, -78.3581",-78.3581,34.82097
"4609",242,243,"No","15-Nov",13,"No","Facing Traffic","C: Possible Injury","Sidewalk / Crosswalk / Driveway Crossing","Black","Male","Charlotte","Mecklenburg","No","01-01-04","2011-04-28","Motorist Failed to Yield - Midblock",18,"Non-Intersection","01-04-01","0001-01-01T13:45:58-04:56","Motorist Drive Out - Commercial Driveway / Alley",332322,2011,"C: Possible Injury","Residential","25-29",26,"No","6-10 mph","O: No Injury","Hispanic","Male","Passenger Car","No","No","Daylight","Urban (>70% Developed)","2 lanes",2,"Straight - Level","Local Street","Dry","Two-Way, Not Divided","None","No Special Feature","Smooth Asphalt","Piedmont","Urban","20 - 25  MPH","No Control Present","Clear","No","35.24713, -80.8179",-80.8179,35.24713
"4610",250,251,"Yes","60-69",64,"No","With Traffic","A: Disabling Injury","Travel Lane","White","Male","Matthews","Mecklenburg","No","","2011-05-02","Motorist Overtaking Bicyclist",16,"Intersection-Related","01-05-01","0001-01-01T11:14:58-04:56","Motorist Overtaking - Other /",211239,2011,"A: Disabling Injury","Commercial","40-49",47,"No","16-20 mph","O: No Injury","White","Female","Passenger Car","No","No","Daylight","Urban (>70% Developed)","5 lanes",2,"Straight - Level","NC Route","Dry","Two-Way, Divided, Positive Median Barrier","None","No Special Feature","Smooth Asphalt","Piedmont","Urban","40 - 45  MPH","No Control Present","Clear","No","35.11418, -80.7537",-80.7537,35.11418
"4611",255,256,"Yes","60-69",69,"No","Facing Traffic","B: Evident Injury","Multi-use Path","White","Female","None - Rural Crash","Currituck","No","01-01-06","2011-05-28","Bicyclist Failed to Yield - Sign-Controlled Intersection",10,"Intersection","01-05-01","0001-01-01T05:10:58-04:56","Bicyclist Ride Through - Sign-Controlled Intersection",142144,2011,"B: Evident Injury","Residential","30-39",33,"No","0-5 mph","O: No Injury","White","Female","Passenger Car","No","No","Daylight","Rural (<30% Developed)","2 lanes",2,"Straight - Level","NC Route","Dry","Two-Way, Not Divided","None","Four-Way Intersection","Coarse Asphalt","Coastal","Rural","30 - 35  MPH","Stop Sign","Clear","No","36.37855, -75.8302",-75.8302,36.37855
"4612",261,262,"Yes","40-49",44,"No","Not Applicable","C: Possible Injury","Driveway / Alley","Black","Male","Fayetteville","Cumberland","No","01-01-05","2011-05-13","Motorist Failed to Yield - Midblock",16,"Non-Intersection","01-05-01","0001-01-01T11:34:58-04:56","Motorist Drive Out - Commercial Driveway / Alley",353322,2011,"C: Possible Injury","Residential","50-59",58,"No","11-15 mph","O: No Injury","White","Male","Passenger Car","No","No","Daylight","Urban (>70% Developed)","4 lanes",2,"Straight - Grade","Local Street","Dry","Two-Way, Not Divided","None","No Special Feature","Coarse Asphalt","Coastal","Urban","40 - 45  MPH","No Control Present","Cloudy","No","35.08885, -78.9266",-78.9266,35.08885
"4613",263,264,"Yes","15-Nov",13,"No","With Traffic","C: Possible Injury","Travel Lane","Black","Female","None - Rural Crash","Lenoir","No","","2011-05-30","Motorist Overtaking Bicyclist",19,"Non-Intersection","01-05-01","0001-01-01T14:13:58-04:56","Motorist Overtaking - Other /",311239,2011,"C: Possible Injury","Residential","",NA,"No","0-5 mph","Injury","/Missing","","Passenger Car","No","Yes","Daylight","Rural (<30% Developed)","2 lanes",2,"Straight - Level","Local Street","Sand, Mud, Dirt, Gravel","Two-Way, Not Divided","Rut, Holes, Bumps","No Special Feature","Gravel","Coastal","Rural","5 - 15 MPH","No Control Present","Clear","No","35.32684, -77.6748",-77.6748,35.32684
"4614",265,266,"Yes","20-24",21,"No","Facing Traffic","C: Possible Injury","Sidewalk / Crosswalk / Driveway Crossing","White","Female","Greensboro","Guilford","No","01-01-04","2011-05-19","Motorist Failed to Yield - Midblock",14,"Non-Intersection","01-05-01","0001-01-01T09:46:58-04:56","Motorist Drive Out - Commercial Driveway / Alley",332322,2011,"C: Possible Injury","Commercial","50-59",57,"No","0-5 mph","O: No Injury","Black","Male","Pickup","No","No","Daylight","Urban (>70% Developed)","2 lanes",2,"Straight - Level","Public Vehicular Area","Dry","Two-Way, Not Divided","Other","Driveway, Public","Smooth Asphalt","Piedmont","Urban","","No Control Present","Clear","No","36.08835, -79.8882",-79.8882,36.08835
"4615",272,273,"Yes","20-24",21,"No","Not Applicable","C: Possible Injury","","White","Male","Goldsboro","Wayne","No","01-01-05","2011-05-20","Bicyclist Failed to Yield - Midblock",14,"Non-Intersection","01-05-01","0001-01-01T09:23:58-04:56","Bicyclist Ride Out - Other Midblock",393318,2011,"C: Possible Injury","Commercial","40-49",43,"No","21-25 mph","O: No Injury","White","Female","Sport Utility","No","No","Daylight","Urban (>70% Developed)","6 lanes",2,"Straight - Level","Local Street","Dry","Two-Way, Divided, Unprotected Median","None","Related To Intersection","Coarse Asphalt","Coastal","Urban","30 - 35  MPH","Other","Clear","No","35.37068, -77.9537",-77.9537,35.37068
"4616",279,280,"Yes","10-Jun",8,"No","Facing Traffic","B: Evident Injury","Travel Lane","Black","Male","Monroe","Union","No","01-01-07","2011-05-15","Head-On",19,"Non-Intersection","01-05-01","0001-01-01T14:37:58-04:56","Head-On - Bicyclist",312250,2011,"B: Evident Injury","Residential","25-29",26,"No","31-35 mph","O: No Injury","Hispanic","Male","Passenger Car","No","No","Daylight","Urban (>70% Developed)","2 lanes",2,"Straight - Grade","Local Street","Dry","Two-Way, Not Divided","None","No Special Feature","Smooth Asphalt","Piedmont","Urban","30 - 35  MPH","No Control Present","Clear","No","34.99067, -80.5014",-80.5014,34.99067
"4617",281,282,"No","40-49",40,"No","With Traffic","C: Possible Injury","Travel Lane","White","Male","Salisbury","Rowan","No","","2011-06-06","Motorist Right Turn / Merge",15,"Intersection","01-06-01","0001-01-01T10:47:58-04:56","Motorist Right Turn - Same Direction",111213,2011,"C: Possible Injury","Commercial","50-59",50,"No","0-5 mph","O: No Injury","Black","Female","Sport Utility","No","Yes","Daylight","Urban (>70% Developed)","2 lanes",2,"Straight - Level","Local Street","Dry","Two-Way, Not Divided","None","No Special Feature","Smooth Asphalt","Piedmont","Urban","30 - 35  MPH","Stop And Go Signal","Clear","No","35.65725, -80.4877",-80.4877,35.65725
"4618",282,283,"No","16-19",17,"No","With Traffic","B: Evident Injury","Travel Lane","White","Male","None - Rural Crash","Robeson","No","","2011-06-06","Bicyclist Left Turn / Merge",18,"Non-Intersection","01-06-01","0001-01-01T13:31:58-04:56","Bicyclist Left Turn - Same Direction",311221,2011,"B: Evident Injury","Farms, Woods, Pastures","25-29",25,"No","51-55 mph","O: No Injury","Native American","Male","Pickup","No","No","Daylight","Rural (<30% Developed)","2 lanes",2,"Straight - Level","State Secondary Route","Dry","Two-Way, Not Divided","None","No Special Feature","Smooth Asphalt","Coastal","Rural","50 - 55  MPH","Double Yellow Line, No Passing Zone","Clear","No","34.625, -79.1275",-79.1275,34.625
"4619",284,285,"No","25-29",28,"No","Not Applicable","C: Possible Injury","Sidewalk / Crosswalk / Driveway Crossing","Hispanic","Male","Charlotte","Mecklenburg","No","01-01-03","2011-05-18","Crossing Paths - Other Circumstances",14,"Intersection","01-05-01","0001-01-01T09:45:58-04:56","Crossing Paths - Intersection - Other /",133180,2011,"C: Possible Injury","Residential","40-49",40,"No","26-30 mph","O: No Injury","Black","Female","Passenger Car","No","No","Daylight","Urban (>70% Developed)","4 lanes",2,"Straight - Grade","Local Street","Dry","Two-Way, Not Divided","None","No Special Feature","Smooth Asphalt","Piedmont","Urban","30 - 35  MPH","No Control Present","Clear","No","35.23371, -80.8427",-80.8427,35.23371
"4620",287,288,"Yes","16-19",19,"No","With Traffic","C: Possible Injury","Travel Lane","White","Male","Asheville","Buncombe","No","","2011-05-09","Bicyclist Failed to Yield - Signalized Intersection",19,"Intersection","01-05-01","0001-01-01T14:29:58-04:56","Bicyclist Ride Through - Signalized Intersection",111155,2011,"C: Possible Injury","Commercial","70+",NA,"No","6-10 mph","O: No Injury","White","Male","Passenger Car","No","No","Daylight","Urban (>70% Developed)","2 lanes",2,"Straight - Grade","US Route","Dry","Two-Way, Not Divided","None","Four-Way Intersection","Smooth Asphalt","Mountains","Urban","20 - 25  MPH","Stop And Go Signal","Clear","No","35.59555, -82.5518",-82.5518,35.59555
"4621",292,293,"No","30-39",30,"No","With Traffic","C: Possible Injury","Travel Lane","White","Male","None - Rural Crash","Cabarrus","No","01-01-06","2011-06-11","Bicyclist Left Turn / Merge",20,"Intersection","01-06-01","0001-01-01T15:18:58-04:56","Bicyclist Left Turn - Same Direction",111221,2011,"C: Possible Injury","Residential","70+",NA,"No","51-55 mph","O: No Injury","White","Female","Passenger Car","No","No","Daylight","Mixed (30% To 70% Developed)","2 lanes",2,"Straight - Grade","State Secondary Route","Dry","Two-Way, Not Divided","None","T-Intersection","Smooth Asphalt","Piedmont","Rural","50 - 55  MPH","No Control Present","Clear","No","35.44625, -80.5475",-80.5475,35.44625
"4622",300,301,"Yes","25-29",29,"No","With Traffic","B: Evident Injury","Sidewalk / Crosswalk / Driveway Crossing","Other","Male","Charlotte","Mecklenburg","No","01-01-04","2011-05-26","Motorist Left Turn / Merge",19,"Intersection","01-05-01","0001-01-01T14:28:58-04:56","Motorist Left Turn - Opposite Direction",131212,2011,"B: Evident Injury","Residential","30-39",30,"No","11-15 mph","O: No Injury","White","Female","Passenger Car","No","No","Daylight","Urban (>70% Developed)","4 lanes",2,"Straight - Level","Local Street","Dry","Two-Way, Not Divided","None","No Special Feature","Smooth Asphalt","Piedmont","Urban","40 - 45  MPH","No Control Present","Clear","No","35.16269, -80.9006",-80.9006,35.16269
"4623",310,311,"No","15-Nov",12,"No","","C: Possible Injury","Travel Lane","Black","Male","Durham","Durham","No","01-01-03","2011-06-15","Bicyclist Failed to Yield - Sign-Controlled Intersection",20,"Intersection","01-06-01","0001-01-01T15:23:58-04:56","Bicyclist Ride Out - Sign-Controlled Intersection",119142,2011,"C: Possible Injury","Residential","40-49",48,"No","26-30 mph","O: No Injury","Hispanic","Female","Passenger Car","No","No","Daylight","Urban (>70% Developed)","2 lanes",2,"Curve - Level","Local Street","Dry","Two-Way, Not Divided","None","No Special Feature","Smooth Asphalt","Piedmont","Urban","30 - 35  MPH","Stop Sign","Clear","No","36.00156, -78.8668",-78.8668,36.00156
"4624",317,318,"No","10-Jun",8,"No","Facing Traffic","C: Possible Injury","Travel Lane","/Missing","Male","None - Rural Crash","Craven","No","","2011-06-13","Bicyclist Right Turn / Merge",18,"Non-Intersection","01-06-01","0001-01-01T13:41:58-04:56","Bicyclist Right Turn - Same Direction",312223,2011,"C: Possible Injury","Residential","20-24",20,"No","31-35 mph","O: No Injury","White","Male","Passenger Car","No","No","Daylight","Urban (>70% Developed)","2 lanes",2,"Straight - Level","State Secondary Route","Dry","Two-Way, Not Divided","None","No Special Feature","Coarse Asphalt","Coastal","Rural","30 - 35  MPH","No Control Present","Clear","No","35.08897, -76.9493",-76.9493,35.08897
"4625",319,320,"Yes","40-49",41,"Yes","Facing Traffic","O: No Injury","Travel Lane","Black","Male","None - Rural Crash","Lee","Yes","01-01-05","2011-06-17","Head-On",22,"Non-Intersection","01-06-01","0001-01-01T17:13:58-04:56","Head-On - Bicyclist",312250,2011,"O: No Injury","Farms, Woods, Pastures","30-39",35,"No","46-50 mph","O: No Injury","Black","Male","Passenger Car","No","No","Dark - Roadway Not Lighted","Rural (<30% Developed)","2 lanes",2,"Straight - Level","State Secondary Route","Dry","Two-Way, Not Divided","None","No Special Feature","Smooth Asphalt","Piedmont","Rural","50 - 55  MPH","Double Yellow Line, No Passing Zone","Clear","No","35.45516, -79.2879",-79.2879,35.45516
"4626",322,323,"No","40-49",43,"No","With Traffic","C: Possible Injury","Travel Lane","White","Male","Wilmington","New Hanover","No","","2011-05-30","Motorist Failed to Yield - Sign-Controlled Intersection",15,"Intersection","01-05-01","0001-01-01T10:22:58-04:56","Motorist Drive Through - Sign-Controlled Intersection",111143,2011,"C: Possible Injury","Residential","",NA,"Missing","21-25 mph","Injury","/Missing","","","No","Yes","Daylight","Urban (>70% Developed)","2 lanes",2,"Straight - Level","Local Street","Dry","Two-Way, Not Divided","None","Four-Way Intersection","Coarse Asphalt","Coastal","Urban","20 - 25  MPH","Stop Sign","Clear","No","34.22606, -77.9368",-77.9368,34.22606
"4627",325,326,"No","20-24",21,"No","Not Applicable","O: No Injury","Sidewalk / Crosswalk / Driveway Crossing","Black","Male","Raleigh","Wake","No","01-01-04","2011-06-16","Non-Roadway",16,"Non-Roadway","01-06-01","0001-01-01T11:14:58-04:56","Non-Roadway",430910,2011,"O: No Injury","Commercial","",NA,"Missing","0-5 mph","Injury","/Missing","","","No","Yes","Daylight","Urban (>70% Developed)","2 lanes",2,"Straight - Level","Local Street","Dry","Two-Way, Not Divided","None","No Special Feature","Smooth Asphalt","Piedmont","Urban","30 - 35  MPH","No Control Present","Clear","No","35.77413, -78.6375",-78.6375,35.77413
"4628",503,504,"Yes","15-Nov",15,"Yes","With Traffic","B: Evident Injury","Travel Lane","Black","Male","Charlotte","Mecklenburg","Yes","","2011-08-01","Motorist Right Turn / Merge",20,"Intersection","01-08-01","0001-01-01T15:33:58-04:56","Motorist Right Turn - Same Direction",111213,2011,"B: Evident Injury","Residential","20-24",20,"No","0-5 mph","O: No Injury","Black","Male","Sport Utility","No","No","Dawn","Rural (<30% Developed)","2 lanes",2,"Straight - Level","Local Street","Dry","Two-Way, Not Divided","None","No Special Feature","Smooth Asphalt","Piedmont","Urban","30 - 35  MPH","Stop Sign","Clear","No","35.23726, -80.7989",-80.7989,35.23726
"4629",509,510,"Yes","40-49",43,"Yes","With Traffic","K: Killed","Travel Lane","Black","Male","Gibsonville","Alamance","Yes","01-01-07","2011-07-31","Motorist Overtaking Bicyclist",20,"Intersection-Related","01-07-01","0001-01-01T16:01:58-04:56","Motorist Overtaking - Other /",211239,2011,"K: Killed","Residential","25-29",28,"No","31-35 mph","O: No Injury","White","Male","","No","Yes","Dark - Lighted Roadway","Urban (>70% Developed)","2 lanes",2,"Curve - Level","Local Street","Dry","Two-Way, Not Divided","None","T-Intersection","Smooth Asphalt","Piedmont","Urban","30 - 35  MPH","Stop Sign","Cloudy","No","36.10033, -79.5336",-79.5336,36.10033
"4630",514,515,"No","15-Nov",13,"No","Facing Traffic","Injury","Travel Lane","White","Male","Grimesland","Pitt","No","01-01-02","2011-08-09","Motorist Failed to Yield - Sign-Controlled Intersection",11,"Intersection","01-08-01","0001-01-01T07:00:58-04:56","Motorist Drive Out - Sign-Controlled Intersection",112141,2011,"O: No Injury","Residential","30-39",33,"No","0-5 mph","O: No Injury","Black","Female","Passenger Car","No","No","Daylight","Rural (<30% Developed)","2 lanes",2,"Straight - Level","Local Street","Dry","Two-Way, Not Divided","None","T-Intersection","Concrete","Coastal","Rural","30 - 35  MPH","Warning Sign","Clear","No","35.56508, -77.1955",-77.1955,35.56508