"","FID","OBJECTID","AmbulanceR","BikeAge_Gr","Bike_Age","Bike_Alc_D","Bike_Dir","Bike_Injur","Bike_Pos","Bike_Race","Bike_Sex","City","County","CrashAlcoh","CrashDay","Crash_Date","Crash_Grp","Crash_Hour","Crash_Loc","Crash_Mont","Crash_Time","Crash_Type","Crash_Ty_1","Crash_Year","Crsh_Sevri","Developmen","DrvrAge_Gr","Drvr_Age","Drvr_Alc_D","Drvr_EstSp","Drvr_Injur","Drvr_Race","Drvr_Sex","Drvr_VehTy","ExcsSpdInd","Hit_Run","Light_Cond","Locality","Num_Lanes","Num_Units","Rd_Charact","Rd_Class","Rd_Conditi","Rd_Config","Rd_Defects","Rd_Feature","Rd_Surface","Region","Rural_Urba","Speed_Limi","Traff_Cntr","Weather","Workzone_I","Location","locx","locy"
"4711",155,156,"Yes","15-Nov",15,"No","With Traffic","C: Possible Injury","Travel Lane","White","Male","None - Rural Crash","Pasquotank","No","01-01-05","2011-04-22","Bicyclist Left Turn / Merge",15,"Non-Intersection","01-04-01","0001-01-01T10:13:58-04:56","Bicyclist Left Turn - Same Direction",311221,2011,"C: Possible Injury","Residential","30-39",32,"No","6-10 mph","O: No Injury","Black","Female","Van","No","No","Daylight","Mixed (30% To 70% Developed)","2 lanes",2,"Straight - Level","State Secondary Route","Dry","Two-Way, Not Divided","None","No Special Feature","Coarse Asphalt","Coastal","Rural","20 - 25  MPH","No Control Present","Clear","No","36.33663, -76.2712",-76.2712,36.33663
"4712",162,163,"Yes","40-49",49,"No","Facing Traffic","C: Possible Injury","Travel Lane","Black","Male","Dunn","Harnett","No","01-01-06","2011-04-16","Head-On",20,"Intersection","01-04-01","0001-01-01T15:33:58-04:56","Head-On - Bicyclist",112250,2011,"C: Possible Injury","Commercial","20-24",21,"No","0-5 mph","O: No Injury","White","Female","Sport Utility","No","No","Dark - Roadway Not Lighted","Urban (>70% Developed)","2 lanes",2,"Straight - Level","State Secondary Route","Wet","Two-Way, Not Divided","None","Four-Way Intersection","Smooth Asphalt","Coastal","Urban","30 - 35  MPH","Stop Sign","Clear","No","35.3045, -78.6062",-78.6062,35.3045
"4713",164,165,"Yes","40-49",48,"No","With Traffic","B: Evident Injury","Travel Lane","White","Male","Charlotte","Mecklenburg","No","01-01-02","2011-04-12","Motorist Left Turn / Merge",19,"Intersection","01-04-01","0001-01-01T14:19:58-04:56","Motorist Left Turn - Opposite Direction",111212,2011,"B: Evident Injury","Residential","25-29",26,"No","41-45 mph","O: No Injury","Black","Male","Passenger Car","No","No","Daylight","Urban (>70% Developed)","2 lanes",2,"Straight - Bottom","Local Street","Dry","Two-Way, Not Divided","None","T-Intersection","Smooth Asphalt","Piedmont","Urban","40 - 45  MPH","No Control Present","Clear","No","35.15227, -80.9598",-80.9598,35.15227
"4714",165,166,"Yes","60-69",61,"No","With Traffic","C: Possible Injury","Travel Lane","Black","Male","Knightdale","Wake","No","01-01-03","2011-04-27","Motorist Failed to Yield - Signalized Intersection",20,"Intersection","01-04-01","0001-01-01T15:48:58-04:56","Motorist Drive Out - Right Turn on Red",111151,2011,"C: Possible Injury","Commercial","40-49",43,"No","0-5 mph","O: No Injury","Black","Male","Passenger Car","No","No","Dark - Roadway Not Lighted","Mixed (30% To 70% Developed)","6 lanes",2,"Curve - Hillcrest","Local Street","Dry","Two-Way, Divided, Unprotected Median","None","On or Off Ramp","Coarse Asphalt","Piedmont","Urban","40 - 45  MPH","Stop And Go Signal","Clear","No","35.79506, -78.5173",-78.5173,35.79506
"4715",178,179,"Yes","16-19",16,"No","Not Applicable","O: No Injury","Non-Roadway","White","Male","None - Rural Crash","Brunswick","No","01-01-03","2011-04-20","Non-Roadway",18,"Non-Roadway","01-04-01","0001-01-01T13:33:58-04:56","Non-Roadway",460910,2011,"O: No Injury","Commercial","60-69",66,"No","0-5 mph","O: No Injury","White","Male","Van","No","No","Daylight","Urban (>70% Developed)","",3,"Straight - Level","Public Vehicular Area","Dry","","None","No Special Feature","Coarse Asphalt","Coastal","Rural","","No Control Present","Clear","No","33.98111, -78.3721",-78.3721,33.98111
"4716",207,208,"Yes","60-69",61,"No","With Traffic","C: Possible Injury","Travel Lane","Black","Male","Murfreesboro","Hertford","No","01-01-03","2011-04-20","Bicyclist Left Turn / Merge",14,"Intersection-Related","01-04-01","0001-01-01T09:30:58-04:56","Bicyclist Left Turn - Same Direction",211221,2011,"C: Possible Injury","Commercial","70+",NA,"No","16-20 mph","O: No Injury","Black","Female","Passenger Car","No","No","Daylight","Urban (>70% Developed)","3 lanes",2,"Straight - Level","US Route","Dry","Two-Way, Not Divided","None","Driveway, Public","Coarse Asphalt","Coastal","Rural","30 - 35  MPH","Double Yellow Line, No Passing Zone","Clear","No","36.44167, -77.1191",-77.1191,36.44167
"4717",209,210,"Yes","40-49",48,"No","Facing Traffic","C: Possible Injury","Travel Lane","Black","Male","Raleigh","Wake","No","01-01-02","2011-05-03","Loss of Control / Turning Error",17,"Intersection-Related","01-05-01","0001-01-01T12:56:58-04:56","Bicyclist Turning Error - Left Turn",212114,2011,"C: Possible Injury","Residential","60-69",63,"No","31-35 mph","O: No Injury","Black","Female","Passenger Car","No","No","Daylight","Urban (>70% Developed)","3 lanes",2,"Straight - Level","Local Street","Dry","One-Way, Not Divided","None","No Special Feature","Smooth Asphalt","Piedmont","Urban","30 - 35  MPH","Stop And Go Signal","Clear","No","35.7809, -78.6297",-78.6297,35.7809
"4718",212,213,"Yes","16-19",18,"No","With Traffic","B: Evident Injury","Travel Lane","White","Female","Raleigh","Wake","No","01-01-07","2011-05-01","Motorist Failed to Yield - Sign-Controlled Intersection",23,"Intersection","01-05-01","0001-01-01T18:46:58-04:56","Motorist Drive Out - Sign-Controlled Intersection",111141,2011,"B: Evident Injury","Commercial","40-49",44,"No","11-15 mph","O: No Injury","Black","Male","Passenger Car","No","No","Dark - Lighted Roadway","Urban (>70% Developed)","2 lanes",2,"Curve - Level","Local Street","Dry","Two-Way, Divided, Unprotected Median","None","Traffic Circle/Roundabout","Smooth Asphalt","Piedmont","Urban","30 - 35  MPH","Yield Sign","Clear","No","35.78315, -78.6653",-78.6653,35.78315
"4719",215,216,"No","25-29",26,"No","With Traffic","O: No Injury","Travel Lane","White","Male","Durham","Durham","No","01-01-02","2011-05-10","Motorist Left Turn / Merge",17,"Non-Intersection","01-05-01","0001-01-01T12:19:58-04:56","Motorist Left Turn - Opposite Direction",311212,2011,"O: No Injury","Commercial","60-69",65,"No","26-30 mph","O: No Injury","White","Male","Passenger Car","No","No","Daylight","Urban (>70% Developed)","2 lanes",2,"Straight - Level","Local Street","Dry","Two-Way, Not Divided","None","No Special Feature","Smooth Asphalt","Piedmont","Urban","30 - 35  MPH","No Control Present","Clear","No","35.99478, -78.9028",-78.9028,35.99478
"4720",222,223,"No","20-24",23,"No","Facing Traffic","O: No Injury","Sidewalk / Crosswalk / Driveway Crossing","White","Male","Charlotte","Mecklenburg","No","","2011-05-09","Motorist Failed to Yield - Midblock",19,"Non-Intersection","01-05-01","0001-01-01T14:36:58-04:56","Motorist Drive Out - Commercial Driveway / Alley",332322,2011,"O: No Injury","Commercial","",NA,"Missing","0-5 mph","Injury","/Missing","","Taxicab","No","Yes","Daylight","Urban (>70% Developed)","",2,"Straight - Level","Private Road, Driveway","Dry","One-Way, Not Divided","None","Driveway, Private","Concrete","Piedmont","Urban","5 - 15 MPH","No Control Present","Clear","No","35.22565, -80.8453",-80.8453,35.22565
"4721",240,241,"No","15-Nov",12,"No","With Traffic","O: No Injury","Travel Lane","Black","Male","None - Rural Crash","Halifax","No","01-01-03","2011-05-18","Motorist Overtaking Bicyclist",19,"Non-Intersection","01-05-01","0001-01-01T14:48:58-04:56","Motorist Overtaking - Bicyclist Swerved",311235,2011,"O: No Injury","Farms, Woods, Pastures","60-69",64,"No","46-50 mph","O: No Injury","Black","Male","Passenger Car","No","No","Daylight","Rural (<30% Developed)","2 lanes",2,"Straight - Level","State Secondary Route","Dry","Two-Way, Not Divided","None","No Special Feature","Coarse Asphalt","Coastal","Rural","50 - 55  MPH","Double Yellow Line, No Passing Zone","Clear","No","36.31147, -77.6848",-77.6848,36.31147
"4722",244,245,"Yes","25-29",27,"No","With Traffic","B: Evident Injury","Travel Lane","White","Male","Asheville","Buncombe","No","01-01-04","2011-05-12","Bicyclist Overtaking Motorist",13,"Non-Intersection","01-05-01","0001-01-01T08:27:58-04:56","Bicyclist Overtaking - Passing on Left",311242,2011,"B: Evident Injury","Commercial","25-29",25,"No","0-5 mph","O: No Injury","White","Female","Passenger Car","No","No","Daylight","Urban (>70% Developed)","",2,"Straight - Grade","Local Street","Dry","Two-Way, Not Divided","None","No Special Feature","Smooth Asphalt","Mountains","Urban","30 - 35  MPH","No Control Present","Clear","No","35.59677, -82.5482",-82.5482,35.59677
"4723",248,249,"No","0-5",4,"No","Not Applicable","O: No Injury","Driveway / Alley","Hispanic","Male","Durham","Durham","No","01-01-02","2011-05-24","Bicyclist Failed to Yield - Midblock",19,"Non-Intersection","01-05-01","0001-01-01T14:12:58-04:56","Bicyclist Ride Out - Residential Driveway",353311,2011,"O: No Injury","Residential","30-39",38,"No","21-25 mph","O: No Injury","Black","Female","Passenger Car","No","No","Daylight","Urban (>70% Developed)","2 lanes",2,"Straight - Level","Local Street","Dry","Two-Way, Not Divided","None","Driveway, Private","Coarse Asphalt","Piedmont","Urban","20 - 25  MPH","No Control Present","Clear","No","35.96102, -78.9087",-78.9087,35.96102
"4724",257,258,"No","30-39",32,"No","With Traffic","B: Evident Injury","Travel Lane","White","Female","Charlotte","Mecklenburg","No","","2011-05-09","Motorist Failed to Yield - Sign-Controlled Intersection",15,"Intersection","01-05-01","0001-01-01T10:15:58-04:56","Motorist Drive Out - Sign-Controlled Intersection",111141,2011,"B: Evident Injury","Residential","40-49",42,"No","0-5 mph","O: No Injury","White","Female","Sport Utility","No","No","Daylight","Urban (>70% Developed)","2 lanes",2,"Straight - Level","Local Street","Dry","Two-Way, Divided, Unprotected Median","None","No Special Feature","Smooth Asphalt","Piedmont","Urban","30 - 35  MPH","Stop Sign","Clear","No","35.1449, -80.8451",-80.8451,35.1449
"4725",270,271,"Yes","40-49",44,"No","With Traffic","C: Possible Injury","Travel Lane","White","Male","Wesley Chapel","Union","No","01-01-06","2011-06-04","Motorist Overtaking Bicyclist",17,"Non-Intersection","01-06-01","0001-01-01T12:37:58-04:56","Motorist Overtaking - Other /",311239,2011,"C: Possible Injury","Farms, Woods, Pastures","50-59",53,"No","31-35 mph","O: No Injury","White","Male","Light Truck (Mini-Van, Panel)","No","No","Daylight","Rural (<30% Developed)","2 lanes",2,"Straight - Level","State Secondary Route","Dry","Two-Way, Not Divided","None","No Special Feature","Coarse Asphalt","Piedmont","Rural","40 - 45  MPH","Double Yellow Line, No Passing Zone","Clear","No","34.99691, -80.6991",-80.6991,34.99691
"4726",273,274,"Yes","10-Jun",9,"No","Facing Traffic","B: Evident Injury","Sidewalk / Crosswalk / Driveway Crossing","White","Male","Apex","Wake","No","01-01-04","2011-06-02","Parallel Paths - Other Circumstances",18,"Non-Intersection","01-06-01","0001-01-01T13:12:58-04:56","Bicyclist Ride Out - Parallel Path",332225,2011,"B: Evident Injury","Commercial","30-39",34,"No","0-5 mph","O: No Injury","White","Male","Passenger Car","No","No","Daylight","Urban (>70% Developed)","2 lanes",2,"Straight - Level","Local Street","Dry","Two-Way, Not Divided","None","No Special Feature","Coarse Asphalt","Piedmont","Urban","20 - 25  MPH","Double Yellow Line, No Passing Zone","Clear","No","35.74644, -78.8773",-78.8773,35.74644
"4727",277,278,"Yes","50-59",50,"No","With Traffic","B: Evident Injury","Travel Lane","White","Male","Statesville","Iredell","No","01-01-06","2011-05-14","Crossing Paths - Other Circumstances",8,"Intersection-Related","01-05-01","0001-01-01T03:16:58-04:56","Crossing Paths - Intersection - Other /",211180,2011,"B: Evident Injury","Residential","70+",NA,"No","26-30 mph","O: No Injury","White","Male","Pickup","No","No","Daylight","Urban (>70% Developed)","2 lanes",2,"Curve - Level","Local Street","Dry","Two-Way, Not Divided","None","No Special Feature","Smooth Asphalt","Piedmont","Urban","30 - 35  MPH","No Control Present","Cloudy","No","35.80485, -80.8821",-80.8821,35.80485
"4728",278,279,"Yes","60-69",60,"No","With Traffic","B: Evident Injury","Travel Lane","White","Male","Davidson","Mecklenburg","No","01-01-06","2011-05-14","Bicyclist Failed to Yield - Sign-Controlled Intersection",9,"Intersection","01-05-01","0001-01-01T04:22:58-04:56","Bicyclist Ride Through - Sign-Controlled Intersection",111144,2011,"B: Evident Injury","Residential","40-49",47,"No","6-10 mph","O: No Injury","White","Male","Pickup","No","No","Daylight","Urban (>70% Developed)","2 lanes",2,"Straight - Grade","Local Street","Dry","Two-Way, Not Divided","None","No Special Feature","Coarse Asphalt","Piedmont","Urban","20 - 25  MPH","Stop Sign","Cloudy","No","35.4714, -80.7872",-80.7872,35.4714
"4729",286,287,"Yes","10-Jun",9,"No","Facing Traffic","A: Disabling Injury","Travel Lane","White","Female","Raleigh","Wake","No","01-01-07","2011-05-22","Bicyclist Failed to Yield - Sign-Controlled Intersection",16,"Intersection","01-05-01","0001-01-01T11:30:58-04:56","Bicyclist Ride Through - Sign-Controlled Intersection",112144,2011,"A: Disabling Injury","Residential","40-49",41,"No","31-35 mph","O: No Injury","White","Male","Sport Utility","No","No","Daylight","Urban (>70% Developed)","2 lanes",2,"Straight - Hillcrest","Local Street","Dry","Two-Way, Not Divided","None","T-Intersection","Smooth Asphalt","Piedmont","Urban","30 - 35  MPH","Stop Sign","Clear","No","35.85485, -78.6354",-78.6354,35.85485
"4730",291,292,"Yes","16-19",18,"No","With Traffic","B: Evident Injury","Bike Lane / Paved Shoulder","White","Male","None - Rural Crash","Wake","No","01-01-05","2011-06-10","Motorist Overtaking Bicyclist",18,"Non-Intersection","01-06-01","0001-01-01T13:18:58-04:56","Motorist Overtaking - Bicyclist Swerved",321235,2011,"B: Evident Injury","Residential","40-49",44,"No","41-45 mph","O: No Injury","White","Male","Motor Home/Recreational Vehicle","No","No","Daylight","Mixed (30% To 70% Developed)","2 lanes",2,"Straight - Level","NC Route","Dry","Two-Way, Not Divided","None","No Special Feature","Smooth Asphalt","Piedmont","Rural","50 - 55  MPH","Double Yellow Line, No Passing Zone","Clear","No","35.97785, -78.4438",-78.4438,35.97785
"4731",294,295,"No","30-39",34,"No","With Traffic","B: Evident Injury","Travel Lane","White","Male","Charlotte","Mecklenburg","No","01-01-05","2011-05-20","Motorist Failed to Yield - Sign-Controlled Intersection",18,"Intersection","01-05-01","0001-01-01T13:09:58-04:56","Motorist Drive Out - Sign-Controlled Intersection",111141,2011,"B: Evident Injury","Residential","30-39",36,"No","0-5 mph","O: No Injury","Black","Female","Passenger Car","No","No","Daylight","Urban (>70% Developed)","2 lanes",2,"Straight - Level","Local Street","Dry","Two-Way, Divided, Unprotected Median","None","No Special Feature","Smooth Asphalt","Piedmont","Urban","30 - 35  MPH","Stop Sign","Clear","No","35.19896, -80.8406",-80.8406,35.19896
"4732",304,305,"Yes","20-24",23,"No","Facing Traffic","C: Possible Injury","Sidewalk / Crosswalk / Driveway Crossing","White","Male","Chapel Hill","Orange","No","01-01-05","2011-05-27","Motorist Failed to Yield - Sign-Controlled Intersection",10,"Intersection","01-05-01","0001-01-01T05:10:58-04:56","Motorist Drive Out - Sign-Controlled Intersection",132141,2011,"C: Possible Injury","Commercial","25-29",28,"No","","O: No Injury","White","Female","Sport Utility","No","No","Daylight","Urban (>70% Developed)","5 lanes",2,"Straight - Grade","Private Road, Driveway","Dry","Two-Way, Not Divided","None","Driveway, Public","Smooth Asphalt","Piedmont","Urban","5 - 15 MPH","Stop Sign","Clear","No","35.93046, -79.0549",-79.0549,35.93046
"4733",306,307,"No","40-49",40,"No","With Traffic","O: No Injury","Travel Lane","White","Male","None - Rural Crash","Henderson","No","01-01-03","2011-06-15","Motorist Left Turn / Merge",18,"Intersection","01-06-01","0001-01-01T13:28:58-04:56","Motorist Left Turn - Opposite Direction",111212,2011,"O: No Injury","Residential","20-24",20,"No","16-20 mph","O: No Injury","Black","Female","Passenger Car","No","No","Dusk","Rural (<30% Developed)","2 lanes",2,"Straight - Bottom","State Secondary Route","Wet","Two-Way, Not Divided","None","T-Intersection","Smooth Asphalt","Mountains","Rural","30 - 35  MPH","Double Yellow Line, No Passing Zone","Cloudy","No","35.30222, -82.4319",-82.4319,35.30222
"4734",321,322,"No","30-39",37,"No","Facing Traffic","O: No Injury","Sidewalk / Crosswalk / Driveway Crossing","Black","Male","Roanoke Rapids","Halifax","No","","2011-05-30","Motorist Failed to Yield - Signalized Intersection",10,"Intersection","01-05-01","0001-01-01T05:29:58-04:56","Motorist Drive Out - Right Turn on Red",132151,2011,"O: No Injury","Residential","60-69",63,"No","0-5 mph","O: No Injury","White","Male","Pickup","No","No","Daylight","Mixed (30% To 70% Developed)","2 lanes",2,"Straight - Level","Local Street","Dry","Two-Way, Not Divided","None","Four-Way Intersection","Coarse Asphalt","Coastal","Urban","20 - 25  MPH","Stop And Go Signal","Clear","No","36.46449, -77.6528",-77.6528,36.46449
"4735",324,325,"Yes","15-Nov",15,"No","Facing Traffic","B: Evident Injury","Travel Lane","Black","Male","Garner","Wake","No","01-01-04","2011-06-16","Motorist Failed to Yield - Midblock",16,"Non-Intersection","01-06-01","0001-01-01T11:46:58-04:56","Motorist Drive Out - Commercial Driveway / Alley",312322,2011,"B: Evident Injury","Commercial","40-49",47,"No","0-5 mph","O: No Injury","White","Female","Pickup","No","No","Daylight","Urban (>70% Developed)","6 lanes",2,"Straight - Level","US Route","Dry","Two-Way, Divided, Unprotected Median","None","T-Intersection","Smooth Asphalt","Piedmont","Urban","5 - 15 MPH","Stop Sign","Clear","No","35.72255, -78.6527",-78.6527,35.72255
"4736",341,342,"Yes","15-Nov",12,"No","With Traffic","B: Evident Injury","Travel Lane","Black","Male","Raleigh","Wake","No","01-01-06","2011-06-18","Motorist Right Turn / Merge",12,"Intersection","01-06-01","0001-01-01T07:47:58-04:56","Motorist Right Turn - Same Direction",111213,2011,"B: Evident Injury","Residential","0-19",19,"No","0-5 mph","O: No Injury","White","Female","Passenger Car","No","No","Daylight","Urban (>70% Developed)","5 lanes",2,"Straight - Hillcrest","Local Street","Dry","Two-Way, Divided, Unprotected Median","None","Four-Way Intersection","Smooth Asphalt","Piedmont","Urban","40 - 45  MPH","Stop Sign","Clear","No","35.75728, -78.6998",-78.6998,35.75728
"4737",346,347,"Yes","50-59",59,"No","","C: Possible Injury","","Black","Male","Henderson","Vance","No","01-01-03","2011-06-08","Motorist Right Turn / Merge",15,"Intersection","01-06-01","0001-01-01T10:42:58-04:56","Motorist Right Turn - Opposite Direction",199214,2011,"C: Possible Injury","Commercial","25-29",29,"No","26-30 mph","Injury","Black","Male","","No","Yes","Daylight","Urban (>70% Developed)","2 lanes",2,"Straight - Level","Local Street","Dry","Two-Way, Not Divided","None","No Special Feature","Concrete","Piedmont","Urban","30 - 35  MPH","Yield Sign","Clear","No","36.32773, -78.3944",-78.3944,36.32773
"4738",358,359,"Yes","15-Nov",11,"No","With Traffic","B: Evident Injury","Travel Lane","Black","Female","Jacksonville","Onslow","No","","2011-06-13","Head-On",17,"Non-Intersection","01-06-01","0001-01-01T12:07:58-04:56","Head-On - Motorist",311255,2011,"B: Evident Injury","Residential","20-24",23,"No","16-20 mph","C: Possible Injury","Hispanic","Male","Motorcycle","No","No","Daylight","Urban (>70% Developed)","2 lanes",2,"Straight - Level","Local Street","Dry","Two-Way, Not Divided","None","No Special Feature","Smooth Asphalt","Coastal","Urban","20 - 25  MPH","No Control Present","Clear","No","34.76684, -77.3697",-77.3697,34.76684
"4739",366,367,"No","50-59",52,"No","With Traffic","C: Possible Injury","Travel Lane","White","Male","Siler City","Chatham","No","01-01-04","2011-06-09","Motorist Overtaking Bicyclist",1,"Non-Intersection","01-06-01","0000-12-31T20:58:58-04:56","Motorist Overtaking - Undetected Bicyclist",311231,2011,"C: Possible Injury","Residential","",NA,"Missing","41-45 mph","Injury","/Missing","","Heavy Truck","No","Yes","Dark - Lighted Roadway","Urban (>70% Developed)","5 lanes",2,"Straight - Level","Local Street","Dry","Two-Way, Divided, Unprotected Median","None","No Special Feature","Smooth Asphalt","Piedmont","Urban","40 - 45  MPH","No Control Present","Clear","No","35.73327, -79.46",-79.46,35.73327
"4740",370,371,"Yes","50-59",50,"No","With Traffic","B: Evident Injury","Travel Lane","White","Male","Apex","Wake","No","","2011-07-04","Bicyclist Overtaking Motorist",10,"Non-Intersection","01-07-01","0001-01-01T05:31:58-04:56","Bicyclist Overtaking - Other /",311249,2011,"B: Evident Injury","Commercial","60-69",63,"No","0-5 mph","O: No Injury","White","Female","Passenger Car","No","No","Daylight","Urban (>70% Developed)","2 lanes",2,"Straight - Grade","Local Street","Dry","Two-Way, Not Divided","None","No Special Feature","Coarse Asphalt","Piedmont","Urban","30 - 35  MPH","Double Yellow Line, No Passing Zone","Clear","No","35.74377, -78.8213",-78.8213,35.74377
"4741",382,383,"Yes","50-59",53,"No","With Traffic","C: Possible Injury","Travel Lane","Black","Male","Southern Pines","Moore","No","01-01-02","2011-06-14","Loss of Control / Turning Error",12,"Intersection","01-06-01","0001-01-01T07:34:58-04:56","Motorist Turning Error - Left Turn",111111,2011,"C: Possible Injury","Residential","60-69",68,"No","6-10 mph","O: No Injury","Black","Female","Passenger Car","No","No","Daylight","Urban (>70% Developed)","2 lanes",2,"Straight - Grade","Local Street","Dry","Two-Way, Not Divided","None","Four-Way Intersection","Coarse Asphalt","Piedmont","Urban","20 - 25  MPH","Stop Sign","Clear","No","35.18126, -79.4048",-79.4048,35.18126
"4742",386,387,"No","15-Nov",12,"No","Not Applicable","B: Evident Injury","Non-Roadway","Black","Male","High Point","Guilford","No","01-01-03","2011-06-15","Bicyclist Failed to Yield - Midblock",19,"Non-Intersection","01-06-01","0001-01-01T14:33:58-04:56","Bicyclist Ride Out - Commercial Driveway / Alley",363312,2011,"B: Evident Injury","Residential","",NA,"Missing","","Injury","/Missing","","","No","Yes","Daylight","Urban (>70% Developed)","2 lanes",2,"Straight - Bottom","Local Street","Dry","Two-Way, Not Divided","None","No Special Feature","Smooth Asphalt","Piedmont","Urban","","No Control Present","Clear","No","35.99917, -80.0371",-80.0371,35.99917
"4743",389,390,"Yes","50-59",51,"Yes","Not Applicable","B: Evident Injury","Non-Roadway","Black","Male","Charlotte","Mecklenburg","Yes","01-01-04","2011-06-16","Non-Roadway",19,"Non-Roadway","01-06-01","0001-01-01T14:47:58-04:56","Non-Roadway",460910,2011,"B: Evident Injury","Commercial","40-49",48,"No","0-5 mph","O: No Injury","Black","Male","Sport Utility","No","No","Daylight","Urban (>70% Developed)","",2,"Other","Public Vehicular Area","Dry","","None","Driveway, Private","Concrete","Piedmont","Urban","5 - 15 MPH","No Control Present","Clear","No","35.2704, -80.8375",-80.8375,35.2704
"4744",393,394,"No","16-19",16,"No","With Traffic","C: Possible Injury","Travel Lane","Black","Male","Whiteville","Columbus","No","","2011-06-20","Motorist Overtaking Bicyclist",17,"Non-Intersection","01-06-01","0001-01-01T12:04:58-04:56","Motorist Overtaking - Bicyclist Swerved",311235,2011,"C: Possible Injury","Residential","25-29",26,"No","11-15 mph","O: No Injury","Black","Female","Passenger Car","No","No","Daylight","Urban (>70% Developed)","2 lanes",2,"Straight - Level","Local Street","Dry","Two-Way, Not Divided","None","No Special Feature","Smooth Asphalt","Coastal","Urban","30 - 35  MPH","No Control Present","Clear","No","34.33087, -78.6868",-78.6868,34.33087
"4745",415,416,"No","16-19",17,"No","Not Applicable","O: No Injury","Other","Black","Male","None - Rural Crash","Cumberland","No","01-01-05","2011-07-15","Bicyclist Failed to Yield - Midblock",12,"Non-Intersection","01-07-01","0001-01-01T07:22:58-04:56","Bicyclist Ride Out - Other Midblock",383318,2011,"O: No Injury","Farms, Woods, Pastures","40-49",44,"No","41-45 mph","O: No Injury","White","Male","Pickup","No","No","Daylight","Mixed (30% To 70% Developed)","2 lanes",2,"Straight - Level","State Secondary Route","Dry","Two-Way, Not Divided","None","Non-Intersection Median Crossing","Coarse Asphalt","Coastal","Rural","40 - 45  MPH","Double Yellow Line, No Passing Zone","Clear","No","34.9901, -78.9041",-78.9041,34.9901
"4746",422,423,"Yes","16-19",18,"No","With Traffic","B: Evident Injury","Sidewalk / Crosswalk / Driveway Crossing","White","Male","Wilmington","New Hanover","No","01-01-02","2011-06-28","Motorist Right Turn / Merge",16,"Intersection","01-06-01","0001-01-01T11:08:58-04:56","Motorist Right Turn on Red - Same Direction",131217,2011,"B: Evident Injury","Commercial","25-29",27,"No","11-15 mph","O: No Injury","White","Male","Passenger Car","No","No","Daylight","Urban (>70% Developed)","6 lanes",2,"Straight - Level","Local Street","Dry","Two-Way, Divided, Positive Median Barrier","None","Four-Way Intersection","Coarse Asphalt","Coastal","Urban","30 - 35  MPH","Stop And Go Signal","Clear","No","34.23854, -77.828",-77.828,34.23854
"4747",423,424,"Yes","40-49",43,"No","With Traffic","B: Evident Injury","Travel Lane","White","Female","Durham","Durham","No","01-01-02","2011-07-19","Motorist Left Turn / Merge",18,"Intersection","01-07-01","0001-01-01T13:52:58-04:56","Motorist Left Turn - Opposite Direction",111212,2011,"B: Evident Injury","Commercial","",NA,"Missing","21-25 mph","Injury","/Missing","","Sport Utility","No","Yes","Daylight","Urban (>70% Developed)","5 lanes",2,"Straight - Level","Local Street","Dry","Two-Way, Not Divided","None","Four-Way Intersection","Smooth Asphalt","Piedmont","Urban","40 - 45  MPH","Stop And Go Signal","Clear","No","35.94603, -78.9217",-78.9217,35.94603
"4748",424,425,"No","60-69",60,"No","Facing Traffic","B: Evident Injury","Sidewalk / Crosswalk / Driveway Crossing","Black","Male","Charlotte","Mecklenburg","No","01-01-03","2011-06-29","Motorist Left Turn / Merge",19,"Intersection","01-06-01","0001-01-01T14:24:58-04:56","Motorist Left Turn - Same Direction",132211,2011,"B: Evident Injury","Residential","60-69",61,"No","6-10 mph","O: No Injury","Black","Male","Passenger Car","No","No","Daylight","Urban (>70% Developed)","2 lanes",2,"Straight - Level","Local Street","Dry","Two-Way, Divided, Unprotected Median","None","No Special Feature","Smooth Asphalt","Piedmont","Urban","30 - 35  MPH","No Control Present","Clear","No","35.20021, -80.8892",-80.8892,35.20021
"4749",435,436,"Yes","50-59",57,"No","With Traffic","B: Evident Injury","Travel Lane","White","Male","Charlotte","Mecklenburg","No","","2011-07-04","Motorist Failed to Yield - Midblock",13,"Non-Intersection","01-07-01","0001-01-01T08:53:58-04:56","Motorist Drive Out - Commercial Driveway / Alley",311322,2011,"B: Evident Injury","Commercial","50-59",52,"No","11-15 mph","O: No Injury","White","Female","Light Truck (Mini-Van, Panel)","No","No","Daylight","Urban (>70% Developed)","2 lanes",2,"Straight - Level","Local Street","Dry","Two-Way, Not Divided","None","Bridge","Smooth Asphalt","Piedmont","Urban","40 - 45  MPH","Stop Sign","Clear","No","35.08116, -80.7303",-80.7303,35.08116
"4750",437,438,"Yes","50-59",56,"No","With Traffic","B: Evident Injury","Travel Lane","White","Male","Wilmington","New Hanover","No","","2011-07-04","Motorist Overtaking Bicyclist",17,"Non-Intersection","01-07-01","0001-01-01T12:45:58-04:56","Motorist Overtaking - Other /",311239,2011,"B: Evident Injury","Residential","70+",NA,"No","31-35 mph","O: No Injury","White","Male","Passenger Car","No","No","Daylight","Urban (>70% Developed)","2 lanes",2,"Straight - Level","Local Street","Dry","Two-Way, Not Divided","None","No Special Feature","Coarse Asphalt","Coastal","Urban","30 - 35  MPH","No Control Present","Clear","No","34.21966, -77.8617",-77.8617,34.21966