"","FID","OBJECTID","AmbulanceR","BikeAge_Gr","Bike_Age","Bike_Alc_D","Bike_Dir","Bike_Injur","Bike_Pos","Bike_Race","Bike_Sex","City","County","CrashAlcoh","CrashDay","Crash_Date","Crash_Grp","Crash_Hour","Crash_Loc","Crash_Mont","Crash_Time","Crash_Type","Crash_Ty_1","Crash_Year","Crsh_Sevri","Developmen","DrvrAge_Gr","Drvr_Age","Drvr_Alc_D","Drvr_EstSp","Drvr_Injur","Drvr_Race","Drvr_Sex","Drvr_VehTy","ExcsSpdInd","Hit_Run","Light_Cond","Locality","Num_Lanes","Num_Units","Rd_Charact","Rd_Class","Rd_Conditi","Rd_Config","Rd_Defects","Rd_Feature","Rd_Surface","Region","Rural_Urba","Speed_Limi","Traff_Cntr","Weather","Workzone_I","Location","locx","locy"
"4831",822,823,"Yes","20-24",21,"No","Facing Traffic","B: Evident Injury","Travel Lane","White","Male","Chapel Hill","Orange","No","01-01-04","2010-10-28","Motorist Failed to Yield - Midblock",23,"Non-Intersection","01-10-01","0001-01-01T18:53:58-04:56","Motorist Drive Out - Commercial Driveway / Alley",0,2010,"B: Evident Injury","Commercial","20-24",23,"No","0-5 mph","O: No Injury","White","Male","Passenger Car","No","No","Dark - Lighted Roadway","Urban (>70% Developed)","4 lanes",2,"Straight - Grade","Local Street","Dry","Two-Way, Not Divided","None","No Special Feature","Smooth Asphalt","Piedmont","Urban","20 - 25  MPH","No Control Present","Clear","No","35.911804, -79.062035",-79.062035,35.911804
"4832",828,829,"Yes","20-24",23,"No","With Traffic","B: Evident Injury","Bike Lane / Paved Shoulder","White","Female","Boone","Watauga","No","01-01-02","2010-11-02","Motorist Left Turn / Merge",7,"Non-Intersection","01-11-01","0001-01-01T02:49:58-04:56","Motorist Left Turn - Opposite Direction",0,2010,"B: Evident Injury","Institutional","25-29",26,"No","0-5 mph","O: No Injury","White","Female","Passenger Car","No","No","Dawn","Urban (>70% Developed)","4 lanes",2,"Straight - Level","Local Street","Dry","Two-Way, Not Divided","None","Driveway, Public","Smooth Asphalt","Mountains","Urban","20 - 25  MPH","No Control Present","Clear","No","36.212574, -81.68099",-81.68099,36.212574
"4833",832,833,"Yes","30-39",32,"No","With Traffic","B: Evident Injury","Travel Lane","Black","Male","None - Rural Crash","Guilford","No","01-01-04","2010-11-04","Motorist Overtaking Bicyclist",6,"Non-Intersection","01-11-01","0001-01-01T01:36:58-04:56","Motorist Overtaking - Undetected Bicyclist",0,2010,"B: Evident Injury","Farms, Woods, Pastures","40-49",49,"No","41-45 mph","O: No Injury","Black","Male","Passenger Car","No","No","Dark - Roadway Not Lighted","Rural (<30% Developed)","2 lanes",2,"Straight - Level","State Secondary Route","Wet","Two-Way, Not Divided","None","No Special Feature","Smooth Asphalt","Piedmont","Rural","40 - 45  MPH","No Control Present","Cloudy","No","36.023403, -79.70553",-79.70553,36.023403
"4834",840,841,"No","20-24",24,"No","With Traffic","O: No Injury","Travel Lane","White","Male","Raleigh","Wake","No","01-01-07","2010-10-17","Bicyclist Left Turn / Merge",0,"Intersection","01-10-01","0000-12-31T19:05:58-04:56","Bicyclist Left Turn - Opposite Direction",0,2010,"O: No Injury","Commercial","0-19",19,"No","16-20 mph","O: No Injury","Black","Male","Passenger Car","No","No","Dark - Lighted Roadway","Urban (>70% Developed)","2 lanes",2,"Straight - Level","Local Street","Dry","Two-Way, Not Divided","None","No Special Feature","Smooth Asphalt","Piedmont","Urban","30 - 35  MPH","Stop And Go Signal","Clear","No","35.776928, -78.639275",-78.639275,35.776928
"4835",845,846,"Yes","60-69",60,"No","Facing Traffic","B: Evident Injury","Travel Lane","Black","Male","None - Rural Crash","Gates","No","01-01-03","2010-11-10","Head-On",16,"Non-Intersection","01-11-01","0001-01-01T11:53:58-04:56","Head-On - Bicyclist",0,2010,"B: Evident Injury","Farms, Woods, Pastures","30-39",30,"No","51-55 mph","O: No Injury","White","Male","Van","No","No","Daylight","Rural (<30% Developed)","2 lanes",2,"Straight - Level","State Secondary Route","Dry","Two-Way, Not Divided","None","No Special Feature","Coarse Asphalt","Coastal","Rural","50 - 55  MPH","No Control Present","Clear","No","36.478985, -76.713905",-76.713905,36.478985
"4836",846,847,"Yes","60-69",63,"No","With Traffic","B: Evident Injury","Travel Lane","White","Male","None - Rural Crash","Onslow","No","","2010-11-08","Motorist Overtaking Bicyclist",22,"Non-Intersection","01-11-01","0001-01-01T17:25:58-04:56","Motorist Overtaking - Misjudged Space",0,2010,"B: Evident Injury","Farms, Woods, Pastures","",NA,"No","41-45 mph","Injury","/Missing","","Passenger Car","No","Yes","Dark - Roadway Not Lighted","Rural (<30% Developed)","2 lanes",2,"Straight - Level","State Secondary Route","Dry","Two-Way, Not Divided","None","No Special Feature","Coarse Asphalt","Coastal","Rural","40 - 45  MPH","Double Yellow Line, No Passing Zone","Clear","No","34.526165, -77.431595",-77.431595,34.526165
"4837",858,859,"No","30-39",36,"No","","Injury","Sidewalk / Crosswalk / Driveway Crossing","Hispanic","Male","Andrews","Cherokee","No","01-01-02","2010-09-14","Motorist Failed to Yield - Midblock",20,"Non-Intersection","01-09-01","0001-01-01T15:38:58-04:56","Motorist Drive Out - Commercial Driveway / Alley",0,2010,"O: No Injury","Commercial","0-19",19,"No","","O: No Injury","White","Male","Pickup","No","No","Dark - Lighted Roadway","Mixed (30% To 70% Developed)","2 lanes",2,"Straight - Level",".","Dry","Two-Way, Divided, Unprotected Median","Other","Other","Smooth Asphalt","Mountains","Rural","30 - 35  MPH","No Control Present","Cloudy","No","35.199894, -83.8303",-83.8303,35.199894
"4838",860,861,"Yes","50-59",55,"Yes","Facing Traffic","C: Possible Injury","Sidewalk / Crosswalk / Driveway Crossing","Black","Male","Gastonia","Gaston","Yes","01-01-02","2010-11-09","Motorist Failed to Yield - Signalized Intersection",13,"Intersection","01-11-01","0001-01-01T08:36:58-04:56","Motorist Drive Out - Right Turn on Red",0,2010,"C: Possible Injury","Commercial","50-59",52,"No","0-5 mph","O: No Injury","White","Male","Pickup","No","No","Daylight","Urban (>70% Developed)","2 lanes",2,"Straight - Grade","Local Street","Dry","Two-Way, Not Divided","None","Four-Way Intersection","Smooth Asphalt","Piedmont","Urban","30 - 35  MPH","Stop And Go Signal","Clear","No","35.262466, -81.168365",-81.168365,35.262466
"4839",862,863,"Yes","50-59",55,"No","With Traffic","K: Killed","Travel Lane","Black","Male","None - Rural Crash","Nash","No","01-01-05","2010-11-19","Motorist Overtaking Bicyclist",13,"Non-Intersection","01-11-01","0001-01-01T09:01:58-04:56","Motorist Overtaking - Other /",0,2010,"K: Killed","Farms, Woods, Pastures","30-39",32,"No","41-45 mph","O: No Injury","Black","Female","Light Truck (Mini-Van, Panel)","No","No","Daylight","Rural (<30% Developed)","2 lanes",2,"Straight - Level","State Secondary Route","Dry","Two-Way, Not Divided","None","No Special Feature","Coarse Asphalt","Coastal","Rural","40 - 45  MPH","No Control Present","Clear","No","36.027058, -77.96428",-77.96428,36.027058
"4840",865,866,"No","20-24",23,"No","With Traffic","O: No Injury","Travel Lane","White","Female","Raleigh","Wake","No","01-01-05","2010-10-29","Motorist Failed to Yield - Midblock",16,"Non-Intersection","01-10-01","0001-01-01T11:48:58-04:56","Motorist Drive Out - Commercial Driveway / Alley",0,2010,"O: No Injury","Commercial","60-69",68,"No","0-5 mph","O: No Injury","White","Female","Passenger Car","No","No","Daylight","Urban (>70% Developed)","2 lanes",2,"Straight - Grade","Local Street","Dry","Two-Way, Not Divided","None","No Special Feature","Smooth Asphalt","Piedmont","Urban","5 - 15 MPH","No Control Present","Clear","No","35.791992, -78.662186",-78.662186,35.791992
"4841",870,871,"No","40-49",43,"No","With Traffic","Injury","Bike Lane / Paved Shoulder","/Missing","","Fayetteville","Cumberland","No","01-01-05","2010-11-12","Motorist Failed to Yield - Midblock",8,"Non-Intersection","01-11-01","0001-01-01T03:55:58-04:56","Motorist Drive Out - Commercial Driveway / Alley",0,2010,"Injury","Commercial","",NA,"Missing","","Injury","/Missing","","","No","Yes","Daylight","Urban (>70% Developed)","7 lanes",2,"Straight - Level","Local Street","Dry","Two-Way, Not Divided","None","No Special Feature","Coarse Asphalt","Coastal","Urban","","No Control Present","Clear","No","35.043423, -78.95513",-78.95513,35.043423
"4842",876,877,"Yes","20-24",22,"No","With Traffic","B: Evident Injury","Travel Lane","White","Male","Greensboro","Guilford","No","01-01-05","2010-11-12","Motorist Left Turn / Merge",9,"Intersection","01-11-01","0001-01-01T04:14:58-04:56","Motorist Left Turn - Opposite Direction",0,2010,"B: Evident Injury","Commercial","50-59",50,"No","21-25 mph","O: No Injury","Black","Female","Passenger Car","No","No","Daylight","Urban (>70% Developed)","3 lanes",2,"Curve - Bottom","Local Street","Dry","Two-Way, Not Divided","None","T-Intersection","Smooth Asphalt","Piedmont","Urban","20 - 25  MPH","Stop Sign","Clear","No","36.068127, -79.78996",-79.78996,36.068127
"4843",879,880,"Yes","10-Jun",7,"No","Not Applicable","C: Possible Injury","Travel Lane","Black","Male","None - Rural Crash","Catawba","No","01-01-06","2010-11-27","Bicyclist Failed to Yield - Midblock",13,"Non-Intersection","01-11-01","0001-01-01T08:07:58-04:56","Bicyclist Ride Out - Residential Driveway",0,2010,"C: Possible Injury","Residential","40-49",41,"No","41-45 mph","O: No Injury","White","Male","Van","No","No","Daylight","Rural (<30% Developed)","2 lanes",2,"Straight - Level","State Secondary Route","Dry","Two-Way, Not Divided","None","No Special Feature","Smooth Asphalt","Piedmont","Rural","40 - 45  MPH","Double Yellow Line, No Passing Zone","Clear","No","35.60822, -81.31936",-81.31936,35.60822
"4844",890,891,"Yes","25-29",27,"No","With Traffic","C: Possible Injury","Travel Lane","Black","Male","High Point","Guilford","No","01-01-03","2010-11-17","Backing Vehicle",15,"Intersection","01-11-01","0001-01-01T10:18:58-04:56","Backing Vehicle",0,2010,"C: Possible Injury","Residential","30-39",39,"No","0-5 mph","O: No Injury","Black","Male","Passenger Car","No","No","Daylight","Rural (<30% Developed)","2 lanes",2,"Straight - Level","Local Street","Dry","Two-Way, Not Divided","None","T-Intersection","Coarse Asphalt","Piedmont","Urban","30 - 35  MPH","Stop Sign","Clear","No","35.98946, -79.960205",-79.960205,35.98946
"4845",918,919,"Yes","40-49",43,"No","","C: Possible Injury","Travel Lane","Hispanic","Male","Charlotte","Mecklenburg","No","","2010-09-27","Crossing Paths - Other Circumstances",16,"Intersection","01-09-01","0001-01-01T11:56:58-04:56","Signalized Intersection - Other /",0,2010,"C: Possible Injury","Commercial","40-49",46,"No","31-35 mph","O: No Injury","Black","Female","Passenger Car","No","No","Daylight","Urban (>70% Developed)","2 lanes",2,"Straight - Level","Local Street","Wet","Two-Way, Not Divided","None","No Special Feature","Smooth Asphalt","Piedmont","Urban","30 - 35  MPH","Stop And Go Signal","Rain","No","35.240402, -80.919716",-80.919716,35.240402
"4846",932,933,"Yes","16-19",18,"No","With Traffic","B: Evident Injury","Travel Lane","White","Male","Raleigh","Wake","No","","2010-12-06","Loss of Control / Turning Error",16,"Intersection","01-12-01","0001-01-01T11:20:58-04:56","Bicyclist Lost Control - Mechanical Problems",0,2010,"B: Evident Injury","Residential","70+",NA,"No","31-35 mph","O: No Injury","White","Male","Passenger Car","No","No","Daylight","Urban (>70% Developed)","4 lanes",2,"Straight - Hillcrest","Local Street","Dry","Two-Way, Divided, Unprotected Median","None","Four-Way Intersection","Coarse Asphalt","Piedmont","Urban","30 - 35  MPH","Stop Sign","Clear","No","35.962467, -78.55279",-78.55279,35.962467
"4847",933,934,"Yes","16-19",19,"No","Not Applicable","C: Possible Injury","Driveway / Alley","Black","Male","Raleigh","Wake","No","01-01-05","2010-12-03","Crossing Paths - Other Circumstances",18,"Intersection-Related","01-12-01","0001-01-01T13:46:58-04:56","Crossing Paths - Uncontrolled Intersection",0,2010,"C: Possible Injury","Residential","60-69",63,"No","6-10 mph","O: No Injury","Black","Male","Sport Utility","No","No","Dark - Lighted Roadway","Urban (>70% Developed)","2 lanes",2,"Straight - Level","Local Street","Dry","Two-Way, Divided, Unprotected Median","None","T-Intersection","Smooth Asphalt","Piedmont","Urban","20 - 25  MPH","No Control Present","Clear","No","35.764496, -78.63235",-78.63235,35.764496
"4848",937,938,"Yes","15-Nov",11,"No","With Traffic","B: Evident Injury","Sidewalk / Crosswalk / Driveway Crossing","Black","Male","Havelock","Craven","No","01-01-05","2010-11-12","Motorist Left Turn / Merge",15,"Non-Intersection","01-11-01","0001-01-01T10:10:58-04:56","Motorist Left Turn - Opposite Direction",0,2010,"B: Evident Injury","Commercial","40-49",42,"No","0-5 mph","O: No Injury","Black","Male","Passenger Car","No","No","Daylight","Urban (>70% Developed)","",2,"Straight - Level","Public Vehicular Area","Dry","Two-Way, Not Divided","None","Driveway, Public","Smooth Asphalt","Coastal","Urban","5 - 15 MPH","No Control Present","Clear","No","34.877342, -76.8969",-76.8969,34.877342
"4849",940,941,"No","60-69",61,"No","With Traffic","C: Possible Injury","Bike Lane / Paved Shoulder","White","Male","None - Rural Crash","New Hanover","No","01-01-05","2010-12-24","Bicyclist Failed to Yield - Signalized Intersection",13,"Intersection","01-12-01","0001-01-01T08:18:58-04:56","Bicyclist Ride Through - Signalized Intersection",0,2010,"C: Possible Injury","Commercial","70+",NA,"No","6-10 mph","O: No Injury","White","Male","Passenger Car","No","No","Daylight","Mixed (30% To 70% Developed)","3 lanes",2,"Straight - Level","State Secondary Route","Dry","Two-Way, Not Divided","None","Driveway, Public","Coarse Asphalt","Coastal","Rural","40 - 45  MPH","Stop And Go Signal","Clear","No","34.267063, -77.92171",-77.92171,34.267063
"4850",942,943,"Yes","40-49",48,"No","With Traffic","C: Possible Injury","Travel Lane","Native American","Male","None - Rural Crash","Robeson","No","01-01-05","2010-11-12","Motorist Overtaking Bicyclist",20,"Non-Intersection","01-11-01","0001-01-01T15:33:58-04:56","Motorist Overtaking - Other /",0,2010,"C: Possible Injury","Farms, Woods, Pastures","",NA,"Missing","46-50 mph","Injury","/Missing","","","No","Yes","Dark - Roadway Not Lighted","Rural (<30% Developed)","2 lanes",2,"Straight - Level","NC Route","Dry","Two-Way, Not Divided","None","No Special Feature","Coarse Asphalt","Coastal","Rural","50 - 55  MPH","No Control Present","Clear","No","34.563046, -79.059685",-79.059685,34.563046
"4851",943,944,"Yes","40-49",40,"No","Not Applicable","B: Evident Injury","Travel Lane","White","Male","Wilmington","New Hanover","No","01-01-02","2010-12-14","Bicyclist Failed to Yield - Midblock",11,"Non-Intersection","01-12-01","0001-01-01T06:38:58-04:56","Bicyclist Ride Out - Other Midblock",0,2010,"B: Evident Injury","Commercial","40-49",49,"No","6-10 mph","O: No Injury","White","Female","Passenger Car","No","No","Daylight","Urban (>70% Developed)","",2,"Straight - Level","Public Vehicular Area","Dry","One-Way, Not Divided","None","No Special Feature","Smooth Asphalt","Coastal","Urban","","No Control Present","Clear","No","34.26177, -77.8281",-77.8281,34.26177
"4852",950,951,"Yes","10-Jun",10,"No","Facing Traffic","B: Evident Injury","Travel Lane","White","Male","Mooresville","Iredell","No","","2010-12-20","Motorist Right Turn / Merge",15,"Intersection","01-12-01","0001-01-01T10:51:58-04:56","Motorist Right Turn - Opposite Direction",0,2010,"B: Evident Injury","Commercial","60-69",66,"No","11-15 mph","O: No Injury","White","Male","Passenger Car","No","No","Daylight","Urban (>70% Developed)","5 lanes",2,"Straight - Level","NC Route","Dry","Two-Way, Not Divided","None","Four-Way Intersection","Smooth Asphalt","Piedmont","Urban","40 - 45  MPH","Stop And Go Signal","Clear","No","35.595383, -80.81679",-80.81679,35.595383
"4853",951,952,"Yes","20-24",23,"No","With Traffic","A: Disabling Injury","Travel Lane","White","Male","Greensboro","Guilford","No","01-01-02","2010-12-28","Motorist Overtaking Bicyclist",3,"Non-Intersection","01-12-01","0000-12-31T22:05:58-04:56","Motorist Overtaking - Undetected Bicyclist",0,2010,"A: Disabling Injury","Commercial","50-59",54,"No","36-40 mph","O: No Injury","White","Male","Van","No","No","Dark - Roadway Not Lighted","Urban (>70% Developed)","2 lanes",2,"Straight - Level","Local Street","Dry","Two-Way, Not Divided","None","No Special Feature","Coarse Asphalt","Piedmont","Urban","30 - 35  MPH","No Control Present","Clear","No","36.093277, -79.78856",-79.78856,36.093277
"4854",957,958,"Yes","50-59",56,"No","With Traffic","O: No Injury","Bike Lane / Paved Shoulder","Black","Male","Greensboro","Guilford","No","01-01-04","2010-12-30","Motorist Overtaking Bicyclist",5,"Non-Intersection","01-12-01","0001-01-01T00:49:58-04:56","Motorist Overtaking - Misjudged Space",0,2010,"C: Possible Injury","Commercial","50-59",56,"No","36-40 mph","O: No Injury","Black","Male","Passenger Car","No","No","Dawn","Urban (>70% Developed)","4 lanes",2,"Straight - Level","Local Street","Dry","Two-Way, Not Divided","Obstruction In Roadway","No Special Feature","Smooth Asphalt","Piedmont","Urban","40 - 45  MPH","No Control Present","Clear","No","36.088425, -79.923164",-79.923164,36.088425
"4855",958,959,"Yes","40-49",47,"No","With Traffic","O: No Injury","Travel Lane","Black","Male","Rocky Mount","Nash","No","01-01-06","2010-12-18","Motorist Right Turn / Merge",15,"Intersection-Related","01-12-01","0001-01-01T10:22:58-04:56","Motorist Right Turn - Same Direction",0,2010,"B: Evident Injury","Commercial","0-19",19,"No","11-15 mph","B: Evident Injury","White","Male","Passenger Car","No","No","Daylight","Urban (>70% Developed)","5 lanes",2,"Straight - Level","Local Street","Dry","Two-Way, Divided, Unprotected Median","None","Four-Way Intersection","Smooth Asphalt","Coastal","Urban","30 - 35  MPH","Stop And Go Signal","Clear","No","35.97831, -77.80614",-77.80614,35.97831
"4856",962,963,"No","30-39",35,"No","Facing Traffic","C: Possible Injury","Travel Lane","White","Male","Concord","Cabarrus","No","01-01-03","2010-01-20","Motorist Failed to Yield - Sign-Controlled Intersection",16,"Intersection","","0001-01-01T11:50:58-04:56","Motorist Drive Out - Sign-Controlled Intersection",0,2010,"C: Possible Injury","Commercial","",NA,"No","0-5 mph","Injury","/Missing","","Light Truck (Mini-Van, Panel)","No","Yes","Daylight","Urban (>70% Developed)","2 lanes",2,"Straight - Level","Local Street","Dry","Two-Way, Not Divided","None","T-Intersection","Smooth Asphalt","Piedmont","Urban","20 - 25  MPH","Stop Sign","Clear","No","35.41191, -80.58301",-80.58301,35.41191
"4857",965,966,"No","20-24",22,"No","Facing Traffic","C: Possible Injury","Sidewalk / Crosswalk / Driveway Crossing","White","Male","None - Rural Crash","Alamance","No","01-01-04","2010-05-06","Motorist Failed to Yield - Midblock",16,"Non-Intersection","01-05-01","0001-01-01T11:03:58-04:56","Motorist Drive Out - Other Midblock",0,2010,"C: Possible Injury","Institutional","50-59",58,"No","0-5 mph","O: No Injury","White","Female","Passenger Car","No","No","Daylight","Mixed (30% To 70% Developed)","2 lanes",2,"Straight - Level","State Secondary Route","Dry","Two-Way, Not Divided","None","Driveway, Public","Smooth Asphalt","Piedmont","Rural","20 - 25  MPH","No Control Present","Clear","No","36.10313, -79.50022",-79.50022,36.10313
"4858",966,967,"Yes","20-24",22,"No","With Traffic","C: Possible Injury","Travel Lane","White","Male","None - Rural Crash","Alamance","No","","2010-04-26","Motorist Right Turn / Merge",14,"Intersection","01-04-01","0001-01-01T09:12:58-04:56","Motorist Right Turn - Same Direction",0,2010,"C: Possible Injury","Institutional","30-39",39,"No","21-25 mph","O: No Injury","White","Female","Single Unit Truck (2-Axle, 6-Tire)","No","No","Daylight","Urban (>70% Developed)","2 lanes",2,"Straight - Grade","State Secondary Route","Dry","Two-Way, Not Divided","None","Four-Way Intersection","Smooth Asphalt","Piedmont","Rural","20 - 25  MPH","Stop And Go Signal","Clear","No","36.10351, -79.497314",-79.497314,36.10351
"4859",967,968,"Yes","16-19",19,"No","Not Applicable","C: Possible Injury","Sidewalk / Crosswalk / Driveway Crossing","White","Male","None - Rural Crash","Alamance","No","01-01-04","2010-04-01","Bicyclist Failed to Yield - Signalized Intersection",18,"Intersection","01-04-01","0001-01-01T13:03:58-04:56","Bicyclist Ride Through - Signalized Intersection",0,2010,"C: Possible Injury","Institutional","30-39",39,"No","21-25 mph","O: No Injury","White","Female","Sport Utility","No","No","Daylight","Urban (>70% Developed)","2 lanes",2,"Straight - Grade","Local Street","Dry","Two-Way, Not Divided","None","T-Intersection","Smooth Asphalt","Piedmont","Rural","20 - 25  MPH","Stop And Go Signal","Clear","No0","36.103054, -79.502495",-79.502495,36.103054
"4860",1,2,"Yes","15-Nov",11,"No","Not Applicable","C: Possible Injury","Non-Roadway","Black","Female","Cary","Wake","No","01-01-04","2011-01-06","Non-Roadway",16,"Non-Roadway","","0001-01-01T11:28:58-04:56","Non-Roadway",460910,2011,"C: Possible Injury","Residential","",NA,"No","0-5 mph","Injury","/Missing","","Sport Utility","No","Yes","Daylight","Urban (>70% Developed)","",2,"Straight - Grade","Private Road, Driveway","Dry","Two-Way, Not Divided","None","Driveway, Private","Smooth Asphalt","Piedmont","Urban","5 - 15 MPH","No Control Present","Clear","No","35.81226, -78.7858",-78.7858,35.81226
"4861",4,5,"Yes","40-49",44,"No","With Traffic","C: Possible Injury","Travel Lane","White","Male","None - Rural Crash","Randolph","No","01-01-05","2011-01-07","Motorist Failed to Yield - Midblock",7,"Non-Intersection","","0001-01-01T02:43:58-04:56","Motorist Drive Out - Other Midblock",311328,2011,"C: Possible Injury","Commercial","25-29",25,"No","0-5 mph","O: No Injury","White","Female","Passenger Car","No","No","Daylight","Urban (>70% Developed)","3 lanes",2,"Straight - Level","US Route","Dry","Two-Way, Not Divided","None","Driveway, Public","Smooth Asphalt","Piedmont","Rural","40 - 45  MPH","No Control Present","Clear","No","35.67315, -79.8204",-79.8204,35.67315
"4862",7,8,"Yes","30-39",36,"No","With Traffic","C: Possible Injury","Travel Lane","White","Male","Greensboro","Guilford","No","","2011-01-03","Motorist Overtaking Bicyclist",16,"Non-Intersection","","0001-01-01T11:26:58-04:56","Motorist Overtaking - Undetected Bicyclist",311231,2011,"C: Possible Injury","Commercial","60-69",69,"No","11-15 mph","O: No Injury","White","Male","Passenger Car","No","No","Daylight","Urban (>70% Developed)","6 lanes",2,"Curve - Level","Local Street","Dry","Two-Way, Divided, Positive Median Barrier","None","On or Off Ramp","Smooth Asphalt","Piedmont","Urban","40 - 45  MPH","No Control Present","Clear","No","36.06217, -79.86",-79.86,36.06217
"4863",8,9,"No","16-19",17,"No","Facing Traffic","C: Possible Injury","Sidewalk / Crosswalk / Driveway Crossing","Asian","Male","Cary","Wake","No","01-01-05","2011-01-14","Motorist Failed to Yield - Sign-Controlled Intersection",17,"Intersection","","0001-01-01T12:43:58-04:56","Motorist Drive Out - Sign-Controlled Intersection",132141,2011,"C: Possible Injury","Residential","0-19",17,"No","0-5 mph","O: No Injury","White","Female","Sport Utility","No","No","Dark - Lighted Roadway","Urban (>70% Developed)","2 lanes",2,"Straight - Hillcrest","Local Street","Dry","Two-Way, Not Divided","None","T-Intersection","Smooth Asphalt","Piedmont","Urban","20 - 25  MPH","Stop Sign","Clear","No","35.74997, -78.8127",-78.8127,35.74997
"4864",9,10,"Yes","10-Jun",9,"No","Not Applicable","B: Evident Injury","Travel Lane","Native American","Female","None - Rural Crash","Robeson","No","","2011-01-17","Non-Roadway",12,"Non-Roadway","","0001-01-01T07:13:58-04:56","Non-Roadway",410910,2011,"B: Evident Injury","Residential","60-69",66,"No","6-10 mph","O: No Injury","White","Male","Passenger Car","No","No","Daylight","Rural (<30% Developed)","2 lanes",2,"Straight - Level","State Secondary Route","Dry","Two-Way, Not Divided","None","Driveway, Private","Coarse Asphalt","Coastal","Rural","50 - 55  MPH","No Control Present","Clear","No","34.64756, -79.0548",-79.0548,34.64756
"4865",24,25,"Yes","40-49",48,"No","With Traffic","Injury","Travel Lane","White","Male","Chapel Hill","Orange","No","01-01-03","2011-02-02","Motorist Right Turn / Merge",17,"Intersection","01-02-01","0001-01-01T12:25:58-04:56","Motorist Right Turn - Same Direction",111213,2011,"O: No Injury","Commercial","25-29",28,"No","0-5 mph","O: No Injury","White","Male","Van","No","No","Daylight","Urban (>70% Developed)","2 lanes",2,"Straight - Level","Local Street","Dry","Two-Way, Not Divided","None","Four-Way Intersection","Smooth Asphalt","Piedmont","Urban","20 - 25  MPH","Stop And Go Signal","Clear","No","35.91318, -79.0588",-79.0588,35.91318
"4866",29,30,"No","70+",NA,"No","With Traffic","B: Evident Injury","Travel Lane","White","Male","Hampstead","Pender","No","","2011-02-07","Motorist Overtaking Bicyclist",9,"Non-Intersection","01-02-01","0001-01-01T04:03:58-04:56","Motorist Overtaking - Misjudged Space",311232,2011,"B: Evident Injury","Residential","",NA,"No","","Injury","/Missing","","Passenger Car","No","Yes","Daylight","Urban (>70% Developed)","2 lanes",2,"Straight - Level","Local Street","Dry","Two-Way, Not Divided","None","No Special Feature","Coarse Asphalt","Coastal","Rural","","No Control Present","Clear","No","34.39926, -77.6495",-77.6495,34.39926
"4867",30,31,"Yes","30-39",37,"No","Facing Traffic","C: Possible Injury","Travel Lane","Black","Male","Fayetteville","Cumberland","No","01-01-05","2011-02-04","Motorist Failed to Yield - Sign-Controlled Intersection",18,"Intersection","01-02-01","0001-01-01T13:35:58-04:56","Motorist Drive Out - Sign-Controlled Intersection",112141,2011,"C: Possible Injury","Residential","",NA,"Missing","0-5 mph","Injury","/Missing","","","No","Yes","Dark - Roadway Not Lighted","Urban (>70% Developed)","2 lanes",2,"Straight - Level","Local Street","Wet","Two-Way, Divided, Unprotected Median","None","No Special Feature","Coarse Asphalt","Coastal","Urban","40 - 45  MPH","Stop Sign","Rain","No","35.13181, -78.9005",-78.9005,35.13181
"4868",32,33,"No","25-29",25,"Yes","Not Applicable","O: No Injury","Non-Roadway","White","Female","Raleigh","Wake","Yes","01-01-06","2011-01-15","Bicyclist Failed to Yield - Midblock",16,"Non-Intersection","","0001-01-01T11:03:58-04:56","Bicyclist Ride Out - Commercial Driveway / Alley",363312,2011,"O: No Injury","Industrial","30-39",34,"No","11-15 mph","O: No Injury","Black","Male","Passenger Car","No","No","Daylight","Urban (>70% Developed)","2 lanes",2,"Straight - Grade","Local Street","Dry","Two-Way, Not Divided","None","No Special Feature","Smooth Asphalt","Piedmont","Urban","30 - 35  MPH","No Control Present","Clear","No","35.78099, -78.6558",-78.6558,35.78099
"4869",36,37,"Yes","25-29",26,"No","With Traffic","B: Evident Injury","Travel Lane","White","Female","Durham","Durham","No","01-01-02","2011-02-15","Motorist Left Turn / Merge",9,"Intersection","01-02-01","0001-01-01T04:33:58-04:56","Motorist Left Turn - Opposite Direction",111212,2011,"B: Evident Injury","Residential","20-24",21,"No","11-15 mph","O: No Injury","White","Male","Passenger Car","No","No","Daylight","Urban (>70% Developed)","2 lanes",2,"Straight - Grade","Local Street","Dry","Two-Way, Divided, Unprotected Median","None","No Special Feature","Smooth Asphalt","Piedmont","Urban","30 - 35  MPH","No Control Present","Clear","No","35.99796, -78.9272",-78.9272,35.99796
"4870",42,43,"No","40-49",44,"No","With Traffic","C: Possible Injury","Sidewalk / Crosswalk / Driveway Crossing","Black","Male","Charlotte","Mecklenburg","No","","2011-02-07","Motorist Failed to Yield - Sign-Controlled Intersection",10,"Intersection","01-02-01","0001-01-01T05:29:58-04:56","Motorist Drive Out - Sign-Controlled Intersection",131141,2011,"C: Possible Injury","Commercial","",NA,"Missing","0-5 mph","Injury","/Missing","","","No","Yes","Daylight","Urban (>70% Developed)","2 lanes",2,"Straight - Level","Local Street","Dry","Two-Way, Not Divided","None","Four-Way Intersection","Smooth Asphalt","Piedmont","Urban","30 - 35  MPH","Stop Sign","Cloudy","No","35.21837, -80.8538",-80.8538,35.21837