"","FID","OBJECTID","AmbulanceR","BikeAge_Gr","Bike_Age","Bike_Alc_D","Bike_Dir","Bike_Injur","Bike_Pos","Bike_Race","Bike_Sex","City","County","CrashAlcoh","CrashDay","Crash_Date","Crash_Grp","Crash_Hour","Crash_Loc","Crash_Mont","Crash_Time","Crash_Type","Crash_Ty_1","Crash_Year","Crsh_Sevri","Developmen","DrvrAge_Gr","Drvr_Age","Drvr_Alc_D","Drvr_EstSp","Drvr_Injur","Drvr_Race","Drvr_Sex","Drvr_VehTy","ExcsSpdInd","Hit_Run","Light_Cond","Locality","Num_Lanes","Num_Units","Rd_Charact","Rd_Class","Rd_Conditi","Rd_Config","Rd_Defects","Rd_Feature","Rd_Surface","Region","Rural_Urba","Speed_Limi","Traff_Cntr","Weather","Workzone_I","Location","locx","locy"
"5071",88,89,"No","50-59",59,"No","With Traffic","C: Possible Injury","Sidewalk / Crosswalk / Driveway Crossing","Black","Male","Raleigh","Wake","No","01-01-05","2011-02-18","Motorist Right Turn / Merge",21,"Intersection","01-02-01","0001-01-01T16:18:58-04:56","Motorist Right Turn - Same Direction",131213,2011,"C: Possible Injury","Commercial","",NA,"Missing","16-20 mph","Injury","/Missing","","","No","Yes","Dark - Lighted Roadway","Urban (>70% Developed)","6 lanes",2,"Straight - Level","Local Street","Dry","Two-Way, Divided, Positive Median Barrier","None","Four-Way Intersection","Smooth Asphalt","Piedmont","Urban","40 - 45  MPH","Stop And Go Signal","Clear","No","35.78, -78.6135",-78.6135,35.78
"5072",90,91,"Yes","40-49",48,"No","With Traffic","B: Evident Injury","Travel Lane","White","Male","Greensboro","Guilford","No","01-01-07","2011-03-13","Motorist Overtaking Bicyclist",14,"Intersection-Related","01-03-01","0001-01-01T09:38:58-04:56","Motorist Overtaking - Other /",211239,2011,"B: Evident Injury","Commercial","0-19",18,"No","11-15 mph","O: No Injury","White","Male","Passenger Car","No","No","Daylight","Urban (>70% Developed)","3 lanes",2,"Straight - Level","Local Street","Dry","Two-Way, Not Divided","None","Related To Intersection","Smooth Asphalt","Piedmont","Urban","40 - 45  MPH","Stop And Go Signal","Clear","No","36.01505, -79.8968",-79.8968,36.01505
"5073",114,115,"No","15-Nov",12,"No","Not Applicable","C: Possible Injury","Sidewalk / Crosswalk / Driveway Crossing","Black","Male","Charlotte","Mecklenburg","No","01-01-04","2011-03-24","Crossing Paths - Other Circumstances",17,"Intersection","01-03-01","0001-01-01T12:53:58-04:56","Crossing Paths - Intersection - Other /",133180,2011,"C: Possible Injury","Residential","60-69",61,"No","31-35 mph","O: No Injury","White","Female","Passenger Car","No","No","Daylight","Urban (>70% Developed)","2 lanes",2,"Straight - Level","Local Street","Dry","Two-Way, Not Divided","None","No Special Feature","Smooth Asphalt","Piedmont","Urban","40 - 45  MPH","Stop Sign","Clear","No","35.25683, -80.7386",-80.7386,35.25683
"5074",149,150,"Yes","40-49",46,"No","With Traffic","C: Possible Injury","Travel Lane","Black","Male","Charlotte","Mecklenburg","No","01-01-02","2011-04-12","Motorist Overtaking Bicyclist",16,"Non-Intersection","01-04-01","0001-01-01T11:33:58-04:56","Motorist Overtaking - Misjudged Space",311232,2011,"C: Possible Injury","Residential","",NA,"Missing","6-10 mph","Injury","/Missing","","","No","Yes","Daylight","Urban (>70% Developed)","4 lanes",2,"Straight - Level","Local Street","Dry","Two-Way, Divided, Unprotected Median","","No Special Feature","Smooth Asphalt","Piedmont","Urban","30 - 35  MPH","No Control Present","Cloudy","No","35.21704, -80.8699",-80.8699,35.21704
"5075",154,155,"Yes","40-49",44,"No","Facing Traffic","C: Possible Injury","Sidewalk / Crosswalk / Driveway Crossing","Black","Male","Raleigh","Wake","No","01-01-03","2011-04-06","Motorist Failed to Yield - Midblock",19,"Non-Intersection","01-04-01","0001-01-01T14:56:58-04:56","Motorist Drive Out - Commercial Driveway / Alley",332322,2011,"C: Possible Injury","Commercial","20-24",21,"No","0-5 mph","O: No Injury","Hispanic","Male","Passenger Car","No","No","Daylight","Urban (>70% Developed)","1 lane",2,"Straight - Level","Public Vehicular Area","Dry","Two-Way, Not Divided","None","Driveway, Public","Smooth Asphalt","Piedmont","Urban","5 - 15 MPH","No Control Present","Clear","No","35.78477, -78.6895",-78.6895,35.78477
"5076",156,157,"No","16-19",18,"No","With Traffic","A: Disabling Injury","Bike Lane / Paved Shoulder","White","Male","None - Rural Crash","Onslow","No","01-01-06","2011-04-23","Motorist Left Turn / Merge",22,"Intersection","01-04-01","0001-01-01T17:33:58-04:56","Motorist Left Turn - Opposite Direction",121212,2011,"A: Disabling Injury","Farms, Woods, Pastures","",NA,"Missing","11-15 mph","Injury","/Missing","","Van","No","Yes","Dark - Roadway Not Lighted","Rural (<30% Developed)","2 lanes",2,"Straight - Level","State Secondary Route","Dry","Two-Way, Not Divided","None","T-Intersection","Coarse Asphalt","Coastal","Rural","30 - 35  MPH","No Control Present","Clear","No","34.72733, -77.316",-77.316,34.72733
"5077",157,158,"Yes","50-59",53,"Yes","With Traffic","C: Possible Injury","Travel Lane","Black","Male","Clinton","Sampson","Yes","01-01-03","2011-04-13","Bicyclist Failed to Yield - Signalized Intersection",17,"Intersection","01-04-01","0001-01-01T12:13:58-04:56","Bicyclist Ride Out - Signalized  Intersection",111153,2011,"C: Possible Injury","Residential","40-49",41,"No","31-35 mph","O: No Injury","White","Female","Passenger Car","No","No","Daylight","Urban (>70% Developed)","5 lanes",2,"Straight - Level","Local Street","Dry","Two-Way, Divided, Unprotected Median","None","Four-Way Intersection","Coarse Asphalt","Coastal","Urban","30 - 35  MPH","Stop And Go Signal","Clear","No","34.9976, -78.3092",-78.3092,34.9976
"5078",174,175,"No","30-39",37,"No","With Traffic","O: No Injury","Travel Lane","White","Male","None - Rural Crash","Rockingham","No","01-01-07","2011-05-01","Bicyclist Right Turn / Merge",13,"Intersection","01-05-01","0001-01-01T08:44:58-04:56","Bicyclist Right Turn - Same Direction",111223,2011,"O: No Injury","Farms, Woods, Pastures","30-39",38,"No","6-10 mph","O: No Injury","White","Male","Passenger Car","No","No","Daylight","Rural (<30% Developed)","2 lanes",2,"Straight - Level","State Secondary Route","Dry","Two-Way, Not Divided","None","T-Intersection","Smooth Asphalt","Piedmont","Rural","50 - 55  MPH","Double Yellow Line, No Passing Zone","Cloudy","No","36.309, -79.9934",-79.9934,36.309
"5079",179,180,"No","20-24",21,"No","With Traffic","B: Evident Injury","Travel Lane","White","Male","None - Rural Crash","New Hanover","No","01-01-05","2011-04-29","Motorist Failed to Yield - Sign-Controlled Intersection",17,"Intersection","01-04-01","0001-01-01T12:03:58-04:56","Motorist Drive Out - Sign-Controlled Intersection",111141,2011,"B: Evident Injury","Residential","40-49",43,"No","0-5 mph","O: No Injury","White","Female","Sport Utility","No","No","Daylight","Urban (>70% Developed)","2 lanes",2,"Straight - Level","State Secondary Route","Dry","Two-Way, Not Divided","None","T-Intersection","Smooth Asphalt","Coastal","Rural","50 - 55  MPH","Stop Sign","Clear","No","34.07349, -77.8953",-77.8953,34.07349
"5080",188,189,"Yes","40-49",48,"No","Facing Traffic","C: Possible Injury","Sidewalk / Crosswalk / Driveway Crossing","White","Male","Chapel Hill","Orange","No","01-01-05","2011-04-22","Bicyclist Failed to Yield - Signalized Intersection",16,"Intersection","01-04-01","0001-01-01T11:05:58-04:56","Bicyclist Ride Out - Signalized  Intersection",132153,2011,"C: Possible Injury","Commercial","40-49",43,"No","0-5 mph","O: No Injury","White","Female","Van","No","No","Daylight","Urban (>70% Developed)","5 lanes",2,"Straight - Level","NC Route","Wet","Two-Way, Divided, Unprotected Median","None","Four-Way Intersection","Smooth Asphalt","Piedmont","Urban","30 - 35  MPH","Stop And Go Signal","Rain","No","35.96408, -79.0582",-79.0582,35.96408
"5081",192,193,"Yes","40-49",49,"No","Not Applicable","C: Possible Injury","Non-Roadway","Black","Female","Kinston","Lenoir","No","01-01-06","2011-04-30","Non-Roadway",15,"Non-Roadway","01-04-01","0001-01-01T10:45:58-04:56","Non-Roadway",460910,2011,"C: Possible Injury","Commercial","25-29",28,"No","0-5 mph","O: No Injury","Black","Female","Passenger Car","No","No","Daylight","Urban (>70% Developed)","1 lane",2,"Straight - Level","Public Vehicular Area","Dry","One-Way, Not Divided","None","Driveway, Public","Smooth Asphalt","Coastal","Urban","20 - 25  MPH","No Control Present","Clear","No","35.2792, -77.5755",-77.5755,35.2792
"5082",193,194,"Yes","16-19",17,"No","With Traffic","B: Evident Injury","Travel Lane","Black","Male","None - Rural Crash","Wake","No","01-01-04","2011-05-05","Bicyclist Left Turn / Merge",20,"Non-Intersection","01-05-01","0001-01-01T15:27:58-04:56","Bicyclist Left Turn - Same Direction",311221,2011,"B: Evident Injury","Residential","20-24",22,"No","41-45 mph","O: No Injury","Black","Female","Passenger Car","No","No","Dusk","Rural (<30% Developed)","2 lanes",2,"Straight - Level","State Secondary Route","Dry","Two-Way, Not Divided","None","No Special Feature","Smooth Asphalt","Piedmont","Rural","40 - 45  MPH","Double Yellow Line, No Passing Zone","Clear","No","35.85904, -78.5459",-78.5459,35.85904
"5083",204,205,"Yes","60-69",65,"No","With Traffic","C: Possible Injury","Travel Lane","Black","Male","None - Rural Crash","Greene","No","01-01-02","2011-05-10","Bicyclist Left Turn / Merge",14,"Non-Intersection","01-05-01","0001-01-01T09:46:58-04:56","Bicyclist Left Turn - Same Direction",311221,2011,"C: Possible Injury","Farms, Woods, Pastures","50-59",57,"No","51-55 mph","O: No Injury","Black","Female","Sport Utility","No","No","Daylight","Rural (<30% Developed)","2 lanes",2,"Straight - Level","US Route","Dry","Two-Way, Not Divided","None","Driveway, Public","Smooth Asphalt","Coastal","Rural","50 - 55  MPH","No Control Present","Clear","No","35.39258, -77.6657",-77.6657,35.39258
"5084",205,206,"Yes","0-5",5,"No","","B: Evident Injury","Travel Lane","White","Male","Clayton","Johnston","No","01-01-02","2011-04-26","Bicyclist Failed to Yield - Midblock",18,"Non-Intersection","01-04-01","0001-01-01T13:17:58-04:56","Bicyclist Ride Out - Other Midblock",319318,2011,"B: Evident Injury","Residential","30-39",33,"No","6-10 mph","O: No Injury","White","Male","Pickup","No","No","Daylight","Mixed (30% To 70% Developed)","2 lanes",2,"Straight - Level","Local Street","Dry","Two-Way, Not Divided","None","No Special Feature","Smooth Asphalt","Coastal","Urban","20 - 25  MPH","No Control Present","Cloudy","No","35.63418, -78.4405",-78.4405,35.63418
"5085",179,180,"Yes","50-59",56,"Yes","With Traffic","B: Evident Injury","Bike Lane / Paved Shoulder","Black","Male","None - Rural Crash","Richmond","Yes","01-01-04","2010-04-15","Motorist Overtaking Bicyclist",13,"Non-Intersection","01-04-01","0001-01-01T08:03:58-04:56","Motorist Overtaking - Misjudged Space",0,2010,"B: Evident Injury","Commercial","50-59",59,"No","21-25 mph","O: No Injury","Black","Male","Passenger Car","No","No","Daylight","Urban (>70% Developed)","2 lanes",2,"Straight - Level","State Secondary Route","Dry","Two-Way, Not Divided","None","No Special Feature","Coarse Asphalt","Piedmont","Rural","30 - 35  MPH","Double Yellow Line, No Passing Zone","Clear","No","35.04096, -79.54566",-79.54566,35.04096
"5086",182,183,"Yes","16-19",17,"No","Not Applicable","B: Evident Injury","Driveway / Alley","Black","Male","None - Rural Crash","Scotland","No","","2010-04-19","Bicyclist Failed to Yield - Midblock",20,"Non-Intersection","01-04-01","0001-01-01T15:37:58-04:56","Bicyclist Ride Out - Commercial Driveway / Alley",0,2010,"B: Evident Injury","Residential","70+",NA,"No","41-45 mph","O: No Injury","Native American","Male","Passenger Car","No","No","Dark - Roadway Not Lighted","Mixed (30% To 70% Developed)","2 lanes",2,"Straight - Level","State Secondary Route","Dry","Two-Way, Not Divided","None","Driveway, Public","Smooth Asphalt","Coastal","Rural","40 - 45  MPH","Double Yellow Line, No Passing Zone","Clear","No","34.8378, -79.36449",-79.36449,34.8378
"5087",188,189,"Yes","0-5",5,"No","Facing Traffic","B: Evident Injury","Sidewalk / Crosswalk / Driveway Crossing","Other","Male","Cary","Wake","No","01-01-06","2010-05-01","Bicyclist Failed to Yield - Sign-Controlled Intersection",18,"Intersection","01-05-01","0001-01-01T13:39:58-04:56","Bicyclist Ride Out - Sign-Controlled Intersection",0,2010,"B: Evident Injury","Commercial","50-59",52,"No","6-10 mph","O: No Injury","White","Female","Sport Utility","No","No","Daylight","Urban (>70% Developed)","",2,"Straight - Level","Public Vehicular Area","Dry","Two-Way, Not Divided","None","Driveway, Public","Smooth Asphalt","Piedmont","Urban","20 - 25  MPH","Stop Sign","Clear","No","35.789417, -78.82802",-78.82802,35.789417
"5088",189,190,"Yes","16-19",18,"No","With Traffic","B: Evident Injury","Travel Lane","Hispanic","Male","Durham","Durham","No","01-01-05","2010-04-30","Motorist Overtaking Bicyclist",15,"Non-Intersection","01-04-01","0001-01-01T10:42:58-04:56","Motorist Overtaking - Bicyclist Swerved",0,2010,"B: Evident Injury","Residential","20-24",21,"No","26-30 mph","O: No Injury","Black","Female","Passenger Car","No","No","Daylight","Urban (>70% Developed)","2 lanes",2,"Straight - Level","Local Street","Dry","Two-Way, Not Divided","None","No Special Feature","Coarse Asphalt","Piedmont","Urban","30 - 35  MPH","No Control Present","Clear","No","36.000484, -78.865906",-78.865906,36.000484
"5089",191,192,"No","15-Nov",14,"No","With Traffic","C: Possible Injury","Travel Lane","Black","Male","None - Rural Crash","Guilford","No","01-01-03","2010-04-28","Bicyclist Left Turn / Merge",20,"Non-Intersection","01-04-01","0001-01-01T15:03:58-04:56","Bicyclist Left Turn - Same Direction",0,2010,"C: Possible Injury","Farms, Woods, Pastures","",NA,"No","0-5 mph","Injury","/Missing","","Passenger Car","No","Yes","Dusk","Rural (<30% Developed)","2 lanes",2,"Straight - Level","State Secondary Route","Dry","Two-Way, Not Divided","None","No Special Feature","Smooth Asphalt","Piedmont","Rural","50 - 55  MPH","Double Yellow Line, No Passing Zone","Clear","No","36.10839, -79.632545",-79.632545,36.10839
"5090",211,212,"No","",NA,"Missing","Facing Traffic","Injury","Travel Lane","/Missing","","Raleigh","Wake","No","01-01-05","2010-04-16","Crossing Paths - Other Circumstances",19,"Intersection","01-04-01","0001-01-01T14:45:58-04:56","Crossing Paths - Intersection - Other /",0,2010,"O: No Injury","Residential","40-49",43,"No","41-45 mph","O: No Injury","White","Female","Van","No","No","Dusk","Urban (>70% Developed)","4 lanes",2,"Straight - Hillcrest","Local Street","Dry","Two-Way, Divided, Unprotected Median","None","No Special Feature","Smooth Asphalt","Piedmont","Urban","40 - 45  MPH","No Control Present","Clear","No","35.944714, -78.55581",-78.55581,35.944714
"5091",215,216,"No","20-24",22,"No","With Traffic","B: Evident Injury","Travel Lane","White","Male","Raleigh","Wake","No","01-01-02","2010-04-06","Motorist Failed to Yield - Sign-Controlled Intersection",9,"Intersection","01-04-01","0001-01-01T04:32:58-04:56","Motorist Drive Through - Sign-Controlled Intersection",0,2010,"B: Evident Injury","Commercial","",NA,"Missing","16-20 mph","Injury","/Missing","","","No","Yes","Daylight","Urban (>70% Developed)","4 lanes",2,"Straight - Hillcrest","Local Street","Dry","Two-Way, Divided, Unprotected Median","None","T-Intersection","Coarse Asphalt","Piedmont","Urban","30 - 35  MPH","Stop Sign","Clear","No","35.79091, -78.68005",-78.68005,35.79091
"5092",216,217,"Yes","16-19",16,"No","With Traffic","B: Evident Injury","Sidewalk / Crosswalk / Driveway Crossing","White","Male","Raleigh","Wake","No","01-01-03","2010-04-14","Parallel Paths - Other Circumstances",15,"Intersection-Related","01-04-01","0001-01-01T10:03:58-04:56","Bicyclist Ride Out - Parallel Path",0,2010,"B: Evident Injury","Residential","60-69",62,"No","21-25 mph","O: No Injury","White","Male","Passenger Car","No","No","Daylight","Urban (>70% Developed)","2 lanes",2,"Straight - Level","Local Street","Dry","Two-Way, Not Divided","None","No Special Feature","Concrete","Piedmont","Urban","30 - 35  MPH","No Control Present","Cloudy","No","35.8515, -78.575485",-78.575485,35.8515
"5093",228,229,"Yes","20-24",22,"No","With Traffic","C: Possible Injury","Travel Lane","White","Male","None - Rural Crash","Orange","No","01-01-04","2010-04-29","Motorist Overtaking Bicyclist",16,"Intersection","01-04-01","0001-01-01T11:41:58-04:56","Motorist Overtaking - Other /",0,2010,"C: Possible Injury","Farms, Woods, Pastures","",NA,"No","41-45 mph","Injury","/Missing","","","No","Yes","Daylight","Rural (<30% Developed)","2 lanes",2,"Straight - Level","State Secondary Route","Dry","Two-Way, Divided, Unprotected Median","None","Four-Way Intersection","Smooth Asphalt","Piedmont","Rural","40 - 45  MPH","Double Yellow Line, No Passing Zone","Clear","No","35.97213, -79.163185",-79.163185,35.97213
"5094",229,230,"Yes","20-24",22,"No","With Traffic","O: No Injury","Travel Lane","White","Male","Roxboro","Person","No","01-01-07","2010-04-18","Head-On",19,"Intersection-Related","01-04-01","0001-01-01T14:33:58-04:56","Head-On - Motorist",0,2010,"O: No Injury","Commercial","",NA,"Missing","","Injury","/Missing","","","No","Yes","Dark - Lighted Roadway","Urban (>70% Developed)","5 lanes",2,"Straight - Level","US Route","Dry","Two-Way, Not Divided","None","No Special Feature","Smooth Asphalt","Piedmont","Urban","","No Control Present","Clear","No","36.392788, -78.98794",-78.98794,36.392788
"5095",232,233,"Yes","15-Nov",15,"No","With Traffic","B: Evident Injury","Travel Lane","White","Male","None - Rural Crash","Scotland","No","01-01-04","2010-05-13","Motorist Overtaking Bicyclist",14,"Non-Intersection","01-05-01","0001-01-01T09:50:58-04:56","Motorist Overtaking - Other /",0,2010,"B: Evident Injury","Farms, Woods, Pastures","25-29",26,"No","51-55 mph","O: No Injury","White","Female","Passenger Car","No","No","Daylight","Rural (<30% Developed)","2 lanes",2,"Straight - Level","NC Route","Dry","Two-Way, Not Divided","None","No Special Feature","Smooth Asphalt","Coastal","Rural","50 - 55  MPH","No Control Present","Clear","No","34.7769, -79.50063",-79.50063,34.7769
"5096",236,237,"Yes","15-Nov",14,"No","Not Applicable","B: Evident Injury","Sidewalk / Crosswalk / Driveway Crossing","White","Male","Charlotte","Mecklenburg","No","01-01-04","2010-05-06","Bicyclist Failed to Yield - Sign-Controlled Intersection",7,"Intersection","01-05-01","0001-01-01T02:40:58-04:56","Bicyclist Ride Out - Sign-Controlled Intersection",0,2010,"B: Evident Injury","Commercial","50-59",50,"No","21-25 mph","O: No Injury","White","Female","Sport Utility","No","No","Daylight","Mixed (30% To 70% Developed)","6 lanes",2,"Straight - Level","Local Street","Dry","Two-Way, Not Divided","None","Four-Way Intersection","Smooth Asphalt","Piedmont","Urban","30 - 35  MPH","Stop And Go Signal","Clear","No","35.064114, -80.77425",-80.77425,35.064114
"5097",239,240,"No","15-Nov",14,"No","Not Applicable","O: No Injury","Travel Lane","White","Female","Pittsboro","Chatham","No","01-01-06","2010-04-03","Bicyclist Failed to Yield - Midblock",15,"Non-Intersection","01-04-01","0001-01-01T10:15:58-04:56","Bicyclist Ride Out - Other Midblock",0,2010,"C: Possible Injury","Commercial","50-59",57,"No","21-25 mph","C: Possible Injury","White","Male","Motorcycle","No","No","Daylight","Urban (>70% Developed)","2 lanes",2,"Straight - Level","Local Street","Dry","Two-Way, Not Divided","None","No Special Feature","Smooth Asphalt","Piedmont","Rural","40 - 45  MPH","No Control Present","Clear","Yes","35.722057, -79.1868",-79.1868,35.722057
"5098",244,245,"Yes","0-5",4,"No","With Traffic","O: No Injury","Travel Lane","Black","Female","Gastonia","Gaston","No","01-01-03","2010-05-05","Head-On",15,"Non-Intersection","01-05-01","0001-01-01T10:52:58-04:56","Head-On - Bicyclist",0,2010,"B: Evident Injury","Residential","0-19",18,"No","16-20 mph","B: Evident Injury","Hispanic","Female","Passenger Car","No","No","Daylight","Urban (>70% Developed)","2 lanes",2,"Straight - Level","Local Street","Dry","Two-Way, Not Divided","None","Driveway, Public","Smooth Asphalt","Piedmont","Urban","20 - 25  MPH","No Control Present","Clear","No","35.236496, -81.21694",-81.21694,35.236496
"5099",245,246,"Yes","30-39",37,"No","With Traffic","B: Evident Injury","Travel Lane","White","Male","High Point","Guilford","No","","2010-04-26","Motorist Left Turn / Merge",17,"Intersection","01-04-01","0001-01-01T12:20:58-04:56","Motorist Left Turn - Opposite Direction",0,2010,"B: Evident Injury","Residential","60-69",60,"No","6-10 mph","O: No Injury","White","Male","Pickup","No","No","Daylight","Mixed (30% To 70% Developed)","2 lanes",2,"Straight - Level","Local Street","Dry","Two-Way, Not Divided","None","Four-Way Intersection","Coarse Asphalt","Piedmont","Urban","40 - 45  MPH","Stop Sign","Cloudy","No","35.95659, -79.92972",-79.92972,35.95659
"5100",253,254,"No","10-Jun",7,"No","Facing Traffic","B: Evident Injury","Travel Lane","Hispanic","Female","Burlington","Alamance","No","01-01-05","2010-05-07","Bicyclist Right Turn / Merge",18,"Non-Intersection","01-05-01","0001-01-01T13:18:58-04:56","Bicyclist Right Turn - Same Direction",0,2010,"B: Evident Injury","Residential","0-19",17,"No","16-20 mph","O: No Injury","Black","Female","Passenger Car","No","No","Daylight","Urban (>70% Developed)","1 lane",2,"Straight - Level","Local Street","Dry","Two-Way, Not Divided","None","No Special Feature","Smooth Asphalt","Piedmont","Urban","30 - 35  MPH","No Control Present","Clear","No","36.0948, -79.42722",-79.42722,36.0948
"5101",53,54,"Yes","40-49",47,"No","Not Applicable","C: Possible Injury","Non-Roadway","Black","Male","Hickory","Catawba","No","","2012-02-06","Crossing Paths - Other Circumstances",18,"Intersection","01-02-01","0001-01-01T13:51:58-04:56","Signalized Intersection - Other /",NA,2012,"C: Possible Injury","Commercial","",NA,"No","","Injury","/Missing","","","No","Yes","Dark - Lighted Roadway","Urban (>70% Developed)","5 lanes",2,"Straight - Grade","Local Street","","Two-Way, Divided, Unprotected Median","","No Special Feature","Smooth Asphalt","Piedmont","Urban","30 - 35  MPH","Stop And Go Signal","Clear","No","35.70558, -81.2936",-81.2936,35.70558
"5102",57,58,"Yes","25-29",25,"No","Facing Traffic","C: Possible Injury","Travel Lane","Black","Male","Charlotte","Mecklenburg","No","","2012-02-27","Crossing Paths - Other Circumstances",10,"Intersection","01-02-01","0001-01-01T05:44:58-04:56","Signalized Intersection - Other /",NA,2012,"C: Possible Injury","Commercial","50-59",50,"No","0-5 mph","O: No Injury","Black","Male","Truck/Tractor","No","No","Daylight","Urban (>70% Developed)","4 lanes",2,"Straight - Level","Local Street","Wet","Two-Way, Not Divided","None","T-Intersection","Smooth Asphalt","Piedmont","Urban","30 - 35  MPH","Stop And Go Signal","Rain","No","35.25198, -80.8104",-80.8104,35.25198
"5103",66,67,"Yes","16-19",18,"No","Facing Traffic","B: Evident Injury","Sidewalk / Crosswalk / Driveway Crossing","Hispanic","Male","Charlotte","Mecklenburg","No","01-01-04","2012-03-01","Motorist Failed to Yield - Sign-Controlled Intersection",15,"Intersection","01-03-01","0001-01-01T10:37:58-04:56","Motorist Drive Out - Sign-Controlled Intersection",NA,2012,"B: Evident Injury","Residential","25-29",26,"No","","O: No Injury","Black","Female","School Bus","No","No","Daylight","Urban (>70% Developed)","2 lanes",2,"Straight - Grade","Local Street","Dry","Two-Way, Divided, Unprotected Median","None","No Special Feature","Smooth Asphalt","Piedmont","Urban","20 - 25  MPH","Stop Sign","Clear","No","35.24945, -80.7724",-80.7724,35.24945
"5104",88,89,"No","20-24",20,"No","With Traffic","O: No Injury","Sidewalk / Crosswalk / Driveway Crossing","/Missing","Male","Greensboro","Guilford","No","01-01-04","2012-02-23","Motorist Left Turn / Merge",10,"Intersection","01-02-01","0001-01-01T05:56:58-04:56","Motorist Left Turn - Opposite Direction",NA,2012,"O: No Injury","Institutional","",NA,"Missing","","Injury","/Missing","","","No","Yes","Daylight","Urban (>70% Developed)","",2,"Straight - Level","Local Street","Dry","Two-Way, Not Divided","None","No Special Feature","Smooth Asphalt","Piedmont","Urban","","Stop And Go Signal","Clear","No","36.06642, -79.8055",-79.8055,36.06642
"5105",91,92,"Yes","0-5",4,"No","Not Applicable","B: Evident Injury","Bike Lane / Paved Shoulder","Hispanic","Male","None - Rural Crash","Wake","No","01-01-04","2012-03-15","Bicyclist Failed to Yield - Midblock",18,"Non-Intersection","01-03-01","0001-01-01T13:08:58-04:56","Bicyclist Ride Out - Other Midblock",NA,2012,"B: Evident Injury","Residential","50-59",55,"No","16-20 mph","O: No Injury","White","Male","Passenger Car","No","No","Daylight","Urban (>70% Developed)","2 lanes",2,"Straight - Grade","Local Street","Dry","Two-Way, Not Divided","None","No Special Feature","Coarse Asphalt","Piedmont","Rural","5 - 15 MPH","No Control Present","Clear","No","35.84307, -78.4144",-78.4144,35.84307
"5106",92,93,"No","16-19",18,"No","With Traffic","C: Possible Injury","Travel Lane","White","Male","Boone","Watauga","No","01-01-04","2012-03-01","Bicyclist Overtaking Motorist",16,"Non-Intersection","01-03-01","0001-01-01T11:23:58-04:56","Bicyclist Overtaking - Other /",NA,2012,"C: Possible Injury","Commercial","50-59",51,"No","16-20 mph","O: No Injury","White","Female","Passenger Car","No","No","Daylight","Urban (>70% Developed)","2 lanes",2,"Straight - Level","Local Street","Dry","Two-Way, Not Divided","None","No Special Feature","Smooth Asphalt","Mountains","Urban","20 - 25  MPH","Double Yellow Line, No Passing Zone","Clear","No","36.19885, -81.6695",-81.6695,36.19885
"5107",94,95,"Yes","30-39",30,"No","With Traffic","B: Evident Injury","Travel Lane","White","Male","Durham","Durham","No","01-01-07","2012-03-18","Motorist Left Turn / Merge",20,"Intersection","01-03-01","0001-01-01T16:02:58-04:56","Motorist Left Turn - Opposite Direction",NA,2012,"B: Evident Injury","Residential","",NA,"Missing","6-10 mph","Injury","/Missing","","Passenger Car","No","Yes","Dark - Lighted Roadway","Urban (>70% Developed)","4 lanes",2,"Straight - Level","Local Street","Dry","Two-Way, Not Divided","None","No Special Feature","Smooth Asphalt","Piedmont","Urban","30 - 35  MPH","Stop And Go Signal","Clear","No","36.01652, -78.9364",-78.9364,36.01652
"5108",95,96,"Yes","60-69",61,"No","Facing Traffic","C: Possible Injury","Travel Lane","Black","Male","Greensboro","Guilford","No","01-01-02","2012-02-21","Loss of Control / Turning Error",18,"Intersection","01-02-01","0001-01-01T13:04:58-04:56","Motorist Turning Error - Other",NA,2012,"C: Possible Injury","Residential","60-69",62,"No","0-5 mph","O: No Injury","White","Male","Pickup","No","No","Daylight","Urban (>70% Developed)","2 lanes",2,"Straight - Grade","Local Street","Dry","Two-Way, Not Divided","None","T-Intersection","Smooth Asphalt","Piedmont","Urban","30 - 35  MPH","Stop Sign","Clear","No","36.07525, -79.765",-79.765,36.07525
"5109",96,97,"Yes","20-24",20,"No","Not Applicable","B: Evident Injury","Travel Lane","White","Female","Elon College","Alamance","No","01-01-02","2012-02-28","Non-Roadway",12,"Non-Roadway","01-02-01","0001-01-01T07:08:58-04:56","Non-Roadway",NA,2012,"B: Evident Injury","Institutional","0-19",18,"No","6-10 mph","O: No Injury","White","Male","Passenger Car","No","No","Daylight","Urban (>70% Developed)","",2,"Straight - Level","Public Vehicular Area","Dry","Two-Way, Not Divided","None","No Special Feature","Smooth Asphalt","Piedmont","Urban","20 - 25  MPH","No Control Present","Clear","No","36.10485, -79.5044",-79.5044,36.10485
"5110",99,100,"No","16-19",16,"No","Not Applicable","Injury","Travel Lane","/Missing","","Swansboro","Onslow","No","","2012-02-27","Bicyclist Failed to Yield - Midblock",14,"Non-Intersection","01-02-01","0001-01-01T09:53:58-04:56","Bicyclist Ride Out - Other Midblock",NA,2012,"O: No Injury","Commercial","70",70,"No","26-30 mph","O: No Injury","White","Female","Passenger Car","No","No","Daylight","Urban (>70% Developed)","3 lanes",2,"Straight - Level","State Secondary Route","Dry","Two-Way, Divided, Unprotected Median","None","No Special Feature","Smooth Asphalt","Coastal","Rural","30 - 35  MPH","No Control Present","Clear","No","34.70283, -77.1553",-77.1553,34.70283