"","FID","OBJECTID","AmbulanceR","BikeAge_Gr","Bike_Age","Bike_Alc_D","Bike_Dir","Bike_Injur","Bike_Pos","Bike_Race","Bike_Sex","City","County","CrashAlcoh","CrashDay","Crash_Date","Crash_Grp","Crash_Hour","Crash_Loc","Crash_Mont","Crash_Time","Crash_Type","Crash_Ty_1","Crash_Year","Crsh_Sevri","Developmen","DrvrAge_Gr","Drvr_Age","Drvr_Alc_D","Drvr_EstSp","Drvr_Injur","Drvr_Race","Drvr_Sex","Drvr_VehTy","ExcsSpdInd","Hit_Run","Light_Cond","Locality","Num_Lanes","Num_Units","Rd_Charact","Rd_Class","Rd_Conditi","Rd_Config","Rd_Defects","Rd_Feature","Rd_Surface","Region","Rural_Urba","Speed_Limi","Traff_Cntr","Weather","Workzone_I","Location","locx","locy"
"5111",100,101,"No","",0,"Yes","With Traffic","Injury","Travel Lane","/Missing","","Pinehurst","Moore","Yes","01-01-02","2012-02-28","Motorist Failed to Yield - Sign-Controlled Intersection",7,"Intersection","01-02-01","0001-01-01T02:13:58-04:56","Motorist Drive Out - Sign-Controlled Intersection",NA,2012,"O: No Injury","Residential","60-69",63,"No","6-10 mph","O: No Injury","White","Male","Pickup","No","No","Daylight","Mixed (30% To 70% Developed)","2 lanes",2,"Straight - Level","NC Route","Dry","Two-Way, Not Divided","None","T-Intersection","Smooth Asphalt","Piedmont","Urban","30 - 35  MPH","Stop Sign","Clear","No","35.19116, -79.4722",-79.4722,35.19116
"5112",120,121,"Yes","30-39",31,"No","With Traffic","B: Evident Injury","Travel Lane","White","Male","None - Rural Crash","Alamance","No","01-01-04","2012-03-22","Loss of Control / Turning Error",14,"Non-Intersection","01-03-01","0001-01-01T09:56:58-04:56","Motorist Lost Control - Other /",NA,2012,"B: Evident Injury","Farms, Woods, Pastures","",NA,"No","41-45 mph","Injury","/Missing","","","No","Yes","Daylight","Rural (<30% Developed)","2 lanes",2,"Straight - Level","State Secondary Route","Dry","Two-Way, Not Divided","None","No Special Feature","Smooth Asphalt","Piedmont","Rural","40 - 45  MPH","Double Yellow Line, No Passing Zone","Clear","No","36.05846, -79.293",-79.293,36.05846
"5113",141,142,"Yes","50-59",54,"No","With Traffic","B: Evident Injury","Travel Lane","Black","Male","Rocky Mount","Nash","No","01-01-02","2012-03-06","Motorist Overtaking Bicyclist",7,"Intersection-Related","01-03-01","0001-01-01T02:57:58-04:56","Motorist Overtaking - Misjudged Space",NA,2012,"B: Evident Injury","Residential","25-29",27,"No","6-10 mph","O: No Injury","Hispanic","Male","Van","No","No","Daylight","Urban (>70% Developed)","2 lanes",2,"Straight - Level","Local Street","Dry","Two-Way, Not Divided","None","No Special Feature","Coarse Asphalt","Coastal","Urban","40 - 45  MPH","No Control Present","Clear","No","35.95609, -77.872",-77.872,35.95609
"5114",158,159,"No","20-24",22,"No","Facing Traffic","O: No Injury","Sidewalk / Crosswalk / Driveway Crossing","White","Male","Raleigh","Wake","No","01-01-02","2012-03-27","Motorist Failed to Yield - Signalized Intersection",4,"Intersection","01-03-01","0000-12-31T23:10:58-04:56","Motorist Drive Out - Right Turn on Red",NA,2012,"O: No Injury","Commercial","",NA,"Missing","11-15 mph","Injury","/Missing","","","No","Yes","Dusk","Mixed (30% To 70% Developed)","3 lanes",2,"Straight - Level","Local Street","Dry","Two-Way, Not Divided","None","No Special Feature","Coarse Asphalt","Piedmont","Urban","20 - 25  MPH","Stop And Go Signal","Clear","No","35.78481, -78.6896",-78.6896,35.78481
"5115",159,160,"Yes","15-Nov",11,"No","Facing Traffic","C: Possible Injury","Travel Lane","Black","Female","Raleigh","Wake","No","","2012-04-09","Motorist Left Turn / Merge",20,"Intersection","01-04-01","0001-01-01T15:30:58-04:56","Motorist Left Turn - Same Direction",NA,2012,"C: Possible Injury","Commercial","60-69",64,"No","0-5 mph","O: No Injury","White","Female","Passenger Car","No","No","Dark - Roadway Not Lighted","Urban (>70% Developed)","2 lanes",2,"Straight - Level","Local Street","Dry","Two-Way, Not Divided","None","No Special Feature","Smooth Asphalt","Piedmont","Urban","40 - 45  MPH","No Control Present","Clear","No","35.84813, -78.6444",-78.6444,35.84813
"5116",162,163,"Yes","30-39",30,"No","Facing Traffic","C: Possible Injury","Sidewalk / Crosswalk / Driveway Crossing","Black","Male","None - Rural Crash","Guilford","No","01-01-02","2012-03-27","Bicyclist Failed to Yield - Signalized Intersection",17,"Intersection","01-03-01","0001-01-01T12:08:58-04:56","Bicyclist Ride Through - Signalized Intersection",NA,2012,"C: Possible Injury","Residential","40-49",40,"No","0-5 mph","O: No Injury","Black","Female","Sport Utility","No","No","Daylight","Urban (>70% Developed)","8 lanes",2,"Straight - Level","Local Street","Dry","Two-Way, Divided, Unprotected Median","None","Four-Way Intersection","Smooth Asphalt","Piedmont","Rural","5 - 15 MPH","Stop And Go Signal","Clear","No","36.08503, -79.7567",-79.7567,36.08503
"5117",164,165,"No","10-Jun",7,"No","Not Applicable","B: Evident Injury","Non-Roadway","Hispanic","Male","Raleigh","Wake","No","01-01-04","2012-04-12","Non-Roadway",18,"Non-Roadway","01-04-01","0001-01-01T13:23:58-04:56","Non-Roadway",NA,2012,"B: Evident Injury","Residential","30-39",34,"No","0-5 mph","O: No Injury","White","Female","Passenger Car","No","No","Daylight","Urban (>70% Developed)","",2,"Straight - Grade","Public Vehicular Area","Dry","Two-Way, Not Divided","None","T-Intersection","Smooth Asphalt","Piedmont","Urban","5 - 15 MPH","No Control Present","Clear","No","35.87593, -78.7289",-78.7289,35.87593
"5118",166,167,"No","16-19",18,"No","Not Applicable","C: Possible Injury","Non-Roadway","Black","Male","Kinston","Lenoir","No","01-01-05","2012-04-13","Crossing Paths - Other Circumstances",12,"Intersection-Related","01-04-01","0001-01-01T07:45:58-04:56","Crossing Paths - Uncontrolled Intersection",NA,2012,"C: Possible Injury","Commercial","40-49",46,"No","6-10 mph","C: Possible Injury","Black","Female","Passenger Car","No","No","Daylight","Urban (>70% Developed)","2 lanes",2,"Straight - Level","Local Street","Dry","Two-Way, Not Divided","None","No Special Feature","Coarse Asphalt","Coastal","Urban","30 - 35  MPH","No Control Present","Clear","No","35.2687, -77.5831",-77.5831,35.2687
"5119",171,172,"Yes","20-24",23,"No","With Traffic","B: Evident Injury","Bike Lane / Paved Shoulder","White","Male","None - Rural Crash","Orange","No","01-01-02","2012-04-10","Motorist Overtaking Bicyclist",9,"Non-Intersection","01-04-01","0001-01-01T04:55:58-04:56","Motorist Overtaking - Other /",NA,2012,"B: Evident Injury","Residential","",NA,"No","31-35 mph","Injury","/Missing","","","No","Yes","Daylight","Rural (<30% Developed)","2 lanes",2,"Curve - Level","Local Street","Dry","Two-Way, Not Divided","","No Special Feature","Smooth Asphalt","Piedmont","Rural","30 - 35  MPH","No Control Present","Clear","No","35.92787, -79.0676",-79.0676,35.92787
"5120",173,174,"Yes","60-69",60,"No","With Traffic","C: Possible Injury","Travel Lane","Hispanic","Male","Raleigh","Wake","No","","2012-04-16","Motorist Failed to Yield - Signalized Intersection",6,"Intersection","01-04-01","0001-01-01T01:45:58-04:56","Motorist Drive Out - Right Turn on Red",NA,2012,"C: Possible Injury","Residential","50-59",51,"No","0-5 mph","O: No Injury","Black","Female","Passenger Car","No","No","Daylight","Mixed (30% To 70% Developed)","6 lanes",2,"Straight - Level","Local Street","Dry","Two-Way, Not Divided","None","No Special Feature","Coarse Asphalt","Piedmont","Urban","40 - 45  MPH","Stop And Go Signal","Clear","No","35.82179, -78.5692",-78.5692,35.82179
"5121",186,187,"Yes","50-59",57,"No","With Traffic","B: Evident Injury","Bike Lane / Paved Shoulder","White","Male","Wilmington","New Hanover","No","01-01-04","2012-03-29","Motorist Failed to Yield - Midblock",18,"Non-Intersection","01-03-01","0001-01-01T13:35:58-04:56","Motorist Drive Out - Commercial Driveway / Alley",NA,2012,"B: Evident Injury","Commercial","30-39",34,"No","16-20 mph","O: No Injury","White","Male","Passenger Car","No","No","Daylight","Urban (>70% Developed)","3 lanes",2,"Straight - Level","Local Street","Dry","Two-Way, Not Divided","None","No Special Feature","Smooth Asphalt","Coastal","Urban","40 - 45  MPH","No Control Present","Clear","No","34.22022, -77.8216",-77.8216,34.22022
"5122",187,188,"No","15-Nov",13,"No","Facing Traffic","C: Possible Injury","Travel Lane","White","Male","Cary","Wake","No","01-01-03","2012-04-04","Motorist Overtaking Bicyclist",16,"Non-Intersection","01-04-01","0001-01-01T11:28:58-04:56","Motorist Overtaking - Bicyclist Swerved",NA,2012,"C: Possible Injury","Residential","",NA,"Missing","","Injury","/Missing","","","No","Yes","Daylight","Urban (>70% Developed)","2 lanes",2,"Straight - Level","Local Street","Dry","Two-Way, Not Divided","None","No Special Feature","Smooth Asphalt","Piedmont","Urban","20 - 25  MPH","No Control Present","Clear","No","35.77365, -78.8423",-78.8423,35.77365
"5123",189,190,"No","40-49",42,"No","With Traffic","B: Evident Injury","Travel Lane","Black","Male","Kinston","Lenoir","No","01-01-05","2012-04-20","Motorist Overtaking Bicyclist",20,"Intersection","01-04-01","0001-01-01T15:03:58-04:56","Motorist Overtaking - Misjudged Space",NA,2012,"B: Evident Injury","Residential","",NA,"Missing","31-35 mph","Injury","/Missing","","Passenger Car","No","Yes","Dark - Lighted Roadway","Urban (>70% Developed)","4 lanes",2,"Straight - Level","Local Street","Dry","Two-Way, Not Divided","None","T-Intersection","Coarse Asphalt","Coastal","Urban","30 - 35  MPH","Stop And Go Signal","Clear","No","35.27833, -77.5756",-77.5756,35.27833
"5124",200,201,"No","25-29",28,"No","With Traffic","C: Possible Injury","Bike Lane / Paved Shoulder","Asian","Male","Greensboro","Guilford","No","","2012-04-02","Motorist Left Turn / Merge",19,"Intersection","01-04-01","0001-01-01T14:42:58-04:56","Motorist Left Turn - Opposite Direction",NA,2012,"C: Possible Injury","Commercial","20-24",21,"No","6-10 mph","O: No Injury","White","Female","Passenger Car","No","No","Daylight","Urban (>70% Developed)","2 lanes",2,"Straight - Level","Local Street","Dry","Two-Way, Not Divided","None","Four-Way Intersection","Smooth Asphalt","Piedmont","Urban","30 - 35  MPH","Stop And Go Signal","Clear","No","36.06374, -79.8239",-79.8239,36.06374
"5125",201,202,"No","16-19",17,"No","With Traffic","B: Evident Injury","Travel Lane","Black","Male","None - Rural Crash","Hertford","No","01-01-03","2012-04-04","Motorist Overtaking Bicyclist",21,"Non-Intersection","01-04-01","0001-01-01T16:24:58-04:56","Motorist Overtaking - Other /",NA,2012,"B: Evident Injury","Farms, Woods, Pastures","25-29",29,"No","21-25 mph","O: No Injury","Black","Male","Passenger Car","No","No","Dark - Roadway Not Lighted","Rural (<30% Developed)","2 lanes",2,"Straight - Level","State Secondary Route","Dry","Two-Way, Not Divided","None","No Special Feature","Coarse Asphalt","Coastal","Rural","50 - 55  MPH","No Control Present","Cloudy","No","36.30174, -76.9589",-76.9589,36.30174
"5126",204,205,"Yes","40-49",45,"No","With Traffic","B: Evident Injury","Travel Lane","White","Male","Stallings","Union","No","01-01-06","2012-04-07","Motorist Left Turn / Merge",3,"Non-Intersection","01-04-01","0000-12-31T22:51:58-04:56","Motorist Left Turn - Opposite Direction",NA,2012,"B: Evident Injury","Residential","50-59",59,"No","6-10 mph","O: No Injury","White","Female","Passenger Car","No","No","Daylight","Mixed (30% To 70% Developed)","2 lanes",2,"Curve - Hillcrest","Local Street","Dry","Two-Way, Not Divided","None","No Special Feature","Smooth Asphalt","Piedmont","Urban","40 - 45  MPH","No Control Present","Clear","No","35.10617, -80.6747",-80.6747,35.10617
"5127",205,206,"No","",0,"No","With Traffic","Injury","Travel Lane","/Missing","","None - Rural Crash","Rockingham","No","","2012-04-23","Motorist Overtaking Bicyclist",22,"Non-Intersection","01-04-01","0001-01-01T17:07:58-04:56","Motorist Overtaking - Misjudged Space",NA,2012,"O: No Injury","Farms, Woods, Pastures","40-49",40,"No","41-45 mph","O: No Injury","White","Female","Passenger Car","No","No","Dark - Roadway Not Lighted","Rural (<30% Developed)","2 lanes",2,"Straight - Level","NC Route","Dry","Two-Way, Not Divided","None","No Special Feature","Smooth Asphalt","Piedmont","Rural","40 - 45  MPH","Double Yellow Line, No Passing Zone","Clear","No","36.35368, -79.6926",-79.6926,36.35368
"5128",206,207,"Yes","15-Nov",13,"No","With Traffic","C: Possible Injury","Travel Lane","White","Female","Morehead City","Carteret","No","01-01-04","2012-04-12","Crossing Paths - Other Circumstances",16,"Intersection","01-04-01","0001-01-01T11:19:58-04:56","Crossing Paths - Intersection - Other /",NA,2012,"C: Possible Injury","Commercial","40-49",43,"No","31-35 mph","O: No Injury","White","Female","Passenger Car","No","No","Other","Urban (>70% Developed)","4 lanes",3,"Straight - Level","Local Street","Dry","Two-Way, Divided, Unprotected Median","None","T-Intersection","Coarse Asphalt","Coastal","Urban","30 - 35  MPH","No Control Present","Clear","No","34.72716, -76.7509",-76.7509,34.72716
"5129",207,208,"No","50-59",51,"No","With Traffic","C: Possible Injury","Travel Lane","White","Female","Asheville","Buncombe","No","01-01-07","2012-04-15","Motorist Failed to Yield - Sign-Controlled Intersection",13,"Intersection","01-04-01","0001-01-01T08:17:58-04:56","Motorist Drive Out - Sign-Controlled Intersection",NA,2012,"C: Possible Injury","Residential","30-39",36,"No","0-5 mph","O: No Injury","White","Female","Passenger Car","No","No","Daylight","Urban (>70% Developed)","2 lanes",2,"Straight - Level","Local Street","Dry","Two-Way, Not Divided","None","T-Intersection","Smooth Asphalt","Mountains","Urban","20 - 25  MPH","Stop Sign","Clear","No","35.60994, -82.546",-82.546,35.60994
"5130",208,209,"Yes","16-19",19,"No","With Traffic","B: Evident Injury","Travel Lane","White","Male","Mount Olive","Wayne","No","01-01-05","2012-04-27","Bicyclist Failed to Yield - Sign-Controlled Intersection",12,"Intersection","01-04-01","0001-01-01T07:16:58-04:56","Bicyclist Ride Through - Sign-Controlled Intersection",NA,2012,"B: Evident Injury","Residential","40-49",42,"No","26-30 mph","O: No Injury","White","Male","Police","No","No","Daylight","Urban (>70% Developed)","2 lanes",2,"Straight - Level","Local Street","Dry","Two-Way, Not Divided","None","Four-Way Intersection","Coarse Asphalt","Coastal","Rural","30 - 35  MPH","Flashing Signal With Stop Sign","Clear","No","35.19722, -78.0626",-78.0626,35.19722
"5131",211,212,"Yes","40-49",42,"No","With Traffic","B: Evident Injury","Travel Lane","White","Male","None - Rural Crash","Wake","No","01-01-05","2012-04-27","Motorist Left Turn / Merge",13,"Intersection","01-04-01","0001-01-01T08:10:58-04:56","Motorist Left Turn - Opposite Direction",NA,2012,"B: Evident Injury","Residential","30-39",39,"No","16-20 mph","O: No Injury","White","Male","Passenger Car","No","No","Daylight","Urban (>70% Developed)","2 lanes",2,"Curve - Level","State Secondary Route","Dry","Two-Way, Not Divided","None","T-Intersection","Coarse Asphalt","Piedmont","Rural","40 - 45  MPH","Double Yellow Line, No Passing Zone","Clear","No","35.63449, -78.6713",-78.6713,35.63449
"5132",212,213,"No","40-49",42,"No","With Traffic","O: No Injury","Travel Lane","White","Male","None - Rural Crash","Cleveland","No","01-01-04","2012-04-26","Motorist Right Turn / Merge",18,"Intersection","01-04-01","0001-01-01T13:13:58-04:56","Motorist Right Turn - Same Direction",NA,2012,"O: No Injury","Farms, Woods, Pastures","30-39",38,"No","36-40 mph","O: No Injury","White","Female","Sport Utility","No","No","Daylight","Rural (<30% Developed)","2 lanes",2,"Straight - Level","State Secondary Route","Dry","Two-Way, Not Divided","None","T-Intersection","Smooth Asphalt","Mountains","Rural","40 - 45  MPH","Double Yellow Line, No Passing Zone","Clear","No","35.32547, -81.6214",-81.6214,35.32547
"5133",214,215,"No","50-59",50,"No","Not Applicable","C: Possible Injury","Non-Roadway","White","Male","Wilmington","New Hanover","No","01-01-03","2012-04-18","Non-Roadway",15,"Non-Roadway","01-04-01","0001-01-01T10:54:58-04:56","Non-Roadway",NA,2012,"C: Possible Injury","Commercial","50-59",56,"No","","O: No Injury","White","Female","Passenger Car","No","No","Daylight","Urban (>70% Developed)","",2,"Straight - Level","Public Vehicular Area","Dry","Two-Way, Not Divided","None","No Special Feature","Coarse Asphalt","Coastal","Urban","30 - 35  MPH","Stop Sign","Clear","No","34.2339, -77.8769",-77.8769,34.2339
"5134",216,217,"Yes","50-59",54,"No","With Traffic","B: Evident Injury","Travel Lane","Black","Male","Wilmington","New Hanover","No","01-01-05","2012-04-20","Crossing Paths - Other Circumstances",18,"Intersection","01-04-01","0001-01-01T13:54:58-04:56","Sign-Controlled Intersection - Other /",NA,2012,"B: Evident Injury","Residential","30-39",32,"No","21-25 mph","O: No Injury","Black","Male","Pickup","No","No","Daylight","Urban (>70% Developed)","3 lanes",2,"Straight - Level","Local Street","Dry","One-Way, Not Divided","None","No Special Feature","Coarse Asphalt","Coastal","Urban","30 - 35  MPH","Stop Sign","Clear","No","34.22648, -77.933",-77.933,34.22648
"5135",220,221,"Yes","20-24",20,"No","With Traffic","C: Possible Injury","Travel Lane","White","Male","Greensboro","Guilford","No","01-01-04","2012-04-12","Bicyclist Failed to Yield - Signalized Intersection",13,"Intersection","01-04-01","0001-01-01T08:18:58-04:56","Bicyclist Ride Through - Signalized Intersection",NA,2012,"C: Possible Injury","Residential","40-49",46,"No","0-5 mph","O: No Injury","Black","Male","Passenger Car","No","No","Daylight","Urban (>70% Developed)","5 lanes",2,"Straight - Level","Local Street","Dry","Two-Way, Divided, Unprotected Median","None","Four-Way Intersection","Smooth Asphalt","Piedmont","Urban","30 - 35  MPH","Stop And Go Signal","Clear","No","36.11319, -79.7755",-79.7755,36.11319
"5136",222,223,"No","",0,"Missing","With Traffic","Injury","Travel Lane","/Missing","","Winston-Salem","Forsyth","No","01-01-03","2012-04-18","Motorist Overtaking Bicyclist",20,"Intersection-Related","01-04-01","0001-01-01T16:00:58-04:56","Motorist Overtaking - Other /",NA,2012,"O: No Injury","Residential","70",70,"No","31-35 mph","O: No Injury","White","Male","Passenger Car","No","No","Dark - Roadway Not Lighted","Mixed (30% To 70% Developed)","2 lanes",2,"Straight - Level","Local Street","Wet","Two-Way, Divided, Unprotected Median","None","No Special Feature","Smooth Asphalt","Piedmont","Urban","30 - 35  MPH","No Control Present","Cloudy","No","36.1529, -80.2641",-80.2641,36.1529
"5137",239,240,"Yes","50-59",54,"No","With Traffic","B: Evident Injury","Travel Lane","White","Male","None - Rural Crash","Craven","No","01-01-06","2012-05-05","Backing Vehicle",12,"Non-Intersection","01-05-01","0001-01-01T07:55:58-04:56","Backing Vehicle",NA,2012,"B: Evident Injury","Residential","50-59",55,"No","0-5 mph","O: No Injury","White","Male","Passenger Car","No","No","Daylight","Rural (<30% Developed)","2 lanes",2,"Straight - Level","State Secondary Route","Dry","Two-Way, Not Divided","None","Driveway, Private","Smooth Asphalt","Coastal","Rural","30 - 35  MPH","No Control Present","Clear","No","34.98316, -76.9824",-76.9824,34.98316
"5138",241,242,"No","16-19",19,"No","With Traffic","B: Evident Injury","Travel Lane","Asian","Male","Chapel Hill","Orange","No","01-01-03","2012-04-11","Bicyclist Left Turn / Merge",15,"Non-Intersection","01-04-01","0001-01-01T10:30:58-04:56","Bicyclist Left Turn - Same Direction",NA,2012,"B: Evident Injury","Institutional","25-29",26,"No","11-15 mph","O: No Injury","White","Male","Sport Utility","No","No","Daylight","Urban (>70% Developed)","4 lanes",2,"Straight - Grade","Local Street","Dry","Two-Way, Not Divided","None","No Special Feature","Smooth Asphalt","Piedmont","Urban","20 - 25  MPH","No Control Present","Clear","No","35.9004, -79.0408",-79.0408,35.9004
"5139",242,243,"No","10-Jun",9,"No","Not Applicable","O: No Injury","Sidewalk / Crosswalk / Driveway Crossing","White","Female","Wilmington","New Hanover","No","01-01-04","2012-05-03","Crossing Paths - Other Circumstances",7,"Non-Intersection","01-05-01","0001-01-01T02:42:58-04:56","Crossing Paths - Midblock - Other /",NA,2012,"O: No Injury","Commercial","50-59",59,"No","0-5 mph","O: No Injury","White","Female","Sport Utility","No","No","Daylight","Urban (>70% Developed)","3 lanes",2,"Straight - Level","Local Street","Dry","Two-Way, Divided, Unprotected Median","None","No Special Feature","Coarse Asphalt","Coastal","Urban","30 - 35  MPH","Human Control","Clear","No","34.19667, -77.844",-77.844,34.19667
"5140",243,244,"No","",0,"Missing","Facing Traffic","Injury","Travel Lane","/Missing","","Chapel Hill","Orange","No","","2012-04-30","Bicyclist Left Turn / Merge",18,"Non-Intersection","01-04-01","0001-01-01T13:30:58-04:56","Bicyclist Left Turn - Opposite Direction",NA,2012,"O: No Injury","Residential","25-29",27,"No","31-35 mph","O: No Injury","White","Male","Passenger Car","No","No","Daylight","Urban (>70% Developed)","1 lane",2,"Curve - Grade","Local Street","Dry","Two-Way, Not Divided","None","No Special Feature","Smooth Asphalt","Piedmont","Urban","30 - 35  MPH","No Control Present","Clear","No","35.91593, -79.0644",-79.0644,35.91593
"5141",248,249,"No","50-59",52,"No","Not Applicable","B: Evident Injury","","White","Female","None - Rural Crash","Wake","No","01-01-07","2012-04-29","Bicyclist Failed to Yield - Midblock",16,"Non-Intersection","01-04-01","0001-01-01T12:00:58-04:56","Bicyclist Ride Out - Midblock -",NA,2012,"B: Evident Injury","Residential","",NA,"Missing","36-40 mph","Injury","/Missing","","","No","Yes","Daylight","Rural (<30% Developed)","2 lanes",2,"Curve - Grade","State Secondary Route","Dry","Two-Way, Not Divided","None","No Special Feature","Smooth Asphalt","Piedmont","Rural","40 - 45  MPH","Double Yellow Line, No Passing Zone","Clear","No","35.78601, -78.923",-78.923,35.78601
"5142",251,252,"Yes","16-19",16,"No","Facing Traffic","C: Possible Injury","Travel Lane","Black","Female","None - Rural Crash","Wayne","No","","2012-05-07","Head-On",20,"Non-Intersection","01-05-01","0001-01-01T15:53:58-04:56","Head-On - Bicyclist",NA,2012,"C: Possible Injury","Farms, Woods, Pastures","40-49",49,"No","41-45 mph","O: No Injury","Black","Male","Passenger Car","No","No","Dark - Roadway Not Lighted","Rural (<30% Developed)","2 lanes",2,"Straight - Level","State Secondary Route","Dry","Two-Way, Not Divided","None","No Special Feature","Smooth Asphalt","Coastal","Rural","40 - 45  MPH","Double Yellow Line, No Passing Zone","Clear","No","35.40624, -77.9785",-77.9785,35.40624
"5143",258,259,"No","40-49",40,"No","Facing Traffic","C: Possible Injury","Sidewalk / Crosswalk / Driveway Crossing","White","Female","Washington","Beaufort","No","","2012-04-23","Motorist Failed to Yield - Midblock",16,"Non-Intersection","01-04-01","0001-01-01T11:49:58-04:56","Motorist Drive Out - Commercial Driveway / Alley",NA,2012,"C: Possible Injury","Commercial","20-24",23,"No","0-5 mph","O: No Injury","White","Male","Passenger Car","No","No","Daylight","Urban (>70% Developed)","",2,"Straight - Level","Public Vehicular Area","Dry","Two-Way, Not Divided","None","Driveway, Public","Coarse Asphalt","Coastal","Urban","30 - 35  MPH","No Control Present","Clear","No","35.54614, -77.0304",-77.0304,35.54614
"5144",259,260,"No","30-39",36,"No","Facing Traffic","C: Possible Injury","Sidewalk / Crosswalk / Driveway Crossing","White","Male","Stanley","Gaston","No","01-01-04","2012-03-01","Loss of Control / Turning Error",17,"Non-Intersection","01-03-01","0001-01-01T12:13:58-04:56","Bicyclist Lost Control - Mechanical Problems",NA,2012,"C: Possible Injury","Commercial","70",70,"No","","O: No Injury","White","Female","Passenger Car","No","No","Daylight","Urban (>70% Developed)","",2,"Straight - Grade","Public Vehicular Area","Dry","Two-Way, Not Divided","None","T-Intersection","Smooth Asphalt","Piedmont","Rural","","No Control Present","Clear","No","35.35504, -81.0912",-81.0912,35.35504
"5145",267,268,"Yes","15-Nov",12,"No","With Traffic","C: Possible Injury","Travel Lane","White","Male","None - Rural Crash","Lenoir","No","01-01-05","2012-05-11","Bicyclist Left Turn / Merge",19,"Non-Intersection","01-05-01","0001-01-01T14:33:58-04:56","Bicyclist Left Turn - Opposite Direction",NA,2012,"C: Possible Injury","Residential","0-19",18,"No","41-45 mph","O: No Injury","White","Male","Passenger Car","No","No","Daylight","Mixed (30% To 70% Developed)","2 lanes",2,"Straight - Level","State Secondary Route","Dry","Two-Way, Not Divided","None","No Special Feature","Smooth Asphalt","Coastal","Rural","50 - 55  MPH","No Control Present","Clear","No","35.24266, -77.6125",-77.6125,35.24266
"5146",270,271,"No","40-49",46,"Yes","","C: Possible Injury","","Black","Female","Rocky Mount","Nash","Yes","01-01-05","2012-04-13","Crossing Paths - Other Circumstances",21,"Intersection-Related","01-04-01","0001-01-01T16:18:58-04:56","Signalized Intersection - Other /",NA,2012,"C: Possible Injury","Residential","20-24",20,"No","6-10 mph","O: No Injury","Black","Male","Passenger Car","No","No","Dark - Lighted Roadway","Urban (>70% Developed)","5 lanes",2,"Straight - Level","Local Street","Dry","Two-Way, Not Divided","None","Four-Way Intersection","Coarse Asphalt","Coastal","Urban","30 - 35  MPH","Stop And Go Signal","Clear","No","35.93568, -77.8047",-77.8047,35.93568
"5147",274,275,"Yes","60-69",64,"No","With Traffic","B: Evident Injury","Travel Lane","White","Male","Sanford","Lee","No","","2012-04-30","Bicyclist Left Turn / Merge",19,"Intersection","01-04-01","0001-01-01T14:05:58-04:56","Bicyclist Left Turn - Same Direction",NA,2012,"B: Evident Injury","Residential","0-19",18,"No","41-45 mph","O: No Injury","White","Male","Pickup","No","No","Daylight","Urban (>70% Developed)","2 lanes",2,"Straight - Level","Local Street","Dry","Two-Way, Not Divided","None","Four-Way Intersection","Coarse Asphalt","Piedmont","Urban","40 - 45  MPH","No Control Present","Clear","No","35.45287, -79.2263",-79.2263,35.45287
"5148",275,276,"No","60-69",69,"No","With Traffic","C: Possible Injury","Travel Lane","White","Male","Wrightsville Beach","New Hanover","No","01-01-07","2012-05-06","Motorist Left Turn / Merge",16,"Intersection","01-05-01","0001-01-01T11:50:58-04:56","Motorist Left Turn - Opposite Direction",NA,2012,"C: Possible Injury","Residential","20-24",20,"No","0-5 mph","O: No Injury","White","Male","Passenger Car","No","No","Daylight","Urban (>70% Developed)","2 lanes",2,"Straight - Level","Local Street","Dry","Two-Way, Not Divided","None","Four-Way Intersection","Grooved Concrete","Coastal","Rural","20 - 25  MPH","Stop Sign","Cloudy","No","34.21407, -77.7914",-77.7914,34.21407
"5149",276,277,"No","20-24",20,"No","Facing Traffic","Injury","Travel Lane","Black","Male","Durham","Durham","No","01-01-04","2012-03-29","Motorist Failed to Yield - Sign-Controlled Intersection",11,"Intersection","01-03-01","0001-01-01T06:43:58-04:56","Motorist Drive Out - Sign-Controlled Intersection",NA,2012,"O: No Injury","Residential","30-39",39,"No","0-5 mph","O: No Injury","Black","Male","Van","No","No","Daylight","Mixed (30% To 70% Developed)","2 lanes",2,"Curve - Grade","Local Street","Dry","Two-Way, Not Divided","None","No Special Feature","Coarse Asphalt","Piedmont","Urban","30 - 35  MPH","No Control Present","Clear","No","35.97351, -78.9028",-78.9028,35.97351
"5150",285,286,"Yes","0-5",4,"No","With Traffic","A: Disabling Injury","Travel Lane","Hispanic","Male","Winston-Salem","Forsyth","No","01-01-06","2012-04-21","Bicyclist Failed to Yield - Sign-Controlled Intersection",9,"Intersection","01-04-01","0001-01-01T05:00:58-04:56","Bicyclist Ride Through - Sign-Controlled Intersection",NA,2012,"A: Disabling Injury","Residential","25-29",25,"No","21-25 mph","O: No Injury","Black","Female","Sport Utility","No","No","Daylight","Urban (>70% Developed)","2 lanes",2,"Straight - Level","Local Street","Dry","Two-Way, Not Divided","None","Four-Way Intersection","Smooth Asphalt","Piedmont","Urban","30 - 35  MPH","No Control Present","Clear","No","36.12415, -80.2197",-80.2197,36.12415
"5151",287,288,"No","25-29",27,"No","Facing Traffic","O: No Injury","Sidewalk / Crosswalk / Driveway Crossing","White","Male","Boone","Watauga","No","","2012-05-07","Motorist Failed to Yield - Midblock",17,"Non-Intersection","01-05-01","0001-01-01T12:47:58-04:56","Motorist Drive Out - Commercial Driveway / Alley",NA,2012,"O: No Injury","Commercial","30-39",38,"No","","O: No Injury","White","Male","Pickup","No","No","Daylight","Urban (>70% Developed)","",2,"Straight - Level","Public Vehicular Area","Dry","Two-Way, Not Divided","None","Driveway, Public","Smooth Asphalt","Mountains","Urban","","Other","Clear","No","36.20647, -81.6711",-81.6711,36.20647