"","FID","OBJECTID","AmbulanceR","BikeAge_Gr","Bike_Age","Bike_Alc_D","Bike_Dir","Bike_Injur","Bike_Pos","Bike_Race","Bike_Sex","City","County","CrashAlcoh","CrashDay","Crash_Date","Crash_Grp","Crash_Hour","Crash_Loc","Crash_Mont","Crash_Time","Crash_Type","Crash_Ty_1","Crash_Year","Crsh_Sevri","Developmen","DrvrAge_Gr","Drvr_Age","Drvr_Alc_D","Drvr_EstSp","Drvr_Injur","Drvr_Race","Drvr_Sex","Drvr_VehTy","ExcsSpdInd","Hit_Run","Light_Cond","Locality","Num_Lanes","Num_Units","Rd_Charact","Rd_Class","Rd_Conditi","Rd_Config","Rd_Defects","Rd_Feature","Rd_Surface","Region","Rural_Urba","Speed_Limi","Traff_Cntr","Weather","Workzone_I","Location","locx","locy"
"5152",289,290,"No","30-39",32,"No","With Traffic","B: Evident Injury","Travel Lane","White","Male","Morrisville","Wake","No","01-01-04","2012-05-17","Motorist Right Turn / Merge",9,"Intersection","01-05-01","0001-01-01T04:45:58-04:56","Motorist Right Turn - Same Direction",NA,2012,"B: Evident Injury","Commercial","20-24",21,"No","41-45 mph","O: No Injury","Black","Female","Passenger Car","No","No","Daylight","Urban (>70% Developed)","5 lanes",2,"Straight - Level","State Secondary Route","Dry","Two-Way, Not Divided","None","No Special Feature","Coarse Asphalt","Piedmont","Urban","40 - 45  MPH","Stop And Go Signal","Cloudy","No","35.85367, -78.8252",-78.8252,35.85367
"5153",294,295,"Yes","60-69",60,"No","With Traffic","B: Evident Injury","Travel Lane","White","Male","None - Rural Crash","Lenoir","No","01-01-06","2012-05-19","Loss of Control / Turning Error",17,"Intersection","01-05-01","0001-01-01T12:43:58-04:56","Motorist Turning Error - Left Turn",NA,2012,"B: Evident Injury","Residential","0-19",16,"No","21-25 mph","O: No Injury","White","Male","Pickup","No","No","Daylight","Mixed (30% To 70% Developed)","2 lanes",2,"Straight - Level","State Secondary Route","Dry","Two-Way, Not Divided","None","T-Intersection","Coarse Asphalt","Coastal","Rural","40 - 45  MPH","Stop Sign","Clear","No","35.29614, -77.6932",-77.6932,35.29614
"5154",297,298,"Yes","40-49",42,"No","Facing Traffic","C: Possible Injury","Sidewalk / Crosswalk / Driveway Crossing","White","Male","Asheville","Buncombe","No","","2012-04-23","Motorist Failed to Yield - Midblock",13,"Non-Intersection","01-04-01","0001-01-01T08:09:58-04:56","Motorist Drive Out - Commercial Driveway / Alley",NA,2012,"C: Possible Injury","Commercial","60-69",60,"No","0-5 mph","O: No Injury","White","Male","Passenger Car","No","No","Daylight","Urban (>70% Developed)","2 lanes",2,"Straight - Level","Public Vehicular Area","Dry","Two-Way, Not Divided","None","No Special Feature","Smooth Asphalt","Mountains","Urban","5 - 15 MPH","No Control Present","Cloudy","No","35.55139, -82.5371",-82.5371,35.55139
"5155",298,299,"Yes","50-59",52,"No","Facing Traffic","B: Evident Injury","Travel Lane","Black","Male","Raleigh","Wake","No","","2012-05-14","Motorist Failed to Yield - Signalized Intersection",9,"Intersection","01-05-01","0001-01-01T04:51:58-04:56","Motorist Drive Out - Right Turn on Red",NA,2012,"B: Evident Injury","Commercial","20-24",24,"No","6-10 mph","O: No Injury","Hispanic","Female","Passenger Car","No","No","Daylight","Urban (>70% Developed)","5 lanes",2,"Straight - Level","Interstate","Dry","One-Way, Not Divided","None","On or Off Ramp","Smooth Asphalt","Piedmont","Urban","20 - 25  MPH","Stop And Go Signal","Clear","No","35.76948, -78.6484",-78.6484,35.76948
"5156",299,300,"No","30-39",31,"No","With Traffic","C: Possible Injury","Travel Lane","White","Female","None - Rural Crash","Wayne","No","01-01-07","2012-05-20","Motorist Overtaking Bicyclist",15,"Non-Intersection","01-05-01","0001-01-01T10:38:58-04:56","Motorist Overtaking - Other /",NA,2012,"C: Possible Injury","Farms, Woods, Pastures","",NA,"No","41-45 mph","Injury","/Missing","","Passenger Car","No","Yes","Daylight","Urban (>70% Developed)","2 lanes",2,"Straight - Level","State Secondary Route","Dry","Two-Way, Not Divided","None","No Special Feature","Smooth Asphalt","Coastal","Rural","40 - 45  MPH","Double Yellow Line, No Passing Zone","Clear","No","35.32736, -78.032",-78.032,35.32736
"5157",300,301,"Yes","40-49",47,"No","Facing Traffic","B: Evident Injury","Sidewalk / Crosswalk / Driveway Crossing","White","Female","Raleigh","Wake","No","01-01-05","2012-05-11","Motorist Failed to Yield - Signalized Intersection",19,"Intersection","01-05-01","0001-01-01T14:07:58-04:56","Motorist Drive Out - Right Turn on Red",NA,2012,"B: Evident Injury","Residential","30-39",33,"No","6-10 mph","O: No Injury","White","Female","Passenger Car","No","No","Daylight","Urban (>70% Developed)","4 lanes",2,"Straight - Level","Local Street","Dry","Two-Way, Not Divided","None","Four-Way Intersection","Smooth Asphalt","Piedmont","Urban","30 - 35  MPH","Stop And Go Signal","Clear","No","35.8114, -78.5656",-78.5656,35.8114
"5158",330,331,"Yes","30-39",36,"No","Facing Traffic","C: Possible Injury","Sidewalk / Crosswalk / Driveway Crossing","Asian","Female","Cary","Wake","No","01-01-03","2011-06-01","Motorist Failed to Yield - Sign-Controlled Intersection",8,"Intersection","01-06-01","0001-01-01T03:30:58-04:56","Motorist Drive Out - Sign-Controlled Intersection",132141,2011,"C: Possible Injury","Commercial","30-39",34,"No","0-5 mph","O: No Injury","White","Male","Passenger Car","No","No","Daylight","Urban (>70% Developed)","3 lanes",2,"Straight - Grade","Local Street","Dry","Two-Way, Not Divided","None","Four-Way Intersection","Smooth Asphalt","Piedmont","Urban","30 - 35  MPH","Stop And Go Signal","Clear","No","35.76179, -78.7834",-78.7834,35.76179
"5159",336,337,"No","10-Jun",10,"No","With Traffic","B: Evident Injury","Travel Lane","Black","Male","None - Rural Crash","Iredell","No","01-01-07","2011-06-05","Motorist Overtaking Bicyclist",11,"Non-Intersection","01-06-01","0001-01-01T06:24:58-04:56","Motorist Overtaking - Bicyclist Swerved",311235,2011,"B: Evident Injury","Residential","20-24",23,"No","6-10 mph","O: No Injury","Black","Male","Passenger Car","No","No","Daylight","Mixed (30% To 70% Developed)","2 lanes",2,"Straight - Grade","State Secondary Route","Dry","Two-Way, Not Divided","None","No Special Feature","Coarse Asphalt","Piedmont","Rural","30 - 35  MPH","No Control Present","Clear","No","35.77857, -80.8399",-80.8399,35.77857
"5160",340,341,"Yes","50-59",52,"Yes","With Traffic","C: Possible Injury","Sidewalk / Crosswalk / Driveway Crossing","Black","Male","Salisbury","Rowan","Yes","01-01-02","2011-06-14","Parallel Paths - Other Circumstances",17,"Non-Intersection","01-06-01","0001-01-01T12:53:58-04:56","Bicyclist Ride Out - Parallel Path",331225,2011,"C: Possible Injury","Residential","25-29",26,"No","16-20 mph","O: No Injury","White","Female","Passenger Car","No","No","Daylight","Urban (>70% Developed)","2 lanes",2,"Straight - Level",".","Dry","Two-Way, Divided, Unprotected Median","None","No Special Feature","Smooth Asphalt","Piedmont","Urban","30 - 35  MPH","No Control Present","Clear","No","35.6601, -80.4802",-80.4802,35.6601
"5161",355,356,"No","20-24",23,"No","Not Applicable","O: No Injury","Non-Roadway","Black","Male","Durham","Durham","No","","2011-06-27","Non-Roadway",21,"Non-Roadway","01-06-01","0001-01-01T16:23:58-04:56","Non-Roadway",460910,2011,"O: No Injury","Residential","30-39",34,"No","0-5 mph","O: No Injury","White","Male","Police","No","No","Dark - Lighted Roadway","Urban (>70% Developed)","",2,"Straight - Level","Public Vehicular Area","Dry","","None","Other","Other","Piedmont","Urban","5 - 15 MPH","No Control Present","Clear","No","35.99259, -78.8819",-78.8819,35.99259
"5162",363,364,"No","50-59",57,"No","With Traffic","A: Disabling Injury","Travel Lane","White","Male","Madison","Rockingham","No","","2011-05-16","Bicyclist Failed to Yield - Signalized Intersection",16,"Intersection","01-05-01","0001-01-01T11:28:58-04:56","Bicyclist Ride Through - Signalized Intersection",111155,2011,"A: Disabling Injury","Commercial","40-49",47,"No","11-15 mph","O: No Injury","White","Male","Pickup","No","No","Daylight","Rural (<30% Developed)","2 lanes",2,"Straight - Level","Local Street","Dry","Two-Way, Not Divided","None","Four-Way Intersection","Smooth Asphalt","Piedmont","Rural","20 - 25  MPH","Stop And Go Signal","Clear","No","36.38753, -79.9596",-79.9596,36.38753
"5163",365,366,"Yes","30-39",34,"No","With Traffic","B: Evident Injury","Travel Lane","White","Male","Jacksonville","Onslow","No","01-01-05","2011-05-27","Bicyclist Left Turn / Merge",8,"Intersection-Related","01-05-01","0001-01-01T03:37:58-04:56","Bicyclist Left Turn - Same Direction",211221,2011,"B: Evident Injury","Commercial","40-49",48,"No","31-35 mph","O: No Injury","White","Male","Truck/Trailer","No","No","Daylight","Urban (>70% Developed)","1 lane",2,"Straight - Level","US Route","Dry","One-Way, Not Divided","None","Y-Intersection","Smooth Asphalt","Coastal","Urban","40 - 45  MPH","No Control Present","Clear","No","34.7523, -77.4496",-77.4496,34.7523
"5164",368,369,"No","30-39",32,"No","Facing Traffic","C: Possible Injury","Travel Lane","White","Female","Wilmington","New Hanover","No","01-01-03","2011-06-15","Motorist Failed to Yield - Sign-Controlled Intersection",17,"Intersection","01-06-01","0001-01-01T12:03:58-04:56","Motorist Drive Out - Sign-Controlled Intersection",112141,2011,"C: Possible Injury","Commercial","40-49",47,"No","0-5 mph","O: No Injury","White","Female","Sport Utility","No","No","Daylight","Urban (>70% Developed)","2 lanes",2,"Straight - Grade","Local Street","Dry","Two-Way, Not Divided","None","T-Intersection","Coarse Asphalt","Coastal","Urban","20 - 25  MPH","Stop Sign","Clear","No","34.19453, -77.9131",-77.9131,34.19453
"5165",376,377,"Yes","16-19",17,"No","With Traffic","C: Possible Injury","Travel Lane","Black","Male","None - Rural Crash","Scotland","No","01-01-06","2011-07-02","Motorist Overtaking Bicyclist",1,"Non-Intersection","01-07-01","0000-12-31T20:28:58-04:56","Motorist Overtaking - Bicyclist Swerved",311235,2011,"C: Possible Injury","Farms, Woods, Pastures","70+",NA,"No","46-50 mph","O: No Injury","Black","Male","Passenger Car","No","No","Dark - Roadway Not Lighted","Rural (<30% Developed)","2 lanes",2,"Straight - Level","US Route","Dry","Two-Way, Not Divided","None","No Special Feature","Smooth Asphalt","Coastal","Rural","50 - 55  MPH","No Control Present","Clear","No","34.71653, -79.5138",-79.5138,34.71653
"5166",377,378,"Yes","16-19",18,"No","Facing Traffic","Injury","Sidewalk / Crosswalk / Driveway Crossing","Black","Male","Charlotte","Mecklenburg","No","01-01-06","2011-06-11","Loss of Control / Turning Error",13,"Intersection","01-06-01","0001-01-01T09:00:58-04:56","Bicyclist Lost Control - Oversteering, Improper Braking, Speed",132122,2011,"O: No Injury","Commercial","40-49",46,"No","0-5 mph","O: No Injury","White","Male","Pickup","No","No","Daylight","Urban (>70% Developed)","2 lanes",2,"Straight - Level","Local Street","Dry","Two-Way, Not Divided","None","No Special Feature","Coarse Asphalt","Piedmont","Urban","30 - 35  MPH","Stop Sign","Clear","No","35.24871, -80.7542",-80.7542,35.24871
"5167",381,382,"Yes","30-39",31,"Yes","With Traffic","B: Evident Injury","Travel Lane","White","Male","Raleigh","Wake","Yes","01-01-06","2011-07-02","Motorist Left Turn / Merge",23,"Intersection","01-07-01","0001-01-01T18:12:58-04:56","Motorist Left Turn - Opposite Direction",111212,2011,"B: Evident Injury","Industrial","20-24",21,"No","6-10 mph","O: No Injury","Hispanic","Male","Passenger Car","No","No","Dark - Lighted Roadway","Urban (>70% Developed)","6 lanes",2,"Straight - Level","Local Street","Dry","Two-Way, Not Divided","None","Four-Way Intersection","Smooth Asphalt","Piedmont","Urban","30 - 35  MPH","Stop And Go Signal","Clear","No","35.7805, -78.6417",-78.6417,35.7805
"5168",385,386,"Yes","16-19",16,"No","Not Applicable","K: Killed","Travel Lane","White","Male","Monroe","Union","No","01-01-03","2011-06-15","Bicyclist Failed to Yield - Midblock",12,"Non-Intersection","01-06-01","0001-01-01T08:02:58-04:56","Multiple Threat - Midblock",313357,2011,"K: Killed","Commercial","0-19",18,"No","36-40 mph","O: No Injury","White","Female","Passenger Car","No","No","Daylight","Urban (>70% Developed)","6 lanes",2,"Straight - Level","US Route","Dry","Two-Way, Divided, Unprotected Median","None","Non-Intersection Median Crossing","Smooth Asphalt","Piedmont","Urban","40 - 45  MPH","No Control Present","Clear","No","35.00959, -80.5629",-80.5629,35.00959
"5169",404,405,"Yes","10-Jun",6,"No","With Traffic","B: Evident Injury","Travel Lane","Black","Female","Rocky Mount","Nash","No","01-01-03","2011-05-18","Bicyclist Failed to Yield - Sign-Controlled Intersection",16,"Intersection","01-05-01","0001-01-01T11:11:58-04:56","Bicyclist Ride Through - Sign-Controlled Intersection",111144,2011,"B: Evident Injury","Residential","0-19",19,"No","6-10 mph","O: No Injury","Black","Female","Sport Utility","No","No","Daylight","Urban (>70% Developed)","2 lanes",2,"Straight - Level","Local Street","Dry","Two-Way, Not Divided","None","No Special Feature","Smooth Asphalt","Coastal","Urban","5 - 15 MPH","Stop Sign","Clear","No","35.96809, -77.8866",-77.8866,35.96809
"5170",411,412,"Yes","16-19",19,"No","With Traffic","O: No Injury","Travel Lane","Black","Male","None - Rural Crash","Wake","No","01-01-07","2011-07-10","Bicyclist Left Turn / Merge",17,"Non-Intersection","01-07-01","0001-01-01T12:49:58-04:56","Bicyclist Left Turn - Same Direction",311221,2011,"O: No Injury","Residential","30-39",39,"No","41-45 mph","O: No Injury","Black","Female","Passenger Car","No","No","Daylight","Mixed (30% To 70% Developed)","3 lanes",2,"Straight - Level","State Secondary Route","Dry","Two-Way, Not Divided","None","No Special Feature","Smooth Asphalt","Piedmont","Rural","40 - 45  MPH","No Control Present","Clear","No","35.74761, -78.5915",-78.5915,35.74761
"5171",421,422,"Yes","15-Nov",13,"No","Not Applicable","C: Possible Injury","Driveway / Alley","White","Male","Roanoke Rapids","Halifax","No","","2011-06-27","Loss of Control / Turning Error",20,"Intersection-Related","01-06-01","0001-01-01T15:12:58-04:56","Bicyclist Lost Control - Mechanical Problems",253121,2011,"C: Possible Injury","Residential","40-49",41,"No","11-15 mph","Injury","White","Male","Sport Utility","No","No","Daylight","Urban (>70% Developed)","2 lanes",2,"Straight - Level","Local Street","Dry","Two-Way, Not Divided","None","No Special Feature","Smooth Asphalt","Coastal","Urban","20 - 25  MPH","No Control Present","Clear","No","36.47029, -77.6467",-77.6467,36.47029
"5172",427,428,"Yes","15-Nov",11,"No","Not Applicable","C: Possible Injury","Driveway / Alley","Black","Male","Wilson","Wilson","No","","2011-04-25","Bicyclist Failed to Yield - Midblock",12,"Non-Intersection","01-04-01","0001-01-01T07:49:58-04:56","Bicyclist Ride Out - Residential Driveway",353311,2011,"C: Possible Injury","Residential","25-29",25,"No","16-20 mph","O: No Injury","White","Female","Sport Utility","No","No","Daylight","Urban (>70% Developed)","2 lanes",2,"Straight - Level","Local Street","Dry","Two-Way, Not Divided","None","No Special Feature","Coarse Asphalt","Coastal","Urban","30 - 35  MPH","No Control Present","Clear","No","35.72855, -77.9117",-77.9117,35.72855
"5173",430,431,"Yes","25-29",26,"No","With Traffic","B: Evident Injury","Travel Lane","Other","Male","Raleigh","Wake","No","01-01-05","2011-07-01","Bicyclist Overtaking Motorist",9,"Intersection-Related","01-07-01","0001-01-01T04:38:58-04:56","Bicyclist Overtaking - Passing on Right",211241,2011,"B: Evident Injury","Institutional","20-24",20,"No","0-5 mph","O: No Injury","Other","Female","Passenger Car","No","No","Daylight","Urban (>70% Developed)","2 lanes",2,"Straight - Level","Local Street","Dry","Two-Way, Not Divided","None","No Special Feature","Coarse Asphalt","Piedmont","Urban","20 - 25  MPH","Stop And Go Signal","Clear","No","35.78624, -78.6749",-78.6749,35.78624
"5174",431,432,"Yes","50-59",51,"No","With Traffic","B: Evident Injury","Travel Lane","White","Male","Waxhaw","Union","No","01-01-06","2011-07-02","Loss of Control / Turning Error",7,"Intersection","01-07-01","0001-01-01T02:44:58-04:56","Motorist Turning Error - Left Turn",111111,2011,"B: Evident Injury","Farms, Woods, Pastures","40-49",42,"No","41-45 mph","O: No Injury","White","Male","Sport Utility","No","No","Daylight","Mixed (30% To 70% Developed)","4 lanes",2,"Straight - Grade","Local Street","Dry","Two-Way, Divided, Unprotected Median","None","Four-Way Intersection","Smooth Asphalt","Piedmont","Rural","40 - 45  MPH","Stop And Go Signal","Clear","No","34.94689, -80.7736",-80.7736,34.94689
"5175",436,437,"No","20-24",20,"No","Not Applicable","C: Possible Injury","Non-Roadway","Black","Male","Rutherfordton","Rutherford","No","","2011-07-04","Non-Roadway",18,"Non-Roadway","01-07-01","0001-01-01T13:33:58-04:56","Non-Roadway",460910,2011,"C: Possible Injury","Commercial","25-29",26,"No","21-25 mph","O: No Injury","Black","Male","Passenger Car","No","No","Daylight","Urban (>70% Developed)","2 lanes",2,"Curve - Level","Public Vehicular Area","Dry","Two-Way, Not Divided","None","No Special Feature","Smooth Asphalt","Mountains","Rural","30 - 35  MPH","No Control Present","Clear","No","35.36217, -81.9429",-81.9429,35.36217
"5176",442,443,"Yes","15-Nov",14,"No","With Traffic","A: Disabling Injury","Travel Lane","Black","Male","None - Rural Crash","Onslow","No","01-01-07","2011-07-24","Bicyclist Right Turn / Merge",20,"Non-Intersection","01-07-01","0001-01-01T15:53:58-04:56","Bicyclist Right Turn - Same Direction",311223,2011,"A: Disabling Injury","Farms, Woods, Pastures","40-49",46,"No","41-45 mph","O: No Injury","White","Female","Passenger Car","No","No","Dark - Roadway Not Lighted","Rural (<30% Developed)","3 lanes",2,"Straight - Level","NC Route","Dry","Two-Way, Not Divided","None","No Special Feature","Coarse Asphalt","Coastal","Rural","40 - 45  MPH","No Control Present","Clear","No","34.7442, -77.4895",-77.4895,34.7442
"5177",446,447,"Yes","60-69",67,"No","With Traffic","B: Evident Injury","Travel Lane","White","Male","None - Rural Crash","Brunswick","No","","2011-07-25","Motorist Overtaking Bicyclist",9,"Non-Intersection","01-07-01","0001-01-01T04:08:58-04:56","Motorist Overtaking - Misjudged Space",311232,2011,"B: Evident Injury","Farms, Woods, Pastures","25-29",27,"No","41-45 mph","O: No Injury","White","Male","Van","No","No","Daylight","Rural (<30% Developed)","2 lanes",2,"Straight - Level","NC Route","Dry","Two-Way, Not Divided","None","No Special Feature","Smooth Asphalt","Coastal","Rural","40 - 45  MPH","Double Yellow Line, No Passing Zone","Cloudy","No","33.94058, -78.0245",-78.0245,33.94058
"5178",461,462,"No","16-19",17,"No","With Traffic","O: No Injury","Travel Lane","Other","Male","Cary","Wake","No","01-01-03","2011-06-29","Motorist Failed to Yield - Sign-Controlled Intersection",16,"Intersection","01-06-01","0001-01-01T11:06:58-04:56","Motorist Drive Out - Sign-Controlled Intersection",111141,2011,"O: No Injury","Commercial","",NA,"Missing","","Injury","/Missing","","","No","Yes","Dawn","Urban (>70% Developed)","",2,"Straight - Grade","Public Vehicular Area","Dry","Two-Way, Divided, Positive Median Barrier","None","No Special Feature","Smooth Asphalt","Piedmont","Urban","","Stop Sign","Clear","No","35.77698, -78.8349",-78.8349,35.77698
"5179",469,470,"Yes","50-59",52,"No","With Traffic","C: Possible Injury","Travel Lane","Black","Male","Charlotte","Mecklenburg","Yes","01-01-06","2011-07-16","Motorist Overtaking Bicyclist",0,"Intersection-Related","01-07-01","0000-12-31T19:51:58-04:56","Motorist Overtaking - Undetected Bicyclist",211231,2011,"C: Possible Injury","Residential","20-24",22,"Yes","31-35 mph","O: No Injury","White","Male","Passenger Car","No","No","Dark - Roadway Not Lighted","Urban (>70% Developed)","2 lanes",2,"Curve - Grade","Local Street","Dry","Two-Way, Not Divided","None","No Special Feature","Smooth Asphalt","Piedmont","Urban","30 - 35  MPH","No Control Present","Cloudy","No","35.21512, -80.8155",-80.8155,35.21512
"5180",474,475,"Yes","25-29",26,"No","With Traffic","C: Possible Injury","Sidewalk / Crosswalk / Driveway Crossing","Black","Male","Goldsboro","Wayne","No","01-01-03","2011-07-13","Motorist Failed to Yield - Midblock",17,"Non-Intersection","01-07-01","0001-01-01T12:31:58-04:56","Motorist Drive Out - Commercial Driveway / Alley",331322,2011,"C: Possible Injury","Residential","60-69",62,"No","","O: No Injury","White","Female","Pickup","No","No","Daylight","Urban (>70% Developed)","2 lanes",2,"Straight - Level","Local Street","Dry","Two-Way, Not Divided","None","No Special Feature","Coarse Asphalt","Coastal","Urban","","No Control Present","Clear","No","35.38162, -77.9862",-77.9862,35.38162
"5181",475,476,"Yes","50-59",50,"No","Facing Traffic","B: Evident Injury","Travel Lane","Black","Male","None - Rural Crash","Johnston","No","","2011-08-01","Head-On",21,"Non-Intersection","01-08-01","0001-01-01T16:58:58-04:56","Head-On - Bicyclist",312250,2011,"B: Evident Injury","Farms, Woods, Pastures","50-59",57,"No","41-45 mph","O: No Injury","White","Male","Van","No","No","Dark - Roadway Not Lighted","Rural (<30% Developed)","2 lanes",2,"Curve - Level","NC Route","Dry","Two-Way, Not Divided","None","No Special Feature","Coarse Asphalt","Coastal","Rural","50 - 55  MPH","Double Yellow Line, No Passing Zone","Clear","No","35.31495, -78.4577",-78.4577,35.31495
"5182",479,480,"No","50-59",51,"No","With Traffic","B: Evident Injury","Travel Lane","White","Male","Cary","Wake","No","","2011-07-18","Motorist Right Turn / Merge",7,"Intersection","01-07-01","0001-01-01T02:41:58-04:56","Motorist Right Turn - Same Direction",111213,2011,"B: Evident Injury","Residential","40-49",41,"No","6-10 mph","O: No Injury","White","Male","Passenger Car","No","No","Daylight","Urban (>70% Developed)","2 lanes",2,"Straight - Level","Local Street","Dry","Two-Way, Not Divided","None","Four-Way Intersection","Coarse Asphalt","Piedmont","Urban","20 - 25  MPH","Stop Sign","Clear","No","35.803, -78.7868",-78.7868,35.803
"5183",484,485,"Yes","30-39",31,"No","With Traffic","A: Disabling Injury","Travel Lane","White","Male","Charlotte","Mecklenburg","Yes","01-01-04","2011-07-07","Motorist Overtaking Bicyclist",21,"Non-Intersection","01-07-01","0001-01-01T16:08:58-04:56","Motorist Overtaking - Misjudged Space",311232,2011,"A: Disabling Injury","Commercial","40-49",42,"Yes","0-5 mph","O: No Injury","Black","Male","Sport Utility","No","Yes","Dark - Lighted Roadway","Urban (>70% Developed)","6 lanes",2,"Straight - Level","State Secondary Route","Wet","Two-Way, Divided, Positive Median Barrier","None","No Special Feature","Smooth Asphalt","Piedmont","Urban","40 - 45  MPH","No Control Present","Rain","No","35.22407, -80.8861",-80.8861,35.22407
"5184",488,489,"No","15-Nov",13,"No","With Traffic","C: Possible Injury","Travel Lane","Black","Male","Charlotte","Mecklenburg","No","","2011-07-25","Loss of Control / Turning Error",15,"Intersection","01-07-01","0001-01-01T10:44:58-04:56","Bicyclist Lost Control - Oversteering, Improper Braking, Speed",111122,2011,"C: Possible Injury","Residential","30-39",37,"No","6-10 mph","C: Possible Injury","White","Female","Passenger Car","No","No","Daylight","Mixed (30% To 70% Developed)","2 lanes",2,"Straight - Level","Local Street","Dry","Two-Way, Not Divided","None","No Special Feature","Smooth Asphalt","Piedmont","Urban","5 - 15 MPH","No Control Present","Cloudy","No","35.22709, -80.8431",-80.8431,35.22709
"5185",489,490,"No","40-49",48,"No","Facing Traffic","C: Possible Injury","Sidewalk / Crosswalk / Driveway Crossing","Black","Male","Winston-Salem","Forsyth","No","01-01-04","2011-07-21","Motorist Failed to Yield - Midblock",12,"Non-Intersection","01-07-01","0001-01-01T07:25:58-04:56","Motorist Drive Out - Commercial Driveway / Alley",332322,2011,"C: Possible Injury","Commercial","20-24",22,"No","0-5 mph","O: No Injury","White","Female","Pickup","No","No","Daylight","Urban (>70% Developed)","",2,"Straight - Level","Local Street","Dry","Two-Way, Not Divided","None","Driveway, Public","Smooth Asphalt","Piedmont","Urban","","No Control Present","Clear","No","36.08252, -80.2576",-80.2576,36.08252
"5186",494,495,"Yes","25-29",29,"No","With Traffic","C: Possible Injury","Travel Lane","White","Male","Raleigh","Wake","No","01-01-03","2011-08-03","Motorist Left Turn / Merge",16,"Intersection","01-08-01","0001-01-01T11:34:58-04:56","Motorist Left Turn - Opposite Direction",111212,2011,"C: Possible Injury","Residential","20-24",21,"No","16-20 mph","O: No Injury","White","Female","Passenger Car","No","No","Daylight","Urban (>70% Developed)","2 lanes",2,"Straight - Grade","Local Street","Dry","Two-Way, Not Divided","None","Four-Way Intersection","Smooth Asphalt","Piedmont","Urban","30 - 35  MPH","No Control Present","Clear","No","35.79312, -78.673",-78.673,35.79312
"5187",608,609,"Yes","60-69",64,"No","With Traffic","C: Possible Injury","Travel Lane","White","Male","None - Rural Crash","Onslow","No","01-01-03","2011-09-07","Bicyclist Left Turn / Merge",15,"Non-Intersection","01-09-01","0001-01-01T10:14:58-04:56","Bicyclist Left Turn - Same Direction",311221,2011,"C: Possible Injury","Farms, Woods, Pastures","70+",NA,"No","31-35 mph","O: No Injury","White","Female","Passenger Car","No","No","Daylight","Rural (<30% Developed)","2 lanes",2,"Straight - Level","NC Route","Dry","Two-Way, Not Divided","None","No Special Feature","Coarse Asphalt","Coastal","Rural","40 - 45  MPH","Double Yellow Line, No Passing Zone","Cloudy","No","34.54958, -77.4328",-77.4328,34.54958
"5188",615,616,"Yes","50-59",53,"No","With Traffic","C: Possible Injury","Travel Lane","White","Male","None - Rural Crash","Pitt","No","01-01-02","2011-09-13","Motorist Failed to Yield - Sign-Controlled Intersection",20,"Intersection","01-09-01","0001-01-01T15:42:58-04:56","Motorist Drive Out - Sign-Controlled Intersection",111141,2011,"C: Possible Injury","Farms, Woods, Pastures","50-59",53,"No","0-5 mph","O: No Injury","White","Female","Passenger Car","No","No","Dark - Roadway Not Lighted","Rural (<30% Developed)","2 lanes",2,"Curve - Level","State Secondary Route","Dry","Two-Way, Not Divided","None","No Special Feature","Coarse Asphalt","Coastal","Rural","50 - 55  MPH","Flashing Signal With Stop Sign","Clear","No","35.5126, -77.3188",-77.3188,35.5126
"5189",616,617,"Yes","40-49",41,"No","With Traffic","B: Evident Injury","Travel Lane","White","Female","None - Rural Crash","Durham","No","01-01-03","2011-09-14","Motorist Failed to Yield - Sign-Controlled Intersection",8,"Intersection","01-09-01","0001-01-01T03:43:58-04:56","Motorist Drive Out - Sign-Controlled Intersection",111141,2011,"B: Evident Injury","Farms, Woods, Pastures","70+",NA,"No","6-10 mph","O: No Injury","White","Male","Passenger Car","No","No","Daylight","Rural (<30% Developed)","2 lanes",2,"Straight - Grade","State Secondary Route","Dry","Two-Way, Not Divided","None","Four-Way Intersection","Smooth Asphalt","Piedmont","Rural","40 - 45  MPH","Stop Sign","Clear","No","36.01007, -78.99",-78.99,36.01007
"5190",621,622,"Yes","15-Nov",13,"No","With Traffic","B: Evident Injury","Travel Lane","White","Male","Aberdeen","Moore","No","01-01-04","2011-09-08","Crossing Paths - Other Circumstances",20,"Intersection-Related","01-09-01","0001-01-01T15:08:58-04:56","Crossing Paths - Uncontrolled Intersection",211160,2011,"B: Evident Injury","Commercial","25-29",29,"No","41-45 mph","O: No Injury","White","Male","Pickup","No","No","Dark - Lighted Roadway","Urban (>70% Developed)","5 lanes",2,"Straight - Level","US Route","Dry","Two-Way, Divided, Unprotected Median","None","No Special Feature","Coarse Asphalt","Piedmont","Rural","40 - 45  MPH","No Control Present","Clear","No","35.14011, -79.4249",-79.4249,35.14011
"5191",632,633,"No","40-49",41,"No","With Traffic","C: Possible Injury","Travel Lane","White","Male","Charlotte","Mecklenburg","No","","2011-09-12","Bicyclist Left Turn / Merge",15,"Intersection","01-09-01","0001-01-01T10:06:58-04:56","Bicyclist Left Turn - Same Direction",111221,2011,"C: Possible Injury","Commercial","30-39",38,"No","0-5 mph","O: No Injury","Black","Male","Passenger Car","No","No","Daylight","Urban (>70% Developed)","2 lanes",2,"Straight - Level","Local Street","Dry","Two-Way, Divided, Unprotected Median","None","T-Intersection","Smooth Asphalt","Piedmont","Urban","30 - 35  MPH","Stop Sign","Clear","No","35.2188, -80.8141",-80.8141,35.2188