"","FID","OBJECTID","AmbulanceR","BikeAge_Gr","Bike_Age","Bike_Alc_D","Bike_Dir","Bike_Injur","Bike_Pos","Bike_Race","Bike_Sex","City","County","CrashAlcoh","CrashDay","Crash_Date","Crash_Grp","Crash_Hour","Crash_Loc","Crash_Mont","Crash_Time","Crash_Type","Crash_Ty_1","Crash_Year","Crsh_Sevri","Developmen","DrvrAge_Gr","Drvr_Age","Drvr_Alc_D","Drvr_EstSp","Drvr_Injur","Drvr_Race","Drvr_Sex","Drvr_VehTy","ExcsSpdInd","Hit_Run","Light_Cond","Locality","Num_Lanes","Num_Units","Rd_Charact","Rd_Class","Rd_Conditi","Rd_Config","Rd_Defects","Rd_Feature","Rd_Surface","Region","Rural_Urba","Speed_Limi","Traff_Cntr","Weather","Workzone_I","Location","locx","locy"
"5312",693,694,"Yes","30-39",38,"No","With Traffic","B: Evident Injury","Travel Lane","White","Male","Cary","Wake","No","01-01-04","2010-09-23","Motorist Left Turn / Merge",17,"Intersection","01-09-01","0001-01-01T12:55:58-04:56","Motorist Left Turn - Opposite Direction",0,2010,"B: Evident Injury","Commercial","40-49",42,"No","0-5 mph","O: No Injury","Asian","Female","Passenger Car","No","No","Daylight","Urban (>70% Developed)","5 lanes",2,"Straight - Level","State Secondary Route","Dry","Two-Way, Not Divided","None","Driveway, Private","Smooth Asphalt","Piedmont","Urban","40 - 45  MPH","No Control Present","Clear","No","35.785755, -78.8214",-78.8214,35.785755
"5313",696,697,"Yes","15-Nov",15,"No","With Traffic","C: Possible Injury","Travel Lane","Black","Male","None - Rural Crash","Beaufort","No","01-01-05","2010-09-24","Motorist Overtaking Bicyclist",22,"Non-Intersection","01-09-01","0001-01-01T17:23:58-04:56","Motorist Overtaking - Misjudged Space",0,2010,"C: Possible Injury","Commercial","25-29",25,"No","46-50 mph","O: No Injury","Black","Male","Passenger Car","No","No","Dark - Roadway Not Lighted","Urban (>70% Developed)","5 lanes",2,"Straight - Level","US Route","Dry","Two-Way, Not Divided","None","No Special Feature","Coarse Asphalt","Coastal","Rural","50 - 55  MPH","No Control Present","Clear","No","35.585327, -77.0954",-77.0954,35.585327
"5314",697,698,"Yes","30-39",34,"No","With Traffic","C: Possible Injury","Travel Lane","White","Male","Greensboro","Guilford","No","01-01-07","2010-09-19","Motorist Left Turn / Merge",17,"Intersection","01-09-01","0001-01-01T12:52:58-04:56","Motorist Left Turn - Opposite Direction",0,2010,"C: Possible Injury","Residential","20-24",20,"No","0-5 mph","O: No Injury","White","Female","Passenger Car","No","No","Daylight","Urban (>70% Developed)","2 lanes",2,"Straight - Hillcrest","Local Street","Dry","Two-Way, Not Divided","None","No Special Feature","Smooth Asphalt","Piedmont","Urban","30 - 35  MPH","Flashing Stop And Go Signal","Clear","No","36.06862, -79.82316",-79.82316,36.06862
"5315",704,705,"Yes","40-49",48,"No","With Traffic","K: Killed","Bike Lane / Paved Shoulder","White","Male","None - Rural Crash","Randolph","No","01-01-07","2010-09-26","Loss of Control / Turning Error",7,"Non-Intersection","01-09-01","0001-01-01T02:46:58-04:56","Motorist Lost Control - Other /",0,2010,"K: Killed","Farms, Woods, Pastures","",NA,"No","51-55 mph","Injury","/Missing","","Pickup","No","Yes","","Rural (<30% Developed)","4 lanes",2,"Straight - Level","US Route","Dry","Two-Way, Divided, Unprotected Median","None","No Special Feature","Smooth Asphalt","Piedmont","Rural","50 - 55  MPH","No Control Present","Clear","No","35.841625, -79.59876",-79.59876,35.841625
"5316",725,726,"Yes","25-29",28,"No","Facing Traffic","C: Possible Injury","Sidewalk / Crosswalk / Driveway Crossing","Black","Male","Pineville","Mecklenburg","No","01-01-05","2010-08-06","Motorist Failed to Yield - Sign-Controlled Intersection",11,"Intersection","01-08-01","0001-01-01T06:13:58-04:56","Motorist Drive Through - Sign-Controlled Intersection",0,2010,"C: Possible Injury","Commercial","20-24",20,"No","","O: No Injury","White","Male","Pickup","No","No","Daylight","Urban (>70% Developed)","2 lanes",2,"Straight - Grade","Local Street","Dry","Two-Way, Not Divided","None","T-Intersection","Smooth Asphalt","Piedmont","Rural","30 - 35  MPH","Stop Sign","Clear","No","35.090088, -80.885765",-80.885765,35.090088
"5317",730,731,"Yes","50-59",59,"No","With Traffic","B: Evident Injury","Travel Lane","White","Male","Charlotte","Mecklenburg","No","01-01-03","2010-09-29","Motorist Failed to Yield - Sign-Controlled Intersection",19,"Intersection","01-09-01","0001-01-01T14:35:58-04:56","Motorist Drive Out - Sign-Controlled Intersection",0,2010,"B: Evident Injury","Commercial","50-59",53,"No","6-10 mph","O: No Injury","Black","Male","Pickup","No","No","Dark - Roadway Not Lighted","Urban (>70% Developed)","1 lane",2,"Straight - Hillcrest","Local Street","Wet","One-Way, Not Divided","None","On or Off Ramp","Concrete","Piedmont","Urban","40 - 45  MPH","Stop Sign","Rain","No","35.30741, -80.84683",-80.84683,35.30741
"5318",752,753,"No","20-24",21,"No","With Traffic","O: No Injury","Travel Lane","Black","Female","Havelock","Craven","No","01-01-07","2010-09-26","Motorist Failed to Yield - Sign-Controlled Intersection",20,"Intersection","01-09-01","0001-01-01T15:15:58-04:56","Motorist Drive Out - Sign-Controlled Intersection",0,2010,"O: No Injury","Residential","0-19",17,"No","6-10 mph","O: No Injury","White","Female","Passenger Car","No","No","Dark - Roadway Not Lighted","Urban (>70% Developed)","2 lanes",2,"Straight - Level","Local Street","Dry","Two-Way, Not Divided","None","Four-Way Intersection","Smooth Asphalt","Coastal","Urban","20 - 25  MPH","Stop Sign","Cloudy","No","34.86768, -76.89329",-76.89329,34.86768
"5319",756,757,"No","50-59",56,"No","With Traffic","C: Possible Injury","Travel Lane","White","Female","Asheville","Buncombe","No","01-01-06","2010-10-02","Motorist Left Turn / Merge",17,"Intersection","01-10-01","0001-01-01T12:41:58-04:56","Motorist Left Turn - Opposite Direction",0,2010,"C: Possible Injury","Commercial","70+",NA,"No","6-10 mph","O: No Injury","White","Female","Passenger Car","No","No","Daylight","Urban (>70% Developed)","2 lanes",2,"Straight - Level","Local Street","Dry","Two-Way, Not Divided","None","No Special Feature","Smooth Asphalt","Mountains","Urban","20 - 25  MPH","Stop And Go Signal","Clear","No","35.577652, -82.59276",-82.59276,35.577652
"5320",761,762,"Yes","15-Nov",15,"No","Not Applicable","C: Possible Injury","Non-Roadway","/Missing","Male","None - Rural Crash","Chatham","No","01-01-02","2010-10-05","Non-Roadway",17,"Non-Roadway","01-10-01","0001-01-01T12:23:58-04:56","Non-Roadway",0,2010,"C: Possible Injury","Residential","",NA,"No","","Injury","/Missing","","","No","Yes","Daylight","Mixed (30% To 70% Developed)","2 lanes",2,"Straight - Level","State Secondary Route","Dry","Two-Way, Not Divided","None","No Special Feature","Smooth Asphalt","Piedmont","Rural","5 - 15 MPH","Double Yellow Line, No Passing Zone","Clear","No","35.770237, -79.28527",-79.28527,35.770237
"5321",767,768,"No","16-19",19,"No","With Traffic","B: Evident Injury","Bike Lane / Paved Shoulder","White","Male","Boone","Watauga","No","01-01-04","2010-10-14","Motorist Left Turn / Merge",8,"Non-Intersection","01-10-01","0001-01-01T03:04:58-04:56","Motorist Left Turn - Opposite Direction",0,2010,"B: Evident Injury","Institutional","20-24",22,"No","11-15 mph","O: No Injury","White","Male","Passenger Car","No","No","Daylight","Urban (>70% Developed)","4 lanes",2,"Straight - Level","Local Street","Wet","Two-Way, Not Divided","None","No Special Feature","Coarse Asphalt","Mountains","Urban","20 - 25  MPH","No Control Present","Cloudy","No","36.212402, -81.680756",-81.680756,36.212402
"5322",823,824,"No","20-24",23,"No","With Traffic","C: Possible Injury","Travel Lane","White","Female","Greensboro","Guilford","No","01-01-04","2010-10-28","Motorist Right Turn / Merge",19,"Intersection","01-10-01","0001-01-01T14:30:58-04:56","Motorist Right Turn - Same Direction",0,2010,"C: Possible Injury","Commercial","",NA,"Missing","","Injury","/Missing","","Passenger Car","No","Yes","Daylight","Urban (>70% Developed)","",2,"Straight - Hillcrest","Local Street","Dry","Two-Way, Not Divided","None","No Special Feature","Smooth Asphalt","Piedmont","Urban","30 - 35  MPH","Flashing Stop And Go Signal","Clear","No","36.08783, -79.83305",-79.83305,36.08783
"5323",824,825,"Yes","25-29",26,"No","Facing Traffic","C: Possible Injury","Sidewalk / Crosswalk / Driveway Crossing","White","Male","Greensboro","Guilford","No","01-01-04","2010-10-28","Bicyclist Failed to Yield - Signalized Intersection",8,"Intersection","01-10-01","0001-01-01T03:25:58-04:56","Bicyclist Ride Through - Signalized Intersection",0,2010,"C: Possible Injury","Commercial","30-39",37,"No","0-5 mph","O: No Injury","White","Male","Passenger Car","No","No","Daylight","Urban (>70% Developed)","5 lanes",2,"Straight - Level","Local Street","Dry","Two-Way, Not Divided","None","Four-Way Intersection","Smooth Asphalt","Piedmont","Urban","30 - 35  MPH","Stop And Go Signal","Cloudy","No","36.042877, -79.84257",-79.84257,36.042877
"5324",893,894,"No","20-24",20,"No","Facing Traffic","C: Possible Injury","Sidewalk / Crosswalk / Driveway Crossing","White","Male","Durham","Durham","No","","2010-11-29","Crossing Paths - Other Circumstances",11,"Intersection","01-11-01","0001-01-01T06:03:58-04:56","Crossing Paths - Intersection - Other /",0,2010,"C: Possible Injury","Residential","",NA,"No","6-10 mph","Injury","/Missing","","Passenger Car","No","Yes","Daylight","Urban (>70% Developed)","1 lane",2,"Straight - Level","Local Street","Dry","Two-Way, Not Divided","None","No Special Feature","Smooth Asphalt","Piedmont","Urban","5 - 15 MPH","No Control Present","Clear","No","35.917366, -78.93098",-78.93098,35.917366
"5325",897,898,"No","40-49",47,"No","Facing Traffic","C: Possible Injury","Travel Lane","Black","Male","Wilmington","New Hanover","No","","2010-11-15","Loss of Control / Turning Error",12,"Intersection","01-11-01","0001-01-01T07:59:58-04:56","Bicyclist Turning Error - Other",0,2010,"C: Possible Injury","Residential","25-29",25,"No","","O: No Injury","White","Female","Passenger Car","No","No","Daylight","Urban (>70% Developed)","4 lanes",2,"Straight - Grade","Local Street","Dry","Two-Way, Divided, Positive Median Barrier","None","No Special Feature","Smooth Asphalt","Coastal","Urban","30 - 35  MPH","Stop And Go Signal","Clear","No","34.21668, -77.943665",-77.943665,34.21668
"5326",900,901,"Yes","30-39",39,"No","With Traffic","B: Evident Injury","Travel Lane","White","Male","Asheville","Buncombe","No","01-01-07","2010-11-21","Motorist Left Turn / Merge",18,"Intersection","01-11-01","0001-01-01T13:16:58-04:56","Motorist Left Turn - Opposite Direction",0,2010,"B: Evident Injury","Commercial","50-59",57,"No","21-25 mph","O: No Injury","White","Male","Van","No","No","Dark - Lighted Roadway","Urban (>70% Developed)","5 lanes",2,"","Local Street","Dry","Two-Way, Not Divided","None","Related To Intersection","Smooth Asphalt","Mountains","Urban","30 - 35  MPH","Flashing Stop And Go Signal","Clear","No","35.59895, -82.553535",-82.553535,35.59895
"5327",908,909,"No","15-Nov",14,"No","With Traffic","C: Possible Injury","Sidewalk / Crosswalk / Driveway Crossing","White","Male","Raleigh","Wake","No","01-01-04","2010-11-18","Motorist Left Turn / Merge",7,"Intersection","01-11-01","0001-01-01T03:00:58-04:56","Motorist Left Turn - Opposite Direction",0,2010,"C: Possible Injury","Residential","30-39",39,"No","11-15 mph","O: No Injury","Black","Female","Passenger Car","No","No","Daylight","Urban (>70% Developed)","2 lanes",2,"Straight - Level","Local Street","Dry","Two-Way, Not Divided","None","Four-Way Intersection","Smooth Asphalt","Piedmont","Urban","20 - 25  MPH","Stop And Go Signal","Clear","No","35.856323, -78.65038",-78.65038,35.856323
"5328",909,910,"Yes","40-49",41,"No","With Traffic","B: Evident Injury","Travel Lane","White","Male","Raleigh","Wake","No","","2010-11-08","Motorist Left Turn / Merge",10,"Non-Intersection","01-11-01","0001-01-01T05:23:58-04:56","Motorist Left Turn - Opposite Direction",0,2010,"B: Evident Injury","Commercial","20-24",23,"No","41-45 mph","O: No Injury","White","Male","Passenger Car","No","No","Daylight","Urban (>70% Developed)","5 lanes",2,"Straight - Grade","Local Street","Dry","Two-Way, Divided, Unprotected Median","None","No Special Feature","Smooth Asphalt","Piedmont","Urban","40 - 45  MPH","No Control Present","Clear","No","35.779064, -78.67673",-78.67673,35.779064
"5329",915,916,"No","16-19",18,"No","With Traffic","C: Possible Injury","Travel Lane","White","Male","Raleigh","Wake","No","01-01-06","2010-11-20","Motorist Right Turn / Merge",12,"Intersection","01-11-01","0001-01-01T07:04:58-04:56","Motorist Right Turn - Same Direction",0,2010,"C: Possible Injury","Commercial","40-49",46,"No","11-15 mph","O: No Injury","Black","Female","Light Truck (Mini-Van, Panel)","No","No","Daylight","Urban (>70% Developed)","5 lanes",2,"Straight - Level","Local Street","Dry","Two-Way, Not Divided","None","Four-Way Intersection","Coarse Asphalt","Piedmont","Urban","30 - 35  MPH","Stop Sign","Clear","No","35.824776, -78.708435",-78.708435,35.824776
"5330",922,923,"No","30-39",34,"No","With Traffic","B: Evident Injury","Travel Lane","White","Male","Davidson","Mecklenburg","No","01-01-04","2010-12-02","Motorist Overtaking Bicyclist",12,"Non-Intersection","01-12-01","0001-01-01T07:27:58-04:56","Motorist Overtaking - Misjudged Space",0,2010,"B: Evident Injury","Residential","50-59",52,"No","21-25 mph","O: No Injury","White","Male","Sport Utility","No","No","Daylight","Urban (>70% Developed)","2 lanes",3,"Straight - Hillcrest","Local Street","Dry","Two-Way, Not Divided","None","No Special Feature","Smooth Asphalt","Piedmont","Urban","20 - 25  MPH","No Control Present","Clear","No","35.46285, -80.807236",-80.807236,35.46285
"5331",925,926,"Yes","40-49",44,"Yes","Facing Traffic","C: Possible Injury","Sidewalk / Crosswalk / Driveway Crossing","Black","Male","Cary","Wake","Yes","01-01-02","2010-12-14","Motorist Failed to Yield - Sign-Controlled Intersection",10,"Intersection","01-12-01","0001-01-01T05:07:58-04:56","Motorist Drive Out - Sign-Controlled Intersection",0,2010,"C: Possible Injury","Residential","40-49",43,"No","0-5 mph","O: No Injury","Asian","Male","Passenger Car","No","No","Daylight","Urban (>70% Developed)","4 lanes",2,"Straight - Grade","NC Route","Dry","Two-Way, Divided, Unprotected Median","None","T-Intersection","Smooth Asphalt","Piedmont","Urban","20 - 25  MPH","Stop Sign","Clear","No","35.796406, -78.7592",-78.7592,35.796406
"5332",435,436,"Yes","15-Nov",14,"No","Facing Traffic","C: Possible Injury","Travel Lane","Black","Male","Monroe","Union","No","01-01-06","2010-07-10","Head-On",14,"Intersection","01-07-01","0001-01-01T09:58:58-04:56","Head-On - Bicyclist",0,2010,"C: Possible Injury","Residential","",NA,"Missing","","Injury","/Missing","","","No","Yes","Daylight","Urban (>70% Developed)","2 lanes",2,"Straight - Level","Local Street","Dry","Two-Way, Not Divided","None","No Special Feature","Smooth Asphalt","Piedmont","Urban","","Stop Sign","Clear","No","34.97497, -80.540085",-80.540085,34.97497
"5333",444,445,"Yes","50-59",52,"Yes","With Traffic","B: Evident Injury","Travel Lane","Black","Male","Charlotte","Mecklenburg","Yes","01-01-07","2010-07-11","Motorist Overtaking Bicyclist",8,"Non-Intersection","01-07-01","0001-01-01T03:23:58-04:56","Motorist Overtaking - Misjudged Space",0,2010,"B: Evident Injury","Commercial","",NA,"Missing","11-15 mph","Injury","/Missing","","","No","Yes","Daylight","Rural (<30% Developed)","2 lanes",2,"Straight - Level","Local Street","Dry","Two-Way, Not Divided","None","No Special Feature","Smooth Asphalt","Piedmont","Urban","30 - 35  MPH","No Control Present","Clear","No","35.26539, -80.88387",-80.88387,35.26539
"5334",455,456,"Yes","40-49",40,"Yes","With Traffic","B: Evident Injury","Travel Lane","White","Male","Kitty Hawk","Dare","Yes","01-01-06","2010-06-19","Bicyclist Left Turn / Merge",21,"Non-Intersection","01-06-01","0001-01-01T16:58:58-04:56","Bicyclist Left Turn - Opposite Direction",0,2010,"B: Evident Injury","Commercial","0-19",18,"No","46-50 mph","O: No Injury","White","Male","Sport Utility","No","No","Dark - Roadway Not Lighted","Urban (>70% Developed)","5 lanes",2,"Straight - Level","US Route","Dry","Two-Way, Not Divided","None","No Special Feature","Coarse Asphalt","Coastal","Rural","50 - 55  MPH","No Control Present","Clear","No","36.07345, -75.6981",-75.6981,36.07345
"5335",456,457,"No","10-Jun",7,"No","Not Applicable","B: Evident Injury","Driveway / Alley","White","Male","Kitty Hawk","Dare","No","01-01-07","2010-06-20","Bicyclist Failed to Yield - Midblock",18,"Non-Intersection","01-06-01","0001-01-01T13:08:58-04:56","Bicyclist Ride Out - Residential Driveway",0,2010,"B: Evident Injury","Residential","20-24",21,"No",">100 mph","O: No Injury","White","Female","Pickup","Yes","No","Daylight","Urban (>70% Developed)","2 lanes",2,"Straight - Level","Local Street","Dry","Two-Way, Not Divided","None","No Special Feature","Coarse Asphalt","Coastal","Rural","20 - 25  MPH","No Control Present","Clear","No","36.05924, -75.730896",-75.730896,36.05924
"5336",459,460,"Yes","40-49",49,"No","With Traffic","B: Evident Injury","Travel Lane","White","Male","None - Rural Crash","Stokes","No","01-01-05","2010-07-23","Motorist Overtaking Bicyclist",7,"Non-Intersection","01-07-01","0001-01-01T02:45:58-04:56","Motorist Overtaking - Other /",0,2010,"K: Killed","Farms, Woods, Pastures","50-59",51,"No","41-45 mph","O: No Injury","White","Female","Sport Utility","No","No","Daylight","Rural (<30% Developed)","2 lanes",3,"Curve - Grade","State Secondary Route","Dry","Two-Way, Not Divided","None","No Special Feature","Smooth Asphalt","Piedmont","Rural","40 - 45  MPH","Double Yellow Line, No Passing Zone","Clear","No","36.28436, -80.39064",-80.39064,36.28436
"5337",462,463,"Yes","10-Jun",8,"No","With Traffic","B: Evident Injury","Travel Lane","Black","Male","Troutman","Iredell","No","01-01-04","2010-06-03","Bicyclist Failed to Yield - Sign-Controlled Intersection",20,"Intersection","01-06-01","0001-01-01T15:39:58-04:56","Bicyclist Ride Out - Sign-Controlled Intersection",0,2010,"B: Evident Injury","Residential","",NA,"Missing","21-25 mph","Injury","/Missing","","","No","Yes","Dark - Lighted Roadway","Urban (>70% Developed)","2 lanes",2,"Straight - Level","Local Street","Dry","Two-Way, Not Divided","None","T-Intersection","Smooth Asphalt","Piedmont","Rural","20 - 25  MPH","Stop Sign","Clear","No","35.696854, -80.90066",-80.90066,35.696854
"5338",471,472,"No","10-Jun",9,"No","Not Applicable","O: No Injury","Driveway / Alley","White","Male","None - Rural Crash","Wake","No","01-01-07","2010-08-01","Bicyclist Failed to Yield - Midblock",15,"Non-Intersection","01-08-01","0001-01-01T10:42:58-04:56","Bicyclist Ride Out - Residential Driveway",0,2010,"O: No Injury","Residential","0-19",16,"No","21-25 mph","O: No Injury","White","Male","Pickup","No","No","Daylight","Rural (<30% Developed)","2 lanes",2,"Straight - Hillcrest","State Secondary Route","Dry","Two-Way, Not Divided","None","No Special Feature","Smooth Asphalt","Piedmont","Rural","20 - 25  MPH","No Control Present","Cloudy","No","35.92532, -78.62633",-78.62633,35.92532
"5339",478,479,"Yes","30-39",34,"No","With Traffic","B: Evident Injury","Travel Lane","White","Male","None - Rural Crash","Wake","No","01-01-04","2010-07-29","Motorist Left Turn / Merge",22,"Intersection","01-07-01","0001-01-01T17:16:58-04:56","Motorist Left Turn - Opposite Direction",0,2010,"B: Evident Injury","Farms, Woods, Pastures","30-39",35,"No","41-45 mph","O: No Injury","White","Male","Pickup","No","No","Dark - Roadway Not Lighted","Rural (<30% Developed)","2 lanes",2,"Straight - Level","State Secondary Route","Dry","Two-Way, Not Divided","None","T-Intersection","Coarse Asphalt","Piedmont","Rural","40 - 45  MPH","Double Yellow Line, No Passing Zone","Cloudy","No","35.555542, -78.72128",-78.72128,35.555542
"5340",479,480,"Yes","40-49",43,"No","With Traffic","B: Evident Injury","Travel Lane","Black","Male","Greensboro","Guilford","No","01-01-02","2010-07-20","Motorist Overtaking Bicyclist",3,"Non-Intersection","01-07-01","0000-12-31T22:27:58-04:56","Motorist Overtaking - Other /",0,2010,"B: Evident Injury","Commercial","",NA,"Missing","","Injury","/Missing","","","No","Yes","Dark - Lighted Roadway","Urban (>70% Developed)","5 lanes",2,"Straight - Level","Local Street","Dry","Two-Way, Divided, Unprotected Median","None","No Special Feature","Smooth Asphalt","Piedmont","Urban","30 - 35  MPH","No Control Present","Clear","No","36.048058, -79.83613",-79.83613,36.048058
"5341",480,481,"Yes","10-Jun",7,"No","With Traffic","B: Evident Injury","Travel Lane","Black","Male","None - Rural Crash","Richmond","No","01-01-03","2010-07-14","Bicyclist Failed to Yield - Sign-Controlled Intersection",19,"Intersection","01-07-01","0001-01-01T14:03:58-04:56","Bicyclist Ride Through - Sign-Controlled Intersection",0,2010,"B: Evident Injury","Residential","50-59",51,"No","21-25 mph","O: No Injury","Black","Male","Passenger Car","No","No","Daylight","Rural (<30% Developed)","2 lanes",2,"Straight - Level","State Secondary Route","Dry","Two-Way, Not Divided","None","Four-Way Intersection","Coarse Asphalt","Piedmont","Rural","30 - 35  MPH","Stop Sign","Clear","No","34.95564, -79.72918",-79.72918,34.95564
"5342",486,487,"No","20-24",24,"No","Facing Traffic","O: No Injury","Travel Lane","White","Male","Wilson","Wilson","No","","2010-07-19","Motorist Failed to Yield - Midblock",16,"Non-Intersection","01-07-01","0001-01-01T11:51:58-04:56","Motorist Drive Out - Other Midblock",0,2010,"O: No Injury","Commercial","50-59",55,"No","6-10 mph","O: No Injury","White","Female","Passenger Car","No","No","Daylight","Urban (>70% Developed)","5 lanes",2,"Straight - Level","Local Street","Dry","Two-Way, Not Divided","None","No Special Feature","Coarse Asphalt","Coastal","Urban","40 - 45  MPH","No Control Present","Clear","No","35.767166, -77.94485",-77.94485,35.767166
"5343",490,491,"Yes","50-59",51,"No","Facing Traffic","C: Possible Injury","Travel Lane","Black","Male","Goldsboro","Wayne","No","01-01-05","2010-07-23","Motorist Left Turn / Merge",16,"Non-Intersection","01-07-01","0001-01-01T11:48:58-04:56","Motorist Left Turn - Same Direction",0,2010,"C: Possible Injury","Commercial","20-24",21,"No","6-10 mph","O: No Injury","White","Male","","No","Yes","Daylight","Urban (>70% Developed)","2 lanes",2,"Straight - Level","Local Street","Wet","Two-Way, Not Divided","None","No Special Feature","Coarse Asphalt","Coastal","Urban","30 - 35  MPH","No Control Present","Cloudy","No","35.39925, -77.99448",-77.99448,35.39925
"5344",491,492,"Yes","15-Nov",14,"No","Facing Traffic","C: Possible Injury","Sidewalk / Crosswalk / Driveway Crossing","Black","Male","High Point","Guilford","No","01-01-04","2010-07-22","Motorist Failed to Yield - Midblock",11,"Non-Intersection","01-07-01","0001-01-01T06:34:58-04:56","Motorist Drive Out - Commercial Driveway / Alley",0,2010,"C: Possible Injury","Commercial","30-39",33,"No","0-5 mph","O: No Injury","White","Male","","No","Yes","Daylight","Urban (>70% Developed)","5 lanes",2,"Straight - Level","US Route","Dry","Two-Way, Not Divided","None","No Special Feature","Coarse Asphalt","Piedmont","Urban","30 - 35  MPH","No Control Present","Clear","No","35.933033, -79.98963",-79.98963,35.933033
"5345",492,493,"Yes","30-39",36,"No","With Traffic","B: Evident Injury","Bike Lane / Paved Shoulder","White","Male","Greensboro","Guilford","No","01-01-07","2010-07-18","Motorist Left Turn / Merge",0,"Non-Intersection","01-07-01","0000-12-31T20:02:58-04:56","Motorist Left Turn - Opposite Direction",0,2010,"B: Evident Injury","Commercial","25-29",29,"No","11-15 mph","O: No Injury","White","Female","Passenger Car","No","No","Dark - Lighted Roadway","Urban (>70% Developed)","2 lanes",2,"Straight - Level","Local Street","Wet","Two-Way, Not Divided","None","No Special Feature","Concrete","Piedmont","Urban","30 - 35  MPH","No Control Present","Clear","No","36.063526, -79.84012",-79.84012,36.063526
"5346",497,498,"Yes","40-49",47,"No","With Traffic","C: Possible Injury","Travel Lane","Black","Male","Gastonia","Gaston","No","01-01-02","2010-07-27","Crossing Paths - Other Circumstances",15,"Intersection","01-07-01","0001-01-01T11:00:58-04:56","Signalized Intersection - Other /",0,2010,"C: Possible Injury","Commercial","70+",NA,"No","","O: No Injury","White","Male","Passenger Car","No","No","Daylight","Urban (>70% Developed)","2 lanes",2,"Straight - Level","Local Street","Dry","Two-Way, Not Divided","None","Four-Way Intersection","Smooth Asphalt","Piedmont","Urban","30 - 35  MPH","Stop And Go Signal","Clear","No","35.262318, -81.1539",-81.1539,35.262318
"5347",500,501,"No","60-69",68,"No","Facing Traffic","O: No Injury","Sidewalk / Crosswalk / Driveway Crossing","/Missing","","Rocky Mount","Nash","No","01-01-03","2010-07-07","Motorist Right Turn / Merge",10,"Non-Intersection","01-07-01","0001-01-01T05:34:58-04:56","Motorist Right Turn - Opposite Direction",0,2010,"O: No Injury","Commercial","",NA,"Missing","6-10 mph","Injury","/Missing","","","No","Yes","Daylight","Urban (>70% Developed)","5 lanes",2,"Straight - Level","Local Street","Dry","Two-Way, Not Divided","None","Driveway, Public","Smooth Asphalt","Coastal","Urban","5 - 15 MPH","No Control Present","Clear","No","35.932713, -77.81098",-77.81098,35.932713
"5348",502,503,"Yes","30-39",31,"No","With Traffic","B: Evident Injury","Travel Lane","White","Male","None - Rural Crash","Davie","No","01-01-04","2010-07-29","Motorist Right Turn / Merge",8,"Intersection-Related","01-07-01","0001-01-01T03:08:58-04:56","Motorist Right Turn - Same Direction",0,2010,"B: Evident Injury","Farms, Woods, Pastures","",NA,"No","41-45 mph","B: Evident Injury","White","Male","Sport Utility","No","No","Daylight","Rural (<30% Developed)","2 lanes",2,"Straight - Grade","NC Route","Dry","Two-Way, Not Divided","None","T-Intersection","Coarse Asphalt","Piedmont","Rural","40 - 45  MPH","No Control Present","Clear","No","35.972794, -80.425644",-80.425644,35.972794
"5349",507,508,"Yes","30-39",34,"No","With Traffic","A: Disabling Injury","Travel Lane","White","Male","Clemmons","Forsyth","No","01-01-05","2010-07-16","Loss of Control / Turning Error",10,"Intersection-Related","01-07-01","0001-01-01T05:33:58-04:56","Motorist Turning Error - Right Turn",0,2010,"A: Disabling Injury","Residential","30-39",32,"No","41-45 mph","O: No Injury","White","Female","Passenger Car","No","Yes","Daylight","Mixed (30% To 70% Developed)","2 lanes",2,"Straight - Level","Local Street","Dry","Two-Way, Not Divided","None","T-Intersection","Coarse Asphalt","Piedmont","Urban","40 - 45  MPH","Stop Sign","Clear","No","36.06965, -80.41537",-80.41537,36.06965
"5350",509,510,"Yes","50-59",53,"No","Facing Traffic","C: Possible Injury","Sidewalk / Crosswalk / Driveway Crossing","Black","Male","Charlotte","Mecklenburg","No","01-01-05","2010-07-30","Motorist Failed to Yield - Midblock",19,"Non-Intersection","01-07-01","0001-01-01T14:03:58-04:56","Motorist Drive Out - Commercial Driveway / Alley",0,2010,"C: Possible Injury","Commercial","40-49",48,"No","0-5 mph","O: No Injury","Black","Male","Van","No","No","Daylight","Urban (>70% Developed)","",2,"Straight - Level","Public Vehicular Area","Dry","Two-Way, Not Divided","None","No Special Feature","Concrete","Piedmont","Urban","30 - 35  MPH","No Control Present","Clear","No","35.2997, -80.801025",-80.801025,35.2997
"5351",511,512,"Yes","40-49",43,"No","With Traffic","O: No Injury","Sidewalk / Crosswalk / Driveway Crossing","White","Male","Raleigh","Wake","No","01-01-02","2010-07-20","Motorist Failed to Yield - Midblock",13,"Non-Intersection","01-07-01","0001-01-01T08:19:58-04:56","Motorist Drive Out - Commercial Driveway / Alley",0,2010,"O: No Injury","Commercial","20-24",20,"No","0-5 mph","O: No Injury","White","Male","Light Truck (Mini-Van, Panel)","No","No","Daylight","Urban (>70% Developed)","",2,"Straight - Level","Public Vehicular Area","Dry","Two-Way, Not Divided","None","No Special Feature","Smooth Asphalt","Piedmont","Urban","5 - 15 MPH","No Control Present","Clear","No","35.784973, -78.65992",-78.65992,35.784973
"5352",512,513,"No","30-39",34,"No","With Traffic","C: Possible Injury","Travel Lane","Asian","Male","None - Rural Crash","Rowan","No","01-01-06","2010-07-17","Motorist Right Turn / Merge",8,"Intersection","01-07-01","0001-01-01T03:38:58-04:56","Motorist Right Turn - Same Direction",0,2010,"C: Possible Injury","Residential","25-29",29,"No","6-10 mph","O: No Injury","White","Male","Passenger Car","No","No","Daylight","Mixed (30% To 70% Developed)","2 lanes",2,"Straight - Level","State Secondary Route","Dry","Two-Way, Not Divided","None","T-Intersection","Coarse Asphalt","Piedmont","Rural","40 - 45  MPH","Double Yellow Line, No Passing Zone","Clear","No","35.547226, -80.701805",-80.701805,35.547226