"","FID","OBJECTID","AmbulanceR","BikeAge_Gr","Bike_Age","Bike_Alc_D","Bike_Dir","Bike_Injur","Bike_Pos","Bike_Race","Bike_Sex","City","County","CrashAlcoh","CrashDay","Crash_Date","Crash_Grp","Crash_Hour","Crash_Loc","Crash_Mont","Crash_Time","Crash_Type","Crash_Ty_1","Crash_Year","Crsh_Sevri","Developmen","DrvrAge_Gr","Drvr_Age","Drvr_Alc_D","Drvr_EstSp","Drvr_Injur","Drvr_Race","Drvr_Sex","Drvr_VehTy","ExcsSpdInd","Hit_Run","Light_Cond","Locality","Num_Lanes","Num_Units","Rd_Charact","Rd_Class","Rd_Conditi","Rd_Config","Rd_Defects","Rd_Feature","Rd_Surface","Region","Rural_Urba","Speed_Limi","Traff_Cntr","Weather","Workzone_I","Location","locx","locy"
"5353",514,515,"No","15-Nov",12,"No","Facing Traffic","C: Possible Injury","Sidewalk / Crosswalk / Driveway Crossing","Black","Male","Fuquay-Varina","Wake","No","01-01-05","2010-07-16","Motorist Failed to Yield - Midblock",15,"Non-Intersection","01-07-01","0001-01-01T10:03:58-04:56","Motorist Drive Out - Commercial Driveway / Alley",0,2010,"C: Possible Injury","Commercial","",NA,"Missing","0-5 mph","Injury","/Missing","","","No","Yes","Daylight","Urban (>70% Developed)","2 lanes",2,"Straight - Level","Public Vehicular Area","Dry","Two-Way, Divided, Unprotected Median","None","Driveway, Public","Smooth Asphalt","Piedmont","Urban","30 - 35  MPH","No Control Present","Clear","No","35.586124, -78.7821",-78.7821,35.586124
"5354",519,520,"Yes","40-49",48,"No","Facing Traffic","K: Killed","Travel Lane","Black","Male","None - Rural Crash","Vance","No","01-01-02","2010-08-10","Head-On",21,"Non-Intersection","01-08-01","0001-01-01T16:08:58-04:56","Head-On - Bicyclist",0,2010,"K: Killed","Residential","40-49",42,"No","36-40 mph","O: No Injury","Black","Female","Passenger Car","No","No","Dark - Roadway Not Lighted","Rural (<30% Developed)","2 lanes",2,"Straight - Level","State Secondary Route","Dry","Two-Way, Not Divided","None","No Special Feature","Smooth Asphalt","Piedmont","Rural","40 - 45  MPH","No Control Present","Clear","No","36.428864, -78.43482",-78.43482,36.428864
"5355",527,528,"Yes","20-24",22,"No","Facing Traffic","B: Evident Injury","Travel Lane","Black","Male","Charlotte","Mecklenburg","No","01-01-05","2010-07-30","Motorist Failed to Yield - Sign-Controlled Intersection",2,"Intersection","01-07-01","0000-12-31T21:33:58-04:56","Motorist Drive Through - Sign-Controlled Intersection",0,2010,"B: Evident Injury","Residential","50-59",55,"No","16-20 mph","O: No Injury","White","Female","Passenger Car","No","No","Daylight","Urban (>70% Developed)","2 lanes",2,"Straight - Level","Local Street","Dry","Two-Way, Divided, Unprotected Median","None","Four-Way Intersection","Smooth Asphalt","Piedmont","Urban","30 - 35  MPH","Stop Sign","Clear","No","35.23411, -80.822235",-80.822235,35.23411
"5356",528,529,"No","30-39",31,"No","With Traffic","B: Evident Injury","Travel Lane","Black","Male","Farmville","Pitt","No","01-01-03","2010-08-04","Bicyclist Left Turn / Merge",16,"Intersection","01-08-01","0001-01-01T11:31:58-04:56","Bicyclist Left Turn - Same Direction",0,2010,"B: Evident Injury","Residential","60-69",68,"No","21-25 mph","O: No Injury","Black","Female","Van","No","No","Daylight","Urban (>70% Developed)","2 lanes",2,"Straight - Level","Local Street","Dry","Two-Way, Not Divided","None","Four-Way Intersection","Smooth Asphalt","Coastal","Rural","30 - 35  MPH","Yield Sign","Clear","No","35.591537, -77.59017",-77.59017,35.591537
"5357",531,532,"No","50-59",57,"No","Not Applicable","O: No Injury","Other","White","Male","Raleigh","Wake","No","01-01-06","2010-07-31","Crossing Paths - Other Circumstances",2,"Intersection","01-07-01","0000-12-31T21:18:58-04:56","Crossing Paths - Intersection - Other /",0,2010,"O: No Injury","Commercial","",NA,"Missing","16-20 mph","Injury","/Missing","","","No","Yes","Dark - Lighted Roadway","Urban (>70% Developed)","7 lanes",2,"Straight - Level","Local Street","Dry","Two-Way, Not Divided","None","T-Intersection","Smooth Asphalt","Piedmont","Urban","40 - 45  MPH","No Control Present","Clear","No","35.837788, -78.612976",-78.612976,35.837788
"5358",534,535,"Yes","10-Jun",6,"No","","C: Possible Injury","","White","Male","None - Rural Crash","Rowan","No","01-01-04","2010-08-12","Backing Vehicle",19,"Non-Intersection","01-08-01","0001-01-01T14:55:58-04:56","Backing Vehicle",0,2010,"C: Possible Injury","Residential","50-59",53,"No","0-5 mph","O: No Injury","White","Female","Passenger Car","No","No","Dusk","Rural (<30% Developed)","2 lanes",2,"Straight - Grade","Local Street","Dry","Two-Way, Not Divided","None","Driveway, Private","Smooth Asphalt","Piedmont","Rural","20 - 25  MPH","No Control Present","Clear","No","35.55527, -80.48653",-80.48653,35.55527
"5359",557,558,"Yes","20-24",23,"No","Not Applicable","B: Evident Injury","Non-Roadway","White","Male","Raleigh","Wake","No","01-01-05","2010-07-30","Non-Roadway",12,"Non-Roadway","01-07-01","0001-01-01T07:19:58-04:56","Non-Roadway",0,2010,"B: Evident Injury","Institutional","40-49",42,"No","0-5 mph","O: No Injury","White","Female","Sport Utility","No","No","Daylight","Urban (>70% Developed)","2 lanes",2,"Straight - Level","Local Street","Dry","Two-Way, Divided, Unprotected Median","None","No Special Feature","Smooth Asphalt","Piedmont","Urban","20 - 25  MPH","No Control Present","Clear","No","35.785778, -78.67215",-78.67215,35.785778
"5360",563,564,"Yes","10-Jun",9,"No","With Traffic","B: Evident Injury","Travel Lane","White","Male","Oak Island","Brunswick","No","","2010-07-19","Crossing Paths - Other Circumstances",20,"Intersection","01-07-01","0001-01-01T15:03:58-04:56","Crossing Paths - Intersection - Other /",0,2010,"B: Evident Injury","Residential","0-19",16,"No","21-25 mph","O: No Injury","White","Female","Passenger Car","No","No","Dusk","Urban (>70% Developed)","2 lanes",2,"Straight - Level","Local Street","Dry","Two-Way, Not Divided","None","Four-Way Intersection","Grooved Concrete","Coastal","Urban","30 - 35  MPH","No Control Present","Clear","No","33.912365, -78.13294",-78.13294,33.912365
"5361",566,567,"Yes","40-49",46,"No","Facing Traffic","C: Possible Injury","Sidewalk / Crosswalk / Driveway Crossing","Hispanic","Male","Raleigh","Wake","No","01-01-02","2010-08-03","Motorist Failed to Yield - Signalized Intersection",14,"Intersection","01-08-01","0001-01-01T09:13:58-04:56","Motorist Drive Out - Signalized Intersection",0,2010,"C: Possible Injury","Commercial","25-29",26,"No","","O: No Injury","White","Female","Passenger Car","No","No","Daylight","Urban (>70% Developed)","2 lanes",2,"Straight - Level","Local Street","Dry","Two-Way, Divided, Unprotected Median","None","T-Intersection","Coarse Asphalt","Piedmont","Urban","40 - 45  MPH","Stop And Go Signal","Clear","No","35.854973, -78.585915",-78.585915,35.854973
"5362",567,568,"No","15-Nov",14,"No","Facing Traffic","C: Possible Injury","Travel Lane","Black","Male","Wilson","Wilson","No","01-01-02","2010-08-03","Bicyclist Failed to Yield - Signalized Intersection",11,"Intersection","01-08-01","0001-01-01T06:52:58-04:56","Bicyclist Ride Through - Signalized Intersection",0,2010,"C: Possible Injury","Commercial","50-59",56,"No","11-15 mph","O: No Injury","Black","Female","Passenger Car","No","No","Daylight","Urban (>70% Developed)","3 lanes",2,"Straight - Level","Local Street","Dry","Two-Way, Not Divided","None","Four-Way Intersection","Smooth Asphalt","Coastal","Urban","30 - 35  MPH","Stop And Go Signal","Clear","No","35.718597, -77.93444",-77.93444,35.718597
"5363",569,570,"Yes","16-19",17,"No","Facing Traffic","C: Possible Injury","Travel Lane","Black","Male","Fayetteville","Cumberland","No","","2010-08-09","Head-On",17,"Non-Intersection","01-08-01","0001-01-01T12:32:58-04:56","Head-On - Bicyclist",0,2010,"C: Possible Injury","Residential","70+",NA,"No","0-5 mph","O: No Injury","White","Male","Passenger Car","No","No","Daylight","Urban (>70% Developed)","2 lanes",2,"Straight - Level","Local Street","Dry","Two-Way, Divided, Positive Median Barrier","None","No Special Feature","Coarse Asphalt","Coastal","Urban","20 - 25  MPH","No Control Present","Clear","No","35.07643, -78.99481",-78.99481,35.07643
"5364",577,578,"Yes","15-Nov",14,"No","With Traffic","B: Evident Injury","Travel Lane","Hispanic","Male","None - Rural Crash","Johnston","No","01-01-06","2010-08-21","Bicyclist Failed to Yield - Midblock",16,"Non-Intersection","01-08-01","0001-01-01T11:44:58-04:56","Bicyclist Ride Out - Other Midblock",0,2010,"B: Evident Injury","Farms, Woods, Pastures","70+",NA,"No","36-40 mph","C: Possible Injury","White","Male","Passenger Car","No","No","Daylight","Rural (<30% Developed)","4 lanes",2,"Straight - Level","US Route","Dry","Two-Way, Divided, Unprotected Median","None","No Special Feature","Coarse Asphalt","Coastal","Rural","50 - 55  MPH","No Control Present","Clear","No","35.560375, -78.390656",-78.390656,35.560375
"5365",578,579,"Yes","25-29",25,"No","Facing Traffic","C: Possible Injury","Sidewalk / Crosswalk / Driveway Crossing","White","Female","Jacksonville","Onslow","No","01-01-02","2010-08-03","Motorist Failed to Yield - Midblock",15,"Non-Intersection","01-08-01","0001-01-01T10:11:58-04:56","Motorist Drive Out - Other Midblock",0,2010,"C: Possible Injury","Residential","40-49",47,"No","0-5 mph","O: No Injury","White","Male","Pickup","No","No","Daylight","Urban (>70% Developed)","2 lanes",2,"Straight - Level","Local Street","Dry","Two-Way, Not Divided","None","No Special Feature","Smooth Asphalt","Coastal","Urban","20 - 25  MPH","Stop Sign","Cloudy","No","34.77279, -77.40895",-77.40895,34.77279
"5366",584,585,"Yes","20-24",22,"No","Facing Traffic","C: Possible Injury","Sidewalk / Crosswalk / Driveway Crossing","White","Female","Hickory","Catawba","No","01-01-05","2010-08-13","Motorist Failed to Yield - Signalized Intersection",20,"Intersection","01-08-01","0001-01-01T15:34:58-04:56","Motorist Drive Out - Signalized Intersection",0,2010,"C: Possible Injury","Residential","60-69",68,"No","","O: No Injury","White","Female","Passenger Car","No","No","Dark - Lighted Roadway","Urban (>70% Developed)","3 lanes",2,"Straight - Level","Local Street","Dry","One-Way, Not Divided","None","Four-Way Intersection","Smooth Asphalt","Piedmont","Urban","30 - 35  MPH","Stop And Go Signal","Clear","No","35.739532, -81.32355",-81.32355,35.739532
"5367",585,586,"Yes","25-29",27,"Yes","With Traffic","K: Killed","Travel Lane","White","Male","Eden","Rockingham","Yes","01-01-02","2010-08-17","Bicyclist Failed to Yield - Sign-Controlled Intersection",3,"Intersection","01-08-01","0000-12-31T22:44:58-04:56","Bicyclist Ride Through - Sign-Controlled Intersection",0,2010,"K: Killed","Residential","20-24",20,"No","31-35 mph","O: No Injury","Black","Male","Passenger Car","No","Yes","Dark - Lighted Roadway","Urban (>70% Developed)","2 lanes",3,"Straight - Level","Local Street","Dry","Two-Way, Not Divided","None","No Special Feature","Smooth Asphalt","Piedmont","Urban","30 - 35  MPH","No Control Present","Clear","No","36.513226, -79.6957",-79.6957,36.513226
"5368",589,590,"Yes","40-49",48,"No","With Traffic","B: Evident Injury","Travel Lane","White","Male","Hickory","Catawba","No","","2010-08-16","Motorist Overtaking Bicyclist",22,"Non-Intersection","01-08-01","0001-01-01T17:20:58-04:56","Motorist Overtaking - Undetected Bicyclist",0,2010,"B: Evident Injury","Commercial","25-29",25,"No","36-40 mph","O: No Injury","White","Male","Police","No","No","Daylight","Urban (>70% Developed)","5 lanes",2,"Straight - Grade","US Route","Dry","Two-Way, Not Divided","None","No Special Feature","Coarse Asphalt","Piedmont","Urban","50 - 55  MPH","No Control Present","Cloudy","No","35.71003, -81.31473",-81.31473,35.71003
"5369",590,591,"Yes","50-59",59,"No","With Traffic","A: Disabling Injury","Travel Lane","White","Male","None - Rural Crash","Moore","No","01-01-03","2010-08-25","Motorist Overtaking Bicyclist",19,"Non-Intersection","01-08-01","0001-01-01T14:28:58-04:56","Motorist Overtaking - Other /",0,2010,"A: Disabling Injury","Farms, Woods, Pastures","50-59",53,"No","41-45 mph","O: No Injury","White","Female","Sport Utility","No","No","Daylight","Rural (<30% Developed)","2 lanes",2,"Curve - Level","State Secondary Route","Dry","Two-Way, Not Divided","None","No Special Feature","Smooth Asphalt","Piedmont","Rural","40 - 45  MPH","Double Yellow Line, No Passing Zone","Clear","No","35.15607, -79.3571",-79.3571,35.15607
"5370",595,596,"Yes","50-59",52,"No","With Traffic","C: Possible Injury","Travel Lane","White","Male","Charlotte","Mecklenburg","No","01-01-06","2010-08-21","Motorist Left Turn / Merge",7,"Non-Intersection","01-08-01","0001-01-01T02:53:58-04:56","Motorist Left Turn - Opposite Direction",0,2010,"C: Possible Injury","Residential","40-49",43,"No","0-5 mph","O: No Injury","White","Male","Sport Utility","No","No","Daylight","Urban (>70% Developed)","2 lanes",2,"Straight - Grade","Local Street","Dry","Two-Way, Not Divided","None","No Special Feature","Smooth Asphalt","Piedmont","Urban","30 - 35  MPH","No Control Present","Cloudy","No","35.17916, -80.828705",-80.828705,35.17916
"5371",596,597,"No","40-49",48,"No","Facing Traffic","B: Evident Injury","Sidewalk / Crosswalk / Driveway Crossing","/Missing","Male","Winterville","Pitt","No","01-01-07","2010-08-15","Motorist Failed to Yield - Sign-Controlled Intersection",19,"Intersection","01-08-01","0001-01-01T14:51:58-04:56","Motorist Drive Out - Sign-Controlled Intersection",0,2010,"B: Evident Injury","Commercial","50-59",59,"No","","O: No Injury","White","Female","Van","No","No","Dusk","Urban (>70% Developed)","2 lanes",2,"Straight - Level","Local Street","Dry","Two-Way, Not Divided","None","T-Intersection","Smooth Asphalt","Coastal","Urban","40 - 45  MPH","Stop Sign","Cloudy","No","35.547935, -77.4028",-77.4028,35.547935
"5372",597,598,"Yes","30-39",33,"No","With Traffic","B: Evident Injury","Travel Lane","White","Male","Charlotte","Mecklenburg","No","01-01-04","2010-08-19","Bicyclist Left Turn / Merge",5,"Intersection","01-08-01","0001-01-01T00:17:58-04:56","Bicyclist Left Turn - Opposite Direction",0,2010,"B: Evident Injury","Residential","70+",NA,"No","11-15 mph","O: No Injury","Hispanic","Male","Passenger Car","No","No","Dark - Lighted Roadway","Urban (>70% Developed)","4 lanes",2,"Straight - Level","NC Route","Wet","Two-Way, Not Divided","None","Four-Way Intersection","Smooth Asphalt","Piedmont","Urban","40 - 45  MPH","Stop And Go Signal","Cloudy","No","35.083286, -80.83087",-80.83087,35.083286
"5373",602,603,"Yes","16-19",17,"No","Facing Traffic","C: Possible Injury","Sidewalk / Crosswalk / Driveway Crossing","Black","Female","Charlotte","Mecklenburg","No","01-01-04","2010-08-19","Loss of Control / Turning Error",7,"Intersection","01-08-01","0001-01-01T02:56:58-04:56","Bicyclist Lost Control - Other /",0,2010,"C: Possible Injury","Commercial","30-39",31,"No","","O: No Injury","White","Female","Passenger Car","No","No","Daylight","Urban (>70% Developed)","2 lanes",2,"Straight - Level","Local Street","Wet","Two-Way, Divided, Positive Median Barrier","None","T-Intersection","Smooth Asphalt","Piedmont","Urban","20 - 25  MPH","Stop Sign","Cloudy","No","35.091904, -80.844345",-80.844345,35.091904
"5374",625,626,"No","25-29",28,"No","With Traffic","Injury","Travel Lane","/Missing","","Erwin","Harnett","No","01-01-06","2010-08-28","Crossing Paths - Other Circumstances",21,"Intersection","01-08-01","0001-01-01T16:54:58-04:56","Crossing Paths - Intersection - Other /",0,2010,"Injury","Residential","",NA,"Missing","21-25 mph","Injury","/Missing","","","No","Yes","Dark - Lighted Roadway","Rural (<30% Developed)","3 lanes",2,"Straight - Grade","Local Street","Dry","Two-Way, Not Divided","None","Four-Way Intersection","Coarse Asphalt","Coastal","Rural","30 - 35  MPH","Stop And Go Signal","Clear","No","35.328514, -78.66038",-78.66038,35.328514
"5375",637,638,"Yes","60-69",62,"No","With Traffic","C: Possible Injury","Travel Lane","Black","Male","None - Rural Crash","Pamlico","No","01-01-04","2010-09-09","Motorist Overtaking Bicyclist",7,"Non-Intersection","01-09-01","0001-01-01T02:37:58-04:56","Motorist Overtaking - Misjudged Space",0,2010,"C: Possible Injury","Farms, Woods, Pastures","50-59",58,"No","36-40 mph","O: No Injury","Black","Female","Van","No","No","Dawn","Rural (<30% Developed)","2 lanes",2,"Straight - Level","State Secondary Route","Dry","Two-Way, Not Divided","None","No Special Feature","Smooth Asphalt","Coastal","Rural","50 - 55  MPH","No Control Present","Clear","No","35.016365, -76.7281",-76.7281,35.016365
"5376",638,639,"Yes","50-59",53,"Yes","With Traffic","K: Killed","Travel Lane","Black","Male","None - Rural Crash","Nash","Yes","01-01-03","2010-09-08","Motorist Overtaking Bicyclist",20,"Non-Intersection","01-09-01","0001-01-01T15:05:58-04:56","Motorist Overtaking - Other /",0,2010,"K: Killed","Farms, Woods, Pastures","0-19",16,"No","51-55 mph","O: No Injury","White","Male","Sport Utility","No","No","Dark - Roadway Not Lighted","Rural (<30% Developed)","2 lanes",2,"Straight - Level","US Route","Dry","Two-Way, Not Divided","None","No Special Feature","Coarse Asphalt","Coastal","Rural","50 - 55  MPH","No Control Present","Cloudy","No","36.070515, -77.74884",-77.74884,36.070515
"5377",639,640,"Yes","15-Nov",12,"No","With Traffic","B: Evident Injury","Travel Lane","White","Male","Dallas","Gaston","No","01-01-05","2010-08-13","Bicyclist Failed to Yield - Sign-Controlled Intersection",17,"Intersection","01-08-01","0001-01-01T12:34:58-04:56","Bicyclist Ride Out - Sign-Controlled Intersection",0,2010,"B: Evident Injury","Residential","70+",NA,"No","16-20 mph","C: Possible Injury","Black","Female","Passenger Car","No","No","Daylight","Urban (>70% Developed)","2 lanes",2,"Straight - Bottom","Local Street","Dry","Two-Way, Not Divided","None","T-Intersection","Smooth Asphalt","Piedmont","Rural","20 - 25  MPH","Stop Sign","Clear","No","35.31113, -81.178055",-81.178055,35.31113
"5378",643,644,"Yes","15-Nov",11,"No","With Traffic","C: Possible Injury","Travel Lane","White","Female","None - Rural Crash","Onslow","No","01-01-07","2010-09-05","Bicyclist Left Turn / Merge",14,"Non-Intersection","01-09-01","0001-01-01T09:29:58-04:56","Bicyclist Left Turn - Same Direction",0,2010,"B: Evident Injury","Farms, Woods, Pastures","50-59",58,"No","31-35 mph","B: Evident Injury","White","Male","Motorcycle","No","No","Daylight","Rural (<30% Developed)","2 lanes",2,"Straight - Level","State Secondary Route","Dry","Two-Way, Not Divided","None","No Special Feature","Coarse Asphalt","Coastal","Rural","50 - 55  MPH","No Control Present","Clear","No","34.925636, -77.33551",-77.33551,34.925636
"5379",646,647,"No","30-39",31,"Yes","With Traffic","O: No Injury","Travel Lane","Hispanic","Male","Cary","Wake","Yes","01-01-05","2010-09-10","Bicyclist Failed to Yield - Sign-Controlled Intersection",22,"Intersection","01-09-01","0001-01-01T17:12:58-04:56","Bicyclist Ride Through - Sign-Controlled Intersection",0,2010,"O: No Injury","Residential","40-49",43,"No","16-20 mph","O: No Injury","Asian","Male","Light Truck (Mini-Van, Panel)","No","No","Dark - Lighted Roadway","Urban (>70% Developed)","2 lanes",2,"Straight - Level","Local Street","Dry","Two-Way, Not Divided","None","Four-Way Intersection","Smooth Asphalt","Piedmont","Urban","20 - 25  MPH","Stop Sign","Clear","No","35.785057, -78.778625",-78.778625,35.785057
"5380",663,664,"No","16-19",19,"No","Not Applicable","O: No Injury","Sidewalk / Crosswalk / Driveway Crossing","White","Male","Southern Pines","Moore","No","01-01-05","2010-09-10","Non-Roadway",7,"Non-Roadway","01-09-01","0001-01-01T02:29:58-04:56","Non-Roadway",0,2010,"O: No Injury","Commercial","20-24",24,"No","6-10 mph","O: No Injury","White","Female","Passenger Car","No","No","Daylight","Rural (<30% Developed)","",2,"Straight - Bottom","Public Vehicular Area","Dry","Two-Way, Not Divided","None","Bridge","Smooth Asphalt","Piedmont","Urban","","No Control Present","Clear","No","35.176086, -79.38884",-79.38884,35.176086
"5381",669,670,"Yes","20-24",24,"No","With Traffic","B: Evident Injury","Travel Lane","White","Male","None - Rural Crash","Carteret","No","01-01-05","2010-09-17","Motorist Overtaking Bicyclist",21,"Non-Intersection","01-09-01","0001-01-01T16:12:58-04:56","Motorist Overtaking - Other /",0,2010,"B: Evident Injury","Residential","20-24",21,"Missing","26-30 mph","C: Possible Injury","White","Male","Motorcycle","No","No","Dark - Roadway Not Lighted","Rural (<30% Developed)","2 lanes",2,"Straight - Level","US Route","Dry","Two-Way, Not Divided","None","No Special Feature","Smooth Asphalt","Coastal","Rural","50 - 55  MPH","Double Yellow Line, No Passing Zone","Clear","No","34.78076, -76.57323",-76.57323,34.78076
"5382",173,174,"Yes","30-39",37,"No","With Traffic","B: Evident Injury","Travel Lane","White","Male","Wilmington","New Hanover","No","01-01-05","2010-04-09","Motorist Right Turn / Merge",14,"Intersection","01-04-01","0001-01-01T09:12:58-04:56","Motorist Right Turn - Same Direction",0,2010,"B: Evident Injury","Commercial","30-39",32,"No","41-45 mph","O: No Injury","White","Female","Passenger Car","No","No","Daylight","Urban (>70% Developed)","5 lanes",2,"Straight - Level","Local Street","Dry","Two-Way, Not Divided","None","Related To Intersection","Coarse Asphalt","Coastal","Urban","40 - 45  MPH","Stop Sign","Clear","No","34.22186, -77.81973",-77.81973,34.22186
"5383",176,177,"No","25-29",27,"No","With Traffic","Injury","Travel Lane","Black","Male","Fayetteville","Cumberland","No","","2010-04-19","Loss of Control / Turning Error",19,"Intersection-Related","01-04-01","0001-01-01T14:13:58-04:56","Motorist Turning Error - Other",0,2010,"Injury","Commercial","",NA,"Missing","6-10 mph","Injury","/Missing","","Passenger Car","No","Yes","Daylight","Urban (>70% Developed)","2 lanes",2,"Straight - Level","Local Street","Dry","Two-Way, Divided, Unprotected Median","None","No Special Feature","Coarse Asphalt","Coastal","Urban","40 - 45  MPH","No Control Present","Clear","No","35.097523, -78.91591",-78.91591,35.097523
"5384",177,178,"Yes","20-24",24,"No","With Traffic","B: Evident Injury","Sidewalk / Crosswalk / Driveway Crossing","White","Male","Charlotte","Mecklenburg","No","","2010-04-19","Crossing Paths - Other Circumstances",17,"Intersection","01-04-01","0001-01-01T12:03:58-04:56","Signalized Intersection - Other /",0,2010,"B: Evident Injury","Institutional","30-39",36,"No","26-30 mph","O: No Injury","Hispanic","Male","Pickup","No","No","Daylight","Urban (>70% Developed)","4 lanes",2,"Straight - Level","Local Street","Dry","Two-Way, Divided, Positive Median Barrier","None","No Special Feature","Smooth Asphalt","Piedmont","Urban","50 - 55  MPH","Stop And Go Signal","Clear","No","35.30119, -80.73129",-80.73129,35.30119
"5385",181,182,"Yes","40-49",41,"No","With Traffic","A: Disabling Injury","Travel Lane","White","Male","Huntersville","Mecklenburg","No","01-01-07","2010-04-18","Motorist Failed to Yield - Sign-Controlled Intersection",19,"Intersection","01-04-01","0001-01-01T14:33:58-04:56","Motorist Drive Out - Sign-Controlled Intersection",0,2010,"A: Disabling Injury","Residential","30-39",33,"No","0-5 mph","O: No Injury","White","Male","Sport Utility","No","No","Dusk","Mixed (30% To 70% Developed)","2 lanes",2,"Straight - Grade","Local Street","Dry","Two-Way, Not Divided","None","No Special Feature","Smooth Asphalt","Piedmont","Urban","20 - 25  MPH","Stop Sign","Clear","No","35.425896, -80.84695",-80.84695,35.425896
"5386",186,187,"Yes","60-69",61,"No","With Traffic","B: Evident Injury","Travel Lane","White","Female","None - Rural Crash","Pasquotank","No","01-01-07","2010-04-11","Motorist Overtaking Bicyclist",9,"Non-Intersection","01-04-01","0001-01-01T04:43:58-04:56","Motorist Overtaking - Other /",0,2010,"B: Evident Injury","Farms, Woods, Pastures","70+",NA,"No","46-50 mph","O: No Injury","White","Male","Van","No","No","Daylight","Rural (<30% Developed)","2 lanes",2,"Straight - Level","State Secondary Route","Dry","Two-Way, Not Divided","None","No Special Feature","Smooth Asphalt","Coastal","Rural","50 - 55  MPH","No Control Present","Clear","No","36.268047, -76.243935",-76.243935,36.268047
"5387",187,188,"Yes","16-19",17,"No","With Traffic","B: Evident Injury","Travel Lane","Hispanic","Male","Kannapolis","Cabarrus","No","01-01-06","2010-04-24","Bicyclist Failed to Yield - Sign-Controlled Intersection",12,"Intersection","01-04-01","0001-01-01T07:28:58-04:56","Bicyclist Ride Out - Sign-Controlled Intersection",0,2010,"B: Evident Injury","Residential","60-69",63,"No","16-20 mph","O: No Injury","White","Female","Passenger Car","No","No","Daylight","Urban (>70% Developed)","2 lanes",2,"Straight - Bottom","Local Street","Dry","Two-Way, Not Divided","None","Four-Way Intersection","Smooth Asphalt","Piedmont","Urban","30 - 35  MPH","No Control Present","Clear","No","35.502026, -80.63825",-80.63825,35.502026
"5388",193,194,"Yes","60-69",65,"No","With Traffic","B: Evident Injury","Travel Lane","White","Male","Charlotte","Mecklenburg","No","01-01-07","2010-04-25","Motorist Right Turn / Merge",18,"Intersection","01-04-01","0001-01-01T13:30:58-04:56","Motorist Right Turn - Same Direction",0,2010,"B: Evident Injury","Residential","50-59",52,"No","21-25 mph","O: No Injury","White","Female","Passenger Car","No","No","Daylight","Urban (>70% Developed)","3 lanes",2,"Straight - Level","Local Street","Dry","Two-Way, Divided, Unprotected Median","None","Four-Way Intersection","Smooth Asphalt","Piedmont","Urban","30 - 35  MPH","Stop And Go Signal","Clear","No","35.132595, -80.80899",-80.80899,35.132595
"5389",199,200,"Yes","40-49",46,"No","Facing Traffic","C: Possible Injury","Sidewalk / Crosswalk / Driveway Crossing","Black","Male","Cary","Wake","No","01-01-05","2010-04-30","Motorist Failed to Yield - Sign-Controlled Intersection",16,"Intersection","01-04-01","0001-01-01T11:27:58-04:56","Motorist Drive Out - Sign-Controlled Intersection",0,2010,"C: Possible Injury","Commercial","30-39",36,"No","0-5 mph","O: No Injury","White","Female","Sport Utility","No","No","Daylight","Urban (>70% Developed)","2 lanes",2,"Straight - Level","Local Street","Dry","Two-Way, Not Divided","None","No Special Feature","Smooth Asphalt","Piedmont","Urban","30 - 35  MPH","Stop Sign","Clear","No","35.784924, -78.76434",-78.76434,35.784924
"5390",201,202,"Yes","15-Nov",12,"No","Facing Traffic","C: Possible Injury","Travel Lane","White","Male","None - Rural Crash","Pender","No","01-01-03","2010-05-05","Bicyclist Right Turn / Merge",17,"Non-Intersection","01-05-01","0001-01-01T12:13:58-04:56","Bicyclist Right Turn - Same Direction",0,2010,"C: Possible Injury","Residential","30-39",31,"No","31-35 mph","O: No Injury","White","Male","Passenger Car","No","No","Daylight","Mixed (30% To 70% Developed)","3 lanes",2,"Straight - Level","State Secondary Route","Dry","Two-Way, Not Divided","None","No Special Feature","Coarse Asphalt","Coastal","Rural","40 - 45  MPH","Double Yellow Line, No Passing Zone","Clear","No","34.383553, -77.67035",-77.67035,34.383553
"5391",206,207,"Yes","60-69",66,"No","With Traffic","B: Evident Injury","Bike Lane / Paved Shoulder","Black","Male","None - Rural Crash","Sampson","No","01-01-05","2010-05-07","Motorist Overtaking Bicyclist",5,"Non-Intersection","01-05-01","0001-01-01T00:51:58-04:56","Motorist Overtaking - Misjudged Space",0,2010,"B: Evident Injury","Farms, Woods, Pastures","",NA,"No","41-45 mph","Injury","/Missing","","","No","Yes","Dark - Roadway Not Lighted","Rural (<30% Developed)","2 lanes",2,"Straight - Level","NC Route","Dry","Two-Way, Not Divided","None","No Special Feature","Coarse Asphalt","Coastal","Rural","50 - 55  MPH","No Control Present","Clear","No","35.010113, -78.30045",-78.30045,35.010113
"5392",214,215,"Yes","10-Jun",10,"No","With Traffic","C: Possible Injury","Travel Lane","Asian","Male","Raleigh","Wake","No","01-01-02","2010-04-20","Bicyclist Failed to Yield - Sign-Controlled Intersection",17,"Intersection","01-04-01","0001-01-01T13:00:58-04:56","Bicyclist Ride Through - Sign-Controlled Intersection",0,2010,"C: Possible Injury","Residential","40-49",43,"No","26-30 mph","O: No Injury","Black","Male","Passenger Car","No","No","Daylight","Urban (>70% Developed)","2 lanes",2,"Straight - Hillcrest","Local Street","Dry","Two-Way, Divided, Unprotected Median","None","Four-Way Intersection","Coarse Asphalt","Piedmont","Urban","30 - 35  MPH","Stop Sign","Clear","No","35.74792, -78.68071",-78.68071,35.74792