"","FID","OBJECTID","AmbulanceR","BikeAge_Gr","Bike_Age","Bike_Alc_D","Bike_Dir","Bike_Injur","Bike_Pos","Bike_Race","Bike_Sex","City","County","CrashAlcoh","CrashDay","Crash_Date","Crash_Grp","Crash_Hour","Crash_Loc","Crash_Mont","Crash_Time","Crash_Type","Crash_Ty_1","Crash_Year","Crsh_Sevri","Developmen","DrvrAge_Gr","Drvr_Age","Drvr_Alc_D","Drvr_EstSp","Drvr_Injur","Drvr_Race","Drvr_Sex","Drvr_VehTy","ExcsSpdInd","Hit_Run","Light_Cond","Locality","Num_Lanes","Num_Units","Rd_Charact","Rd_Class","Rd_Conditi","Rd_Config","Rd_Defects","Rd_Feature","Rd_Surface","Region","Rural_Urba","Speed_Limi","Traff_Cntr","Weather","Workzone_I","Location","locx","locy"
"5393",217,218,"Yes","25-29",28,"Yes","With Traffic","B: Evident Injury","Travel Lane","White","Male","Raleigh","Wake","Yes","01-01-06","2010-04-03","Bicyclist Left Turn / Merge",15,"Intersection-Related","01-04-01","0001-01-01T10:27:58-04:56","Bicyclist Left Turn - Same Direction",0,2010,"B: Evident Injury","Commercial","40-49",40,"No","16-20 mph","C: Possible Injury","White","Male","Sport Utility","No","No","Daylight","Urban (>70% Developed)","4 lanes",2,"Straight - Level","Local Street","Dry","Two-Way, Divided, Unprotected Median","None","No Special Feature","Smooth Asphalt","Piedmont","Urban","40 - 45  MPH","No Control Present","Clear","No","35.79382, -78.705925",-78.705925,35.79382
"5394",218,219,"Yes","10-Jun",8,"No","Not Applicable","C: Possible Injury","Driveway / Alley","Black","Male","Greensboro","Guilford","No","01-01-04","2010-04-29","Bicyclist Failed to Yield - Midblock",16,"Non-Intersection","01-04-01","0001-01-01T11:12:58-04:56","Bicyclist Ride Out - Residential Driveway",0,2010,"C: Possible Injury","Residential","50-59",51,"No","16-20 mph","O: No Injury","Black","Female","Passenger Car","No","No","Daylight","Urban (>70% Developed)","2 lanes",2,"Straight - Level","Local Street","Dry","Two-Way, Not Divided","None","No Special Feature","Smooth Asphalt","Piedmont","Urban","30 - 35  MPH","No Control Present","Clear","No","36.014256, -79.806114",-79.806114,36.014256
"5395",220,221,"Yes","20-24",22,"No","With Traffic","Injury","Bike Lane / Paved Shoulder","White","Male","Carolina Beach","New Hanover","No","01-01-04","2010-04-22","Motorist Left Turn / Merge",5,"Intersection","01-04-01","0001-01-01T00:35:58-04:56","Motorist Left Turn - Opposite Direction",0,2010,"Injury","Residential","70+",NA,"No","21-25 mph","Injury","White","Female","Passenger Car","No","No","Daylight","Urban (>70% Developed)","2 lanes",2,"Straight - Level","State Secondary Route","Dry","Two-Way, Divided, Unprotected Median","None","No Special Feature","Smooth Asphalt","Coastal","Urban","20 - 25  MPH","No Control Present","Clear","No","34.031982, -77.89496",-77.89496,34.031982
"5396",222,223,"Yes","40-49",43,"No","Facing Traffic","C: Possible Injury","Sidewalk / Crosswalk / Driveway Crossing","Black","Male","Charlotte","Mecklenburg","No","01-01-03","2010-04-28","Motorist Failed to Yield - Midblock",13,"Non-Intersection","01-04-01","0001-01-01T08:27:58-04:56","Motorist Drive Out - Commercial Driveway / Alley",0,2010,"C: Possible Injury","Commercial","25-29",27,"No","6-10 mph","O: No Injury","Hispanic","Male","Passenger Car","No","No","Daylight","Urban (>70% Developed)","2 lanes",2,"Straight - Level","Public Vehicular Area","Dry","Two-Way, Not Divided","None","Driveway, Private","Smooth Asphalt","Piedmont","Urban","","No Control Present","Clear","No","35.210953, -80.75901",-80.75901,35.210953
"5397",225,226,"No","",NA,"No","","Injury","Travel Lane","/Missing","","Cary","Wake","No","01-01-03","2010-05-12","Bicyclist Failed to Yield - Signalized Intersection",15,"Intersection","01-05-01","0001-01-01T10:37:58-04:56","Bicyclist Ride Through - Signalized Intersection",0,2010,"O: No Injury","Commercial","30-39",32,"No","0-5 mph","O: No Injury","White","Female","Passenger Car","No","No","Daylight","Urban (>70% Developed)","4 lanes",2,"Straight - Level","State Secondary Route","Dry","Two-Way, Divided, Unprotected Median","None","Four-Way Intersection","Coarse Asphalt","Piedmont","Urban","40 - 45  MPH","Stop And Go Signal","Clear","No","35.829407, -78.773",-78.773,35.829407
"5398",226,227,"Yes","16-19",17,"No","With Traffic","C: Possible Injury","Travel Lane","Black","Male","Laurinburg","Scotland","No","01-01-05","2010-04-30","Bicyclist Left Turn / Merge",18,"Non-Intersection","01-04-01","0001-01-01T13:12:58-04:56","Bicyclist Left Turn - Same Direction",0,2010,"C: Possible Injury","Residential","40-49",40,"No","26-30 mph","O: No Injury","White","Male","Van","No","No","Daylight","Urban (>70% Developed)","2 lanes",2,"Straight - Level","Local Street","Water (Standing, Moving)","Two-Way, Not Divided","None","No Special Feature","Coarse Asphalt","Coastal","Urban","30 - 35  MPH","No Control Present","Clear","No","34.75955, -79.459175",-79.459175,34.75955
"5399",230,231,"Yes","40-49",40,"No","With Traffic","B: Evident Injury","Travel Lane","White","Male","None - Rural Crash","Davidson","No","01-01-05","2010-05-14","Motorist Failed to Yield - Sign-Controlled Intersection",13,"Intersection","01-05-01","0001-01-01T08:19:58-04:56","Motorist Drive Out - Sign-Controlled Intersection",0,2010,"B: Evident Injury","Residential","20-24",21,"No","0-5 mph","O: No Injury","White","Female","Passenger Car","No","No","Daylight","Rural (<30% Developed)","2 lanes",2,"Straight - Grade","State Secondary Route","Dry","Two-Way, Not Divided","None","Four-Way Intersection","Smooth Asphalt","Piedmont","Rural","50 - 55  MPH","Stop Sign","Clear","No","35.81228, -80.2015",-80.2015,35.81228
"5400",231,232,"Yes","10-Jun",8,"No","With Traffic","C: Possible Injury","Travel Lane","Black","Female","Durham","Durham","No","01-01-06","2010-05-15","Crossing Paths - Other Circumstances",19,"Intersection","01-05-01","0001-01-01T14:10:58-04:56","Sign-Controlled Intersection - Other /",0,2010,"C: Possible Injury","Residential","30-39",31,"No","21-25 mph","O: No Injury","White","Female","Sport Utility","No","No","Daylight","Urban (>70% Developed)","2 lanes",2,"Straight - Level","Local Street","Dry","Two-Way, Not Divided","None","Four-Way Intersection","Coarse Asphalt","Piedmont","Urban","20 - 25  MPH","Stop Sign","Clear","No","36.01519, -78.915634",-78.915634,36.01519
"5401",637,638,"No","",NA,"No","With Traffic","C: Possible Injury","Sidewalk / Crosswalk / Driveway Crossing","Black","Male","Elizabeth City","Pasquotank","No","01-01-04","2007-08-09","Parallel Paths - Other Circumstances",0,"Non-Intersection","01-08-01","0000-12-31T19:03:58-04:56","Bicyclist Ride Out - Parallel Path",331225,2007,"C: Possible Injury","Commercial","30-39",34,"No","21-25 mph","O: No Injury","Black","Male","Passenger Car","No","No","Daylight","Urban (>70% Developed)","5 lanes",2,"Straight - Level","Local Street","Dry","Two-Way, Divided, Unprotected Median","None","No Special Feature","Smooth Asphalt","Coastal","Urban","30 - 35  MPH","No Control Present","Cloudy","No","36.296814, -76.22131",-76.22131,36.296814
"5402",642,643,"Yes","50-59",50,"No","With Traffic","B: Evident Injury","Bike Lane / Paved Shoulder","Black","Male","Fayetteville","Cumberland","No","01-01-05","2007-08-10","Motorist Overtaking Bicyclist",5,"Non-Intersection","01-08-01","0001-01-01T00:06:58-04:56","Motorist Overtaking - Other /",321239,2007,"B: Evident Injury","Commercial","40-49",45,"No","41-45 mph","O: No Injury","White","Male","Pickup","No","No","Dark - Roadway Not Lighted","Urban (>70% Developed)","4 lanes",2,"Straight - Level","Local Street","Dry","Two-Way, Divided, Positive Median Barrier","None","No Special Feature","Coarse Asphalt","Coastal","Urban","40 - 45  MPH","No Control Present","Clear","No","35.05947, -78.85149",-78.85149,35.05947
"5403",652,653,"No","20-24",20,"No","","B: Evident Injury","Non-Roadway","White","Female","Greenville","Pitt","No","","2007-08-13","Non-Roadway",15,"Non-Roadway","01-08-01","0001-01-01T10:03:58-04:56","Non-Roadway",460910,2007,"B: Evident Injury","Institutional","",NA,"Missing","0-5 mph","Injury","/Missing","","","No","Yes","Daylight","Urban (>70% Developed)","1 lane",2,"Curve - Level","Public Vehicular Area","Dry","Two-Way, Not Divided","None","Driveway, Public","Smooth Asphalt","Coastal","Urban","5 - 15 MPH","No Control Present","Clear","No","35.606796, -77.36946",-77.36946,35.606796
"5404",654,655,"Yes","20-24",20,"No","With Traffic","B: Evident Injury","Travel Lane","White","Male","High Point","Guilford","No","","2007-08-13","Bicyclist Failed to Yield - Sign-Controlled Intersection",14,"Intersection","01-08-01","0001-01-01T09:25:58-04:56","Bicyclist Ride Through - Sign-Controlled Intersection",111144,2007,"B: Evident Injury","Residential","60-69",61,"No","21-25 mph","O: No Injury","White","Female","Sport Utility","No","No","Daylight","Urban (>70% Developed)","2 lanes",2,"Straight - Level","Local Street","Dry","Two-Way, Not Divided","None","T-Intersection","Smooth Asphalt","Piedmont","Urban","30 - 35  MPH","Stop Sign","Clear","No","35.941494, -80.00289",-80.00289,35.941494
"5405",685,686,"No","16-19",17,"No","With Traffic","C: Possible Injury","Travel Lane","White","Male","None - Rural Crash","Caldwell","No","01-01-03","2007-08-22","Head-On",22,"Non-Intersection","01-08-01","0001-01-01T17:13:58-04:56","Head-On - Motorist",311255,2007,"C: Possible Injury","Residential","",NA,"Missing","41-45 mph","Injury","/Missing","","","No","Yes","Dark - Roadway Not Lighted","Urban (>70% Developed)","2 lanes",2,"Curve - Level","State Secondary Route","Dry","Two-Way, Not Divided","None","No Special Feature","Smooth Asphalt","Mountains","Rural","40 - 45  MPH","Double Yellow Line, No Passing Zone","Clear","No","35.810963, -81.51026",-81.51026,35.810963
"5406",687,688,"Yes","30-39",32,"No","","C: Possible Injury","Travel Lane","Black","Male","Wilson","Wilson","No","01-01-03","2007-08-22","Motorist Failed to Yield - Sign-Controlled Intersection",8,"Intersection","01-08-01","0001-01-01T03:55:58-04:56","Motorist Drive Out - Sign-Controlled Intersection",119141,2007,"C: Possible Injury","Commercial","40-49",45,"No","6-10 mph","O: No Injury","Black","Female","Sport Utility","No","No","Daylight","Urban (>70% Developed)","3 lanes",2,"Straight - Level","Local Street","Dry","Two-Way, Not Divided","None","Related To Intersection","Coarse Asphalt","Coastal","Urban","5 - 15 MPH","Stop Sign","Clear","No","35.720673, -77.9058",-77.9058,35.720673
"5407",690,691,"No","30-39",38,"No","With Traffic","B: Evident Injury","Travel Lane","White","Male","None - Rural Crash","Transylvania","No","01-01-04","2007-08-23","Motorist Overtaking Bicyclist",14,"Non-Intersection","01-08-01","0001-01-01T09:44:58-04:56","Motorist Overtaking - Misjudged Space",311232,2007,"B: Evident Injury","Residential","70+",NA,"No","36-40 mph","O: No Injury","White","Female","Passenger Car","No","No","Daylight","Mixed (30% To 70% Developed)","2 lanes",2,"Straight - Level","State Secondary Route","Dry","Two-Way, Not Divided","None","No Special Feature","Smooth Asphalt","Mountains","Rural","40 - 45  MPH","Double Yellow Line, No Passing Zone","Cloudy","No","35.234787, -82.70414",-82.70414,35.234787
"5408",691,692,"Yes","16-19",17,"No","With Traffic","C: Possible Injury","Travel Lane","White","Male","Cary","Wake","No","01-01-04","2007-11-29","Bicyclist Failed to Yield - Signalized Intersection",18,"Intersection","01-11-01","0001-01-01T13:25:58-04:56","Bicyclist Ride Through - Signalized Intersection",111155,2007,"C: Possible Injury","Commercial","25-29",27,"No","31-35 mph","O: No Injury","Hispanic","Female","Sport Utility","No","No","Dark - Lighted Roadway","Urban (>70% Developed)","4 lanes",2,"Straight - Grade","State Secondary Route","Dry","Two-Way, Divided, Unprotected Median","None","Four-Way Intersection","Smooth Asphalt","Piedmont","Urban","40 - 45  MPH","Stop And Go Signal","Clear","No","35.80254, -78.782936",-78.782936,35.80254
"5409",698,699,"No","20-24",22,"No","With Traffic","C: Possible Injury","Travel Lane","White","Female","Raleigh","Wake","No","01-01-04","2007-08-23","Motorist Failed to Yield - Sign-Controlled Intersection",20,"Intersection","01-08-01","0001-01-01T15:10:58-04:56","Motorist Drive Out - Sign-Controlled Intersection",111141,2007,"C: Possible Injury","Residential","30-39",37,"No","21-25 mph","O: No Injury","White","Female","Passenger Car","No","No","Dark - Roadway Not Lighted","Urban (>70% Developed)","2 lanes",2,"Straight - Level","Local Street","Dry","Two-Way, Divided, Unprotected Median","None","Four-Way Intersection","Concrete","Piedmont","Urban","30 - 35  MPH","Stop Sign","Clear","No","35.793137, -78.67304",-78.67304,35.793137
"5410",699,700,"Yes","10-Jun",9,"No","","C: Possible Injury","Non-Roadway","Black","Female","Charlotte","Mecklenburg","No","01-01-06","2007-12-01","Non-Roadway",15,"Non-Roadway","01-12-01","0001-01-01T10:23:58-04:56","Non-Roadway",460910,2007,"C: Possible Injury","Residential","20-24",24,"No","0-5 mph","O: No Injury","Hispanic","Male","Sport Utility","No","No","Daylight","Urban (>70% Developed)","",2,"Straight - Level","Public Vehicular Area","Dry","Two-Way, Not Divided","None","No Special Feature","Smooth Asphalt","Piedmont","Urban","20 - 25  MPH","No Control Present","Clear","No","35.304985, -80.84734",-80.84734,35.304985
"5411",707,708,"Yes","15-Nov",15,"No","With Traffic","B: Evident Injury","Travel Lane","White","Male","None - Rural Crash","New Hanover","No","01-01-03","2007-08-29","Bicyclist Left Turn / Merge",16,"Non-Intersection","01-08-01","0001-01-01T11:22:58-04:56","Bicyclist Left Turn - Same Direction",311221,2007,"B: Evident Injury","Farms, Woods, Pastures","25-29",29,"No","51-55 mph","O: No Injury","White","Male","Sport Utility","No","No","Daylight","Rural (<30% Developed)","4 lanes",2,"Straight - Level","US Route","Dry","Two-Way, Divided, Unprotected Median","None","No Special Feature","Coarse Asphalt","Coastal","Rural","50 - 55  MPH","No Control Present","Clear","No","34.05103, -77.89979",-77.89979,34.05103
"5412",711,712,"Yes","60-69",60,"No","With Traffic","A: Disabling Injury","Travel Lane","White","Male","Wilmington","New Hanover","No","01-01-04","2007-08-30","Motorist Overtaking Bicyclist",22,"Non-Intersection","01-08-01","0001-01-01T17:38:58-04:56","Motorist Overtaking - Other /",311239,2007,"A: Disabling Injury","Commercial","25-29",29,"No","41-45 mph","O: No Injury","White","Male","Passenger Car","No","No","Dark - Roadway Not Lighted","Urban (>70% Developed)","5 lanes",2,"Straight - Level","Local Street","Dry","Two-Way, Not Divided","None","No Special Feature","Smooth Asphalt","Coastal","Urban","40 - 45  MPH","No Control Present","Clear","No","34.209602, -77.839935",-77.839935,34.209602
"5413",713,714,"No","30-39",35,"No","Facing Traffic","C: Possible Injury","Sidewalk / Crosswalk / Driveway Crossing","Black","Male","Raleigh","Wake","No","01-01-05","2007-08-31","Motorist Failed to Yield - Signalized Intersection",17,"Intersection","01-08-01","0001-01-01T12:13:58-04:56","Motorist Drive Out - Right Turn on Red",132151,2007,"C: Possible Injury","Commercial","30-39",30,"No","0-5 mph","O: No Injury","White","Female","Sport Utility","No","No","Daylight","Urban (>70% Developed)","9 or more lanes",2,"Straight - Hillcrest","Local Street","Dry","Two-Way, Not Divided","None","Four-Way Intersection","Smooth Asphalt","Piedmont","Urban","30 - 35  MPH","Stop And Go Signal","Clear","No","35.77515, -78.6567",-78.6567,35.77515
"5414",718,719,"Yes","20-24",23,"No","With Traffic","B: Evident Injury","Travel Lane","White","Female","Asheville","Buncombe","No","01-01-07","2007-09-02","Motorist Failed to Yield - Sign-Controlled Intersection",10,"Intersection","01-09-01","0001-01-01T05:33:58-04:56","Motorist Drive Out - Sign-Controlled Intersection",111141,2007,"B: Evident Injury","Residential","30-39",38,"No","0-5 mph","O: No Injury","White","Female","Passenger Car","No","No","Daylight","Urban (>70% Developed)","2 lanes",2,"Straight - Bottom","Local Street","Dry","Two-Way, Not Divided","None","Four-Way Intersection","Coarse Asphalt","Mountains","Urban","30 - 35  MPH","Stop Sign","Clear","No","35.55902, -82.514755",-82.514755,35.55902
"5415",728,729,"Yes","40-49",43,"No","With Traffic","C: Possible Injury","Travel Lane","White","Male","None - Rural Crash","Pasquotank","No","01-01-03","2007-09-05","Head-On",11,"Non-Intersection","01-09-01","0001-01-01T06:32:58-04:56","Head-On -",311259,2007,"C: Possible Injury","Farms, Woods, Pastures","0-19",17,"No","11-15 mph","O: No Injury","White","Female","Sport Utility","No","No","Daylight","Rural (<30% Developed)","2 lanes",2,"Straight - Level","State Secondary Route","Dry","Two-Way, Not Divided","None","No Special Feature","Smooth Asphalt","Coastal","Rural","50 - 55  MPH","No Control Present","Clear","No","36.219486, -76.27497",-76.27497,36.219486
"5416",730,731,"No","20-24",21,"No","With Traffic","C: Possible Injury","Travel Lane","/Missing","Male","Raleigh","Wake","No","01-01-03","2007-09-05","Motorist Right Turn / Merge",16,"Intersection","01-09-01","0001-01-01T11:03:58-04:56","Motorist Right Turn - Same Direction",111213,2007,"C: Possible Injury","Residential","25-29",25,"No","6-10 mph","O: No Injury","/Missing","Female","Pickup","No","No","Daylight","Mixed (30% To 70% Developed)","4 lanes",2,"Straight - Level","Local Street","Dry","Two-Way, Not Divided","None","Four-Way Intersection","Smooth Asphalt","Piedmont","Urban","30 - 35  MPH","Stop Sign","Clear","No","35.794384, -78.60743",-78.60743,35.794384
"5417",736,737,"No","40-49",45,"No","With Traffic","O: No Injury","Travel Lane","White","Male","Raleigh","Wake","No","","2007-10-08","Bicyclist Overtaking Motorist",13,"Intersection-Related","01-10-01","0001-01-01T08:46:58-04:56","Bicyclist Overtaking - Passing on Right",211241,2007,"O: No Injury","Residential","50-59",54,"No","0-5 mph","O: No Injury","Black","Male","Passenger Car","No","No","Daylight","Urban (>70% Developed)","2 lanes",2,"Straight - Level","Local Street","Dry","Two-Way, Not Divided","None","No Special Feature","Smooth Asphalt","Piedmont","Urban","20 - 25  MPH","Stop Sign","Clear","No","35.950146, -78.55923",-78.55923,35.950146
"5418",737,738,"No","15-Nov",14,"No","With Traffic","C: Possible Injury","Travel Lane","Black","Male","None - Rural Crash","Halifax","No","01-01-06","2007-09-01","Motorist Overtaking Bicyclist",12,"Non-Intersection","01-09-01","0001-01-01T07:12:58-04:56","Motorist Overtaking - Misjudged Space",311232,2007,"C: Possible Injury","Residential","",NA,"Missing","","Injury","/Missing","","","No","Yes","Daylight","Mixed (30% To 70% Developed)","2 lanes",2,"Curve - Level","State Secondary Route","Dry","Two-Way, Not Divided","None","No Special Feature","Smooth Asphalt","Coastal","Rural","40 - 45  MPH","Double Yellow Line, No Passing Zone","Clear","No","36.40958, -77.687706",-77.687706,36.40958
"5419",740,741,"No","15-Nov",14,"No","Not Applicable","B: Evident Injury","Non-Roadway","Black","Male","Erwin","Harnett","No","01-01-03","2007-09-05","Bicyclist Failed to Yield - Signalized Intersection",14,"Intersection-Related","01-09-01","0001-01-01T09:54:58-04:56","Bicyclist Ride Out - Signalized  Intersection",263153,2007,"B: Evident Injury","Commercial","0-19",16,"No","11-15 mph","O: No Injury","White","Male","Passenger Car","No","No","Daylight","Urban (>70% Developed)","2 lanes",2,"Straight - Level","Local Street","Dry","Two-Way, Not Divided","None","Driveway, Private","Coarse Asphalt","Coastal","Rural","30 - 35  MPH","No Control Present","Clear","No","35.3353, -78.67266",-78.67266,35.3353
"5420",745,746,"No","50-59",51,"No","Facing Traffic","C: Possible Injury","Sidewalk / Crosswalk / Driveway Crossing","White","Male","Charlotte","Mecklenburg","No","01-01-03","2007-12-12","Motorist Left Turn / Merge",10,"Intersection","01-12-01","0001-01-01T05:37:58-04:56","Motorist Left Turn - Same Direction",132211,2007,"C: Possible Injury","Commercial","30-39",38,"No","26-30 mph","O: No Injury","White","Male","Passenger Car","No","No","Daylight","Urban (>70% Developed)","4 lanes",2,"Straight - Level","Local Street","Dry","Two-Way, Not Divided","None","Four-Way Intersection","Smooth Asphalt","Piedmont","Urban","30 - 35  MPH","Stop And Go Signal","Clear","Yes","35.222946, -80.83791",-80.83791,35.222946
"5421",750,751,"Yes","15-Nov",15,"No","With Traffic","C: Possible Injury","Travel Lane","Black","Male","Raleigh","Wake","No","01-01-05","2007-09-07","Motorist Overtaking Bicyclist",16,"Non-Intersection","01-09-01","0001-01-01T11:03:58-04:56","Motorist Overtaking - Bicyclist Swerved",311235,2007,"C: Possible Injury","Residential","40-49",47,"No","16-20 mph","O: No Injury","Black","Female","Sport Utility","No","No","Daylight","Urban (>70% Developed)","2 lanes",2,"Straight - Level","Local Street","Dry","Two-Way, Not Divided","None","No Special Feature","Smooth Asphalt","Piedmont","Urban","30 - 35  MPH","No Control Present","Clear","No","35.77205, -78.61814",-78.61814,35.77205
"5422",754,755,"No","0-5",4,"No","With Traffic","C: Possible Injury","Travel Lane","Other","Male","None - Rural Crash","Beaufort","No","01-01-07","2007-09-09","Bicyclist Failed to Yield - Sign-Controlled Intersection",16,"Intersection","01-09-01","0001-01-01T11:13:58-04:56","Bicyclist Ride Through - Sign-Controlled Intersection",111144,2007,"C: Possible Injury","Residential","70+",NA,"No","16-20 mph","O: No Injury","Black","Female","Passenger Car","No","No","Daylight","Mixed (30% To 70% Developed)","2 lanes",2,"Straight - Level","State Secondary Route","Wet","Two-Way, Not Divided","None","T-Intersection","Coarse Asphalt","Coastal","Rural","30 - 35  MPH","Double Yellow Line, No Passing Zone","Cloudy","No","35.32807, -76.87887",-76.87887,35.32807
"5423",766,767,"Yes","30-39",30,"No","Facing Traffic","C: Possible Injury","","White","Male","Kinston","Lenoir","No","01-01-03","2007-12-19","Motorist Left Turn / Merge",19,"Intersection","01-12-01","0001-01-01T14:34:58-04:56","Motorist Left Turn - Same Direction",192211,2007,"C: Possible Injury","Commercial","40-49",48,"No","11-15 mph","O: No Injury","White","Female","Passenger Car","No","No","Dark - Lighted Roadway","Urban (>70% Developed)","5 lanes",2,"Straight - Level","US Route","Dry","Two-Way, Not Divided","None","T-Intersection","Coarse Asphalt","Coastal","Urban","30 - 35  MPH","No Control Present","Clear","No","35.271072, -77.60522",-77.60522,35.271072
"5424",770,771,"No","30-39",36,"No","With Traffic","B: Evident Injury","Travel Lane","Hispanic","Male","Charlotte","Mecklenburg","No","01-01-04","2007-12-20","Motorist Overtaking Bicyclist",12,"Intersection","01-12-01","0001-01-01T07:27:58-04:56","Motorist Overtaking - Other /",111239,2007,"B: Evident Injury","Commercial","",NA,"Missing","","Injury","/Missing","","Passenger Car","No","Yes","Daylight","Urban (>70% Developed)","4 lanes",2,"Straight - Grade","Local Street","Dry","Two-Way, Not Divided","None","Four-Way Intersection","Smooth Asphalt","Piedmont","Urban","","Stop And Go Signal","Clear","No","35.13792, -80.87934",-80.87934,35.13792
"5425",777,778,"Yes","40-49",43,"No","With Traffic","A: Disabling Injury","Travel Lane","Native American","Male","None - Rural Crash","Hoke","No","01-01-06","2007-09-15","Motorist Overtaking Bicyclist",17,"Non-Intersection","01-09-01","0001-01-01T12:33:58-04:56","Motorist Overtaking - Bicyclist Swerved",311235,2007,"A: Disabling Injury","Farms, Woods, Pastures","50-59",59,"No","51-55 mph","O: No Injury","White","Male","Pickup","No","No","Daylight","Rural (<30% Developed)","2 lanes",2,"Straight - Level","State Secondary Route","Dry","Two-Way, Not Divided","None","No Special Feature","Smooth Asphalt","Coastal","Rural","50 - 55  MPH","No Control Present","Clear","No","34.90628, -79.11907",-79.11907,34.90628
"5426",778,779,"Yes","10-Jun",10,"No","","C: Possible Injury","Non-Roadway","Black","Male","Charlotte","Mecklenburg","No","01-01-07","2007-12-09","Non-Roadway",11,"Non-Roadway","01-12-01","0001-01-01T07:02:58-04:56","Non-Roadway",460910,2007,"C: Possible Injury","Residential","0-19",12,"No","0-5 mph","O: No Injury","Black","Male","Passenger Car","No","No","Daylight","Urban (>70% Developed)","",2,"Straight - Level","Public Vehicular Area","Dry","Two-Way, Not Divided","None","No Special Feature","Smooth Asphalt","Piedmont","Urban","5 - 15 MPH","No Control Present","Clear","No","35.247334, -80.840996",-80.840996,35.247334
"5427",781,782,"Yes","30-39",31,"No","With Traffic","B: Evident Injury","Travel Lane","White","Female","Raleigh","Wake","No","01-01-07","2007-09-16","Motorist Left Turn / Merge",20,"Intersection","01-09-01","0001-01-01T15:35:58-04:56","Motorist Left Turn - Opposite Direction",111212,2007,"B: Evident Injury","Residential","20-24",20,"No","0-5 mph","O: No Injury","Black","Male","Passenger Car","No","No","Dark -  Lighting","Urban (>70% Developed)","5 lanes",2,"Straight - Level","Local Street","Dry","Two-Way, Divided, Unprotected Median","None","Four-Way Intersection","Smooth Asphalt","Piedmont","Urban","30 - 35  MPH","Stop And Go Signal","Clear","No","35.810463, -78.62568",-78.62568,35.810463
"5428",784,785,"Yes","50-59",51,"No","With Traffic","B: Evident Injury","Travel Lane","White","Male","Charlotte","Mecklenburg","No","01-01-06","2007-12-29","Motorist Left Turn / Merge",16,"Non-Intersection","01-12-01","0001-01-01T11:56:58-04:56","Motorist Left Turn - Opposite Direction",311212,2007,"B: Evident Injury","Residential","",NA,"Missing","","Injury","/Missing","","Passenger Car","No","Yes","Daylight","Urban (>70% Developed)","2 lanes",2,"Curve - Level","Local Street","Wet","Two-Way, Not Divided","None","No Special Feature","Smooth Asphalt","Piedmont","Urban","","No Control Present","Cloudy","No","35.21553, -80.851135",-80.851135,35.21553
"5429",790,791,"Yes","15-Nov",11,"No","Not Applicable","B: Evident Injury","Driveway / Alley","White","Female","None - Rural Crash","Buncombe","No","01-01-02","2007-09-18","Bicyclist Failed to Yield - Midblock",17,"Non-Intersection","01-09-01","0001-01-01T12:23:58-04:56","Bicyclist Ride Out - Residential Driveway",353311,2007,"B: Evident Injury","Farms, Woods, Pastures","40-49",48,"No","26-30 mph","O: No Injury","White","Male","Pickup","No","No","Daylight","Rural (<30% Developed)","2 lanes",2,"Straight - Level","State Secondary Route","Dry","Two-Way, Not Divided","None","No Special Feature","Coarse Asphalt","Mountains","Rural","30 - 35  MPH","Double Yellow Line, No Passing Zone","Clear","No","35.618645, -82.29222",-82.29222,35.618645
"5430",799,800,"No","25-29",25,"No","With Traffic","B: Evident Injury","Travel Lane","White","Male","Greensboro","Guilford","No","01-01-03","2007-09-19","Bicyclist Overtaking Motorist",16,"Non-Intersection","01-09-01","0001-01-01T11:14:58-04:56","Bicyclist Overtaking - Extended Door",311244,2007,"B: Evident Injury","Commercial","50-59",51,"No","","O: No Injury","White","Male","Passenger Car","No","Yes","Daylight","Urban (>70% Developed)","2 lanes",4,"Straight - Level","Local Street","Dry","Two-Way, Not Divided","None","No Special Feature","Smooth Asphalt","Piedmont","Urban","20 - 25  MPH","No Control Present","Clear","No","36.07047, -79.79049",-79.79049,36.07047
"5431",801,802,"Yes","40-49",42,"No","Facing Traffic","B: Evident Injury","Sidewalk / Crosswalk / Driveway Crossing","White","Male","Greensboro","Guilford","No","01-01-04","2007-09-20","Bicyclist Failed to Yield - Signalized Intersection",13,"Intersection","01-09-01","0001-01-01T08:33:58-04:56","Bicyclist Ride Through - Signalized Intersection",132155,2007,"B: Evident Injury","Commercial","",NA,"Missing","6-10 mph","Injury","/Missing","","","No","Yes","Daylight","Urban (>70% Developed)","5 lanes",2,"Straight - Level","Local Street","Dry","Two-Way, Not Divided","None","Four-Way Intersection","Smooth Asphalt","Piedmont","Urban","30 - 35  MPH","Stop And Go Signal","Clear","No","36.021015, -79.79169",-79.79169,36.021015