"","FID","OBJECTID","AmbulanceR","BikeAge_Gr","Bike_Age","Bike_Alc_D","Bike_Dir","Bike_Injur","Bike_Pos","Bike_Race","Bike_Sex","City","County","CrashAlcoh","CrashDay","Crash_Date","Crash_Grp","Crash_Hour","Crash_Loc","Crash_Mont","Crash_Time","Crash_Type","Crash_Ty_1","Crash_Year","Crsh_Sevri","Developmen","DrvrAge_Gr","Drvr_Age","Drvr_Alc_D","Drvr_EstSp","Drvr_Injur","Drvr_Race","Drvr_Sex","Drvr_VehTy","ExcsSpdInd","Hit_Run","Light_Cond","Locality","Num_Lanes","Num_Units","Rd_Charact","Rd_Class","Rd_Conditi","Rd_Config","Rd_Defects","Rd_Feature","Rd_Surface","Region","Rural_Urba","Speed_Limi","Traff_Cntr","Weather","Workzone_I","Location","locx","locy"
"5473",33,34,"No","25-29",28,"No","With Traffic","O: No Injury","Travel Lane","White","Male","Garner","Wake","No","01-01-02","2008-01-08","Crossing Paths - Other Circumstances",11,"Intersection","","0001-01-01T06:23:58-04:56","Sign-Controlled Intersection - Other /",111148,2008,"O: No Injury","Institutional","0-19",17,"No","11-15 mph","O: No Injury","Black","Male","Sport Utility","No","Yes","Daylight","Mixed (30% To 70% Developed)","2 lanes",2,"Straight - Level","Local Street","Dry","Two-Way, Not Divided","None","No Special Feature","Smooth Asphalt","Piedmont","Urban","20 - 25  MPH","No Control Present","Clear","No","0.0, 0.0",0,0
"5474",40,41,"No","30-39",31,"No","Not Applicable","O: No Injury","Non-Roadway","Black","Male","Raleigh","Wake","No","01-01-04","2008-01-10","Non-Roadway",22,"Non-Roadway","","0001-01-01T17:06:58-04:56","Non-Roadway",460910,2008,"O: No Injury","Commercial","40-49",40,"No","0-5 mph","O: No Injury","White","Male","Light Truck (Mini-Van, Panel)","No","No","Dark - Lighted Roadway","Urban (>70% Developed)","",2,"Straight - Level","Public Vehicular Area","Dry","Two-Way, Not Divided","None","Driveway, Public","Smooth Asphalt","Piedmont","Urban","30 - 35  MPH","No Control Present","Clear","No","0.0, 0.0",0,0
"5475",45,46,"No","60-69",64,"Yes","With Traffic","B: Evident Injury","Travel Lane","Black","Male","Kannapolis","Cabarrus","Yes","01-01-05","2008-01-11","Crossing Paths - Other Circumstances",22,"Intersection","","0001-01-01T17:04:58-04:56","Sign-Controlled Intersection - Other /",111148,2008,"B: Evident Injury","Residential","70+",NA,"No","6-10 mph","O: No Injury","White","Male","Sport Utility","No","No","Dark - Lighted Roadway","Urban (>70% Developed)","2 lanes",2,"Straight - Level","Local Street","Dry","Two-Way, Not Divided","None","No Special Feature","Smooth Asphalt","Piedmont","Urban","40 - 45  MPH","Stop Sign","Clear","No","0.0, 0.0",0,0
"5476",46,47,"No","40-49",41,"No","Not Applicable","O: No Injury","Multi-use Path","White","Male","Raleigh","Wake","No","","2008-01-14","Non-Roadway",17,"Non-Roadway","","0001-01-01T12:36:58-04:56","Non-Roadway",440910,2008,"O: No Injury","Commercial","20-24",22,"No","0-5 mph","O: No Injury","White","Female","Passenger Car","No","No","Dark - Lighted Roadway","Mixed (30% To 70% Developed)","2 lanes",2,"Straight - Level","Public Vehicular Area","Dry","Two-Way, Not Divided","None","Driveway, Public","Smooth Asphalt","Piedmont","Urban","5 - 15 MPH","Flashing Signal With Stop Sign","Clear","No","0.0, 0.0",0,0
"5477",52,53,"Yes","40-49",46,"No","With Traffic","A: Disabling Injury","Travel Lane","Other","Female","Fayetteville","Cumberland","No","01-01-02","2008-03-25","Motorist Overtaking Bicyclist",6,"Non-Intersection","01-03-01","0001-01-01T01:49:58-04:56","Motorist Overtaking - Bicyclist Swerved",311235,2008,"A: Disabling Injury","Farms, Woods, Pastures","40-49",47,"No","46-50 mph","O: No Injury","White","Male","Single Unit Truck (2-Axle, 6-Tire)","No","No","Dark - Roadway Not Lighted","Rural (<30% Developed)","4 lanes",2,"Straight - Grade","Local Street","Dry","Two-Way, Divided, Unprotected Median","None","No Special Feature","Coarse Asphalt","Coastal","Urban","50 - 55  MPH","No Control Present","Clear","No","0.0, 0.0",0,0
"5478",56,57,"Yes","50-59",52,"Yes","With Traffic","B: Evident Injury","Travel Lane","Black","Male","None - Rural Crash","Cumberland","Yes","01-01-07","2008-01-20","Loss of Control / Turning Error",19,"Intersection-Related","","0001-01-01T14:30:58-04:56","Bicylist Lost Control - Alcohol / Drug Impairment",211123,2008,"B: Evident Injury","Residential","50-59",56,"No","31-35 mph","O: No Injury","Black","Male","Passenger Car","No","No","Dark - Lighted Roadway","Urban (>70% Developed)","2 lanes",2,"Straight - Grade","State Secondary Route","Dry","Two-Way, Not Divided","None","No Special Feature","Coarse Asphalt","Coastal","Rural","30 - 35  MPH","Double Yellow Line, No Passing Zone","Clear","No","0.0, 0.0",0,0
"5479",57,58,"No","10-Jun",9,"No","","B: Evident Injury","","Black","Male","Charlotte","Mecklenburg","No","01-01-03","2008-04-09","Loss of Control / Turning Error",17,"Intersection","01-04-01","0001-01-01T12:39:58-04:56","Bicyclist Lost Control - Mechanical Problems",199121,2008,"B: Evident Injury","Residential","40-49",43,"No","21-25 mph","O: No Injury","Hispanic","Female","Passenger Car","No","No","Daylight","Urban (>70% Developed)","1 lane",2,"Straight - Level","Local Street","Dry","Two-Way, Not Divided","None","Four-Way Intersection","Smooth Asphalt","Piedmont","Urban","20 - 25  MPH","No Control Present","Clear","No","0.0, 0.0",0,0
"5480",59,60,"Yes","10-Jun",9,"No","With Traffic","A: Disabling Injury","Travel Lane","Black","Male","Charlotte","Mecklenburg","No","01-01-06","2008-03-22","Crossing Paths - Other Circumstances",18,"Intersection","01-03-01","0001-01-01T13:54:58-04:56","Sign-Controlled Intersection - Other /",111148,2008,"A: Disabling Injury","Residential","20-24",24,"No","21-25 mph","O: No Injury","Black","Female","Sport Utility","No","No","Daylight","Urban (>70% Developed)","2 lanes",2,"Straight - Level","Local Street","Dry","Two-Way, Not Divided","None","No Special Feature","Concrete","Piedmont","Urban","30 - 35  MPH","No Control Present","Clear","No","0.0, 0.0",0,0
"5481",60,61,"Yes","16-19",18,"No","With Traffic","C: Possible Injury","Travel Lane","Black","Male","Charlotte","Mecklenburg","No","01-01-05","2008-04-11","Bicyclist Right Turn / Merge",15,"Non-Intersection","01-04-01","0001-01-01T10:38:58-04:56","Bicyclist Right Turn - Same Direction",311223,2008,"C: Possible Injury","Commercial","40-49",43,"No","26-30 mph","O: No Injury","Black","Female","Passenger Car","No","No","Daylight","Urban (>70% Developed)","5 lanes",2,"Straight - Level","Local Street","Dry","Two-Way, Not Divided","None","No Special Feature","Coarse Asphalt","Piedmont","Urban","40 - 45  MPH","No Control Present","Cloudy","No","0.0, 0.0",0,0
"5482",72,73,"Yes","30-39",35,"No","With Traffic","B: Evident Injury","Sidewalk / Crosswalk / Driveway Crossing","White","Male","Hickory","Catawba","No","01-01-02","2008-01-29","Motorist Right Turn / Merge",11,"Intersection","","0001-01-01T06:44:58-04:56","Motorist Right Turn - Same Direction",131213,2008,"B: Evident Injury","Commercial","25-29",27,"No","0-5 mph","O: No Injury","White","Female","Passenger Car","No","No","Daylight","Urban (>70% Developed)","2 lanes",2,"Straight - Grade","Public Vehicular Area","Dry","Two-Way, Not Divided","None","No Special Feature","Coarse Asphalt","Piedmont","Urban","5 - 15 MPH","No Control Present","Cloudy","No","0.0, 0.0",0,0
"5483",74,75,"Yes","25-29",29,"No","With Traffic","B: Evident Injury","Travel Lane","White","Male","Carrboro","Orange","No","01-01-03","2008-01-30","Bicyclist Failed to Yield - Signalized Intersection",11,"Intersection","","0001-01-01T06:29:58-04:56","Bicyclist Failed to Clear - Multiple Threat",111157,2008,"B: Evident Injury","Commercial","50-59",52,"No","26-30 mph","O: No Injury","Black","Female","Passenger Car","No","No","Daylight","Urban (>70% Developed)","4 lanes",2,"Curve - Hillcrest","NC Route","Dry","Two-Way, Divided, Unprotected Median","None","Four-Way Intersection","Smooth Asphalt","Piedmont","Urban","40 - 45  MPH","Stop And Go Signal","Clear","No","0.0, 0.0",0,0
"5484",88,89,"Yes","16-19",17,"No","With Traffic","B: Evident Injury","Travel Lane","White","Male","None - Rural Crash","Richmond","No","","2008-02-04","Motorist Overtaking Bicyclist",14,"Non-Intersection","01-02-01","0001-01-01T09:03:58-04:56","Motorist Overtaking - Other /",311239,2008,"B: Evident Injury","Commercial","",NA,"Missing","41-45 mph","Injury","/Missing","","","No","Yes","Daylight","Urban (>70% Developed)","2 lanes",2,"Straight - Grade","State Secondary Route","Wet","Two-Way, Not Divided","None","No Special Feature","Smooth Asphalt","Piedmont","Rural","40 - 45  MPH","Double Yellow Line, No Passing Zone","Cloudy","No","0.0, 0.0",0,0
"5485",90,91,"Yes","40-49",46,"No","With Traffic","Injury","Bike Lane / Paved Shoulder","Black","Female","Kenly","Johnston","No","01-01-02","2008-04-15","Bicyclist Left Turn / Merge",16,"Non-Intersection","01-04-01","0001-01-01T11:33:58-04:56","Bicyclist Left Turn - Same Direction",321221,2008,"O: No Injury","Commercial","30-39",31,"No","31-35 mph","O: No Injury","White","Female","Passenger Car","No","No","Daylight","Mixed (30% To 70% Developed)","2 lanes",2,"Straight - Level","Local Street","Dry","Two-Way, Not Divided","None","No Special Feature","Concrete","Coastal","Rural","30 - 35  MPH","No Control Present","Clear","No","0.0, 0.0",0,0
"5486",93,94,"No","30-39",33,"No","","C: Possible Injury","","Black","Male","Greensboro","Guilford","No","01-01-04","2008-02-07","Other /  - Insufficient Details",17,"Intersection","01-02-01","0001-01-01T12:18:58-04:56","Approach Paths",1990970,2008,"C: Possible Injury","Commercial","20-24",22,"No","11-15 mph","O: No Injury","Black","Female","Passenger Car","No","No","Dusk","Urban (>70% Developed)","3 lanes",2,"Straight - Level","Local Street","Dry","Two-Way, Divided, Unprotected Median","None","T-Intersection","Smooth Asphalt","Piedmont","Urban","20 - 25  MPH","Stop Sign","Clear","No","0.0, 0.0",0,0
"5487",94,95,"No","16-19",19,"No","With Traffic","C: Possible Injury","Travel Lane","Black","Male","Fayetteville","Cumberland","No","01-01-03","2008-02-06","Bicyclist Left Turn / Merge",7,"Non-Intersection","01-02-01","0001-01-01T02:23:58-04:56","Bicyclist Left Turn - Same Direction",311221,2008,"C: Possible Injury","Industrial","25-29",27,"No","41-45 mph","O: No Injury","White","Female","Passenger Car","No","No","Daylight","Rural (<30% Developed)","2 lanes",2,"Straight - Level","Local Street","Dry","Two-Way, Not Divided","None","No Special Feature","Grooved Concrete","Coastal","Urban","40 - 45  MPH","Missing","Clear","No","0.0, 0.0",0,0
"5488",102,103,"No","30-39",31,"No","Facing Traffic","O: No Injury","Sidewalk / Crosswalk / Driveway Crossing","White","Male","Charlotte","Mecklenburg","No","01-01-02","2008-04-22","Motorist Failed to Yield - Sign-Controlled Intersection",20,"Intersection","01-04-01","0001-01-01T15:24:58-04:56","Motorist Drive Out - Sign-Controlled Intersection",132141,2008,"O: No Injury","Residential","40-49",41,"No","6-10 mph","O: No Injury","White","Male","Passenger Car","No","No","Dark - Lighted Roadway","Urban (>70% Developed)","3 lanes",2,"Straight - Level","Local Street","Dry","Two-Way, Not Divided","None","Four-Way Intersection","Smooth Asphalt","Piedmont","Urban","20 - 25  MPH","Stop Sign","Clear","No","0.0, 0.0",0,0
"5489",104,105,"Yes","30-39",30,"Yes","With Traffic","C: Possible Injury","Travel Lane","White","Male","None - Rural Crash","Pitt","Yes","01-01-02","2008-04-22","Motorist Overtaking Bicyclist",21,"Non-Intersection","01-04-01","0001-01-01T16:43:58-04:56","Motorist Overtaking - Other /",311239,2008,"C: Possible Injury","Residential","",NA,"Missing","","Injury","/Missing","","","No","Yes","Dark - Roadway Not Lighted","Mixed (30% To 70% Developed)","2 lanes",2,"Straight - Level","State Secondary Route","Dry","Two-Way, Not Divided","None","No Special Feature","Smooth Asphalt","Coastal","Rural","40 - 45  MPH","Double Yellow Line, No Passing Zone","Cloudy","No","0.0, 0.0",0,0
"5490",106,107,"No","16-19",19,"No","Facing Traffic","C: Possible Injury","Sidewalk / Crosswalk / Driveway Crossing","White","Male","Kings Mountain","Cleveland","No","01-01-05","2008-02-15","Motorist Left Turn / Merge",17,"Non-Intersection","01-02-01","0001-01-01T12:05:58-04:56","Motorist Left Turn - Same Direction",332211,2008,"C: Possible Injury","Commercial","40-49",49,"No","0-5 mph","O: No Injury","White","Male","Sport Utility","No","No","Daylight","Urban (>70% Developed)","",2,"Straight - Grade","Local Street","Dry","One-Way, Not Divided","None","Driveway, Public","Smooth Asphalt","Mountains","Urban","30 - 35  MPH","No Control Present","Clear","No","0.0, 0.0",0,0
"5491",110,111,"Yes","50-59",52,"No","With Traffic","B: Evident Injury","Travel Lane","Black","Male","None - Rural Crash","Wilson","No","01-01-05","2008-02-15","Motorist Overtaking Bicyclist",6,"Non-Intersection","01-02-01","0001-01-01T01:06:58-04:56","Motorist Overtaking - Undetected Bicyclist",311231,2008,"B: Evident Injury","Farms, Woods, Pastures","40-49",41,"No","36-40 mph","O: No Injury","White","Male","Pickup","No","No","Dark - Roadway Not Lighted","Rural (<30% Developed)","8 lanes",2,"Straight - Level","US Route","Dry","Two-Way, Divided, Unprotected Median","None","No Special Feature","Smooth Asphalt","Coastal","Rural","40 - 45  MPH","No Control Present","Clear","No","0.0, 0.0",0,0
"5492",124,125,"No","40-49",42,"No","With Traffic","C: Possible Injury","Travel Lane","White","Female","Fayetteville","Cumberland","No","01-01-03","2008-04-09","Motorist Failed to Yield - Sign-Controlled Intersection",16,"Intersection","01-04-01","0001-01-01T11:38:58-04:56","Motorist Drive Out - Sign-Controlled Intersection",111141,2008,"C: Possible Injury","Residential","0-19",18,"No","0-5 mph","O: No Injury","White","Male","Sport Utility","No","No","Daylight","Urban (>70% Developed)","3 lanes",2,"Straight - Level","Local Street","Dry","Two-Way, Not Divided","None","No Special Feature","Smooth Asphalt","Coastal","Urban","30 - 35  MPH","Stop Sign","Clear","No","0.0, 0.0",0,0
"5493",126,127,"Yes","15-Nov",15,"No","With Traffic","B: Evident Injury","Travel Lane","White","Male","None - Rural Crash","Wayne","No","01-01-07","2008-02-24","Motorist Overtaking Bicyclist",14,"Non-Intersection","01-02-01","0001-01-01T09:13:58-04:56","Motorist Overtaking - Bicyclist Swerved",311235,2008,"B: Evident Injury","Farms, Woods, Pastures","30-39",36,"No","36-40 mph","O: No Injury","Hispanic","Male","Passenger Car","No","No","Daylight","Rural (<30% Developed)","2 lanes",2,"Straight - Level","State Secondary Route","Dry","Two-Way, Not Divided","None","No Special Feature","Coarse Asphalt","Coastal","Rural","50 - 55  MPH","No Control Present","Clear","No","0.0, 0.0",0,0
"5494",136,137,"Yes","15-Nov",13,"No","","C: Possible Injury","Bike Lane / Paved Shoulder","Black","Male","None - Rural Crash","Moore","No","01-01-07","2008-05-04","Other /  - Insufficient Details",15,"Non-Intersection","01-05-01","0001-01-01T10:03:58-04:56","Approach Paths",3290970,2008,"C: Possible Injury","Residential","20-24",23,"No","21-25 mph","O: No Injury","Black","Female","Sport Utility","No","No","Daylight","Mixed (30% To 70% Developed)","2 lanes",2,"Straight - Grade","State Secondary Route","Dry","Two-Way, Not Divided","None","No Special Feature","Smooth Asphalt","Piedmont","Rural","20 - 25  MPH","No Control Present","Clear","No","0.0, 0.0",0,0
"5495",145,146,"No","50-59",51,"No","Facing Traffic","C: Possible Injury","Sidewalk / Crosswalk / Driveway Crossing","Black","Male","Wilmington","New Hanover","No","01-01-02","2008-03-04","Motorist Failed to Yield - Sign-Controlled Intersection",16,"Intersection","01-03-01","0001-01-01T11:52:58-04:56","Motorist Drive Out - Sign-Controlled Intersection",132141,2008,"C: Possible Injury","Residential","40-49",47,"No","0-5 mph","O: No Injury","White","Male","Van","No","No","Daylight","Urban (>70% Developed)","4 lanes",2,"Straight - Level","Local Street","Dry","Two-Way, Not Divided","None","T-Intersection","Smooth Asphalt","Coastal","Urban","30 - 35  MPH","Stop Sign","Cloudy","No","0.0, 0.0",0,0
"5496",151,152,"Yes","60-69",65,"No","Not Applicable","B: Evident Injury","Non-Roadway","Black","Male","High Point","Guilford","No","01-01-04","2008-03-06","Non-Roadway",13,"Non-Roadway","01-03-01","0001-01-01T08:11:58-04:56","Non-Roadway",460910,2008,"B: Evident Injury","Residential","40-49",45,"No","0-5 mph","O: No Injury","White","Male","Van","No","No","Daylight","Urban (>70% Developed)","",2,"Straight - Level","Public Vehicular Area","Dry","One-Way, Not Divided","None","Driveway, Public","Coarse Asphalt","Piedmont","Urban","","Missing","Clear","No","0.0, 0.0",0,0
"5497",157,158,"Yes","40-49",40,"Yes","Facing Traffic","B: Evident Injury","Travel Lane","Black","Male","Greensboro","Guilford","Yes","01-01-07","2008-03-09","Bicyclist Right Turn / Merge",0,"Intersection","01-03-01","0000-12-31T19:14:58-04:56","Bicyclist Right Turn - Same Direction",112223,2008,"B: Evident Injury","Commercial","40-49",42,"No","41-45 mph","O: No Injury","Black","Female","Passenger Car","No","No","Dark - Lighted Roadway","Urban (>70% Developed)","6 lanes",2,"Straight - Grade","Local Street","Dry","Two-Way, Divided, Positive Median Barrier","None","T-Intersection","Smooth Asphalt","Piedmont","Urban","40 - 45  MPH","Missing","Clear","No","0.0, 0.0",0,0
"5498",158,159,"Yes","60-69",69,"No","Facing Traffic","B: Evident Injury","Other","White","Male","Gastonia","Gaston","No","01-01-02","2008-03-11","Loss of Control / Turning Error",16,"Intersection-Related","01-03-01","0001-01-01T11:36:58-04:56","Motorist Lost Control - Oversteering, Improper Braking, Speed",282132,2008,"B: Evident Injury","Residential","0-19",16,"No","26-30 mph","O: No Injury","Black","Male","Passenger Car","No","No","Daylight","Urban (>70% Developed)","2 lanes",2,"Curve - Grade","Local Street","Dry","Two-Way, Not Divided","None","T-Intersection","Coarse Asphalt","Piedmont","Urban","30 - 35  MPH","Missing","Cloudy","No","0.0, 0.0",0,0
"5499",167,168,"Yes","30-39",30,"No","Facing Traffic","C: Possible Injury","Sidewalk / Crosswalk / Driveway Crossing","Black","Male","Charlotte","Mecklenburg","No","01-01-06","2008-05-10","Motorist Failed to Yield - Sign-Controlled Intersection",11,"Intersection","01-05-01","0001-01-01T06:57:58-04:56","Motorist Drive Out - Sign-Controlled Intersection",132141,2008,"C: Possible Injury","Residential","40-49",42,"No","0-5 mph","O: No Injury","White","Female","Van","No","No","Daylight","Urban (>70% Developed)","4 lanes",2,"Straight - Level","Local Street","Dry","Two-Way, Divided, Unprotected Median","None","T-Intersection","Smooth Asphalt","Piedmont","Urban","20 - 25  MPH","Stop Sign","Clear","No","0.0, 0.0",0,0
"5500",172,173,"Yes","40-49",48,"No","With Traffic","C: Possible Injury","Travel Lane","White","Female","Chapel Hill","Orange","No","01-01-07","2008-03-16","Motorist Left Turn / Merge",18,"Intersection","01-03-01","0001-01-01T13:04:58-04:56","Motorist Left Turn - Opposite Direction",111212,2008,"C: Possible Injury","Residential","70+",NA,"No","16-20 mph","O: No Injury","White","Female","Passenger Car","No","No","Daylight","Urban (>70% Developed)","2 lanes",2,"Straight - Level","Local Street","Dry","Two-Way, Not Divided","None","Four-Way Intersection","Smooth Asphalt","Piedmont","Urban","30 - 35  MPH","No Control Present","Clear","No","0.0, 0.0",0,0
"5501",254,255,"Yes","25-29",25,"No","With Traffic","B: Evident Injury","Travel Lane","Black","Male","Greensboro","Guilford","No","01-01-06","2010-05-08","Bicyclist Overtaking Motorist",3,"Intersection-Related","01-05-01","0000-12-31T22:46:58-04:56","Bicyclist Overtaking - Parked Vehicle",0,2010,"B: Evident Injury","Residential","",NA,"Missing","","Injury","/Missing","","Passenger Car","No","No","Dark - Lighted Roadway","Urban (>70% Developed)","2 lanes",2,"Straight - Grade","Local Street","Dry","Two-Way, Not Divided","None","No Special Feature","Coarse Asphalt","Piedmont","Urban","30 - 35  MPH","No Control Present","Clear","No","36.061066, -79.80934",-79.80934,36.061066
"5502",270,271,"Yes","16-19",16,"No","With Traffic","B: Evident Injury","Travel Lane","Black","Male","Whiteville","Columbus","No","01-01-04","2010-05-13","Bicyclist Failed to Yield - Sign-Controlled Intersection",16,"Intersection","01-05-01","0001-01-01T11:29:58-04:56","Bicyclist Ride Through - Sign-Controlled Intersection",0,2010,"B: Evident Injury","Residential","40-49",41,"No","11-15 mph","O: No Injury","Black","Male","Passenger Car","No","No","Daylight","Urban (>70% Developed)","8 lanes",3,"Straight - Grade","Local Street","Dry","Two-Way, Not Divided","None","Four-Way Intersection","Smooth Asphalt","Coastal","Urban","30 - 35  MPH","Stop Sign","Clear","No","34.331463, -78.71004",-78.71004,34.331463
"5503",273,274,"No","10-Jun",7,"No","Not Applicable","C: Possible Injury","Driveway / Alley","White","Male","Shelby","Cleveland","No","01-01-05","2010-05-14","Non-Roadway",16,"Non-Roadway","01-05-01","0001-01-01T11:21:58-04:56","Non-Roadway",0,2010,"C: Possible Injury","Residential","25-29",26,"No","0-5 mph","O: No Injury","White","Female","Van","No","No","Daylight","Urban (>70% Developed)","",2,"Straight - Level","Private Road, Driveway","Dry","","None","No Special Feature","Other","Mountains","Urban","5 - 15 MPH","No Control Present","Clear","No","35.287033, -81.55044",-81.55044,35.287033
"5504",278,279,"Yes","15-Nov",14,"No","Not Applicable","C: Possible Injury","Non-Roadway","White","Male","Morehead City","Carteret","No","01-01-03","2010-05-19","Non-Roadway",18,"Non-Roadway","01-05-01","0001-01-01T13:05:58-04:56","Non-Roadway",0,2010,"C: Possible Injury","Commercial","70+",NA,"No","","O: No Injury","White","Female","Passenger Car","No","No","Daylight","Urban (>70% Developed)","",2,"Straight - Level","Public Vehicular Area","Dry","Two-Way, Not Divided","None","No Special Feature","Smooth Asphalt","Coastal","Urban","","No Control Present","Cloudy","No","34.72278, -76.72608",-76.72608,34.72278
"5505",279,280,"No","0-5",3,"No","Not Applicable","B: Evident Injury","Non-Roadway","White","Male","Andrews","Cherokee","No","01-01-06","2010-05-01","Non-Roadway",17,"Non-Roadway","01-05-01","0001-01-01T12:51:58-04:56","Non-Roadway",0,2010,"B: Evident Injury","Residential","0-19",13,"No","6-10 mph","O: No Injury","White","Male","Motorcycle","No","No","Daylight","Rural (<30% Developed)","",2,"Straight - Level","Public Vehicular Area","Dry","One-Way, Not Divided","None","No Special Feature","Smooth Asphalt","Mountains","Rural","","No Control Present","Clear","No","35.194786, -83.83569",-83.83569,35.194786
"5506",280,281,"No","30-39",31,"No","With Traffic","C: Possible Injury","Travel Lane","White","Male","None - Rural Crash","Burke","No","01-01-03","2010-05-19","Motorist Overtaking Bicyclist",18,"Non-Intersection","01-05-01","0001-01-01T13:38:58-04:56","Motorist Overtaking - Other /",0,2010,"C: Possible Injury","Residential","70+",NA,"No","36-40 mph","O: No Injury","White","Female","Van","No","No","Daylight","Rural (<30% Developed)","2 lanes",2,"Straight - Grade","State Secondary Route","Dry","Two-Way, Not Divided","None","Driveway, Private","Smooth Asphalt","Mountains","Rural","40 - 45  MPH","Double Yellow Line, No Passing Zone","Clear","No","35.761864, -81.45438",-81.45438,35.761864
"5507",281,282,"No","10-Jun",7,"No","With Traffic","O: No Injury","Travel Lane","Black","Male","Rocky Mount","Nash","No","01-01-06","2010-04-03","Bicyclist Failed to Yield - Sign-Controlled Intersection",19,"Intersection","01-04-01","0001-01-01T14:03:58-04:56","Bicyclist Ride Out - Sign-Controlled Intersection",0,2010,"O: No Injury","Residential","50-59",57,"No","26-30 mph","O: No Injury","Black","Female","Passenger Car","No","No","Daylight","Urban (>70% Developed)","2 lanes",2,"Straight - Level","Local Street","Dry","One-Way, Not Divided","None","No Special Feature","Grooved Concrete","Coastal","Urban","30 - 35  MPH","Stop Sign","Clear","No","35.944653, -77.80405",-77.80405,35.944653
"5508",284,285,"Yes","16-19",17,"No","With Traffic","O: No Injury","Travel Lane","White","Male","Mount Airy","Surry","No","","2010-05-17","Motorist Overtaking Bicyclist",23,"Non-Intersection","01-05-01","0001-01-01T18:13:58-04:56","Motorist Overtaking - Other /",0,2010,"O: No Injury","Residential","",NA,"Missing","31-35 mph","Injury","/Missing","","","No","Yes","Dark - Lighted Roadway","Urban (>70% Developed)","2 lanes",2,"Straight - Level","Local Street","Dry","Two-Way, Not Divided","None","No Special Feature","Smooth Asphalt","Mountains","Urban","30 - 35  MPH","No Control Present","Cloudy","No","36.497803, -80.60603",-80.60603,36.497803
"5509",287,288,"No","30-39",33,"No","With Traffic","B: Evident Injury","Travel Lane","White","Female","None - Rural Crash","Wake","No","01-01-05","2010-05-28","Motorist Overtaking Bicyclist",10,"Non-Intersection","01-05-01","0001-01-01T05:23:58-04:56","Motorist Overtaking - Misjudged Space",0,2010,"B: Evident Injury","Farms, Woods, Pastures","25-29",27,"No","51-55 mph","O: No Injury","Black","Male","Passenger Car","No","Yes","Daylight","Rural (<30% Developed)","2 lanes",2,"Straight - Level","State Secondary Route","Dry","Two-Way, Not Divided","None","No Special Feature","Coarse Asphalt","Piedmont","Rural","50 - 55  MPH","No Control Present","Clear","No","35.830883, -78.428795",-78.428795,35.830883
"5510",292,293,"Yes","16-19",19,"No","With Traffic","B: Evident Injury","Travel Lane","Black","Male","Southern Pines","Moore","No","01-01-05","2010-05-21","Bicyclist Failed to Yield - Sign-Controlled Intersection",11,"Intersection","01-05-01","0001-01-01T06:05:58-04:56","Bicyclist Ride Through - Sign-Controlled Intersection",0,2010,"B: Evident Injury","Residential","30-39",35,"No","31-35 mph","O: No Injury","Black","Female","Passenger Car","No","No","Daylight","Urban (>70% Developed)","2 lanes",2,"Straight - Grade","Local Street","Dry","Two-Way, Not Divided","None","Four-Way Intersection","Coarse Asphalt","Piedmont","Urban","30 - 35  MPH","Stop Sign","Clear","No","35.177338, -79.40533",-79.40533,35.177338
"5511",293,294,"Yes","50-59",54,"No","Facing Traffic","B: Evident Injury","Travel Lane","Hispanic","Male","Durham","Durham","No","01-01-02","2010-05-25","Crossing Paths - Other Circumstances",14,"Non-Intersection","01-05-01","0001-01-01T09:53:58-04:56","Crossing Paths - Midblock - Other /",0,2010,"B: Evident Injury","Commercial","30-39",35,"No","0-5 mph","O: No Injury","Black","Female","Passenger Car","No","No","Daylight","Urban (>70% Developed)","4 lanes",2,"Straight - Level","Local Street","Dry","Two-Way, Not Divided","None","Driveway, Public","Smooth Asphalt","Piedmont","Urban","20 - 25  MPH","No Control Present","Cloudy","No","36.00625, -78.92051",-78.92051,36.00625
"5512",295,296,"Yes","70+",NA,"No","With Traffic","B: Evident Injury","Travel Lane","White","Male","None - Rural Crash","Randolph","No","01-01-05","2010-06-04","Bicyclist Failed to Yield - Sign-Controlled Intersection",10,"Intersection","01-06-01","0001-01-01T05:17:58-04:56","Bicyclist Ride Out - Sign-Controlled Intersection",0,2010,"B: Evident Injury","Farms, Woods, Pastures","30-39",33,"No","31-35 mph","O: No Injury","White","Female","Passenger Car","No","No","Daylight","Rural (<30% Developed)","2 lanes",2,"Straight - Level","State Secondary Route","Dry","Two-Way, Not Divided","None","T-Intersection","Smooth Asphalt","Piedmont","Rural","50 - 55  MPH","Double Yellow Line, No Passing Zone","Clear","No","35.62321, -79.86047",-79.86047,35.62321
"5513",296,297,"Yes","40-49",48,"No","With Traffic","B: Evident Injury","Travel Lane","White","Male","None - Rural Crash","Rutherford","No","01-01-06","2010-06-05","Motorist Failed to Yield - Midblock",8,"Non-Intersection","01-06-01","0001-01-01T04:00:58-04:56","Motorist Drive Out - Residential Driveway",0,2010,"B: Evident Injury","Residential","0-19",17,"No","0-5 mph","O: No Injury","White","Male","Passenger Car","No","No","Daylight","Mixed (30% To 70% Developed)","2 lanes",2,"Straight - Grade","State Secondary Route","Dry","Two-Way, Not Divided","None","Driveway, Private","Smooth Asphalt","Mountains","Rural","50 - 55  MPH","No Control Present","Clear","No","35.399876, -82.003944",-82.003944,35.399876