"","FID","OBJECTID","AmbulanceR","BikeAge_Gr","Bike_Age","Bike_Alc_D","Bike_Dir","Bike_Injur","Bike_Pos","Bike_Race","Bike_Sex","City","County","CrashAlcoh","CrashDay","Crash_Date","Crash_Grp","Crash_Hour","Crash_Loc","Crash_Mont","Crash_Time","Crash_Type","Crash_Ty_1","Crash_Year","Crsh_Sevri","Developmen","DrvrAge_Gr","Drvr_Age","Drvr_Alc_D","Drvr_EstSp","Drvr_Injur","Drvr_Race","Drvr_Sex","Drvr_VehTy","ExcsSpdInd","Hit_Run","Light_Cond","Locality","Num_Lanes","Num_Units","Rd_Charact","Rd_Class","Rd_Conditi","Rd_Config","Rd_Defects","Rd_Feature","Rd_Surface","Region","Rural_Urba","Speed_Limi","Traff_Cntr","Weather","Workzone_I","Location","locx","locy"
"5514",308,309,"Yes","40-49",48,"Yes","With Traffic","C: Possible Injury","Travel Lane","White","Male","Kannapolis","Cabarrus","Yes","01-01-04","2010-05-20","Motorist Left Turn / Merge",21,"Intersection","01-05-01","0001-01-01T16:07:58-04:56","Motorist Left Turn - Opposite Direction",0,2010,"C: Possible Injury","Residential","40-49",45,"No","31-35 mph","O: No Injury","White","Male","Pickup","No","No","Dark - Lighted Roadway","Rural (<30% Developed)","2 lanes",2,"Straight - Grade","Local Street","Dry","Two-Way, Not Divided","None","T-Intersection","Smooth Asphalt","Piedmont","Urban","30 - 35  MPH","No Control Present","Clear","No","35.486984, -80.63374",-80.63374,35.486984
"5515",312,313,"No","40-49",42,"No","Facing Traffic","O: No Injury","Sidewalk / Crosswalk / Driveway Crossing","White","Female","Lumberton","Robeson","No","01-01-05","2010-05-07","Motorist Failed to Yield - Sign-Controlled Intersection",11,"Intersection","01-05-01","0001-01-01T06:06:58-04:56","Motorist Drive Out - Sign-Controlled Intersection",0,2010,"O: No Injury","Commercial","60-69",60,"No","0-5 mph","O: No Injury","White","Male","Passenger Car","No","No","Daylight","Urban (>70% Developed)","4 lanes",2,"Straight - Level","Local Street","Dry","Two-Way, Not Divided","None","No Special Feature","Coarse Asphalt","Coastal","Urban","30 - 35  MPH","No Control Present","Clear","No","34.6225, -79.05118",-79.05118,34.6225
"5516",323,324,"Yes","10-Jun",9,"No","Facing Traffic","B: Evident Injury","Travel Lane","Hispanic","Male","Hope Mills","Cumberland","No","01-01-05","2010-05-28","Loss of Control / Turning Error",17,"Intersection","01-05-01","0001-01-01T12:40:58-04:56","Bicyclist Turning Error - Right Turn",0,2010,"B: Evident Injury","Residential","20-24",21,"No","21-25 mph","O: No Injury","Black","Female","Passenger Car","No","No","Daylight","Urban (>70% Developed)","2 lanes",2,"Straight - Level","Local Street","Dry","Two-Way, Not Divided","None","T-Intersection","Coarse Asphalt","Coastal","Urban","20 - 25  MPH","No Control Present","Clear","No","34.97562, -78.95325",-78.95325,34.97562
"5517",324,325,"Yes","50-59",50,"No","With Traffic","B: Evident Injury","Travel Lane","White","Female","None - Rural Crash","Cherokee","No","01-01-06","2010-06-05","Motorist Overtaking Bicyclist",9,"Non-Intersection","01-06-01","0001-01-01T04:34:58-04:56","Motorist Overtaking - Misjudged Space",0,2010,"B: Evident Injury","Farms, Woods, Pastures","70+",NA,"No","46-50 mph","O: No Injury","White","Female","Pickup","No","No","Daylight","Rural (<30% Developed)","4 lanes",2,"Straight - Hillcrest","US Route","Dry","Two-Way, Divided, Unprotected Median","None","No Special Feature","Smooth Asphalt","Mountains","Rural","60 - 75 MPH","No Control Present","Clear","No","35.176212, -83.9219",-83.9219,35.176212
"5518",350,351,"Yes","10-Jun",8,"No","Not Applicable","C: Possible Injury","Non-Roadway","White","Female","None - Rural Crash","Dare","No","","2010-06-21","Bicyclist Failed to Yield - Midblock",14,"Non-Intersection","01-06-01","0001-01-01T09:48:58-04:56","Bicyclist Ride Out - Commercial Driveway / Alley",0,2010,"C: Possible Injury","Commercial","60-69",64,"No","31-35 mph","O: No Injury","White","Male","Sport Utility","No","No","Daylight","Urban (>70% Developed)","2 lanes",2,"Straight - Level","NC Route","Dry","Two-Way, Not Divided","None","Driveway, Public","Smooth Asphalt","Coastal","Rural","30 - 35  MPH","Double Yellow Line, No Passing Zone","Clear","No","35.579735, -75.46716",-75.46716,35.579735
"5519",352,353,"Yes","40-49",43,"No","With Traffic","B: Evident Injury","Travel Lane","White","Female","Charlotte","Mecklenburg","No","01-01-04","2010-06-03","Bicyclist Overtaking Motorist",16,"Non-Intersection","01-06-01","0001-01-01T12:01:58-04:56","Bicyclist Overtaking - Parked Vehicle",0,2010,"B: Evident Injury","Residential","",NA,"Missing","","Injury","/Missing","","Passenger Car","No","No","Daylight","Urban (>70% Developed)","1 lane",2,"Straight - Level","Local Street","Dry","One-Way, Not Divided","None","No Special Feature","Smooth Asphalt","Piedmont","Urban","","No Control Present","Clear","No","35.12171, -80.970604",-80.970604,35.12171
"5520",359,360,"Yes","16-19",18,"No","","C: Possible Injury","Sidewalk / Crosswalk / Driveway Crossing","White","Female","Charlotte","Mecklenburg","No","01-01-02","2010-06-15","Crossing Paths - Other Circumstances",13,"Intersection","01-06-01","0001-01-01T08:26:58-04:56","Signalized Intersection - Other /",0,2010,"C: Possible Injury","Commercial","30-39",30,"No","0-5 mph","O: No Injury","White","Female","Sport Utility","No","No","Daylight","Urban (>70% Developed)","5 lanes",2,"Straight - Level","Local Street","Dry","Two-Way, Not Divided","None","No Special Feature","Smooth Asphalt","Piedmont","Urban","5 - 15 MPH","Stop And Go Signal","Clear","No","35.172005, -80.85127",-80.85127,35.172005
"5521",385,386,"No","40-49",48,"No","With Traffic","B: Evident Injury","Travel Lane","Black","Male","Fayetteville","Cumberland","No","01-01-02","2010-06-15","Parallel Paths - Other Circumstances",6,"Intersection-Related","01-06-01","0001-01-01T01:33:58-04:56","Parallel Paths - Other /",0,2010,"B: Evident Injury","Commercial","",NA,"Missing","","Injury","/Missing","","","No","Yes","Dawn","Rural (<30% Developed)","7 lanes",2,"Straight - Level","Local Street","Dry","Two-Way, Not Divided","None","Driveway, Public","Coarse Asphalt","Coastal","Urban","","No Control Present","Clear","No","35.107906, -78.878975",-78.878975,35.107906
"5522",388,389,"Yes","15-Nov",14,"No","With Traffic","B: Evident Injury","Bike Lane / Paved Shoulder","White","Male","None - Rural Crash","Brunswick","No","01-01-03","2010-06-30","Motorist Overtaking Bicyclist",21,"Non-Intersection","01-06-01","0001-01-01T16:12:58-04:56","Motorist Overtaking - Bicyclist Swerved",0,2010,"B: Evident Injury","Farms, Woods, Pastures","25-29",27,"No","46-50 mph","O: No Injury","White","Male","Police","No","No","Dark - Roadway Not Lighted","Rural (<30% Developed)","2 lanes",2,"Straight - Level","State Secondary Route","Wet","Two-Way, Not Divided","None","Driveway, Private","Smooth Asphalt","Coastal","Rural","50 - 55  MPH","No Control Present","Cloudy","No","34.090347, -78.12835",-78.12835,34.090347
"5523",395,396,"Yes","50-59",57,"Yes","With Traffic","B: Evident Injury","Travel Lane","Black","Male","None - Rural Crash","Sampson","Yes","01-01-05","2010-07-02","Motorist Overtaking Bicyclist",16,"Non-Intersection","01-07-01","0001-01-01T11:40:58-04:56","Motorist Overtaking - Bicyclist Swerved",0,2010,"B: Evident Injury","Farms, Woods, Pastures","30-39",34,"No","41-45 mph","O: No Injury","Black","Male","Passenger Car","No","No","Daylight","Rural (<30% Developed)","2 lanes",2,"Straight - Level","State Secondary Route","Dry","Two-Way, Not Divided","None","No Special Feature","Coarse Asphalt","Coastal","Rural","40 - 45  MPH","Double Yellow Line, No Passing Zone","Clear","No","35.033287, -78.31886",-78.31886,35.033287
"5524",399,400,"No","50-59",52,"No","With Traffic","C: Possible Injury","Travel Lane","White","Female","Durham","Durham","No","01-01-07","2010-07-04","Motorist Overtaking Bicyclist",18,"Non-Intersection","01-07-01","0001-01-01T13:46:58-04:56","Motorist Overtaking - Misjudged Space",0,2010,"C: Possible Injury","Residential","50-59",55,"No","21-25 mph","O: No Injury","Black","Female","Passenger Car","No","No","Daylight","Urban (>70% Developed)","2 lanes",2,"Straight - Level","Local Street","Dry","Two-Way, Not Divided","None","No Special Feature","Smooth Asphalt","Piedmont","Urban","30 - 35  MPH","No Control Present","Clear","No","36.07806, -78.92284",-78.92284,36.07806
"5525",403,404,"No","50-59",54,"No","With Traffic","O: No Injury","Bike Lane / Paved Shoulder","Black","Male","Raleigh","Wake","No","01-01-03","2010-06-02","Motorist Failed to Yield - Midblock",13,"Non-Intersection","01-06-01","0001-01-01T08:27:58-04:56","Motorist Drive Out - Commercial Driveway / Alley",0,2010,"O: No Injury","Commercial","25-29",29,"No","16-20 mph","O: No Injury","White","Female","Passenger Car","No","No","Daylight","Urban (>70% Developed)","4 lanes",2,"Straight - Level","Local Street","Dry","Two-Way, Not Divided","None","No Special Feature","Smooth Asphalt","Piedmont","Urban","20 - 25  MPH","No Control Present","Clear","No","35.788628, -78.64675",-78.64675,35.788628
"5526",405,406,"No","30-39",36,"No","With Traffic","B: Evident Injury","Travel Lane","White","Male","Raleigh","Wake","No","01-01-02","2010-06-08","Motorist Overtaking Bicyclist",18,"Intersection-Related","01-06-01","0001-01-01T13:54:58-04:56","Motorist Overtaking - Misjudged Space",0,2010,"B: Evident Injury","Commercial","",NA,"Missing","26-30 mph","Injury","/Missing","","","No","Yes","Daylight","Urban (>70% Developed)","3 lanes",2,"Straight - Level","Local Street","Dry","Two-Way, Not Divided","None","No Special Feature","Smooth Asphalt","Piedmont","Urban","40 - 45  MPH","Stop And Go Signal","Clear","No","35.826138, -78.70492",-78.70492,35.826138
"5527",406,407,"No","16-19",16,"No","Facing Traffic","O: No Injury","Sidewalk / Crosswalk / Driveway Crossing","White","Male","Raleigh","Wake","No","01-01-03","2010-06-09","Bicyclist Failed to Yield - Sign-Controlled Intersection",5,"Intersection","01-06-01","0001-01-01T00:12:58-04:56","Bicyclist Ride Through - Sign-Controlled Intersection",0,2010,"O: No Injury","Commercial","25-29",29,"No","6-10 mph","O: No Injury","White","Male","Passenger Car","No","No","Dark - Roadway Not Lighted","Urban (>70% Developed)","3 lanes",2,"Straight - Level","Local Street","Dry","Two-Way, Divided, Unprotected Median","None","No Special Feature","Coarse Asphalt","Piedmont","Urban","40 - 45  MPH","Stop And Go Signal","Clear","No","35.793705, -78.5488",-78.5488,35.793705
"5528",409,410,"No","15-Nov",15,"No","Not Applicable","B: Evident Injury","Non-Roadway","White","Male","Charlotte","Mecklenburg","No","01-01-02","2010-06-22","Non-Roadway",19,"Non-Roadway","01-06-01","0001-01-01T14:57:58-04:56","Non-Roadway",0,2010,"B: Evident Injury","Residential","",NA,"Missing","16-20 mph","Injury","/Missing","","Passenger Car","No","Yes","Dusk","Urban (>70% Developed)","2 lanes",2,"Straight - Level","Public Vehicular Area","Dry","Two-Way, Not Divided","None","No Special Feature","Smooth Asphalt","Piedmont","Urban","5 - 15 MPH","No Control Present","Clear","No","35.138103, -80.739395",-80.739395,35.138103
"5529",416,417,"Yes","40-49",44,"No","With Traffic","B: Evident Injury","Travel Lane","White","Male","None - Rural Crash","Pitt","No","01-01-04","2010-07-08","Motorist Overtaking Bicyclist",12,"Non-Intersection","01-07-01","0001-01-01T08:00:58-04:56","Motorist Overtaking - Misjudged Space",0,2010,"B: Evident Injury","Farms, Woods, Pastures","70+",NA,"No","51-55 mph","O: No Injury","Black","Male","Pickup","No","No","Daylight","Mixed (30% To 70% Developed)","2 lanes",2,"Straight - Level","NC Route","Dry","Two-Way, Not Divided","None","No Special Feature","Smooth Asphalt","Coastal","Rural","50 - 55  MPH","Double Yellow Line, No Passing Zone","Clear","No","35.54249, -77.54495",-77.54495,35.54249
"5530",421,422,"Yes","70+",NA,"No","With Traffic","C: Possible Injury","Travel Lane","White","Male","None - Rural Crash","Avery","No","01-01-05","2010-07-09","Motorist Overtaking Bicyclist",13,"Non-Intersection","01-07-01","0001-01-01T08:41:58-04:56","Motorist Overtaking - Misjudged Space",0,2010,"C: Possible Injury","Farms, Woods, Pastures","25-29",25,"No","41-45 mph","O: No Injury","White","Female","Sport Utility","No","No","Daylight","Rural (<30% Developed)","2 lanes",2,"Straight - Hillcrest","NC Route","Dry","Two-Way, Not Divided","None","No Special Feature","Smooth Asphalt","Mountains","Rural","50 - 55  MPH","Double Yellow Line, No Passing Zone","Clear","No","36.009773, -81.894",-81.894,36.009773
"5531",429,430,"No","50-59",51,"No","With Traffic","C: Possible Injury","Travel Lane","White","Female","None - Rural Crash","Orange","No","01-01-02","2010-06-22","Motorist Failed to Yield - Sign-Controlled Intersection",10,"Intersection","01-06-01","0001-01-01T06:00:58-04:56","Motorist Drive Out - Sign-Controlled Intersection",0,2010,"C: Possible Injury","Farms, Woods, Pastures","70+",NA,"No","","O: No Injury","White","Male","Passenger Car","No","No","Daylight","Rural (<30% Developed)","2 lanes",2,"Straight - Level","US Route","Dry","Two-Way, Not Divided","None","Four-Way Intersection","Smooth Asphalt","Piedmont","Rural","50 - 55  MPH","Stop Sign","Clear","No","36.05636, -79.04973",-79.04973,36.05636
"5532",433,434,"Yes","20-24",20,"No","Facing Traffic","B: Evident Injury","Sidewalk / Crosswalk / Driveway Crossing","White","Female","Kill Devil Hills","Dare","No","01-01-04","2010-07-01","Motorist Failed to Yield - Midblock",15,"Non-Intersection","01-07-01","0001-01-01T10:08:58-04:56","Motorist Drive Out - Commercial Driveway / Alley",0,2010,"B: Evident Injury","Commercial","70+",NA,"No","0-5 mph","O: No Injury","White","Male","Sport Utility","No","No","Daylight","Urban (>70% Developed)","2 lanes",2,"Straight - Level","Private Road, Driveway","Dry","Two-Way, Not Divided","None","Driveway, Public","Coarse Asphalt","Coastal","Urban","","No Control Present","Clear","No","36.03828, -75.675705",-75.675705,36.03828
"5533",439,440,"Yes","40-49",49,"No","With Traffic","B: Evident Injury","Travel Lane","White","Female","None - Rural Crash","Buncombe","No","01-01-03","2010-07-07","Motorist Overtaking Bicyclist",6,"Non-Intersection","01-07-01","0001-01-01T01:50:58-04:56","Motorist Overtaking - Misjudged Space",0,2010,"B: Evident Injury","Commercial","30-39",37,"No","0-5 mph","O: No Injury","White","Female","Passenger Car","No","No","Daylight","Urban (>70% Developed)","4 lanes",2,"Straight - Grade","US Route","Dry","Two-Way, Not Divided","None","No Special Feature","Smooth Asphalt","Mountains","Rural","30 - 35  MPH","No Control Present","Clear","No","35.603424, -82.55311",-82.55311,35.603424
"5534",440,441,"Yes","25-29",28,"No","Facing Traffic","C: Possible Injury","Sidewalk / Crosswalk / Driveway Crossing","White","Male","Wilmington","New Hanover","No","","2010-07-12","Motorist Failed to Yield - Sign-Controlled Intersection",16,"Intersection","01-07-01","0001-01-01T11:37:58-04:56","Motorist Drive Out - Sign-Controlled Intersection",0,2010,"C: Possible Injury","Commercial","25-29",28,"No","0-5 mph","Injury","White","Male","Passenger Car","No","Yes","Daylight","Urban (>70% Developed)","",2,"Straight - Level","Local Street","Dry","Two-Way, Not Divided","None","No Special Feature","Coarse Asphalt","Coastal","Urban","20 - 25  MPH","No Control Present","Cloudy","No","34.23821, -77.89484",-77.89484,34.23821
"5535",442,443,"Yes","40-49",49,"No","With Traffic","B: Evident Injury","Travel Lane","Black","Male","Selma","Johnston","No","01-01-04","2010-07-01","Motorist Overtaking Bicyclist",8,"Non-Intersection","01-07-01","0001-01-01T03:45:58-04:56","Motorist Overtaking - Misjudged Space",0,2010,"B: Evident Injury","Commercial","20-24",24,"No","41-45 mph","O: No Injury","White","Female","Sport Utility","No","No","Daylight","Urban (>70% Developed)","2 lanes",2,"Straight - Level","State Secondary Route","Dry","Two-Way, Not Divided","None","Underpass","Smooth Asphalt","Coastal","Urban","40 - 45  MPH","No Control Present","Clear","No","35.516514, -78.29677",-78.29677,35.516514
"5536",446,447,"Yes","20-24",21,"No","Not Applicable","C: Possible Injury","Travel Lane","White","Male","Durham","Durham","No","01-01-04","2010-07-22","Non-Roadway",17,"Non-Roadway","01-07-01","0001-01-01T12:51:58-04:56","Non-Roadway",0,2010,"C: Possible Injury","Institutional","40-49",49,"No","11-15 mph","O: No Injury","Black","Female","Passenger Car","No","No","Daylight","Urban (>70% Developed)","2 lanes",2,"Straight - Level","Public Vehicular Area","Dry","Two-Way, Not Divided","None","No Special Feature","Smooth Asphalt","Piedmont","Urban","20 - 25  MPH","No Control Present","Clear","No","35.9521, -78.90091",-78.90091,35.9521
"5537",449,450,"Yes","50-59",50,"No","With Traffic","B: Evident Injury","Travel Lane","White","Male","Raleigh","Wake","Yes","01-01-07","2010-07-04","Motorist Overtaking Bicyclist",9,"Intersection-Related","01-07-01","0001-01-01T04:29:58-04:56","Motorist Overtaking - Misjudged Space",0,2010,"B: Evident Injury","Residential","50-59",51,"Yes","41-45 mph","O: No Injury","Black","Male","Passenger Car","No","Yes","Daylight","Urban (>70% Developed)","6 lanes",2,"Curve - Grade","Local Street","Dry","Two-Way, Divided, Unprotected Median","None","No Special Feature","Smooth Asphalt","Piedmont","Urban","40 - 45  MPH","No Control Present","Clear","No","35.83579, -78.569435",-78.569435,35.83579
"5538",452,453,"No","20-24",24,"No","With Traffic","O: No Injury","Travel Lane","White","Male","Raleigh","Wake","No","01-01-03","2010-06-30","Motorist Left Turn / Merge",16,"Intersection-Related","01-06-01","0001-01-01T11:52:58-04:56","Motorist Left Turn - Opposite Direction",0,2010,"O: No Injury","Commercial","60-69",60,"No","16-20 mph","O: No Injury","Black","Female","Passenger Car","No","No","Daylight","Urban (>70% Developed)","3 lanes",2,"Straight - Grade","Local Street","Dry","Two-Way, Not Divided","None","No Special Feature","Smooth Asphalt","Piedmont","Urban","30 - 35  MPH","No Control Present","Clear","No","35.789055, -78.66236",-78.66236,35.789055
"5539",453,454,"Yes","50-59",50,"Yes","Facing Traffic","B: Evident Injury","Travel Lane","Black","Male","Salisbury","Rowan","Yes","01-01-04","2010-07-22","Motorist Failed to Yield - Sign-Controlled Intersection",17,"Intersection","01-07-01","0001-01-01T12:50:58-04:56","Motorist Drive Out - Sign-Controlled Intersection",0,2010,"B: Evident Injury","Residential","20-24",24,"No","0-5 mph","O: No Injury","White","Female","Passenger Car","No","No","Daylight","Urban (>70% Developed)","2 lanes",2,"Straight - Level","Local Street","Dry","Two-Way, Not Divided","None","T-Intersection","Coarse Asphalt","Piedmont","Urban","30 - 35  MPH","Stop Sign","Clear","No","35.646885, -80.45821",-80.45821,35.646885
"5540",457,458,"Yes","16-19",19,"No","Facing Traffic","B: Evident Injury","Travel Lane","White","Female","Kitty Hawk","Dare","No","","2010-06-14","Motorist Failed to Yield - Midblock",15,"Non-Intersection","01-06-01","0001-01-01T10:30:58-04:56","Motorist Drive Out - Commercial Driveway / Alley",0,2010,"B: Evident Injury","Commercial","0-19",18,"No","0-5 mph","O: No Injury","White","Male","Sport Utility","No","No","Daylight","Mixed (30% To 70% Developed)","5 lanes",2,"Straight - Level","US Route","Dry","Two-Way, Not Divided","None","Driveway, Public","Coarse Asphalt","Coastal","Rural","50 - 55  MPH","No Control Present","Clear","No","36.088764, -75.70744",-75.70744,36.088764
"5541",461,462,"Yes","50-59",51,"No","Not Applicable","B: Evident Injury","Travel Lane","White","Male","Charlotte","Mecklenburg","No","01-01-04","2010-07-15","Parallel Paths - Other Circumstances",18,"Intersection","01-07-01","0001-01-01T13:46:58-04:56","Parallel Paths - Other /",0,2010,"B: Evident Injury","Commercial","30-39",37,"No","0-5 mph","O: No Injury","White","Female","Van","No","No","Daylight","Urban (>70% Developed)","4 lanes",2,"Straight - Level","Local Street","Dry","Two-Way, Divided, Positive Median Barrier","None","T-Intersection","Smooth Asphalt","Piedmont","Urban","40 - 45  MPH","No Control Present","Clear","No","35.097126, -80.777885",-80.777885,35.097126
"5542",464,465,"Yes","16-19",17,"No","With Traffic","A: Disabling Injury","Travel Lane","Black","Male","Charlotte","Mecklenburg","No","01-01-02","2010-07-20","Bicyclist Left Turn / Merge",11,"Non-Intersection","01-07-01","0001-01-01T06:44:58-04:56","Bicyclist Left Turn - Same Direction",0,2010,"A: Disabling Injury","Commercial","30-39",35,"No","41-45 mph","O: No Injury","Hispanic","Male","Passenger Car","No","No","Daylight","Urban (>70% Developed)","4 lanes",2,"Straight - Level","Local Street","Dry","Two-Way, Divided, Unprotected Median","None","No Special Feature","Smooth Asphalt","Piedmont","Urban","40 - 45  MPH","No Control Present","Clear","No","35.277397, -80.76615",-80.76615,35.277397
"5543",465,466,"Yes","25-29",25,"No","","B: Evident Injury","Travel Lane","White","Female","Asheville","Buncombe","No","01-01-03","2010-07-21","Motorist Left Turn / Merge",15,"Non-Intersection","01-07-01","0001-01-01T10:11:58-04:56","Motorist Left Turn - Opposite Direction",0,2010,"B: Evident Injury","Commercial","",NA,"No","","Injury","/Missing","","Passenger Car","No","Yes","","Urban (>70% Developed)","2 lanes",2,"Straight - Level","Local Street","","Two-Way, Not Divided","None","Four-Way Intersection","Smooth Asphalt","Mountains","Urban","20 - 25  MPH","Stop Sign","Other","No","35.601425, -82.55478",-82.55478,35.601425
"5544",466,467,"Yes","40-49",41,"No","Facing Traffic","A: Disabling Injury","Sidewalk / Crosswalk / Driveway Crossing","Black","Male","Charlotte","Mecklenburg","No","01-01-03","2010-07-21","Motorist Failed to Yield - Midblock",11,"Non-Intersection","01-07-01","0001-01-01T06:48:58-04:56","Motorist Drive Out - Commercial Driveway / Alley",0,2010,"A: Disabling Injury","Commercial","25-29",28,"No","0-5 mph","O: No Injury","White","Male","Pickup","No","No","Daylight","Urban (>70% Developed)","",2,"Straight - Level","","Dry","Two-Way, Not Divided","None","Other","Concrete","Piedmont","Urban","20 - 25  MPH","No Control Present","Clear","No","35.275154, -80.79361",-80.79361,35.275154
"5545",468,469,"Yes","40-49",40,"No","With Traffic","B: Evident Injury","Travel Lane","White","Female","None - Rural Crash","Surry","No","01-01-05","2010-07-30","Motorist Left Turn / Merge",17,"Intersection","01-07-01","0001-01-01T12:04:58-04:56","Motorist Left Turn - Opposite Direction",0,2010,"B: Evident Injury","Residential","70+",NA,"No","0-5 mph","O: No Injury","White","Female","Passenger Car","No","No","Daylight","Rural (<30% Developed)","2 lanes",2,"Straight - Level","State Secondary Route","Dry","Two-Way, Not Divided","None","T-Intersection","Smooth Asphalt","Mountains","Rural","30 - 35  MPH","Double Yellow Line, No Passing Zone","Clear","No","36.441277, -80.64224",-80.64224,36.441277
"5546",475,476,"Yes","50-59",59,"No","With Traffic","B: Evident Injury","Travel Lane","White","Male","None - Rural Crash","Catawba","No","","2010-08-02","Loss of Control / Turning Error",9,"Non-Intersection","01-08-01","0001-01-01T04:10:58-04:56","Motorist Lost Control - Other /",0,2010,"B: Evident Injury","Farms, Woods, Pastures","30-39",37,"No","36-40 mph","O: No Injury","White","Female","Van","No","No","Daylight","Rural (<30% Developed)","2 lanes",2,"Straight - Grade","State Secondary Route","Dry","Two-Way, Not Divided","None","No Special Feature","Smooth Asphalt","Piedmont","Rural","40 - 45  MPH","Double Yellow Line, No Passing Zone","Cloudy","No","35.737564, -81.161964",-81.161964,35.737564
"5547",476,477,"Yes","16-19",19,"No","With Traffic","A: Disabling Injury","Travel Lane","White","Female","Asheville","Buncombe","No","01-01-05","2010-05-28","Motorist Left Turn / Merge",18,"Intersection","01-05-01","0001-01-01T13:19:58-04:56","Motorist Left Turn - Opposite Direction",0,2010,"A: Disabling Injury","Commercial","30-39",32,"No","6-10 mph","O: No Injury","White","Male","Passenger Car","No","No","Other","Urban (>70% Developed)","2 lanes",2,"Straight - Grade","US Route","Water (Standing, Moving)","Two-Way, Divided, Unprotected Median","None","No Special Feature","Smooth Asphalt","Mountains","Urban","30 - 35  MPH","Stop And Go Signal","Rain","No","35.620277, -82.554436",-82.554436,35.620277
"5548",487,488,"No","25-29",26,"No","Not Applicable","B: Evident Injury","Non-Roadway","/Missing","Female","Wilmington","New Hanover","No","01-01-04","2010-07-22","Non-Roadway",17,"Non-Roadway","01-07-01","0001-01-01T12:07:58-04:56","Non-Roadway",0,2010,"B: Evident Injury","Institutional","25-29",25,"No","","O: No Injury","/Missing","Male","Sport Utility","No","No","Daylight","Urban (>70% Developed)","9 or more lanes",3,"Straight - Level","Public Vehicular Area","Dry","Two-Way, Not Divided","None","No Special Feature","Coarse Asphalt","Coastal","Urban","5 - 15 MPH","No Control Present","Clear","No","34.225792, -77.87483",-77.87483,34.225792
"5549",498,499,"Yes","50-59",58,"No","Facing Traffic","C: Possible Injury","Sidewalk / Crosswalk / Driveway Crossing","Black","Male","Greensboro","Guilford","No","01-01-02","2010-07-27","Bicyclist Failed to Yield - Sign-Controlled Intersection",12,"Intersection","01-07-01","0001-01-01T07:35:58-04:56","Bicyclist Ride Through - Sign-Controlled Intersection",0,2010,"C: Possible Injury","Commercial","20-24",21,"No","16-20 mph","C: Possible Injury","Black","Male","Sport Utility","No","No","Daylight","Urban (>70% Developed)","6 lanes",2,"Curve - Hillcrest","Local Street","Dry","Two-Way, Divided, Unprotected Median","None","On or Off Ramp","Smooth Asphalt","Piedmont","Urban","30 - 35  MPH","Yield Sign","Clear","No","36.088585, -79.77418",-79.77418,36.088585
"5550",503,504,"Yes","50-59",54,"No","With Traffic","C: Possible Injury","Travel Lane","Black","Male","None - Rural Crash","Duplin","No","01-01-04","2010-08-05","Motorist Overtaking Bicyclist",23,"Non-Intersection","01-08-01","0001-01-01T18:10:58-04:56","Motorist Overtaking - Misjudged Space",0,2010,"C: Possible Injury","Farms, Woods, Pastures","30-39",32,"No","51-55 mph","O: No Injury","White","Male","Pickup","No","No","Dark - Roadway Not Lighted","Rural (<30% Developed)","2 lanes",2,"Straight - Level","US Route","Dry","Two-Way, Not Divided","None","No Special Feature","Coarse Asphalt","Coastal","Rural","50 - 55  MPH","Double Yellow Line, No Passing Zone","Cloudy","No","34.85127, -78.03153",-78.03153,34.85127
"5551",504,505,"No","16-19",17,"No","Facing Traffic","B: Evident Injury","Travel Lane","Black","Male","Rocky Mount","Nash","No","01-01-02","2010-07-13","Motorist Failed to Yield - Midblock",17,"Non-Intersection","01-07-01","0001-01-01T12:51:58-04:56","Motorist Drive Out - Commercial Driveway / Alley",0,2010,"B: Evident Injury","Commercial","",NA,"Missing","0-5 mph","Injury","/Missing","","Pickup","No","Yes","Daylight","Urban (>70% Developed)","4 lanes",2,"Straight - Level","NC Route","Dry","Two-Way, Not Divided","None","No Special Feature","Coarse Asphalt","Coastal","Urban","30 - 35  MPH","No Control Present","Clear","No","35.92954, -77.814865",-77.814865,35.92954
"5552",513,514,"No","30-39",33,"No","With Traffic","O: No Injury","Travel Lane","White","Male","Davidson","Mecklenburg","No","01-01-05","2010-06-04","Motorist Right Turn / Merge",9,"Non-Intersection","01-06-01","0001-01-01T04:33:58-04:56","Motorist Right Turn - Same Direction",0,2010,"O: No Injury","Commercial","60-69",62,"No","0-5 mph","O: No Injury","White","Female","Sport Utility","No","No","Daylight","Urban (>70% Developed)","2 lanes",2,"Straight - Level","US Route","Dry","Two-Way, Not Divided","None","No Special Feature","Smooth Asphalt","Piedmont","Urban","20 - 25  MPH","No Control Present","Clear","No","35.49818, -80.8489",-80.8489,35.49818
"5553",515,516,"Yes","40-49",42,"No","With Traffic","C: Possible Injury","Bike Lane / Paved Shoulder","White","Male","Greenville","Pitt","No","01-01-04","2010-04-22","Motorist Left Turn / Merge",19,"Non-Intersection","01-04-01","0001-01-01T14:25:58-04:56","Motorist Left Turn - Opposite Direction",0,2010,"C: Possible Injury","Residential","20-24",24,"No","6-10 mph","O: No Injury","White","Male","Sport Utility","No","No","Daylight","Urban (>70% Developed)","2 lanes",2,"Straight - Level","Local Street","Dry","Two-Way, Not Divided","None","Bridge","Coarse Asphalt","Coastal","Urban","20 - 25  MPH","No Control Present","Clear","No","35.609364, -77.36687",-77.36687,35.609364