"","FID","OBJECTID","AmbulanceR","BikeAge_Gr","Bike_Age","Bike_Alc_D","Bike_Dir","Bike_Injur","Bike_Pos","Bike_Race","Bike_Sex","City","County","CrashAlcoh","CrashDay","Crash_Date","Crash_Grp","Crash_Hour","Crash_Loc","Crash_Mont","Crash_Time","Crash_Type","Crash_Ty_1","Crash_Year","Crsh_Sevri","Developmen","DrvrAge_Gr","Drvr_Age","Drvr_Alc_D","Drvr_EstSp","Drvr_Injur","Drvr_Race","Drvr_Sex","Drvr_VehTy","ExcsSpdInd","Hit_Run","Light_Cond","Locality","Num_Lanes","Num_Units","Rd_Charact","Rd_Class","Rd_Conditi","Rd_Config","Rd_Defects","Rd_Feature","Rd_Surface","Region","Rural_Urba","Speed_Limi","Traff_Cntr","Weather","Workzone_I","Location","locx","locy"
"5554",518,519,"No","10-Jun",8,"No","With Traffic","C: Possible Injury","Travel Lane","Black","Male","Clinton","Sampson","No","","2010-08-09","Bicyclist Failed to Yield - Sign-Controlled Intersection",18,"Intersection","01-08-01","0001-01-01T13:22:58-04:56","Bicyclist Ride Through - Sign-Controlled Intersection",0,2010,"C: Possible Injury","Residential","60-69",62,"No","31-35 mph","O: No Injury","White","Female","Passenger Car","No","No","Daylight","Urban (>70% Developed)","2 lanes",2,"Straight - Level","Local Street","Dry","Two-Way, Not Divided","None","Four-Way Intersection","Coarse Asphalt","Coastal","Urban","30 - 35  MPH","Stop Sign","Clear","No","34.996532, -78.34166",-78.34166,34.996532
"5555",533,534,"No","15-Nov",11,"No","With Traffic","C: Possible Injury","Travel Lane","White","Male","Bermuda Run","Davie","No","01-01-04","2010-07-01","Motorist Overtaking Bicyclist",13,"Non-Intersection","01-07-01","0001-01-01T08:32:58-04:56","Motorist Overtaking - Other /",0,2010,"C: Possible Injury","Residential","",NA,"No","31-35 mph","Injury","/Missing","","Passenger Car","No","Yes","Daylight","Urban (>70% Developed)","2 lanes",2,"Straight - Level","Local Street","Dry","Two-Way, Not Divided","None","No Special Feature","Coarse Asphalt","Piedmont","Rural","30 - 35  MPH","No Control Present","Clear","No","36.01123, -80.42117",-80.42117,36.01123
"5556",553,554,"Yes","60-69",65,"Yes","Not Applicable","B: Evident Injury","Travel Lane","White","Male","Wilmington","New Hanover","Yes","01-01-05","2010-08-06","Bicyclist Failed to Yield - Midblock",15,"Non-Intersection","01-08-01","0001-01-01T10:23:58-04:56","Bicyclist Ride Out - Other Midblock",0,2010,"B: Evident Injury","Commercial","25-29",25,"No","36-40 mph","C: Possible Injury","Black","Male","Passenger Car","No","No","Daylight","Urban (>70% Developed)","5 lanes",2,"Straight - Level","US Route","Wet","Two-Way, Not Divided","None","No Special Feature","Coarse Asphalt","Coastal","Urban","40 - 45  MPH","No Control Present","Cloudy","No","34.200367, -77.939514",-77.939514,34.200367
"5557",554,555,"Yes","25-29",27,"No","With Traffic","C: Possible Injury","Travel Lane","White","Male","Wilmington","New Hanover","No","01-01-05","2010-08-06","Motorist Left Turn / Merge",7,"Intersection","01-08-01","0001-01-01T02:52:58-04:56","Motorist Left Turn - Opposite Direction",0,2010,"C: Possible Injury","Commercial","25-29",27,"No","21-25 mph","O: No Injury","White","Female","Passenger Car","No","No","Daylight","Mixed (30% To 70% Developed)","5 lanes",2,"Straight - Level","Local Street","Dry","Two-Way, Not Divided","None","No Special Feature","Coarse Asphalt","Coastal","Urban","40 - 45  MPH","Stop And Go Signal","Clear","No","34.194664, -77.93626",-77.93626,34.194664
"5558",560,561,"No","30-39",38,"No","With Traffic","C: Possible Injury","Travel Lane","White","Male","Asheboro","Randolph","No","01-01-07","2010-08-08","Motorist Failed to Yield - Sign-Controlled Intersection",18,"Intersection","01-08-01","0001-01-01T13:38:58-04:56","Motorist Drive Through - Sign-Controlled Intersection",0,2010,"C: Possible Injury","Residential","70+",NA,"No","16-20 mph","O: No Injury","White","Male","Passenger Car","No","No","Daylight","Urban (>70% Developed)","2 lanes",2,"Straight - Grade","Local Street","Dry","Two-Way, Not Divided","None","Four-Way Intersection","Smooth Asphalt","Piedmont","Urban","30 - 35  MPH","No Control Present","Clear","No","35.70487, -79.80411",-79.80411,35.70487
"5559",572,573,"Yes","25-29",26,"No","Not Applicable","C: Possible Injury","Sidewalk / Crosswalk / Driveway Crossing","Black","Male","Wilmington","New Hanover","No","","2010-08-16","Motorist Failed to Yield - Midblock",19,"Non-Intersection","01-08-01","0001-01-01T14:34:58-04:56","Motorist Drive Out - Commercial Driveway / Alley",0,2010,"C: Possible Injury","Residential","25-29",25,"No","0-5 mph","O: No Injury","White","Male","Passenger Car","No","No","Daylight","Urban (>70% Developed)","2 lanes",2,"Straight - Level","Local Street","Dry","Two-Way, Not Divided","None","T-Intersection","Smooth Asphalt","Coastal","Urban","30 - 35  MPH","No Control Present","Clear","No","34.2341, -77.86888",-77.86888,34.2341
"5560",576,577,"Yes","10-Jun",8,"No","Not Applicable","C: Possible Injury","Driveway / Alley","White","Male","None - Rural Crash","Lincoln","No","","2010-08-23","Bicyclist Failed to Yield - Midblock",19,"Non-Intersection","01-08-01","0001-01-01T14:23:58-04:56","Bicyclist Ride Out - Residential Driveway",0,2010,"C: Possible Injury","Residential","25-29",25,"No","46-50 mph","O: No Injury","White","Female","Passenger Car","No","No","Daylight","Rural (<30% Developed)","2 lanes",2,"Straight - Level","State Secondary Route","Dry","Two-Way, Not Divided","None","Driveway, Private","Coarse Asphalt","Piedmont","Rural","50 - 55  MPH","No Control Present","Clear","No","35.404907, -81.01264",-81.01264,35.404907
"5561",581,582,"Yes","60-69",61,"No","Not Applicable","B: Evident Injury","Bike Lane / Paved Shoulder","White","Male","High Point","Guilford","No","","2010-08-16","Bicyclist Failed to Yield - Midblock",20,"Non-Intersection","01-08-01","0001-01-01T15:53:58-04:56","Bicyclist Ride Out - Other Midblock",0,2010,"B: Evident Injury","Commercial","20-24",23,"No","31-35 mph","O: No Injury","Black","Male","Passenger Car","No","No","Dark - Lighted Roadway","Urban (>70% Developed)","4 lanes",2,"Straight - Level","Local Street","Dry","Two-Way, Divided, Unprotected Median","None","No Special Feature","Smooth Asphalt","Piedmont","Urban","30 - 35  MPH","No Control Present","Clear","No","35.985344, -80.02453",-80.02453,35.985344
"5562",586,587,"Yes","10-Jun",6,"No","With Traffic","B: Evident Injury","Travel Lane","Black","Male","Hickory","Catawba","No","01-01-02","2010-08-17","Bicyclist Failed to Yield - Sign-Controlled Intersection",17,"Intersection","01-08-01","0001-01-01T12:14:58-04:56","Bicyclist Ride Out - Sign-Controlled Intersection",0,2010,"B: Evident Injury","Residential","20-24",24,"No","26-30 mph","O: No Injury","Black","Female","Passenger Car","No","No","Daylight","Urban (>70% Developed)","",2,"Straight - Level","Local Street","Dry","Two-Way, Not Divided","None","Four-Way Intersection","Smooth Asphalt","Piedmont","Urban","30 - 35  MPH","Stop Sign","Cloudy","No","35.753746, -81.332115",-81.332115,35.753746
"5563",587,588,"Yes","30-39",36,"No","With Traffic","C: Possible Injury","Travel Lane","White","Male","Mooresville","Iredell","No","01-01-02","2010-08-03","Motorist Overtaking Bicyclist",6,"Non-Intersection","01-08-01","0001-01-01T01:10:58-04:56","Motorist Overtaking - Undetected Bicyclist",0,2010,"C: Possible Injury","Commercial","40-49",44,"No","41-45 mph","O: No Injury","White","Male","Single Unit Truck (3 Or More Axles)","No","No","Dark - Lighted Roadway","Urban (>70% Developed)","2 lanes",2,"Straight - Level","US Route","Dry","Two-Way, Not Divided","No Shoulders","No Special Feature","Smooth Asphalt","Piedmont","Urban","40 - 45  MPH","Double Yellow Line, No Passing Zone","Cloudy","No","35.584156, -80.83958",-80.83958,35.584156
"5564",608,609,"No","40-49",49,"Missing","With Traffic","C: Possible Injury","Sidewalk / Crosswalk / Driveway Crossing","Black","Male","Greenville","Pitt","No","01-01-02","2010-05-04","Parallel Paths - Other Circumstances",12,"Non-Intersection","01-05-01","0001-01-01T07:42:58-04:56","Bicyclist Ride Out - Parallel Path",0,2010,"C: Possible Injury","Residential","40-49",49,"No","31-35 mph","O: No Injury","Black","Female","Passenger Car","No","No","Daylight","Urban (>70% Developed)","5 lanes",2,"Straight - Level","State Secondary Route","Dry","Two-Way, Not Divided","None","No Special Feature","Smooth Asphalt","Coastal","Urban","30 - 35  MPH","No Control Present","Cloudy","No","35.59185, -77.392075",-77.392075,35.59185
"5565",612,613,"Yes","40-49",45,"No","With Traffic","B: Evident Injury","Travel Lane","White","Female","Midland","Cabarrus","No","01-01-03","2010-09-01","Motorist Overtaking Bicyclist",10,"Non-Intersection","01-09-01","0001-01-01T05:29:58-04:56","Motorist Overtaking - Misjudged Space",0,2010,"B: Evident Injury","Commercial","20-24",22,"No","51-55 mph","O: No Injury","White","Female","Passenger Car","No","No","Daylight","Mixed (30% To 70% Developed)","4 lanes",2,"Straight - Level","NC Route","Dry","Two-Way, Divided, Unprotected Median","None","No Special Feature","Smooth Asphalt","Piedmont","Rural","50 - 55  MPH","No Control Present","Clear","No","35.249287, -80.546295",-80.546295,35.249287
"5566",616,617,"No","50-59",52,"No","Facing Traffic","C: Possible Injury","Sidewalk / Crosswalk / Driveway Crossing","Black","Male","Charlotte","Mecklenburg","No","01-01-02","2010-08-24","Motorist Failed to Yield - Sign-Controlled Intersection",17,"Intersection","01-08-01","0001-01-01T12:35:58-04:56","Motorist Drive Out - Sign-Controlled Intersection",0,2010,"C: Possible Injury","Residential","30-39",31,"No","6-10 mph","O: No Injury","Black","Male","Passenger Car","No","No","Daylight","Urban (>70% Developed)","2 lanes",2,"Straight - Level","Local Street","Dry","Two-Way, Divided, Unprotected Median","None","T-Intersection","Smooth Asphalt","Piedmont","Urban","5 - 15 MPH","Stop Sign","Clear","No","35.118008, -80.955864",-80.955864,35.118008
"5567",618,619,"No","16-19",19,"No","","C: Possible Injury","","Black","Male","Henderson","Vance","No","01-01-06","2010-08-28","Other /  - Insufficient Details",22,"Intersection","01-08-01","0001-01-01T17:08:58-04:56","Approach Paths",0,2010,"C: Possible Injury","Residential","",NA,"Missing","","Injury","/Missing","","","No","Yes","Daylight","Mixed (30% To 70% Developed)","2 lanes",2,"Straight - Level","Local Street","Dry","Two-Way, Not Divided","None","No Special Feature","Smooth Asphalt","Piedmont","Urban","30 - 35  MPH","Stop Sign","Clear","No","36.32932, -78.41693",-78.41693,36.32932
"5568",619,620,"Yes","16-19",16,"No","Facing Traffic","C: Possible Injury","Travel Lane","Hispanic","Male","Charlotte","Mecklenburg","No","01-01-07","2010-08-29","Crossing Paths - Other Circumstances",10,"Intersection","01-08-01","0001-01-01T05:47:58-04:56","Sign-Controlled Intersection - Other /",0,2010,"C: Possible Injury","Residential","25-29",25,"No","16-20 mph","O: No Injury","White","Female","Passenger Car","No","No","Daylight","Urban (>70% Developed)","2 lanes",2,"Straight - Level","Local Street","Dry","Two-Way, Not Divided","None","No Special Feature","Smooth Asphalt","Piedmont","Urban","20 - 25  MPH","Stop Sign","Clear","No","35.226868, -80.77633",-80.77633,35.226868
"5569",621,622,"Yes","60-69",62,"No","With Traffic","B: Evident Injury","Travel Lane","White","Male","Nags Head","Dare","No","","2010-08-09","Crossing Paths - Other Circumstances",6,"Intersection","01-08-01","0001-01-01T01:49:58-04:56","Crossing Paths - Uncontrolled Intersection",0,2010,"B: Evident Injury","Commercial","50-59",59,"No","6-10 mph","O: No Injury","White","Male","Sport Utility","No","No","Daylight","Urban (>70% Developed)","2 lanes",2,"Straight - Level","NC Route","Dry","Two-Way, Not Divided","None","T-Intersection","Coarse Asphalt","Coastal","Rural","30 - 35  MPH","No Control Present","Clear","No","35.957275, -75.62414",-75.62414,35.957275
"5570",628,629,"Yes","16-19",18,"No","With Traffic","O: No Injury","Travel Lane","White","Male","None - Rural Crash","Wayne","No","01-01-02","2010-09-07","Motorist Overtaking Bicyclist",12,"Non-Intersection","01-09-01","0001-01-01T07:06:58-04:56","Motorist Overtaking - Other /",0,2010,"O: No Injury","Farms, Woods, Pastures","30-39",35,"No","51-55 mph","O: No Injury","White","Female","Sport Utility","No","No","Daylight","Rural (<30% Developed)","2 lanes",2,"Straight - Level","State Secondary Route","Dry","Two-Way, Not Divided","None","No Special Feature","Smooth Asphalt","Coastal","Rural","50 - 55  MPH","No Control Present","Clear","No","35.228325, -78.04185",-78.04185,35.228325
"5571",633,634,"No","16-19",18,"No","Facing Traffic","A: Disabling Injury","Sidewalk / Crosswalk / Driveway Crossing","White","Female","Raleigh","Wake","No","01-01-02","2010-08-31","Motorist Failed to Yield - Sign-Controlled Intersection",22,"Intersection","01-08-01","0001-01-01T17:10:58-04:56","Motorist Drive Out - Sign-Controlled Intersection",0,2010,"A: Disabling Injury","Institutional","",NA,"Missing","0-5 mph","Injury","/Missing","","","No","Yes","Daylight","Urban (>70% Developed)","2 lanes",2,"Straight - Grade","Local Street","Dry","Two-Way, Not Divided","None","Driveway, Public","Smooth Asphalt","Piedmont","Urban","20 - 25  MPH","Stop Sign","Clear","No","35.78194, -78.67158",-78.67158,35.78194
"5572",640,641,"Yes","16-19",19,"No","With Traffic","B: Evident Injury","Travel Lane","White","Male","Thomasville","Davidson","No","01-01-03","2010-09-01","Loss of Control / Turning Error",18,"Non-Intersection","01-09-01","0001-01-01T13:09:58-04:56","Bicyclist Lost Control - Other /",0,2010,"B: Evident Injury","Residential","60-69",61,"No","","C: Possible Injury","Black","Male","Passenger Car","No","No","Daylight","Urban (>70% Developed)","2 lanes",2,"Straight - Grade","Local Street","Dry","Two-Way, Not Divided","None","No Special Feature","Coarse Asphalt","Piedmont","Urban","30 - 35  MPH","School Zone Signs","Clear","No","35.891182, -80.0793",-80.0793,35.891182
"5573",644,645,"Yes","10-Jun",9,"No","Not Applicable","C: Possible Injury","Travel Lane","Black","Male","Cary","Wake","No","01-01-02","2010-09-07","Non-Roadway",18,"Non-Roadway","01-09-01","0001-01-01T13:56:58-04:56","Non-Roadway",0,2010,"C: Possible Injury","Commercial","50-59",57,"No","0-5 mph","O: No Injury","White","Male","Van","No","No","Daylight","Urban (>70% Developed)","",2,"Curve - Level","Public Vehicular Area","Dry","Two-Way, Not Divided","None","Driveway, Public","Smooth Asphalt","Piedmont","Urban","5 - 15 MPH","No Control Present","Clear","No","35.82911, -78.771416",-78.771416,35.82911
"5574",649,650,"Yes","20-24",24,"No","With Traffic","C: Possible Injury","Travel Lane","Black","Male","Salisbury","Rowan","No","","2010-09-13","Motorist Overtaking Bicyclist",11,"Non-Intersection","01-09-01","0001-01-01T06:20:58-04:56","Motorist Overtaking - Other /",0,2010,"C: Possible Injury","Commercial","30-39",37,"No","61-65 mph","O: No Injury","White","Male","Van","No","No","Daylight","Urban (>70% Developed)","1 lane",2,"Straight - Level","Interstate","Dry","One-Way, Not Divided","None","On or Off Ramp","Concrete","Piedmont","Urban","60 - 75 MPH","Yield Sign","Clear","No","35.65832, -80.45989",-80.45989,35.65832
"5575",653,654,"Yes","16-19",18,"No","With Traffic","B: Evident Injury","Travel Lane","White","Female","Wilmington","New Hanover","No","","2010-08-30","Motorist Failed to Yield - Signalized Intersection",12,"Intersection","01-08-01","0001-01-01T07:31:58-04:56","Motorist Drive Out - Signalized Intersection",0,2010,"B: Evident Injury","Commercial","50-59",50,"No","0-5 mph","O: No Injury","Black","Male","Passenger Car","No","No","Daylight","Urban (>70% Developed)","2 lanes",2,"Straight - Level","Local Street","Dry","Two-Way, Not Divided","None","Four-Way Intersection","Coarse Asphalt","Coastal","Urban","20 - 25  MPH","Stop And Go Signal","Clear","No","34.240044, -77.94671",-77.94671,34.240044
"5576",665,666,"Yes","10-Jun",8,"No","With Traffic","C: Possible Injury","Travel Lane","White","Male","Huntersville","Mecklenburg","No","01-01-05","2010-09-03","Loss of Control / Turning Error",16,"Intersection","01-09-01","0001-01-01T12:00:58-04:56","Bicyclist Lost Control - Mechanical Problems",0,2010,"C: Possible Injury","Residential","70+",NA,"No","26-30 mph","O: No Injury","White","Male","Passenger Car","No","No","Daylight","Urban (>70% Developed)","2 lanes",2,"Straight - Level","Local Street","Dry","Two-Way, Not Divided","None","Four-Way Intersection","Smooth Asphalt","Piedmont","Urban","30 - 35  MPH","Stop Sign","Clear","No","35.42128, -80.874374",-80.874374,35.42128
"5577",667,668,"Yes","25-29",26,"No","Not Applicable","B: Evident Injury","Travel Lane","Asian","Female","Wilmington","New Hanover","No","","2010-09-13","Bicyclist Failed to Yield - Midblock",18,"Non-Intersection","01-09-01","0001-01-01T13:52:58-04:56","Bicyclist Ride Out - Midblock -",0,2010,"B: Evident Injury","Commercial","40-49",49,"No","16-20 mph","O: No Injury","Black","Male","Passenger Car","No","No","Daylight","Urban (>70% Developed)","1 lane",2,"Straight - Level","Local Street","Dry","One-Way, Not Divided","None","No Special Feature","Smooth Asphalt","Coastal","Urban","30 - 35  MPH","No Control Present","Clear","No","34.24269, -77.89217",-77.89217,34.24269
"5578",668,669,"Yes","15-Nov",12,"No","With Traffic","C: Possible Injury","Travel Lane","Black","Male","None - Rural Crash","Camden","No","01-01-06","2010-09-11","Loss of Control / Turning Error",18,"Non-Intersection","01-09-01","0001-01-01T13:13:58-04:56","Bicyclist Lost Control - Other /",0,2010,"C: Possible Injury","Farms, Woods, Pastures","50-59",58,"No","31-35 mph","O: No Injury","Black","Female","Sport Utility","No","No","Daylight","Rural (<30% Developed)","2 lanes",2,"Straight - Level","State Secondary Route","Dry","Two-Way, Not Divided","None","No Special Feature","Smooth Asphalt","Coastal","Rural","50 - 55  MPH","No Control Present","Clear","No","36.338665, -76.130745",-76.130745,36.338665
"5579",670,671,"Yes","15-Nov",11,"No","With Traffic","B: Evident Injury","","Other","Male","Durham","Durham","No","01-01-06","2010-09-18","Motorist Failed to Yield - Signalized Intersection",17,"Intersection","01-09-01","0001-01-01T12:46:58-04:56","Motorist Drive Through - Signalized Intersection",0,2010,"B: Evident Injury","Residential","40-49",44,"No","0-5 mph","O: No Injury","White","Female","Sport Utility","No","No","Daylight","Urban (>70% Developed)","2 lanes",2,"Straight - Level","Local Street","Dry","One-Way, Not Divided","None","No Special Feature","Smooth Asphalt","Piedmont","Urban","30 - 35  MPH","Stop And Go Signal","Clear","No","36.009842, -78.90831",-78.90831,36.009842
"5580",672,673,"Yes","20-24",24,"No","With Traffic","B: Evident Injury","Travel Lane","Black","Male","Chadbourn","Columbus","No","01-01-03","2010-08-18","Motorist Right Turn / Merge",10,"Intersection","01-08-01","0001-01-01T05:29:58-04:56","Motorist Right Turn - Same Direction",0,2010,"B: Evident Injury","Commercial","30-39",31,"No","26-30 mph","O: No Injury","Black","Female","Passenger Car","No","No","Daylight","Urban (>70% Developed)","4 lanes",2,"Straight - Level","Local Street","Dry","Two-Way, Not Divided","None","T-Intersection","Smooth Asphalt","Coastal","Rural","30 - 35  MPH","No Control Present","Clear","No","34.330635, -78.825",-78.825,34.330635
"5581",690,691,"Yes","30-39",30,"No","With Traffic","C: Possible Injury","Travel Lane","White","Male","Wilmington","New Hanover","No","01-01-04","2011-09-22","Motorist Overtaking Bicyclist",21,"Intersection","01-09-01","0001-01-01T16:33:58-04:56","Motorist Overtaking - Other /",111239,2011,"C: Possible Injury","Commercial","",NA,"No","","Injury","/Missing","","","No","Yes","Dark - Roadway Not Lighted","Urban (>70% Developed)","3 lanes",2,"Straight - Level","Local Street","Wet","Two-Way, Not Divided","None","No Special Feature","Coarse Asphalt","Coastal","Urban","30 - 35  MPH","No Control Present","Rain","No","34.22314, -77.8861",-77.8861,34.22314
"5582",694,695,"Yes","30-39",36,"Yes","Not Applicable","A: Disabling Injury","Travel Lane","Hispanic","Male","Raleigh","Wake","Yes","01-01-07","2011-10-09","Bicyclist Failed to Yield - Midblock",19,"Non-Intersection","01-10-01","0001-01-01T14:13:58-04:56","Bicyclist Ride Out - Midblock -",313319,2011,"A: Disabling Injury","Residential","30-39",38,"Yes","36-40 mph","O: No Injury","Black","Male","Passenger Car","No","No","Dusk","Urban (>70% Developed)","5 lanes",2,"Curve - Level","Local Street","Dry","Two-Way, Not Divided","None","No Special Feature","Smooth Asphalt","Piedmont","Urban","40 - 45  MPH","No Control Present","Clear","No","35.84972, -78.5767",-78.5767,35.84972
"5583",695,696,"Yes","50-59",53,"No","With Traffic","B: Evident Injury","Sidewalk / Crosswalk / Driveway Crossing","White","Female","Raleigh","Wake","No","","2011-10-10","Motorist Failed to Yield - Signalized Intersection",12,"Intersection","01-10-01","0001-01-01T07:58:58-04:56","Motorist Drive Through - Signalized Intersection",131154,2011,"B: Evident Injury","Commercial","20-24",21,"No","41-45 mph","O: No Injury","Black","Male","Passenger Car","No","No","Daylight","Urban (>70% Developed)","5 lanes",2,"Straight - Level","Local Street","Dry","Two-Way, Divided, Unprotected Median","None","No Special Feature","Smooth Asphalt","Piedmont","Urban","40 - 45  MPH","Stop And Go Signal","Clear","No","35.80985, -78.7057",-78.7057,35.80985
"5584",702,703,"Yes","50-59",52,"No","With Traffic","C: Possible Injury","Travel Lane","Black","Male","Clinton","Sampson","No","01-01-06","2011-10-15","Motorist Overtaking Bicyclist",19,"Non-Intersection","01-10-01","0001-01-01T14:22:58-04:56","Motorist Overtaking - Other /",311239,2011,"C: Possible Injury","Commercial","70+",NA,"No","0-5 mph","O: No Injury","Black","Male","Passenger Car","No","No","Dark - Lighted Roadway","Mixed (30% To 70% Developed)","2 lanes",2,"Straight - Level","Local Street","Dry","Two-Way, Not Divided","None","No Special Feature","Coarse Asphalt","Coastal","Urban","5 - 15 MPH","No Control Present","Clear","No","34.99797, -78.3176",-78.3176,34.99797
"5585",704,705,"Yes","60-69",64,"No","With Traffic","B: Evident Injury","Travel Lane","White","Male","None - Rural Crash","Onslow","No","","2011-10-17","Motorist Overtaking Bicyclist",19,"Non-Intersection","01-10-01","0001-01-01T14:48:58-04:56","Motorist Overtaking - Misjudged Space",311232,2011,"B: Evident Injury","Farms, Woods, Pastures","40-49",42,"No","36-40 mph","O: No Injury","White","Male","Pickup","No","No","Dark - Roadway Not Lighted","Rural (<30% Developed)","2 lanes",2,"Straight - Level","NC Route","Dry","Two-Way, Not Divided","None","No Special Feature","Coarse Asphalt","Coastal","Rural","50 - 55  MPH","Double Yellow Line, No Passing Zone","Clear","No","34.51465, -77.4359",-77.4359,34.51465
"5586",705,706,"Yes","40-49",44,"No","Facing Traffic","C: Possible Injury","Travel Lane","Black","Male","Charlotte","Mecklenburg","No","01-01-05","2011-09-30","Head-On",11,"Non-Intersection","01-09-01","0001-01-01T06:56:58-04:56","Head-On - Bicyclist",312250,2011,"C: Possible Injury","Commercial","50-59",50,"No","0-5 mph","O: No Injury","Black","Female","Truck/Trailer","No","No","Daylight","Urban (>70% Developed)","4 lanes",2,"Straight - Level","Local Street","Dry","Two-Way, Divided, Unprotected Median","None","No Special Feature","Smooth Asphalt","Piedmont","Urban","5 - 15 MPH","Stop And Go Signal","Clear","No","35.22709, -80.8431",-80.8431,35.22709
"5587",397,398,"Yes","20-24",22,"No","With Traffic","C: Possible Injury","Sidewalk / Crosswalk / Driveway Crossing","Black","Male","Greensboro","Guilford","No","01-01-03","2012-06-20","Motorist Failed to Yield - Sign-Controlled Intersection",8,"Intersection","01-06-01","0001-01-01T03:52:58-04:56","Motorist Drive Out - Sign-Controlled Intersection",NA,2012,"C: Possible Injury","Commercial","60-69",60,"No","0-5 mph","O: No Injury","Black","Female","Van","No","No","Daylight","Urban (>70% Developed)","4 lanes",2,"Straight - Level","Local Street","Dry","Two-Way, Divided, Positive Median Barrier","None","T-Intersection","Smooth Asphalt","Piedmont","Urban","30 - 35  MPH","Stop Sign","Clear","No","36.08868, -79.7746",-79.7746,36.08868
"5588",403,404,"No","30-39",35,"No","Facing Traffic","C: Possible Injury","Sidewalk / Crosswalk / Driveway Crossing","White","Male","Greenville","Pitt","No","01-01-04","2012-06-07","Motorist Failed to Yield - Sign-Controlled Intersection",11,"Intersection","01-06-01","0001-01-01T06:45:58-04:56","Motorist Drive Out - Sign-Controlled Intersection",NA,2012,"C: Possible Injury","Commercial","25-29",29,"No","","O: No Injury","White","Female","Passenger Car","No","No","Dusk","Urban (>70% Developed)","2 lanes",2,"Straight - Level","Local Street","Dry","Two-Way, Not Divided","None","No Special Feature","Coarse Asphalt","Coastal","Urban","30 - 35  MPH","Stop Sign","Clear","No","35.58078, -77.3649",-77.3649,35.58078
"5589",405,406,"Yes","50-59",54,"No","With Traffic","B: Evident Injury","Travel Lane","White","Male","None - Rural Crash","Buncombe","No","01-01-04","2012-06-14","Motorist Failed to Yield - Sign-Controlled Intersection",10,"Intersection","01-06-01","0001-01-01T05:13:58-04:56","Motorist Drive Out - Sign-Controlled Intersection",NA,2012,"B: Evident Injury","Residential","40-49",45,"No","0-5 mph","O: No Injury","White","Male","Single Unit Truck (3 Or More Axles)","No","No","Daylight","Urban (>70% Developed)","2 lanes",2,"Curve - Bottom","State Secondary Route","Dry","Two-Way, Not Divided","None","T-Intersection","Smooth Asphalt","Mountains","Rural","30 - 35  MPH","Stop Sign","Clear","No","35.60149, -82.4855",-82.4855,35.60149
"5590",412,413,"No","25-29",29,"No","With Traffic","O: No Injury","Sidewalk / Crosswalk / Driveway Crossing","White","Female","Durham","Durham","No","01-01-04","2012-06-28","Crossing Paths - Other Circumstances",16,"Intersection","01-06-01","0001-01-01T11:14:58-04:56","Signalized Intersection - Other /",NA,2012,"O: No Injury","Commercial","70",70,"No","16-20 mph","O: No Injury","Black","Male","Passenger Car","No","No","Daylight","Urban (>70% Developed)","2 lanes",2,"Straight - Level","Local Street","Dry","Two-Way, Not Divided","None","No Special Feature","Coarse Asphalt","Piedmont","Urban","30 - 35  MPH","Stop And Go Signal","Clear","No","35.9838, -78.9121",-78.9121,35.9838
"5591",413,414,"No","30-39",38,"No","With Traffic","B: Evident Injury","Travel Lane","White","Male","Raleigh","Wake","Yes","01-01-06","2012-06-02","Motorist Overtaking Bicyclist",14,"Non-Intersection","01-06-01","0001-01-01T10:01:58-04:56","Motorist Overtaking - Other /",NA,2012,"B: Evident Injury","Commercial","40-49",48,"Yes","41-45 mph","O: No Injury","Black","Female","Sport Utility","No","Yes","Daylight","Urban (>70% Developed)","5 lanes",2,"Curve - Level","Local Street","Dry","Two-Way, Divided, Unprotected Median","None","No Special Feature","Coarse Asphalt","Piedmont","Urban","40 - 45  MPH","No Control Present","Clear","No","35.90577, -78.6023",-78.6023,35.90577
"5592",419,420,"Yes","15-Nov",15,"No","With Traffic","C: Possible Injury","Travel Lane","Black","Male","Greensboro","Guilford","No","01-01-04","2012-06-28","Bicyclist Failed to Yield - Sign-Controlled Intersection",14,"Intersection","01-06-01","0001-01-01T09:42:58-04:56","Bicyclist Ride Through - Sign-Controlled Intersection",NA,2012,"C: Possible Injury","Commercial","20-24",21,"No","21-25 mph","O: No Injury","Black","Female","Passenger Car","No","No","Daylight","Urban (>70% Developed)","2 lanes",2,"Straight - Level","Local Street","Dry","Two-Way, Not Divided","None","No Special Feature","Smooth Asphalt","Piedmont","Urban","30 - 35  MPH","No Control Present","Clear","No","36.04188, -79.8158",-79.8158,36.04188
"5593",620,621,"Yes","70+",NA,"No","With Traffic","A: Disabling Injury","Travel Lane","White","Male","None - Rural Crash","Forsyth","No","01-01-04","2011-09-15","Motorist Overtaking Bicyclist",9,"Non-Intersection","01-09-01","0001-01-01T04:03:58-04:56","Motorist Overtaking - Other /",311239,2011,"A: Disabling Injury","Residential","70+",NA,"No","31-35 mph","O: No Injury","White","Male","Passenger Car","No","No","Daylight","Mixed (30% To 70% Developed)","2 lanes",2,"Straight - Level","State Secondary Route","Dry","Two-Way, Not Divided","None","No Special Feature","Smooth Asphalt","Piedmont","Rural","40 - 45  MPH","Double Yellow Line, No Passing Zone","Clear","No","35.99549, -80.3667",-80.3667,35.99549