"","FID","OBJECTID","AmbulanceR","BikeAge_Gr","Bike_Age","Bike_Alc_D","Bike_Dir","Bike_Injur","Bike_Pos","Bike_Race","Bike_Sex","City","County","CrashAlcoh","CrashDay","Crash_Date","Crash_Grp","Crash_Hour","Crash_Loc","Crash_Mont","Crash_Time","Crash_Type","Crash_Ty_1","Crash_Year","Crsh_Sevri","Developmen","DrvrAge_Gr","Drvr_Age","Drvr_Alc_D","Drvr_EstSp","Drvr_Injur","Drvr_Race","Drvr_Sex","Drvr_VehTy","ExcsSpdInd","Hit_Run","Light_Cond","Locality","Num_Lanes","Num_Units","Rd_Charact","Rd_Class","Rd_Conditi","Rd_Config","Rd_Defects","Rd_Feature","Rd_Surface","Region","Rural_Urba","Speed_Limi","Traff_Cntr","Weather","Workzone_I","Location","locx","locy"
"5594",626,627,"No","10-Jun",7,"No","Not Applicable","O: No Injury","Driveway / Alley","White","Female","None - Rural Crash","Davidson","No","01-01-07","2011-09-18","Bicyclist Failed to Yield - Midblock",12,"Non-Intersection","01-09-01","0001-01-01T07:38:58-04:56","Bicyclist Ride Out - Residential Driveway",353311,2011,"O: No Injury","Residential","0-19",16,"No","21-25 mph","O: No Injury","White","Female","Passenger Car","No","No","Daylight","Rural (<30% Developed)","2 lanes",2,"Straight - Grade","State Secondary Route","Dry","Two-Way, Not Divided","None","Related To Intersection","Coarse Asphalt","Piedmont","Rural","50 - 55  MPH","Double Yellow Line, No Passing Zone","Clear","No","35.76368, -80.0572",-80.0572,35.76368
"5595",629,630,"Yes","40-49",45,"No","With Traffic","B: Evident Injury","Travel Lane","White","Male","Davidson","Mecklenburg","No","01-01-04","2011-09-08","Motorist Left Turn / Merge",15,"Intersection","01-09-01","0001-01-01T10:49:58-04:56","Motorist Left Turn - Opposite Direction",111212,2011,"B: Evident Injury","Residential","0-19",16,"No","6-10 mph","O: No Injury","White","Female","Passenger Car","No","No","Daylight","Urban (>70% Developed)","2 lanes",2,"Straight - Level","Local Street","Dry","Two-Way, Divided, Unprotected Median","None","No Special Feature","Smooth Asphalt","Piedmont","Urban","30 - 35  MPH","No Control Present","Clear","No","35.4888, -80.8276",-80.8276,35.4888
"5596",633,634,"Yes","15-Nov",14,"No","Facing Traffic","C: Possible Injury","Sidewalk / Crosswalk / Driveway Crossing","Black","Male","Greensboro","Guilford","No","01-01-04","2011-09-08","Motorist Failed to Yield - Midblock",18,"Non-Intersection","01-09-01","0001-01-01T13:10:58-04:56","Motorist Drive Out - Commercial Driveway / Alley",332322,2011,"C: Possible Injury","Commercial","30-39",36,"No","0-5 mph","O: No Injury","Black","Male","Sport Utility","No","No","Daylight","Urban (>70% Developed)","2 lanes",2,"Straight - Grade","Public Vehicular Area","Dry","Two-Way, Not Divided","None","Driveway, Private","Smooth Asphalt","Piedmont","Urban","5 - 15 MPH","No Control Present","Clear","No","36.04575, -79.8392",-79.8392,36.04575
"5597",634,635,"No","40-49",45,"No","With Traffic","C: Possible Injury","Travel Lane","White","Male","Asheville","Buncombe","No","01-01-03","2011-09-07","Motorist Left Turn / Merge",19,"Intersection","01-09-01","0001-01-01T14:17:58-04:56","Motorist Left Turn - Opposite Direction",111212,2011,"C: Possible Injury","Commercial","50-59",57,"No","0-5 mph","O: No Injury","Black","Female","Sport Utility","No","No","Daylight","Urban (>70% Developed)","2 lanes",2,"Straight - Level","Local Street","Wet","One-Way, Not Divided","None","No Special Feature","Smooth Asphalt","Mountains","Urban","20 - 25  MPH","Stop And Go Signal","Rain","No","35.59464, -82.554",-82.554,35.59464
"5598",642,643,"Yes","20-24",23,"No","With Traffic","C: Possible Injury","Travel Lane","White","Female","None - Rural Crash","Iredell","No","01-01-04","2011-09-22","Motorist Left Turn / Merge",17,"Intersection","01-09-01","0001-01-01T12:38:58-04:56","Motorist Left Turn - Opposite Direction",111212,2011,"C: Possible Injury","Commercial","70+",NA,"No","6-10 mph","O: No Injury","White","Female","Light Truck (Mini-Van, Panel)","No","No","Daylight","Urban (>70% Developed)","2 lanes",2,"Straight - Level","NC Route","Dry","Two-Way, Not Divided","None","Four-Way Intersection","Smooth Asphalt","Piedmont","Rural","50 - 55  MPH","Stop And Go Signal","Clear","No","35.82808, -80.9186",-80.9186,35.82808
"5599",647,648,"Yes","50-59",53,"No","With Traffic","C: Possible Injury","Travel Lane","White","Male","Concord","Cabarrus","No","01-01-07","2011-09-18","Motorist Left Turn / Merge",11,"Non-Intersection","01-09-01","0001-01-01T06:32:58-04:56","Motorist Left Turn - Opposite Direction",311212,2011,"C: Possible Injury","Commercial","60-69",63,"No","0-5 mph","O: No Injury","White","Male","Passenger Car","No","No","Daylight","Urban (>70% Developed)","2 lanes",2,"Straight - Level","Local Street","Dry","Two-Way, Not Divided","None","Driveway, Public","Smooth Asphalt","Piedmont","Urban","40 - 45  MPH","No Control Present","Cloudy","No","35.40436, -80.7143",-80.7143,35.40436
"5600",652,653,"Yes","15-Nov",11,"No","With Traffic","C: Possible Injury","Sidewalk / Crosswalk / Driveway Crossing","Black","Male","Jacksonville","Onslow","No","01-01-03","2011-09-14","Motorist Failed to Yield - Sign-Controlled Intersection",7,"Intersection","01-09-01","0001-01-01T02:30:58-04:56","Motorist Drive Out - Sign-Controlled Intersection",131141,2011,"C: Possible Injury","Residential","40-49",41,"No","0-5 mph","O: No Injury","White","Female","Light Truck (Mini-Van, Panel)","No","No","Daylight","Urban (>70% Developed)","2 lanes",2,"Straight - Level","Local Street","Water (Standing, Moving)","Two-Way, Not Divided","None","Four-Way Intersection","Smooth Asphalt","Coastal","Urban","20 - 25  MPH","Stop Sign","Clear","No","34.77825, -77.4309",-77.4309,34.77825
"5601",654,655,"Yes","30-39",39,"No","With Traffic","C: Possible Injury","Sidewalk / Crosswalk / Driveway Crossing","Black","Male","Charlotte","Mecklenburg","No","01-01-02","2011-09-20","Motorist Failed to Yield - Signalized Intersection",16,"Intersection","01-09-01","0001-01-01T11:11:58-04:56","Motorist Drive Out - Right Turn on Red",131151,2011,"C: Possible Injury","Commercial","30-39",33,"No","0-5 mph","O: No Injury","Black","Female","Pickup","No","No","Daylight","Urban (>70% Developed)","5 lanes",2,"Straight - Level","NC Route","Dry","Two-Way, Divided, Positive Median Barrier","None","Four-Way Intersection","Concrete","Piedmont","Urban","40 - 45  MPH","Stop And Go Signal","Clear","No","35.29545, -80.7552",-80.7552,35.29545
"5602",657,658,"Yes","10-Jun",6,"No","Facing Traffic","B: Evident Injury","Travel Lane","White","Female","Wilmington","New Hanover","No","01-01-04","2011-09-15","Bicyclist Failed to Yield - Sign-Controlled Intersection",16,"Intersection","01-09-01","0001-01-01T11:19:58-04:56","Bicyclist Ride Through - Sign-Controlled Intersection",112144,2011,"B: Evident Injury","Residential","30-39",38,"No","26-30 mph","O: No Injury","Black","Female","Van","No","No","Daylight","Urban (>70% Developed)","4 lanes",2,"Straight - Level","Local Street","Dry","Two-Way, Not Divided","None","No Special Feature","Coarse Asphalt","Coastal","Urban","20 - 25  MPH","Stop Sign","Clear","No","34.18786, -77.8804",-77.8804,34.18786
"5603",666,667,"Yes","25-29",27,"No","With Traffic","B: Evident Injury","Travel Lane","White","Male","Eastover","Cumberland","No","01-01-03","2011-09-28","Motorist Left Turn / Merge",19,"Intersection","01-09-01","0001-01-01T14:57:58-04:56","Motorist Left Turn - Opposite Direction",111212,2011,"B: Evident Injury","Commercial","60-69",60,"No","26-30 mph","O: No Injury","White","Male","Pickup","No","No","Dark - Lighted Roadway","Mixed (30% To 70% Developed)","6 lanes",2,"Straight - Level","US Route","Dry","Two-Way, Not Divided","None","T-Intersection","Coarse Asphalt","Coastal","Rural","40 - 45  MPH","No Control Present","Clear","No","35.08954, -78.7886",-78.7886,35.08954
"5604",667,668,"Yes","50-59",56,"No","With Traffic","B: Evident Injury","Travel Lane","White","Male","None - Rural Crash","Lincoln","No","","2011-09-26","Head-On",17,"Non-Intersection","01-09-01","0001-01-01T12:19:58-04:56","Head-On - Motorist",311255,2011,"B: Evident Injury","Residential","20-24",22,"No","46-50 mph","O: No Injury","White","Male","Passenger Car","Yes","No","Daylight","Mixed (30% To 70% Developed)","2 lanes",2,"Straight - Level","State Secondary Route","Dry","Two-Way, Not Divided","None","No Special Feature","Smooth Asphalt","Piedmont","Rural","30 - 35  MPH","Double Yellow Line, No Passing Zone","Clear","No","35.53872, -81.0252",-81.0252,35.53872
"5605",672,673,"No","16-19",16,"No","With Traffic","C: Possible Injury","Sidewalk / Crosswalk / Driveway Crossing","Black","Male","Rocky Mount","Edgecombe","No","01-01-02","2011-08-09","Parallel Paths - Other Circumstances",17,"Non-Intersection","01-08-01","0001-01-01T12:49:58-04:56","Bicyclist Ride Out - Parallel Path",331225,2011,"C: Possible Injury","Residential","",NA,"Missing","6-10 mph","Injury","/Missing","","","No","Yes","Daylight","Urban (>70% Developed)","2 lanes",2,"Straight - Level","Local Street","Dry","Two-Way, Not Divided","None","No Special Feature","Smooth Asphalt","Coastal","Urban","30 - 35  MPH","No Control Present","Clear","No","35.9285, -77.7922",-77.7922,35.9285
"5606",684,685,"No","60-69",63,"No","With Traffic","C: Possible Injury","Travel Lane","White","Female","None - Rural Crash","Onslow","No","01-01-04","2011-10-06","Motorist Overtaking Bicyclist",15,"Non-Intersection","01-10-01","0001-01-01T10:53:58-04:56","Motorist Overtaking - Misjudged Space",311232,2011,"C: Possible Injury","Farms, Woods, Pastures","70+",NA,"No","46-50 mph","O: No Injury","White","Male","Pickup","No","No","Daylight","Rural (<30% Developed)","4 lanes",2,"Straight - Level","NC Route","Dry","Two-Way, Divided, Unprotected Median","None","No Special Feature","Smooth Asphalt","Coastal","Rural","50 - 55  MPH","No Control Present","Clear","No","34.70687, -77.2799",-77.2799,34.70687
"5607",687,688,"Yes","50-59",58,"No","Facing Traffic","C: Possible Injury","Sidewalk / Crosswalk / Driveway Crossing","White","Male","Winston-Salem","Forsyth","No","01-01-04","2011-09-29","Motorist Right Turn / Merge",9,"Non-Intersection","01-09-01","0001-01-01T04:08:58-04:56","Motorist Right Turn - Opposite Direction",332214,2011,"C: Possible Injury","Commercial","30-39",34,"No","0-5 mph","O: No Injury","Black","Female","Passenger Car","No","No","Daylight","Urban (>70% Developed)","2 lanes",2,"Straight - Grade","Public Vehicular Area","Dry","Two-Way, Not Divided","None","Driveway, Public","Smooth Asphalt","Piedmont","Urban","","No Control Present","Clear","No","36.07007, -80.2706",-80.2706,36.07007
"5608",700,701,"Yes","50-59",53,"Yes","Not Applicable","B: Evident Injury","Travel Lane","Hispanic","Male","Raleigh","Wake","Yes","01-01-06","2011-10-08","Bicyclist Failed to Yield - Midblock",18,"Non-Intersection","01-10-01","0001-01-01T13:25:58-04:56","Bicyclist Ride Out - Other Midblock",313318,2011,"B: Evident Injury","Commercial","30-39",36,"No","36-40 mph","O: No Injury","White","Female","Pickup","No","No","Daylight","Urban (>70% Developed)","7 lanes",2,"Straight - Grade","Local Street","Dry","Two-Way, Divided, Positive Median Barrier","None","Bridge","Smooth Asphalt","Piedmont","Urban","40 - 45  MPH","Stop And Go Signal","Clear","No","35.79254, -78.5853",-78.5853,35.79254
"5609",703,704,"Yes","15-Nov",15,"No","With Traffic","B: Evident Injury","Travel Lane","White","Male","Wesley Chapel","Union","No","","2011-10-17","Bicyclist Overtaking Motorist",18,"Intersection","01-10-01","0001-01-01T13:55:58-04:56","Bicyclist Overtaking - Passing on Left",111242,2011,"B: Evident Injury","Residential","40-49",44,"No","0-5 mph","O: No Injury","White","Female","Sport Utility","No","No","Daylight","Urban (>70% Developed)","2 lanes",2,"Straight - Level","State Secondary Route","Dry","Two-Way, Not Divided","None","T-Intersection","Smooth Asphalt","Piedmont","Rural","30 - 35  MPH","Stop Sign","Clear","No","34.9996, -80.6868",-80.6868,34.9996
"5610",233,234,"Yes","40-49",43,"No","Facing Traffic","B: Evident Injury","Sidewalk / Crosswalk / Driveway Crossing","White","Male","Charlotte","Mecklenburg","No","01-01-02","2010-05-04","Motorist Failed to Yield - Sign-Controlled Intersection",18,"Intersection","01-05-01","0001-01-01T13:33:58-04:56","Motorist Drive Through - Sign-Controlled Intersection",0,2010,"B: Evident Injury","Residential","0-19",19,"No","6-10 mph","O: No Injury","White","Male","Sport Utility","No","No","Daylight","Urban (>70% Developed)","4 lanes",2,"Straight - Level","Local Street","Dry","Two-Way, Divided, Unprotected Median","None","No Special Feature","Smooth Asphalt","Piedmont","Urban","20 - 25  MPH","Stop Sign","Clear","No","35.313316, -80.70392",-80.70392,35.313316
"5611",238,239,"Yes","40-49",42,"No","Facing Traffic","C: Possible Injury","Sidewalk / Crosswalk / Driveway Crossing","Black","Male","Monroe","Union","No","01-01-05","2010-05-07","Motorist Left Turn / Merge",14,"Non-Intersection","01-05-01","0001-01-01T09:43:58-04:56","Motorist Left Turn - Same Direction",0,2010,"C: Possible Injury","Residential","30-39",30,"No","","O: No Injury","White","Female","Passenger Car","No","No","Daylight","Urban (>70% Developed)","2 lanes",2,"Straight - Grade","Local Street","Dry","Two-Way, Not Divided","None","T-Intersection","Smooth Asphalt","Piedmont","Urban","30 - 35  MPH","No Control Present","Clear","No","34.971016, -80.53433",-80.53433,34.971016
"5612",241,242,"Yes","10-Jun",9,"No","Not Applicable","B: Evident Injury","Driveway / Alley","Black","Female","Charlotte","Mecklenburg","No","01-01-04","2010-05-06","Loss of Control / Turning Error",15,"Non-Intersection","01-05-01","0001-01-01T10:35:58-04:56","Bicyclist Lost Control - Other /",0,2010,"B: Evident Injury","Institutional","20-24",24,"No","21-25 mph","O: No Injury","White","Male","Passenger Car","No","No","Daylight","Mixed (30% To 70% Developed)","2 lanes",2,"Straight - Grade","Local Street","Dry","Two-Way, Not Divided","None","No Special Feature","Smooth Asphalt","Piedmont","Urban","20 - 25  MPH","No Control Present","Clear","No","35.243065, -80.84165",-80.84165,35.243065
"5613",243,244,"Yes","10-Jun",10,"No","Not Applicable","B: Evident Injury","Travel Lane","Black","Male","Hope Mills","Cumberland","No","01-01-03","2010-03-10","Bicyclist Failed to Yield - Midblock",17,"Non-Intersection","01-03-01","0001-01-01T12:53:58-04:56","Multiple Threat - Midblock",0,2010,"B: Evident Injury","Commercial","0-19",19,"No","11-15 mph","O: No Injury","Hispanic","Male","Passenger Car","No","No","Dusk","Urban (>70% Developed)","7 lanes",2,"Straight - Level","Local Street","Wet","Two-Way, Divided, Unprotected Median","None","No Special Feature","Coarse Asphalt","Coastal","Urban","30 - 35  MPH","No Control Present","Cloudy","No","35.005283, -78.96676",-78.96676,35.005283
"5614",256,257,"No","15-Nov",13,"No","With Traffic","B: Evident Injury","Travel Lane","Black","Male","Charlotte","Mecklenburg","No","01-01-04","2010-05-06","Bicyclist Failed to Yield - Sign-Controlled Intersection",18,"Intersection","01-05-01","0001-01-01T13:08:58-04:56","Bicyclist Ride Through - Sign-Controlled Intersection",0,2010,"B: Evident Injury","Residential","60-69",61,"No","21-25 mph","O: No Injury","Black","Male","Sport Utility","No","No","Daylight","Urban (>70% Developed)","2 lanes",2,"Curve - Grade","Local Street","Dry","Two-Way, Not Divided","None","No Special Feature","Smooth Asphalt","Piedmont","Urban","20 - 25  MPH","No Control Present","Clear","No","35.252823, -80.87826",-80.87826,35.252823
"5615",265,266,"Yes","15-Nov",14,"No","With Traffic","C: Possible Injury","Travel Lane","Native American","Male","None - Rural Crash","Robeson","No","01-01-04","2010-05-13","Motorist Overtaking Bicyclist",19,"Non-Intersection","01-05-01","0001-01-01T14:55:58-04:56","Motorist Overtaking - Other /",0,2010,"C: Possible Injury","Farms, Woods, Pastures","",NA,"No","11-15 mph","Injury","/Missing","","","No","Yes","Dawn","Rural (<30% Developed)","2 lanes",2,"Straight - Level","State Secondary Route","Dry","Two-Way, Not Divided","None","No Special Feature","Coarse Asphalt","Coastal","Rural","50 - 55  MPH","No Control Present","Clear","No","34.72006, -79.21164",-79.21164,34.72006
"5616",269,270,"Yes","50-59",50,"No","Facing Traffic","C: Possible Injury","Travel Lane","Black","Male","Tarboro","Edgecombe","No","01-01-03","2010-05-12","Motorist Failed to Yield - Sign-Controlled Intersection",20,"Intersection","01-05-01","0001-01-01T15:43:58-04:56","Motorist Drive Out - Sign-Controlled Intersection",0,2010,"C: Possible Injury","Residential","40-49",40,"No","0-5 mph","O: No Injury","White","Female","Passenger Car","No","No","Dark - Lighted Roadway","Urban (>70% Developed)","2 lanes",2,"Straight - Level","Local Street","Dry","Two-Way, Not Divided","None","Four-Way Intersection","Smooth Asphalt","Coastal","Urban","20 - 25  MPH","Stop Sign","Clear","No","35.91742, -77.545296",-77.545296,35.91742
"5617",276,277,"Yes","30-39",31,"No","With Traffic","C: Possible Injury","Travel Lane","White","Male","Charlotte","Mecklenburg","No","01-01-05","2010-05-14","Motorist Overtaking Bicyclist",16,"Non-Intersection","01-05-01","0001-01-01T11:19:58-04:56","Motorist Overtaking - Misjudged Space",0,2010,"C: Possible Injury","Commercial","",NA,"Missing","","Injury","/Missing","","","No","No","Daylight","Urban (>70% Developed)","4 lanes",2,"Straight - Level","Local Street","Dry","Two-Way, Divided, Unprotected Median","None","No Special Feature","Smooth Asphalt","Piedmont","Urban","","No Control Present","Clear","No","35.224773, -80.84032",-80.84032,35.224773
"5618",290,291,"No","20-24",21,"No","Not Applicable","C: Possible Injury","Non-Roadway","White","Male","Wilmington","New Hanover","No","01-01-04","2010-05-20","Non-Roadway",14,"Non-Roadway","01-05-01","0001-01-01T09:20:58-04:56","Non-Roadway",0,2010,"C: Possible Injury","Commercial","70+",NA,"No","11-15 mph","O: No Injury","White","Male","Passenger Car","No","No","Daylight","Urban (>70% Developed)","2 lanes",2,"Straight - Level","Public Vehicular Area","Dry","Two-Way, Not Divided","None","Driveway, Public","Smooth Asphalt","Coastal","Urban","","No Control Present","Clear","No","34.235115, -77.87595",-77.87595,34.235115
"5619",297,298,"Yes","15-Nov",11,"No","Facing Traffic","B: Evident Injury","Travel Lane","Black","Male","Raleigh","Wake","No","01-01-07","2010-04-25","Bicyclist Failed to Yield - Sign-Controlled Intersection",18,"Intersection","01-04-01","0001-01-01T13:52:58-04:56","Bicyclist Ride Out - Sign-Controlled Intersection",0,2010,"B: Evident Injury","Residential","20-24",20,"No","31-35 mph","O: No Injury","Black","Female","Passenger Car","No","No","Daylight","Mixed (30% To 70% Developed)","2 lanes",2,"Straight - Level","Local Street","Dry","Two-Way, Divided, Unprotected Median","None","Four-Way Intersection","Smooth Asphalt","Piedmont","Urban","40 - 45  MPH","Stop Sign","Clear","No","35.75846, -78.56114",-78.56114,35.75846
"5620",300,301,"Yes","15-Nov",12,"No","Not Applicable","B: Evident Injury","Non-Roadway","White","Male","Raleigh","Wake","No","01-01-02","2010-05-04","Non-Roadway",18,"Non-Roadway","01-05-01","0001-01-01T13:42:58-04:56","Non-Roadway",0,2010,"B: Evident Injury","Residential","40-49",43,"No","0-5 mph","O: No Injury","White","Female","Sport Utility","No","No","Daylight","Urban (>70% Developed)","2 lanes",2,"Straight - Level","Public Vehicular Area","Dry","Two-Way, Not Divided","None","No Special Feature","Smooth Asphalt","Piedmont","Urban","20 - 25  MPH","No Control Present","Clear","No","35.895878, -78.80038",-78.80038,35.895878
"5621",305,306,"Yes","25-29",26,"No","Facing Traffic","B: Evident Injury","Bike Lane / Paved Shoulder","White","Male","None - Rural Crash","Wilkes","No","01-01-02","2010-06-08","Head-On",18,"Non-Intersection","01-06-01","0001-01-01T13:26:58-04:56","Head-On - Bicyclist",0,2010,"B: Evident Injury","Farms, Woods, Pastures","",NA,"Missing","51-55 mph","Injury","/Missing","","Passenger Car","No","Yes","Daylight","Rural (<30% Developed)","2 lanes",2,"Straight - Grade","NC Route","Dry","Two-Way, Not Divided","None","No Special Feature","Smooth Asphalt","Mountains","Rural","50 - 55  MPH","Double Yellow Line, No Passing Zone","Clear","No","36.100285, -81.27523",-81.27523,36.100285
"5622",314,315,"Yes","40-49",47,"No","With Traffic","B: Evident Injury","Sidewalk / Crosswalk / Driveway Crossing","White","Male","Wilmington","New Hanover","No","","2010-05-10","Bicyclist Failed to Yield - Sign-Controlled Intersection",13,"Intersection","01-05-01","0001-01-01T08:34:58-04:56","Bicyclist Ride Out - Sign-Controlled Intersection",0,2010,"B: Evident Injury","Commercial","60-69",63,"No","16-20 mph","O: No Injury","White","Female","Van","No","No","Daylight","Urban (>70% Developed)","2 lanes",2,"Straight - Level","Local Street","Dry","Two-Way, Not Divided","None","No Special Feature","Smooth Asphalt","Coastal","Urban","30 - 35  MPH","Stop Sign","Clear","No","34.19374, -77.935486",-77.935486,34.19374
"5623",320,321,"No","30-39",38,"Yes","With Traffic","O: No Injury","Travel Lane","White","Male","Siler City","Chatham","Yes","01-01-05","2010-05-28","Motorist Overtaking Bicyclist",22,"Non-Intersection","01-05-01","0001-01-01T17:38:58-04:56","Motorist Overtaking - Other /",0,2010,"O: No Injury","Residential","0-19",19,"No","41-45 mph","O: No Injury","White","Male","Sport Utility","No","No","Dark - Lighted Roadway","Urban (>70% Developed)","4 lanes",2,"Straight - Level","Local Street","Dry","Two-Way, Not Divided","None","No Special Feature","Smooth Asphalt","Piedmont","Urban","40 - 45  MPH","No Control Present","Clear","No","35.708046, -79.45275",-79.45275,35.708046
"5624",321,322,"No","20-24",20,"No","With Traffic","C: Possible Injury","Travel Lane","Black","Male","Wilmington","New Hanover","No","01-01-05","2010-05-28","Bicyclist Failed to Yield - Sign-Controlled Intersection",14,"Intersection","01-05-01","0001-01-01T09:08:58-04:56","Bicyclist Ride Out - Sign-Controlled Intersection",0,2010,"C: Possible Injury","Residential","30-39",34,"No","21-25 mph","O: No Injury","Black","Male","Sport Utility","No","No","Daylight","Urban (>70% Developed)","4 lanes",2,"Straight - Level","Local Street","Dry","Two-Way, Divided, Unprotected Median","None","Four-Way Intersection","Coarse Asphalt","Coastal","Urban","20 - 25  MPH","Stop Sign","Clear","No","34.242527, -77.94402",-77.94402,34.242527
"5625",328,329,"No","20-24",20,"No","Facing Traffic","C: Possible Injury","Sidewalk / Crosswalk / Driveway Crossing","Black","Male","Fayetteville","Cumberland","No","","2010-06-14","Motorist Right Turn / Merge",14,"Non-Intersection","01-06-01","0001-01-01T09:19:58-04:56","Motorist Right Turn - Opposite Direction",0,2010,"C: Possible Injury","Commercial","30-39",32,"No","6-10 mph","O: No Injury","White","Male","Pickup","No","No","Daylight","Urban (>70% Developed)","",2,"Straight - Level","Public Vehicular Area","Dry","Two-Way, Not Divided","None","Driveway, Public","Coarse Asphalt","Coastal","Urban","30 - 35  MPH","No Control Present","Clear","No","35.077953, -78.954994",-78.954994,35.077953
"5626",329,330,"No","25-29",25,"No","With Traffic","C: Possible Injury","Travel Lane","White","Male","Charlotte","Mecklenburg","No","01-01-02","2010-05-25","Bicyclist Overtaking Motorist",18,"Non-Intersection","01-05-01","0001-01-01T13:55:58-04:56","Bicyclist Overtaking - Other /",0,2010,"C: Possible Injury","Commercial","20-24",20,"No","11-15 mph","O: No Injury","Black","Female","Passenger Car","No","No","Daylight","Urban (>70% Developed)","4 lanes",2,"Straight - Level","Local Street","Dry","Two-Way, Not Divided","None","No Special Feature","Smooth Asphalt","Piedmont","Urban","30 - 35  MPH","No Control Present","Clear","No","35.201756, -80.84449",-80.84449,35.201756
"5627",330,331,"Yes","50-59",55,"No","Facing Traffic","C: Possible Injury","Travel Lane","Hispanic","Male","Garner","Wake","No","01-01-03","2010-05-26","Crossing Paths - Other Circumstances",7,"Non-Intersection","01-05-01","0001-01-01T02:24:58-04:56","Crossing Paths - Midblock - Other /",0,2010,"C: Possible Injury","Commercial","50-59",59,"No","41-45 mph","O: No Injury","Black","Female","Sport Utility","No","No","Daylight","Urban (>70% Developed)","4 lanes",2,"Straight - Level","Local Street","Dry","Two-Way, Divided, Unprotected Median","None","T-Intersection","Coarse Asphalt","Piedmont","Urban","40 - 45  MPH","No Control Present","Clear","No","35.72011, -78.6539",-78.6539,35.72011
"5628",331,332,"Yes","40-49",44,"Yes","With Traffic","A: Disabling Injury","Travel Lane","White","Male","None - Rural Crash","Bladen","Yes","01-01-04","2010-05-27","Motorist Overtaking Bicyclist",5,"Non-Intersection","01-05-01","0001-01-01T00:13:58-04:56","Motorist Overtaking - Undetected Bicyclist",0,2010,"A: Disabling Injury","Farms, Woods, Pastures","40-49",47,"No","51-55 mph","O: No Injury","White","Male","Pickup","No","No","Dark - Roadway Not Lighted","Rural (<30% Developed)","2 lanes",2,"Straight - Level","NC Route","Dry","Two-Way, Not Divided","None","No Special Feature","Coarse Asphalt","Coastal","Rural","50 - 55  MPH","Double Yellow Line, No Passing Zone","Clear","No","34.66026, -78.4578",-78.4578,34.66026
"5629",333,334,"Yes","10-Jun",10,"No","With Traffic","B: Evident Injury","Travel Lane","White","Male","Apex","Wake","No","01-01-02","2010-06-15","Bicyclist Failed to Yield - Sign-Controlled Intersection",7,"Intersection","01-06-01","0001-01-01T03:00:58-04:56","Bicyclist Ride Through - Sign-Controlled Intersection",0,2010,"B: Evident Injury","Residential","40-49",40,"No","16-20 mph","O: No Injury","White","Female","Police","No","No","Daylight","Mixed (30% To 70% Developed)","2 lanes",2,"Straight - Level","Local Street","Dry","Two-Way, Not Divided","None","T-Intersection","Smooth Asphalt","Piedmont","Urban","20 - 25  MPH","Stop Sign","Clear","No","35.733128, -78.85528",-78.85528,35.733128
"5630",344,345,"Yes","30-39",35,"No","With Traffic","B: Evident Injury","Travel Lane","White","Male","None - Rural Crash","Brunswick","No","01-01-05","2010-06-18","Motorist Overtaking Bicyclist",7,"Non-Intersection","01-06-01","0001-01-01T02:37:58-04:56","Motorist Overtaking - Misjudged Space",0,2010,"B: Evident Injury","Farms, Woods, Pastures","60-69",65,"No","51-55 mph","O: No Injury","White","Male","Pickup","No","No","Daylight","Rural (<30% Developed)","2 lanes",2,"Straight - Level","NC Route","Dry","Two-Way, Not Divided","None","No Special Feature","Coarse Asphalt","Coastal","Rural","50 - 55  MPH","Double Yellow Line, No Passing Zone","Clear","No","33.957832, -78.07104",-78.07104,33.957832
"5631",346,347,"Yes","50-59",52,"No","With Traffic","B: Evident Injury","Travel Lane","White","Female","None - Rural Crash","Durham","No","01-01-07","2010-06-20","Motorist Overtaking Bicyclist",15,"Non-Intersection","01-06-01","0001-01-01T10:25:58-04:56","Motorist Overtaking - Other /",0,2010,"B: Evident Injury","Farms, Woods, Pastures","50-59",51,"No","51-55 mph","O: No Injury","Black","Female","Passenger Car","No","No","Daylight","Rural (<30% Developed)","2 lanes",2,"Straight - Level","US Route","Dry","Two-Way, Divided, Unprotected Median","None","No Special Feature","Smooth Asphalt","Piedmont","Rural","50 - 55  MPH","No Control Present","Clear","No","36.150227, -78.90515",-78.90515,36.150227
"5632",360,361,"No","16-19",18,"No",".","B: Evident Injury",".","Black","Male","Henderson","Vance","No","01-01-02","2010-04-06",".",8,".","01-04-01","0001-01-01T03:53:58-04:56",".",0,2010,"B: Evident Injury","Commercial","60-69",65,"No","31-35 mph","O: No Injury","White","Male","Pickup","No","No","Daylight","Mixed (30% To 70% Developed)","3 lanes",2,"Straight - Level","Local Street","Dry","Two-Way, Not Divided","None","No Special Feature","Coarse Asphalt","Piedmont","Urban","30 - 35  MPH","Flashing Signal With Stop Sign","Clear","No","36.32962, -78.39917",-78.39917,36.32962
"5633",361,362,"Yes","50-59",54,"Yes","With Traffic","K: Killed","Travel Lane","Black","Male","None - Rural Crash","Alamance","Yes","01-01-06","2010-05-22","Motorist Overtaking Bicyclist",23,"Non-Intersection","01-05-01","0001-01-01T18:33:58-04:56","Motorist Overtaking - Other /",0,2010,"K: Killed","Farms, Woods, Pastures","40-49",43,"Yes","41-45 mph","O: No Injury","White","Male","Pickup","No","No","Dark - Roadway Not Lighted","Rural (<30% Developed)","2 lanes",2,"Straight - Level","State Secondary Route","Dry","Two-Way, Not Divided","None","No Special Feature","Smooth Asphalt","Piedmont","Rural","50 - 55  MPH","No Control Present","Fog, Smog, Smoke","No","36.229095, -79.29632",-79.29632,36.229095